<?xml version="1.0" encoding="UTF-8"?>
<gpx xmlns="http://www.topografix.com/GPX/1/1" xmlns:gpxtpx="http://www.garmin.com/xmlschemas/TrackPointExtension/v1" xmlns:xsi="http://www.w3.org/2001/XMLSchema-instance" xsi:schemaLocation="http://www.topografix.com/GPX/1/1 http://www.topografix.com/GPX/1/1/gpx.xsd" version="1.1" creator="gpx.py -- https://github.com/tkrajina/gpxpy">
  <trk>
    <name>gpx from keep</name>
    <type>Ride</type>
    <trkseg>
      <trkpt lat="1.370114872665689" lon="103.88607833649345">
        <ele>0</ele>
        <time>2026-08-27T04:24:14Z</time>
      </trkpt>
      <trkpt lat="1.3701193592954866" lon="103.88608045977922">
        <ele>0</ele>
        <time>2026-08-27T04:24:14Z</time>
      </trkpt>
      <trkpt lat="1.3701262818795186" lon="103.8860846055986">
        <ele>0</ele>
        <time>2026-08-27T04:24:15Z</time>
      </trkpt>
      <trkpt lat="1.3701364622822776" lon="103.88609169238454">
        <ele>0</ele>
        <time>2026-08-27T04:24:16Z</time>
      </trkpt>
      <trkpt lat="1.3701488668467592" lon="103.88610088786686">
        <ele>0</ele>
        <time>2026-08-27T04:24:17Z</time>
      </trkpt>
      <trkpt lat="1.37016290022989" lon="103.8861119565809">
        <ele>0</ele>
        <time>2026-08-27T04:24:19Z</time>
      </trkpt>
      <trkpt lat="1.3701773148169478" lon="103.88612450710968">
        <ele>0</ele>
        <time>2026-08-27T04:24:20Z</time>
      </trkpt>
      <trkpt lat="1.3701914332682021" lon="103.88613840693758">
        <ele>0</ele>
        <time>2026-08-27T04:24:21Z</time>
      </trkpt>
      <trkpt lat="1.3702051344889634" lon="103.8861535628841">
        <ele>0</ele>
        <time>2026-08-27T04:24:22Z</time>
      </trkpt>
      <trkpt lat="1.3702209248984063" lon="103.88617284216099">
        <ele>0</ele>
        <time>2026-08-27T04:24:23Z</time>
      </trkpt>
      <trkpt lat="1.3702334773362916" lon="103.88618950005163">
        <ele>0</ele>
        <time>2026-08-27T04:24:24Z</time>
      </trkpt>
      <trkpt lat="1.3702455606885229" lon="103.88620656431789">
        <ele>0</ele>
        <time>2026-08-27T04:24:25Z</time>
      </trkpt>
      <trkpt lat="1.3702576614004083" lon="103.8862233155961">
        <ele>0</ele>
        <time>2026-08-27T04:24:26Z</time>
      </trkpt>
      <trkpt lat="1.3702700841980389" lon="103.8862394911994">
        <ele>0</ele>
        <time>2026-08-27T04:24:27Z</time>
      </trkpt>
      <trkpt lat="1.3702825667129102" lon="103.88625554686243">
        <ele>0</ele>
        <time>2026-08-27T04:24:28Z</time>
      </trkpt>
      <trkpt lat="1.370294782594495" lon="103.88627208752337">
        <ele>0</ele>
        <time>2026-08-27T04:24:29Z</time>
      </trkpt>
      <trkpt lat="1.3703068037059143" lon="103.88629011914908">
        <ele>0</ele>
        <time>2026-08-27T04:24:30Z</time>
      </trkpt>
      <trkpt lat="1.3703190622853128" lon="103.88631157495523">
        <ele>0</ele>
        <time>2026-08-27T04:24:31Z</time>
      </trkpt>
      <trkpt lat="1.37033149041547" lon="103.88633578425397">
        <ele>0</ele>
        <time>2026-08-27T04:24:32Z</time>
      </trkpt>
      <trkpt lat="1.370344076948671" lon="103.8863593283633">
        <ele>0</ele>
        <time>2026-08-27T04:24:33Z</time>
      </trkpt>
      <trkpt lat="1.370357165536883" lon="103.88637989149825">
        <ele>0</ele>
        <time>2026-08-27T04:24:34Z</time>
      </trkpt>
      <trkpt lat="1.3703705528930876" lon="103.88639547377106">
        <ele>0</ele>
        <time>2026-08-27T04:24:35Z</time>
      </trkpt>
      <trkpt lat="1.3703857096903793" lon="103.88640714195962">
        <ele>0</ele>
        <time>2026-08-27T04:24:36Z</time>
      </trkpt>
      <trkpt lat="1.3704033012447085" lon="103.88641693877838">
        <ele>0</ele>
        <time>2026-08-27T04:24:37Z</time>
      </trkpt>
      <trkpt lat="1.3704223008640206" lon="103.88642535351353">
        <ele>0</ele>
        <time>2026-08-27T04:24:38Z</time>
      </trkpt>
      <trkpt lat="1.370441537725649" lon="103.88643493595681">
        <ele>0</ele>
        <time>2026-08-27T04:24:39Z</time>
      </trkpt>
      <trkpt lat="1.370458723580758" lon="103.88644798940724">
        <ele>0</ele>
        <time>2026-08-27T04:24:40Z</time>
      </trkpt>
      <trkpt lat="1.3704731868025564" lon="103.88646195455205">
        <ele>0</ele>
        <time>2026-08-27T04:24:41Z</time>
        <extensions>
          <gpxtpx:TrackPointExtension>
            <gpxtpx:hr>114</gpxtpx:hr>
          </gpxtpx:TrackPointExtension>
        </extensions>
      </trkpt>
      <trkpt lat="1.370486806259017" lon="103.88647293344361">
        <ele>0</ele>
        <time>2026-08-27T04:24:42Z</time>
        <extensions>
          <gpxtpx:TrackPointExtension>
            <gpxtpx:hr>114</gpxtpx:hr>
          </gpxtpx:TrackPointExtension>
        </extensions>
      </trkpt>
      <trkpt lat="1.3705020408280733" lon="103.88647990902318">
        <ele>0</ele>
        <time>2026-08-27T04:24:43Z</time>
        <extensions>
          <gpxtpx:TrackPointExtension>
            <gpxtpx:hr>114</gpxtpx:hr>
          </gpxtpx:TrackPointExtension>
        </extensions>
      </trkpt>
      <trkpt lat="1.3705189783921317" lon="103.8864839087157">
        <ele>0</ele>
        <time>2026-08-27T04:24:44Z</time>
        <extensions>
          <gpxtpx:TrackPointExtension>
            <gpxtpx:hr>114</gpxtpx:hr>
          </gpxtpx:TrackPointExtension>
        </extensions>
      </trkpt>
      <trkpt lat="1.3705363928788106" lon="103.88648592985173">
        <ele>0</ele>
        <time>2026-08-27T04:24:45Z</time>
        <extensions>
          <gpxtpx:TrackPointExtension>
            <gpxtpx:hr>114</gpxtpx:hr>
          </gpxtpx:TrackPointExtension>
        </extensions>
      </trkpt>
      <trkpt lat="1.370553518499462" lon="103.88648689831078">
        <ele>0</ele>
        <time>2026-08-27T04:24:46Z</time>
        <extensions>
          <gpxtpx:TrackPointExtension>
            <gpxtpx:hr>114</gpxtpx:hr>
          </gpxtpx:TrackPointExtension>
        </extensions>
      </trkpt>
      <trkpt lat="1.370570643432782" lon="103.88648912440897">
        <ele>0</ele>
        <time>2026-08-27T04:24:47Z</time>
        <extensions>
          <gpxtpx:TrackPointExtension>
            <gpxtpx:hr>114</gpxtpx:hr>
          </gpxtpx:TrackPointExtension>
        </extensions>
      </trkpt>
      <trkpt lat="1.370588327073582" lon="103.88649283959784">
        <ele>0</ele>
        <time>2026-08-27T04:24:48Z</time>
        <extensions>
          <gpxtpx:TrackPointExtension>
            <gpxtpx:hr>114</gpxtpx:hr>
          </gpxtpx:TrackPointExtension>
        </extensions>
      </trkpt>
      <trkpt lat="1.3706068567997842" lon="103.88649667928716">
        <ele>0</ele>
        <time>2026-08-27T04:24:49Z</time>
        <extensions>
          <gpxtpx:TrackPointExtension>
            <gpxtpx:hr>114</gpxtpx:hr>
          </gpxtpx:TrackPointExtension>
        </extensions>
      </trkpt>
      <trkpt lat="1.3706260827522634" lon="103.88650021947447">
        <ele>0</ele>
        <time>2026-08-27T04:24:50Z</time>
        <extensions>
          <gpxtpx:TrackPointExtension>
            <gpxtpx:hr>114</gpxtpx:hr>
          </gpxtpx:TrackPointExtension>
        </extensions>
      </trkpt>
      <trkpt lat="1.3706448005110594" lon="103.88650227161959">
        <ele>0</ele>
        <time>2026-08-27T04:24:51Z</time>
        <extensions>
          <gpxtpx:TrackPointExtension>
            <gpxtpx:hr>114</gpxtpx:hr>
          </gpxtpx:TrackPointExtension>
        </extensions>
      </trkpt>
      <trkpt lat="1.3706631417268444" lon="103.88650024888902">
        <ele>0</ele>
        <time>2026-08-27T04:24:52Z</time>
        <extensions>
          <gpxtpx:TrackPointExtension>
            <gpxtpx:hr>114</gpxtpx:hr>
          </gpxtpx:TrackPointExtension>
        </extensions>
      </trkpt>
      <trkpt lat="1.3706813705435787" lon="103.88649353339197">
        <ele>0</ele>
        <time>2026-08-27T04:24:53Z</time>
        <extensions>
          <gpxtpx:TrackPointExtension>
            <gpxtpx:hr>114</gpxtpx:hr>
          </gpxtpx:TrackPointExtension>
        </extensions>
      </trkpt>
      <trkpt lat="1.3707000058687726" lon="103.88648436844426">
        <ele>0</ele>
        <time>2026-08-27T04:24:54Z</time>
        <extensions>
          <gpxtpx:TrackPointExtension>
            <gpxtpx:hr>114</gpxtpx:hr>
          </gpxtpx:TrackPointExtension>
        </extensions>
      </trkpt>
      <trkpt lat="1.3707211488199695" lon="103.88647398501912">
        <ele>0</ele>
        <time>2026-08-27T04:24:55Z</time>
        <extensions>
          <gpxtpx:TrackPointExtension>
            <gpxtpx:hr>113</gpxtpx:hr>
          </gpxtpx:TrackPointExtension>
        </extensions>
      </trkpt>
      <trkpt lat="1.3707446186038668" lon="103.88646312211561">
        <ele>0</ele>
        <time>2026-08-27T04:24:56Z</time>
        <extensions>
          <gpxtpx:TrackPointExtension>
            <gpxtpx:hr>113</gpxtpx:hr>
          </gpxtpx:TrackPointExtension>
        </extensions>
      </trkpt>
      <trkpt lat="1.3707681081585668" lon="103.88645217717102">
        <ele>0</ele>
        <time>2026-08-27T04:24:57Z</time>
        <extensions>
          <gpxtpx:TrackPointExtension>
            <gpxtpx:hr>113</gpxtpx:hr>
          </gpxtpx:TrackPointExtension>
        </extensions>
      </trkpt>
      <trkpt lat="1.3707888709980212" lon="103.88643960069705">
        <ele>0</ele>
        <time>2026-08-27T04:24:58Z</time>
        <extensions>
          <gpxtpx:TrackPointExtension>
            <gpxtpx:hr>113</gpxtpx:hr>
          </gpxtpx:TrackPointExtension>
        </extensions>
      </trkpt>
      <trkpt lat="1.3708033891321443" lon="103.886425738639">
        <ele>0</ele>
        <time>2026-08-27T04:24:59Z</time>
        <extensions>
          <gpxtpx:TrackPointExtension>
            <gpxtpx:hr>113</gpxtpx:hr>
          </gpxtpx:TrackPointExtension>
        </extensions>
      </trkpt>
      <trkpt lat="1.3708100828073984" lon="103.88641024071195">
        <ele>0</ele>
        <time>2026-08-27T04:25:00Z</time>
        <extensions>
          <gpxtpx:TrackPointExtension>
            <gpxtpx:hr>113</gpxtpx:hr>
          </gpxtpx:TrackPointExtension>
        </extensions>
      </trkpt>
      <trkpt lat="1.370811418357403" lon="103.88639236654562">
        <ele>0</ele>
        <time>2026-08-27T04:25:01Z</time>
        <extensions>
          <gpxtpx:TrackPointExtension>
            <gpxtpx:hr>113</gpxtpx:hr>
          </gpxtpx:TrackPointExtension>
        </extensions>
      </trkpt>
      <trkpt lat="1.370811506402575" lon="103.88637212516221">
        <ele>0</ele>
        <time>2026-08-27T04:25:02Z</time>
        <extensions>
          <gpxtpx:TrackPointExtension>
            <gpxtpx:hr>115</gpxtpx:hr>
          </gpxtpx:TrackPointExtension>
        </extensions>
      </trkpt>
      <trkpt lat="1.3708127256894322" lon="103.88634951390192">
        <ele>0</ele>
        <time>2026-08-27T04:25:03Z</time>
        <extensions>
          <gpxtpx:TrackPointExtension>
            <gpxtpx:hr>115</gpxtpx:hr>
          </gpxtpx:TrackPointExtension>
        </extensions>
      </trkpt>
      <trkpt lat="1.370814980560451" lon="103.88632634978319">
        <ele>0</ele>
        <time>2026-08-27T04:25:04Z</time>
        <extensions>
          <gpxtpx:TrackPointExtension>
            <gpxtpx:hr>115</gpxtpx:hr>
          </gpxtpx:TrackPointExtension>
        </extensions>
      </trkpt>
      <trkpt lat="1.3708179139769008" lon="103.88630316804016">
        <ele>0</ele>
        <time>2026-08-27T04:25:05Z</time>
        <extensions>
          <gpxtpx:TrackPointExtension>
            <gpxtpx:hr>115</gpxtpx:hr>
          </gpxtpx:TrackPointExtension>
        </extensions>
      </trkpt>
      <trkpt lat="1.3708210974046986" lon="103.88627974821767">
        <ele>0</ele>
        <time>2026-08-27T04:25:06Z</time>
        <extensions>
          <gpxtpx:TrackPointExtension>
            <gpxtpx:hr>115</gpxtpx:hr>
          </gpxtpx:TrackPointExtension>
        </extensions>
      </trkpt>
      <trkpt lat="1.370823591179987" lon="103.88625542169261">
        <ele>0</ele>
        <time>2026-08-27T04:25:07Z</time>
        <extensions>
          <gpxtpx:TrackPointExtension>
            <gpxtpx:hr>115</gpxtpx:hr>
          </gpxtpx:TrackPointExtension>
        </extensions>
      </trkpt>
      <trkpt lat="1.3708259911666558" lon="103.88623046271019">
        <ele>0</ele>
        <time>2026-08-27T04:25:08Z</time>
        <extensions>
          <gpxtpx:TrackPointExtension>
            <gpxtpx:hr>116</gpxtpx:hr>
          </gpxtpx:TrackPointExtension>
        </extensions>
      </trkpt>
      <trkpt lat="1.3708286038333275" lon="103.88620655377441">
        <ele>0</ele>
        <time>2026-08-27T04:25:09Z</time>
        <extensions>
          <gpxtpx:TrackPointExtension>
            <gpxtpx:hr>116</gpxtpx:hr>
          </gpxtpx:TrackPointExtension>
        </extensions>
      </trkpt>
      <trkpt lat="1.370830637563153" lon="103.8861843316135">
        <ele>0</ele>
        <time>2026-08-27T04:25:10Z</time>
        <extensions>
          <gpxtpx:TrackPointExtension>
            <gpxtpx:hr>116</gpxtpx:hr>
          </gpxtpx:TrackPointExtension>
        </extensions>
      </trkpt>
      <trkpt lat="1.3708318386984824" lon="103.88616495030448">
        <ele>0</ele>
        <time>2026-08-27T04:25:11Z</time>
        <extensions>
          <gpxtpx:TrackPointExtension>
            <gpxtpx:hr>116</gpxtpx:hr>
          </gpxtpx:TrackPointExtension>
        </extensions>
      </trkpt>
      <trkpt lat="1.3708327561011677" lon="103.88614798338737">
        <ele>0</ele>
        <time>2026-08-27T04:25:12Z</time>
        <extensions>
          <gpxtpx:TrackPointExtension>
            <gpxtpx:hr>115</gpxtpx:hr>
          </gpxtpx:TrackPointExtension>
        </extensions>
      </trkpt>
      <trkpt lat="1.3708339219114574" lon="103.88613317619318">
        <ele>0</ele>
        <time>2026-08-27T04:25:13Z</time>
        <extensions>
          <gpxtpx:TrackPointExtension>
            <gpxtpx:hr>115</gpxtpx:hr>
          </gpxtpx:TrackPointExtension>
        </extensions>
      </trkpt>
      <trkpt lat="1.3708352035661706" lon="103.88612157019087">
        <ele>0</ele>
        <time>2026-08-27T04:25:14Z</time>
        <extensions>
          <gpxtpx:TrackPointExtension>
            <gpxtpx:hr>115</gpxtpx:hr>
          </gpxtpx:TrackPointExtension>
        </extensions>
      </trkpt>
      <trkpt lat="1.3708361715633957" lon="103.88611153744539">
        <ele>0</ele>
        <time>2026-08-27T04:25:15Z</time>
        <extensions>
          <gpxtpx:TrackPointExtension>
            <gpxtpx:hr>115</gpxtpx:hr>
          </gpxtpx:TrackPointExtension>
        </extensions>
      </trkpt>
      <trkpt lat="1.3708359284943898" lon="103.88610177525891">
        <ele>0</ele>
        <time>2026-08-27T04:25:16Z</time>
        <extensions>
          <gpxtpx:TrackPointExtension>
            <gpxtpx:hr>115</gpxtpx:hr>
          </gpxtpx:TrackPointExtension>
        </extensions>
      </trkpt>
      <trkpt lat="1.370834554317751" lon="103.88609209216624">
        <ele>0</ele>
        <time>2026-08-27T04:25:17Z</time>
        <extensions>
          <gpxtpx:TrackPointExtension>
            <gpxtpx:hr>115</gpxtpx:hr>
          </gpxtpx:TrackPointExtension>
        </extensions>
      </trkpt>
      <trkpt lat="1.3708331390384771" lon="103.88608252029026">
        <ele>0</ele>
        <time>2026-08-27T04:25:18Z</time>
        <extensions>
          <gpxtpx:TrackPointExtension>
            <gpxtpx:hr>115</gpxtpx:hr>
          </gpxtpx:TrackPointExtension>
        </extensions>
      </trkpt>
      <trkpt lat="1.3708337146366607" lon="103.88607111857745">
        <ele>0</ele>
        <time>2026-08-27T04:25:19Z</time>
        <extensions>
          <gpxtpx:TrackPointExtension>
            <gpxtpx:hr>115</gpxtpx:hr>
          </gpxtpx:TrackPointExtension>
        </extensions>
      </trkpt>
      <trkpt lat="1.370838535153523" lon="103.88605682341868">
        <ele>0</ele>
        <time>2026-08-27T04:25:20Z</time>
        <extensions>
          <gpxtpx:TrackPointExtension>
            <gpxtpx:hr>115</gpxtpx:hr>
          </gpxtpx:TrackPointExtension>
        </extensions>
      </trkpt>
      <trkpt lat="1.370845968791811" lon="103.88604114051593">
        <ele>0</ele>
        <time>2026-08-27T04:25:21Z</time>
        <extensions>
          <gpxtpx:TrackPointExtension>
            <gpxtpx:hr>114</gpxtpx:hr>
          </gpxtpx:TrackPointExtension>
        </extensions>
      </trkpt>
      <trkpt lat="1.3708523510359658" lon="103.8860231308031">
        <ele>0</ele>
        <time>2026-08-27T04:25:22Z</time>
        <extensions>
          <gpxtpx:TrackPointExtension>
            <gpxtpx:hr>114</gpxtpx:hr>
          </gpxtpx:TrackPointExtension>
        </extensions>
      </trkpt>
      <trkpt lat="1.3708570544564804" lon="103.88600038081505">
        <ele>0</ele>
        <time>2026-08-27T04:25:23Z</time>
        <extensions>
          <gpxtpx:TrackPointExtension>
            <gpxtpx:hr>114</gpxtpx:hr>
          </gpxtpx:TrackPointExtension>
        </extensions>
      </trkpt>
      <trkpt lat="1.3708609814384511" lon="103.88597413300103">
        <ele>0</ele>
        <time>2026-08-27T04:25:24Z</time>
        <extensions>
          <gpxtpx:TrackPointExtension>
            <gpxtpx:hr>114</gpxtpx:hr>
          </gpxtpx:TrackPointExtension>
        </extensions>
      </trkpt>
      <trkpt lat="1.3708650267312257" lon="103.88594713646577">
        <ele>0</ele>
        <time>2026-08-27T04:25:25Z</time>
        <extensions>
          <gpxtpx:TrackPointExtension>
            <gpxtpx:hr>114</gpxtpx:hr>
          </gpxtpx:TrackPointExtension>
        </extensions>
      </trkpt>
      <trkpt lat="1.3708696463329175" lon="103.8859198393785">
        <ele>0</ele>
        <time>2026-08-27T04:25:26Z</time>
        <extensions>
          <gpxtpx:TrackPointExtension>
            <gpxtpx:hr>114</gpxtpx:hr>
          </gpxtpx:TrackPointExtension>
        </extensions>
      </trkpt>
      <trkpt lat="1.3708745866942045" lon="103.88589227658288">
        <ele>0</ele>
        <time>2026-08-27T04:25:27Z</time>
        <extensions>
          <gpxtpx:TrackPointExtension>
            <gpxtpx:hr>116</gpxtpx:hr>
          </gpxtpx:TrackPointExtension>
        </extensions>
      </trkpt>
      <trkpt lat="1.3708793821706438" lon="103.88586414747121">
        <ele>0</ele>
        <time>2026-08-27T04:25:28Z</time>
        <extensions>
          <gpxtpx:TrackPointExtension>
            <gpxtpx:hr>116</gpxtpx:hr>
          </gpxtpx:TrackPointExtension>
        </extensions>
      </trkpt>
      <trkpt lat="1.3708840975602639" lon="103.88583559074296">
        <ele>0</ele>
        <time>2026-08-27T04:25:29Z</time>
        <extensions>
          <gpxtpx:TrackPointExtension>
            <gpxtpx:hr>116</gpxtpx:hr>
          </gpxtpx:TrackPointExtension>
        </extensions>
      </trkpt>
      <trkpt lat="1.3708886653176016" lon="103.88580645394278">
        <ele>0</ele>
        <time>2026-08-27T04:25:30Z</time>
        <extensions>
          <gpxtpx:TrackPointExtension>
            <gpxtpx:hr>116</gpxtpx:hr>
          </gpxtpx:TrackPointExtension>
        </extensions>
      </trkpt>
      <trkpt lat="1.3708930631462" lon="103.88577693929503">
        <ele>0</ele>
        <time>2026-08-27T04:25:31Z</time>
        <extensions>
          <gpxtpx:TrackPointExtension>
            <gpxtpx:hr>116</gpxtpx:hr>
          </gpxtpx:TrackPointExtension>
        </extensions>
      </trkpt>
      <trkpt lat="1.3708975896934295" lon="103.88574746561342">
        <ele>0</ele>
        <time>2026-08-27T04:25:32Z</time>
        <extensions>
          <gpxtpx:TrackPointExtension>
            <gpxtpx:hr>115</gpxtpx:hr>
          </gpxtpx:TrackPointExtension>
        </extensions>
      </trkpt>
      <trkpt lat="1.3709026160830395" lon="103.88571827230602">
        <ele>0</ele>
        <time>2026-08-27T04:25:33Z</time>
        <extensions>
          <gpxtpx:TrackPointExtension>
            <gpxtpx:hr>115</gpxtpx:hr>
          </gpxtpx:TrackPointExtension>
        </extensions>
      </trkpt>
      <trkpt lat="1.370908176680836" lon="103.88568931638954">
        <ele>0</ele>
        <time>2026-08-27T04:25:34Z</time>
        <extensions>
          <gpxtpx:TrackPointExtension>
            <gpxtpx:hr>115</gpxtpx:hr>
          </gpxtpx:TrackPointExtension>
        </extensions>
      </trkpt>
      <trkpt lat="1.3709141658285675" lon="103.88566027675739">
        <ele>0</ele>
        <time>2026-08-27T04:25:35Z</time>
        <extensions>
          <gpxtpx:TrackPointExtension>
            <gpxtpx:hr>115</gpxtpx:hr>
          </gpxtpx:TrackPointExtension>
        </extensions>
      </trkpt>
      <trkpt lat="1.3709205082571845" lon="103.88563105671177">
        <ele>0</ele>
        <time>2026-08-27T04:25:36Z</time>
        <extensions>
          <gpxtpx:TrackPointExtension>
            <gpxtpx:hr>115</gpxtpx:hr>
          </gpxtpx:TrackPointExtension>
        </extensions>
      </trkpt>
      <trkpt lat="1.3709270652425602" lon="103.88560177151207">
        <ele>0</ele>
        <time>2026-08-27T04:25:37Z</time>
        <extensions>
          <gpxtpx:TrackPointExtension>
            <gpxtpx:hr>114</gpxtpx:hr>
          </gpxtpx:TrackPointExtension>
        </extensions>
      </trkpt>
      <trkpt lat="1.3709337792472247" lon="103.8855724904008">
        <ele>0</ele>
        <time>2026-08-27T04:25:38Z</time>
        <extensions>
          <gpxtpx:TrackPointExtension>
            <gpxtpx:hr>114</gpxtpx:hr>
          </gpxtpx:TrackPointExtension>
        </extensions>
      </trkpt>
      <trkpt lat="1.3709406800796087" lon="103.88554320169308">
        <ele>0</ele>
        <time>2026-08-27T04:25:39Z</time>
        <extensions>
          <gpxtpx:TrackPointExtension>
            <gpxtpx:hr>114</gpxtpx:hr>
          </gpxtpx:TrackPointExtension>
        </extensions>
      </trkpt>
      <trkpt lat="1.370947577819254" lon="103.88551362607768">
        <ele>0</ele>
        <time>2026-08-27T04:25:40Z</time>
        <extensions>
          <gpxtpx:TrackPointExtension>
            <gpxtpx:hr>114</gpxtpx:hr>
          </gpxtpx:TrackPointExtension>
        </extensions>
      </trkpt>
      <trkpt lat="1.3709543311003172" lon="103.88548366379955">
        <ele>0</ele>
        <time>2026-08-27T04:25:41Z</time>
        <extensions>
          <gpxtpx:TrackPointExtension>
            <gpxtpx:hr>114</gpxtpx:hr>
          </gpxtpx:TrackPointExtension>
        </extensions>
      </trkpt>
      <trkpt lat="1.370961007721569" lon="103.88545356954442">
        <ele>0</ele>
        <time>2026-08-27T04:25:42Z</time>
        <extensions>
          <gpxtpx:TrackPointExtension>
            <gpxtpx:hr>114</gpxtpx:hr>
          </gpxtpx:TrackPointExtension>
        </extensions>
      </trkpt>
      <trkpt lat="1.3709676919175675" lon="103.88542358817278">
        <ele>0</ele>
        <time>2026-08-27T04:25:43Z</time>
        <extensions>
          <gpxtpx:TrackPointExtension>
            <gpxtpx:hr>114</gpxtpx:hr>
          </gpxtpx:TrackPointExtension>
        </extensions>
      </trkpt>
      <trkpt lat="1.3709744797812322" lon="103.88539389640914">
        <ele>0</ele>
        <time>2026-08-27T04:25:44Z</time>
        <extensions>
          <gpxtpx:TrackPointExtension>
            <gpxtpx:hr>114</gpxtpx:hr>
          </gpxtpx:TrackPointExtension>
        </extensions>
      </trkpt>
      <trkpt lat="1.370981517764099" lon="103.88536449672732">
        <ele>0</ele>
        <time>2026-08-27T04:25:45Z</time>
        <extensions>
          <gpxtpx:TrackPointExtension>
            <gpxtpx:hr>114</gpxtpx:hr>
          </gpxtpx:TrackPointExtension>
        </extensions>
      </trkpt>
      <trkpt lat="1.3709895072419882" lon="103.88533575543399">
        <ele>0</ele>
        <time>2026-08-27T04:25:46Z</time>
        <extensions>
          <gpxtpx:TrackPointExtension>
            <gpxtpx:hr>114</gpxtpx:hr>
          </gpxtpx:TrackPointExtension>
        </extensions>
      </trkpt>
      <trkpt lat="1.370998729127139" lon="103.88530756877837">
        <ele>0</ele>
        <time>2026-08-27T04:25:47Z</time>
        <extensions>
          <gpxtpx:TrackPointExtension>
            <gpxtpx:hr>114</gpxtpx:hr>
          </gpxtpx:TrackPointExtension>
        </extensions>
      </trkpt>
      <trkpt lat="1.3710086392823073" lon="103.88527933175155">
        <ele>0</ele>
        <time>2026-08-27T04:25:48Z</time>
        <extensions>
          <gpxtpx:TrackPointExtension>
            <gpxtpx:hr>114</gpxtpx:hr>
          </gpxtpx:TrackPointExtension>
        </extensions>
      </trkpt>
      <trkpt lat="1.37101913552504" lon="103.88525037289688">
        <ele>0</ele>
        <time>2026-08-27T04:25:49Z</time>
        <extensions>
          <gpxtpx:TrackPointExtension>
            <gpxtpx:hr>114</gpxtpx:hr>
          </gpxtpx:TrackPointExtension>
        </extensions>
      </trkpt>
      <trkpt lat="1.371030290654742" lon="103.88522049945331">
        <ele>0</ele>
        <time>2026-08-27T04:25:50Z</time>
        <extensions>
          <gpxtpx:TrackPointExtension>
            <gpxtpx:hr>116</gpxtpx:hr>
          </gpxtpx:TrackPointExtension>
        </extensions>
      </trkpt>
      <trkpt lat="1.3710419815170822" lon="103.88519078558483">
        <ele>0</ele>
        <time>2026-08-27T04:25:51Z</time>
        <extensions>
          <gpxtpx:TrackPointExtension>
            <gpxtpx:hr>116</gpxtpx:hr>
          </gpxtpx:TrackPointExtension>
        </extensions>
      </trkpt>
      <trkpt lat="1.3710543431645439" lon="103.88516175723313">
        <ele>0</ele>
        <time>2026-08-27T04:25:52Z</time>
        <extensions>
          <gpxtpx:TrackPointExtension>
            <gpxtpx:hr>116</gpxtpx:hr>
          </gpxtpx:TrackPointExtension>
        </extensions>
      </trkpt>
      <trkpt lat="1.3710676294754822" lon="103.88513329230888">
        <ele>0</ele>
        <time>2026-08-27T04:25:53Z</time>
        <extensions>
          <gpxtpx:TrackPointExtension>
            <gpxtpx:hr>116</gpxtpx:hr>
          </gpxtpx:TrackPointExtension>
        </extensions>
      </trkpt>
      <trkpt lat="1.3710814590873157" lon="103.88510577852614">
        <ele>0</ele>
        <time>2026-08-27T04:25:54Z</time>
        <extensions>
          <gpxtpx:TrackPointExtension>
            <gpxtpx:hr>116</gpxtpx:hr>
          </gpxtpx:TrackPointExtension>
        </extensions>
      </trkpt>
      <trkpt lat="1.3710955270290983" lon="103.88507897349585">
        <ele>0</ele>
        <time>2026-08-27T04:25:55Z</time>
        <extensions>
          <gpxtpx:TrackPointExtension>
            <gpxtpx:hr>116</gpxtpx:hr>
          </gpxtpx:TrackPointExtension>
        </extensions>
      </trkpt>
      <trkpt lat="1.3711100862759358" lon="103.88505230469161">
        <ele>0</ele>
        <time>2026-08-27T04:25:56Z</time>
        <extensions>
          <gpxtpx:TrackPointExtension>
            <gpxtpx:hr>119</gpxtpx:hr>
          </gpxtpx:TrackPointExtension>
        </extensions>
      </trkpt>
      <trkpt lat="1.3711251150782096" lon="103.88502591017767">
        <ele>0</ele>
        <time>2026-08-27T04:25:57Z</time>
        <extensions>
          <gpxtpx:TrackPointExtension>
            <gpxtpx:hr>119</gpxtpx:hr>
          </gpxtpx:TrackPointExtension>
        </extensions>
      </trkpt>
      <trkpt lat="1.3711403013440626" lon="103.88499985927413">
        <ele>0</ele>
        <time>2026-08-27T04:25:58Z</time>
        <extensions>
          <gpxtpx:TrackPointExtension>
            <gpxtpx:hr>119</gpxtpx:hr>
          </gpxtpx:TrackPointExtension>
        </extensions>
      </trkpt>
      <trkpt lat="1.3711558797888144" lon="103.88497366623471">
        <ele>0</ele>
        <time>2026-08-27T04:25:59Z</time>
        <extensions>
          <gpxtpx:TrackPointExtension>
            <gpxtpx:hr>119</gpxtpx:hr>
          </gpxtpx:TrackPointExtension>
        </extensions>
      </trkpt>
      <trkpt lat="1.3711725342036967" lon="103.8849470073226">
        <ele>0</ele>
        <time>2026-08-27T04:26:00Z</time>
        <extensions>
          <gpxtpx:TrackPointExtension>
            <gpxtpx:hr>119</gpxtpx:hr>
          </gpxtpx:TrackPointExtension>
        </extensions>
      </trkpt>
      <trkpt lat="1.3711903395651752" lon="103.88492026537331">
        <ele>0</ele>
        <time>2026-08-27T04:26:01Z</time>
        <extensions>
          <gpxtpx:TrackPointExtension>
            <gpxtpx:hr>119</gpxtpx:hr>
          </gpxtpx:TrackPointExtension>
        </extensions>
      </trkpt>
      <trkpt lat="1.3712084587274638" lon="103.8848935844795">
        <ele>0</ele>
        <time>2026-08-27T04:26:02Z</time>
        <extensions>
          <gpxtpx:TrackPointExtension>
            <gpxtpx:hr>119</gpxtpx:hr>
          </gpxtpx:TrackPointExtension>
        </extensions>
      </trkpt>
      <trkpt lat="1.371225959435887" lon="103.88486623162196">
        <ele>0</ele>
        <time>2026-08-27T04:26:03Z</time>
        <extensions>
          <gpxtpx:TrackPointExtension>
            <gpxtpx:hr>119</gpxtpx:hr>
          </gpxtpx:TrackPointExtension>
        </extensions>
      </trkpt>
      <trkpt lat="1.3712426207603057" lon="103.88483760153999">
        <ele>0</ele>
        <time>2026-08-27T04:26:04Z</time>
        <extensions>
          <gpxtpx:TrackPointExtension>
            <gpxtpx:hr>119</gpxtpx:hr>
          </gpxtpx:TrackPointExtension>
        </extensions>
      </trkpt>
      <trkpt lat="1.3712587760132082" lon="103.88480811882238">
        <ele>0</ele>
        <time>2026-08-27T04:26:05Z</time>
        <extensions>
          <gpxtpx:TrackPointExtension>
            <gpxtpx:hr>119</gpxtpx:hr>
          </gpxtpx:TrackPointExtension>
        </extensions>
      </trkpt>
      <trkpt lat="1.3712732385964317" lon="103.88477803937995">
        <ele>0</ele>
        <time>2026-08-27T04:26:06Z</time>
        <extensions>
          <gpxtpx:TrackPointExtension>
            <gpxtpx:hr>118</gpxtpx:hr>
          </gpxtpx:TrackPointExtension>
        </extensions>
      </trkpt>
      <trkpt lat="1.3712839210486913" lon="103.88474715171071">
        <ele>0</ele>
        <time>2026-08-27T04:26:07Z</time>
        <extensions>
          <gpxtpx:TrackPointExtension>
            <gpxtpx:hr>118</gpxtpx:hr>
          </gpxtpx:TrackPointExtension>
        </extensions>
      </trkpt>
      <trkpt lat="1.3712932999728624" lon="103.88471702174785">
        <ele>0</ele>
        <time>2026-08-27T04:26:08Z</time>
        <extensions>
          <gpxtpx:TrackPointExtension>
            <gpxtpx:hr>118</gpxtpx:hr>
          </gpxtpx:TrackPointExtension>
        </extensions>
      </trkpt>
      <trkpt lat="1.3713080852828554" lon="103.88469151824616">
        <ele>0</ele>
        <time>2026-08-27T04:26:09Z</time>
        <extensions>
          <gpxtpx:TrackPointExtension>
            <gpxtpx:hr>118</gpxtpx:hr>
          </gpxtpx:TrackPointExtension>
        </extensions>
      </trkpt>
      <trkpt lat="1.3713308230883219" lon="103.88467338622124">
        <ele>0</ele>
        <time>2026-08-27T04:26:10Z</time>
        <extensions>
          <gpxtpx:TrackPointExtension>
            <gpxtpx:hr>118</gpxtpx:hr>
          </gpxtpx:TrackPointExtension>
        </extensions>
      </trkpt>
      <trkpt lat="1.3713586362070385" lon="103.88466443196607">
        <ele>0</ele>
        <time>2026-08-27T04:26:11Z</time>
        <extensions>
          <gpxtpx:TrackPointExtension>
            <gpxtpx:hr>118</gpxtpx:hr>
          </gpxtpx:TrackPointExtension>
        </extensions>
      </trkpt>
      <trkpt lat="1.371388137946713" lon="103.88466416987946">
        <ele>0</ele>
        <time>2026-08-27T04:26:12Z</time>
        <extensions>
          <gpxtpx:TrackPointExtension>
            <gpxtpx:hr>118</gpxtpx:hr>
          </gpxtpx:TrackPointExtension>
        </extensions>
      </trkpt>
      <trkpt lat="1.3714171480692587" lon="103.88467070458525">
        <ele>0</ele>
        <time>2026-08-27T04:26:13Z</time>
        <extensions>
          <gpxtpx:TrackPointExtension>
            <gpxtpx:hr>118</gpxtpx:hr>
          </gpxtpx:TrackPointExtension>
        </extensions>
      </trkpt>
      <trkpt lat="1.371446547428049" lon="103.88468393986483">
        <ele>0</ele>
        <time>2026-08-27T04:26:14Z</time>
        <extensions>
          <gpxtpx:TrackPointExtension>
            <gpxtpx:hr>118</gpxtpx:hr>
          </gpxtpx:TrackPointExtension>
        </extensions>
      </trkpt>
      <trkpt lat="1.3714770192419552" lon="103.88470297186298">
        <ele>0</ele>
        <time>2026-08-27T04:26:15Z</time>
        <extensions>
          <gpxtpx:TrackPointExtension>
            <gpxtpx:hr>118</gpxtpx:hr>
          </gpxtpx:TrackPointExtension>
        </extensions>
      </trkpt>
      <trkpt lat="1.3715071921695532" lon="103.88472504269038">
        <ele>0</ele>
        <time>2026-08-27T04:26:16Z</time>
        <extensions>
          <gpxtpx:TrackPointExtension>
            <gpxtpx:hr>118</gpxtpx:hr>
          </gpxtpx:TrackPointExtension>
        </extensions>
      </trkpt>
      <trkpt lat="1.3715368044649043" lon="103.88474786391559">
        <ele>0</ele>
        <time>2026-08-27T04:26:17Z</time>
        <extensions>
          <gpxtpx:TrackPointExtension>
            <gpxtpx:hr>118</gpxtpx:hr>
          </gpxtpx:TrackPointExtension>
        </extensions>
      </trkpt>
      <trkpt lat="1.371565860620011" lon="103.88477078262126">
        <ele>0</ele>
        <time>2026-08-27T04:26:18Z</time>
        <extensions>
          <gpxtpx:TrackPointExtension>
            <gpxtpx:hr>118</gpxtpx:hr>
          </gpxtpx:TrackPointExtension>
        </extensions>
      </trkpt>
      <trkpt lat="1.3715927191272579" lon="103.8847948512483">
        <ele>0</ele>
        <time>2026-08-27T04:26:19Z</time>
        <extensions>
          <gpxtpx:TrackPointExtension>
            <gpxtpx:hr>118</gpxtpx:hr>
          </gpxtpx:TrackPointExtension>
        </extensions>
      </trkpt>
      <trkpt lat="1.3716155390412166" lon="103.8848220697219">
        <ele>0</ele>
        <time>2026-08-27T04:26:20Z</time>
        <extensions>
          <gpxtpx:TrackPointExtension>
            <gpxtpx:hr>118</gpxtpx:hr>
          </gpxtpx:TrackPointExtension>
        </extensions>
      </trkpt>
      <trkpt lat="1.3716346531979133" lon="103.88485225009065">
        <ele>0</ele>
        <time>2026-08-27T04:26:21Z</time>
        <extensions>
          <gpxtpx:TrackPointExtension>
            <gpxtpx:hr>124</gpxtpx:hr>
          </gpxtpx:TrackPointExtension>
        </extensions>
      </trkpt>
      <trkpt lat="1.3716531496704067" lon="103.88488254114228">
        <ele>0</ele>
        <time>2026-08-27T04:26:22Z</time>
        <extensions>
          <gpxtpx:TrackPointExtension>
            <gpxtpx:hr>124</gpxtpx:hr>
          </gpxtpx:TrackPointExtension>
        </extensions>
      </trkpt>
      <trkpt lat="1.3716747648247043" lon="103.88490836431696">
        <ele>0</ele>
        <time>2026-08-27T04:26:23Z</time>
        <extensions>
          <gpxtpx:TrackPointExtension>
            <gpxtpx:hr>124</gpxtpx:hr>
          </gpxtpx:TrackPointExtension>
        </extensions>
      </trkpt>
      <trkpt lat="1.371699445049219" lon="103.88492528038283">
        <ele>0</ele>
        <time>2026-08-27T04:26:24Z</time>
        <extensions>
          <gpxtpx:TrackPointExtension>
            <gpxtpx:hr>124</gpxtpx:hr>
          </gpxtpx:TrackPointExtension>
        </extensions>
      </trkpt>
      <trkpt lat="1.3717266917987152" lon="103.88493600731725">
        <ele>0</ele>
        <time>2026-08-27T04:26:25Z</time>
        <extensions>
          <gpxtpx:TrackPointExtension>
            <gpxtpx:hr>124</gpxtpx:hr>
          </gpxtpx:TrackPointExtension>
        </extensions>
      </trkpt>
      <trkpt lat="1.3717557120008737" lon="103.88494539333014">
        <ele>0</ele>
        <time>2026-08-27T04:26:26Z</time>
        <extensions>
          <gpxtpx:TrackPointExtension>
            <gpxtpx:hr>124</gpxtpx:hr>
          </gpxtpx:TrackPointExtension>
        </extensions>
      </trkpt>
      <trkpt lat="1.3717845123337429" lon="103.88495495164938">
        <ele>0</ele>
        <time>2026-08-27T04:26:27Z</time>
        <extensions>
          <gpxtpx:TrackPointExtension>
            <gpxtpx:hr>126</gpxtpx:hr>
          </gpxtpx:TrackPointExtension>
        </extensions>
      </trkpt>
      <trkpt lat="1.3718120101104827" lon="103.88496521473115">
        <ele>0</ele>
        <time>2026-08-27T04:26:28Z</time>
        <extensions>
          <gpxtpx:TrackPointExtension>
            <gpxtpx:hr>126</gpxtpx:hr>
          </gpxtpx:TrackPointExtension>
        </extensions>
      </trkpt>
      <trkpt lat="1.3718322385022668" lon="103.88497227759468">
        <ele>0</ele>
        <time>2026-08-27T04:26:29Z</time>
        <extensions>
          <gpxtpx:TrackPointExtension>
            <gpxtpx:hr>126</gpxtpx:hr>
          </gpxtpx:TrackPointExtension>
        </extensions>
      </trkpt>
      <trkpt lat="1.3718468218896107" lon="103.88497694207156">
        <ele>0</ele>
        <time>2026-08-27T04:26:30Z</time>
        <extensions>
          <gpxtpx:TrackPointExtension>
            <gpxtpx:hr>123</gpxtpx:hr>
          </gpxtpx:TrackPointExtension>
        </extensions>
      </trkpt>
      <trkpt lat="1.3718620879024295" lon="103.88498345893954">
        <ele>0</ele>
        <time>2026-08-27T04:26:31Z</time>
        <extensions>
          <gpxtpx:TrackPointExtension>
            <gpxtpx:hr>123</gpxtpx:hr>
          </gpxtpx:TrackPointExtension>
        </extensions>
      </trkpt>
      <trkpt lat="1.3718781900032844" lon="103.88499221667641">
        <ele>0</ele>
        <time>2026-08-27T04:26:32Z</time>
        <extensions>
          <gpxtpx:TrackPointExtension>
            <gpxtpx:hr>123</gpxtpx:hr>
          </gpxtpx:TrackPointExtension>
        </extensions>
      </trkpt>
      <trkpt lat="1.3718958491554245" lon="103.88500305176073">
        <ele>0</ele>
        <time>2026-08-27T04:26:33Z</time>
        <extensions>
          <gpxtpx:TrackPointExtension>
            <gpxtpx:hr>123</gpxtpx:hr>
          </gpxtpx:TrackPointExtension>
        </extensions>
      </trkpt>
      <trkpt lat="1.3719159484288102" lon="103.8850156414904">
        <ele>0</ele>
        <time>2026-08-27T04:26:34Z</time>
        <extensions>
          <gpxtpx:TrackPointExtension>
            <gpxtpx:hr>123</gpxtpx:hr>
          </gpxtpx:TrackPointExtension>
        </extensions>
      </trkpt>
      <trkpt lat="1.3719381061149987" lon="103.88502945139831">
        <ele>0</ele>
        <time>2026-08-27T04:26:35Z</time>
        <extensions>
          <gpxtpx:TrackPointExtension>
            <gpxtpx:hr>123</gpxtpx:hr>
          </gpxtpx:TrackPointExtension>
        </extensions>
      </trkpt>
      <trkpt lat="1.3719605910949193" lon="103.88504314445545">
        <ele>0</ele>
        <time>2026-08-27T04:26:36Z</time>
        <extensions>
          <gpxtpx:TrackPointExtension>
            <gpxtpx:hr>122</gpxtpx:hr>
          </gpxtpx:TrackPointExtension>
        </extensions>
      </trkpt>
      <trkpt lat="1.3719843253671493" lon="103.88505591290117">
        <ele>0</ele>
        <time>2026-08-27T04:26:37Z</time>
        <extensions>
          <gpxtpx:TrackPointExtension>
            <gpxtpx:hr>122</gpxtpx:hr>
          </gpxtpx:TrackPointExtension>
        </extensions>
      </trkpt>
      <trkpt lat="1.3720103885375095" lon="103.88506854869539">
        <ele>0</ele>
        <time>2026-08-27T04:26:38Z</time>
        <extensions>
          <gpxtpx:TrackPointExtension>
            <gpxtpx:hr>122</gpxtpx:hr>
          </gpxtpx:TrackPointExtension>
        </extensions>
      </trkpt>
      <trkpt lat="1.3720382863472294" lon="103.88508188644859">
        <ele>0</ele>
        <time>2026-08-27T04:26:39Z</time>
        <extensions>
          <gpxtpx:TrackPointExtension>
            <gpxtpx:hr>122</gpxtpx:hr>
          </gpxtpx:TrackPointExtension>
        </extensions>
      </trkpt>
      <trkpt lat="1.3720659028843694" lon="103.8850952072343">
        <ele>0</ele>
        <time>2026-08-27T04:26:40Z</time>
        <extensions>
          <gpxtpx:TrackPointExtension>
            <gpxtpx:hr>122</gpxtpx:hr>
          </gpxtpx:TrackPointExtension>
        </extensions>
      </trkpt>
      <trkpt lat="1.3720932439949862" lon="103.88510920978922">
        <ele>0</ele>
        <time>2026-08-27T04:26:41Z</time>
        <extensions>
          <gpxtpx:TrackPointExtension>
            <gpxtpx:hr>122</gpxtpx:hr>
          </gpxtpx:TrackPointExtension>
        </extensions>
      </trkpt>
      <trkpt lat="1.3721211534303606" lon="103.8851250621213">
        <ele>0</ele>
        <time>2026-08-27T04:26:42Z</time>
        <extensions>
          <gpxtpx:TrackPointExtension>
            <gpxtpx:hr>121</gpxtpx:hr>
          </gpxtpx:TrackPointExtension>
        </extensions>
      </trkpt>
      <trkpt lat="1.3721494845597484" lon="103.88514228192152">
        <ele>0</ele>
        <time>2026-08-27T04:26:43Z</time>
        <extensions>
          <gpxtpx:TrackPointExtension>
            <gpxtpx:hr>121</gpxtpx:hr>
          </gpxtpx:TrackPointExtension>
        </extensions>
      </trkpt>
      <trkpt lat="1.3721784605971674" lon="103.88516019590155">
        <ele>0</ele>
        <time>2026-08-27T04:26:44Z</time>
        <extensions>
          <gpxtpx:TrackPointExtension>
            <gpxtpx:hr>121</gpxtpx:hr>
          </gpxtpx:TrackPointExtension>
        </extensions>
      </trkpt>
      <trkpt lat="1.3722068321580203" lon="103.88517799369927">
        <ele>0</ele>
        <time>2026-08-27T04:26:45Z</time>
        <extensions>
          <gpxtpx:TrackPointExtension>
            <gpxtpx:hr>121</gpxtpx:hr>
          </gpxtpx:TrackPointExtension>
        </extensions>
      </trkpt>
      <trkpt lat="1.3722350849194989" lon="103.88519576307104">
        <ele>0</ele>
        <time>2026-08-27T04:26:46Z</time>
        <extensions>
          <gpxtpx:TrackPointExtension>
            <gpxtpx:hr>121</gpxtpx:hr>
          </gpxtpx:TrackPointExtension>
        </extensions>
      </trkpt>
      <trkpt lat="1.3722635048741856" lon="103.8852140136001">
        <ele>0</ele>
        <time>2026-08-27T04:26:47Z</time>
        <extensions>
          <gpxtpx:TrackPointExtension>
            <gpxtpx:hr>119</gpxtpx:hr>
          </gpxtpx:TrackPointExtension>
        </extensions>
      </trkpt>
      <trkpt lat="1.372291621553159" lon="103.88523283238875">
        <ele>0</ele>
        <time>2026-08-27T04:26:48Z</time>
        <extensions>
          <gpxtpx:TrackPointExtension>
            <gpxtpx:hr>119</gpxtpx:hr>
          </gpxtpx:TrackPointExtension>
        </extensions>
      </trkpt>
      <trkpt lat="1.3723194602443987" lon="103.88525172145353">
        <ele>0</ele>
        <time>2026-08-27T04:26:49Z</time>
        <extensions>
          <gpxtpx:TrackPointExtension>
            <gpxtpx:hr>119</gpxtpx:hr>
          </gpxtpx:TrackPointExtension>
        </extensions>
      </trkpt>
      <trkpt lat="1.3723460979840985" lon="103.88527040195032">
        <ele>0</ele>
        <time>2026-08-27T04:26:50Z</time>
        <extensions>
          <gpxtpx:TrackPointExtension>
            <gpxtpx:hr>119</gpxtpx:hr>
          </gpxtpx:TrackPointExtension>
        </extensions>
      </trkpt>
      <trkpt lat="1.3723706674124356" lon="103.88528865493254">
        <ele>0</ele>
        <time>2026-08-27T04:26:51Z</time>
        <extensions>
          <gpxtpx:TrackPointExtension>
            <gpxtpx:hr>119</gpxtpx:hr>
          </gpxtpx:TrackPointExtension>
        </extensions>
      </trkpt>
      <trkpt lat="1.372393396917636" lon="103.88530570239571">
        <ele>0</ele>
        <time>2026-08-27T04:26:52Z</time>
        <extensions>
          <gpxtpx:TrackPointExtension>
            <gpxtpx:hr>120</gpxtpx:hr>
          </gpxtpx:TrackPointExtension>
        </extensions>
      </trkpt>
      <trkpt lat="1.3724153507464885" lon="103.88532224638486">
        <ele>0</ele>
        <time>2026-08-27T04:26:53Z</time>
        <extensions>
          <gpxtpx:TrackPointExtension>
            <gpxtpx:hr>120</gpxtpx:hr>
          </gpxtpx:TrackPointExtension>
        </extensions>
      </trkpt>
      <trkpt lat="1.3724377281698457" lon="103.88533908200444">
        <ele>0</ele>
        <time>2026-08-27T04:26:54Z</time>
        <extensions>
          <gpxtpx:TrackPointExtension>
            <gpxtpx:hr>120</gpxtpx:hr>
          </gpxtpx:TrackPointExtension>
        </extensions>
      </trkpt>
      <trkpt lat="1.3724610064316436" lon="103.88535467803844">
        <ele>0</ele>
        <time>2026-08-27T04:26:55Z</time>
        <extensions>
          <gpxtpx:TrackPointExtension>
            <gpxtpx:hr>120</gpxtpx:hr>
          </gpxtpx:TrackPointExtension>
        </extensions>
      </trkpt>
      <trkpt lat="1.3724848751196401" lon="103.88536908053464">
        <ele>0</ele>
        <time>2026-08-27T04:26:56Z</time>
        <extensions>
          <gpxtpx:TrackPointExtension>
            <gpxtpx:hr>121</gpxtpx:hr>
          </gpxtpx:TrackPointExtension>
        </extensions>
      </trkpt>
      <trkpt lat="1.3725085845309601" lon="103.88538448616532">
        <ele>0</ele>
        <time>2026-08-27T04:26:57Z</time>
        <extensions>
          <gpxtpx:TrackPointExtension>
            <gpxtpx:hr>121</gpxtpx:hr>
          </gpxtpx:TrackPointExtension>
        </extensions>
      </trkpt>
      <trkpt lat="1.372531664198127" lon="103.88540143622274">
        <ele>0</ele>
        <time>2026-08-27T04:26:58Z</time>
        <extensions>
          <gpxtpx:TrackPointExtension>
            <gpxtpx:hr>121</gpxtpx:hr>
          </gpxtpx:TrackPointExtension>
        </extensions>
      </trkpt>
      <trkpt lat="1.37255436129148" lon="103.88541895937561">
        <ele>0</ele>
        <time>2026-08-27T04:26:59Z</time>
        <extensions>
          <gpxtpx:TrackPointExtension>
            <gpxtpx:hr>121</gpxtpx:hr>
          </gpxtpx:TrackPointExtension>
        </extensions>
      </trkpt>
      <trkpt lat="1.3725769485205934" lon="103.88543633639529">
        <ele>0</ele>
        <time>2026-08-27T04:27:00Z</time>
        <extensions>
          <gpxtpx:TrackPointExtension>
            <gpxtpx:hr>121</gpxtpx:hr>
          </gpxtpx:TrackPointExtension>
        </extensions>
      </trkpt>
      <trkpt lat="1.3725992749877245" lon="103.88545202976209">
        <ele>0</ele>
        <time>2026-08-27T04:27:01Z</time>
        <extensions>
          <gpxtpx:TrackPointExtension>
            <gpxtpx:hr>119</gpxtpx:hr>
          </gpxtpx:TrackPointExtension>
        </extensions>
      </trkpt>
      <trkpt lat="1.3726222801554657" lon="103.8854662277832">
        <ele>0</ele>
        <time>2026-08-27T04:27:02Z</time>
        <extensions>
          <gpxtpx:TrackPointExtension>
            <gpxtpx:hr>119</gpxtpx:hr>
          </gpxtpx:TrackPointExtension>
        </extensions>
      </trkpt>
      <trkpt lat="1.372646532207159" lon="103.88548088181763">
        <ele>0</ele>
        <time>2026-08-27T04:27:03Z</time>
        <extensions>
          <gpxtpx:TrackPointExtension>
            <gpxtpx:hr>119</gpxtpx:hr>
          </gpxtpx:TrackPointExtension>
        </extensions>
      </trkpt>
      <trkpt lat="1.3726707210688351" lon="103.88549675637417">
        <ele>0</ele>
        <time>2026-08-27T04:27:04Z</time>
        <extensions>
          <gpxtpx:TrackPointExtension>
            <gpxtpx:hr>119</gpxtpx:hr>
          </gpxtpx:TrackPointExtension>
        </extensions>
      </trkpt>
      <trkpt lat="1.3726940499916698" lon="103.88551458698069">
        <ele>0</ele>
        <time>2026-08-27T04:27:05Z</time>
        <extensions>
          <gpxtpx:TrackPointExtension>
            <gpxtpx:hr>119</gpxtpx:hr>
          </gpxtpx:TrackPointExtension>
        </extensions>
      </trkpt>
      <trkpt lat="1.3727165020437715" lon="103.88553378707697">
        <ele>0</ele>
        <time>2026-08-27T04:27:06Z</time>
        <extensions>
          <gpxtpx:TrackPointExtension>
            <gpxtpx:hr>119</gpxtpx:hr>
          </gpxtpx:TrackPointExtension>
        </extensions>
      </trkpt>
      <trkpt lat="1.3727386847445466" lon="103.88555366399437">
        <ele>0</ele>
        <time>2026-08-27T04:27:07Z</time>
        <extensions>
          <gpxtpx:TrackPointExtension>
            <gpxtpx:hr>118</gpxtpx:hr>
          </gpxtpx:TrackPointExtension>
        </extensions>
      </trkpt>
      <trkpt lat="1.3727615649107527" lon="103.88557396054043">
        <ele>0</ele>
        <time>2026-08-27T04:27:08Z</time>
        <extensions>
          <gpxtpx:TrackPointExtension>
            <gpxtpx:hr>118</gpxtpx:hr>
          </gpxtpx:TrackPointExtension>
        </extensions>
      </trkpt>
      <trkpt lat="1.3727853630878009" lon="103.88559332424033">
        <ele>0</ele>
        <time>2026-08-27T04:27:09Z</time>
        <extensions>
          <gpxtpx:TrackPointExtension>
            <gpxtpx:hr>118</gpxtpx:hr>
          </gpxtpx:TrackPointExtension>
        </extensions>
      </trkpt>
      <trkpt lat="1.372810287716852" lon="103.88561229662832">
        <ele>0</ele>
        <time>2026-08-27T04:27:10Z</time>
        <extensions>
          <gpxtpx:TrackPointExtension>
            <gpxtpx:hr>118</gpxtpx:hr>
          </gpxtpx:TrackPointExtension>
        </extensions>
      </trkpt>
      <trkpt lat="1.372835831257999" lon="103.885632592045">
        <ele>0</ele>
        <time>2026-08-27T04:27:11Z</time>
        <extensions>
          <gpxtpx:TrackPointExtension>
            <gpxtpx:hr>116</gpxtpx:hr>
          </gpxtpx:TrackPointExtension>
        </extensions>
      </trkpt>
      <trkpt lat="1.3728613581496918" lon="103.88565377218578">
        <ele>0</ele>
        <time>2026-08-27T04:27:12Z</time>
        <extensions>
          <gpxtpx:TrackPointExtension>
            <gpxtpx:hr>116</gpxtpx:hr>
          </gpxtpx:TrackPointExtension>
        </extensions>
      </trkpt>
      <trkpt lat="1.372887165582542" lon="103.88567501409543">
        <ele>0</ele>
        <time>2026-08-27T04:27:13Z</time>
        <extensions>
          <gpxtpx:TrackPointExtension>
            <gpxtpx:hr>116</gpxtpx:hr>
          </gpxtpx:TrackPointExtension>
        </extensions>
      </trkpt>
      <trkpt lat="1.3729127832568377" lon="103.88569616785415">
        <ele>0</ele>
        <time>2026-08-27T04:27:14Z</time>
        <extensions>
          <gpxtpx:TrackPointExtension>
            <gpxtpx:hr>116</gpxtpx:hr>
          </gpxtpx:TrackPointExtension>
        </extensions>
      </trkpt>
      <trkpt lat="1.3729370310463755" lon="103.88571715227631">
        <ele>0</ele>
        <time>2026-08-27T04:27:15Z</time>
        <extensions>
          <gpxtpx:TrackPointExtension>
            <gpxtpx:hr>115</gpxtpx:hr>
          </gpxtpx:TrackPointExtension>
        </extensions>
      </trkpt>
      <trkpt lat="1.3729602883483296" lon="103.88573775438175">
        <ele>0</ele>
        <time>2026-08-27T04:27:16Z</time>
        <extensions>
          <gpxtpx:TrackPointExtension>
            <gpxtpx:hr>115</gpxtpx:hr>
          </gpxtpx:TrackPointExtension>
        </extensions>
      </trkpt>
      <trkpt lat="1.3729831295642843" lon="103.88575687995704">
        <ele>0</ele>
        <time>2026-08-27T04:27:17Z</time>
        <extensions>
          <gpxtpx:TrackPointExtension>
            <gpxtpx:hr>115</gpxtpx:hr>
          </gpxtpx:TrackPointExtension>
        </extensions>
      </trkpt>
      <trkpt lat="1.3730052589013788" lon="103.8857748852861">
        <ele>0</ele>
        <time>2026-08-27T04:27:18Z</time>
        <extensions>
          <gpxtpx:TrackPointExtension>
            <gpxtpx:hr>115</gpxtpx:hr>
          </gpxtpx:TrackPointExtension>
        </extensions>
      </trkpt>
      <trkpt lat="1.3730269501226358" lon="103.8857928853735">
        <ele>0</ele>
        <time>2026-08-27T04:27:19Z</time>
        <extensions>
          <gpxtpx:TrackPointExtension>
            <gpxtpx:hr>115</gpxtpx:hr>
          </gpxtpx:TrackPointExtension>
        </extensions>
      </trkpt>
      <trkpt lat="1.3730485844291462" lon="103.8858108766452">
        <ele>0</ele>
        <time>2026-08-27T04:27:20Z</time>
        <extensions>
          <gpxtpx:TrackPointExtension>
            <gpxtpx:hr>115</gpxtpx:hr>
          </gpxtpx:TrackPointExtension>
        </extensions>
      </trkpt>
      <trkpt lat="1.373070453429558" lon="103.8858290939042">
        <ele>0</ele>
        <time>2026-08-27T04:27:21Z</time>
        <extensions>
          <gpxtpx:TrackPointExtension>
            <gpxtpx:hr>115</gpxtpx:hr>
          </gpxtpx:TrackPointExtension>
        </extensions>
      </trkpt>
      <trkpt lat="1.373092916510234" lon="103.88584732833891">
        <ele>0</ele>
        <time>2026-08-27T04:27:22Z</time>
        <extensions>
          <gpxtpx:TrackPointExtension>
            <gpxtpx:hr>115</gpxtpx:hr>
          </gpxtpx:TrackPointExtension>
        </extensions>
      </trkpt>
      <trkpt lat="1.373115835609099" lon="103.88586563364585">
        <ele>0</ele>
        <time>2026-08-27T04:27:23Z</time>
        <extensions>
          <gpxtpx:TrackPointExtension>
            <gpxtpx:hr>115</gpxtpx:hr>
          </gpxtpx:TrackPointExtension>
        </extensions>
      </trkpt>
      <trkpt lat="1.373138841383251" lon="103.88588409954261">
        <ele>0</ele>
        <time>2026-08-27T04:27:24Z</time>
        <extensions>
          <gpxtpx:TrackPointExtension>
            <gpxtpx:hr>115</gpxtpx:hr>
          </gpxtpx:TrackPointExtension>
        </extensions>
      </trkpt>
      <trkpt lat="1.3731616917049805" lon="103.88590253646917">
        <ele>0</ele>
        <time>2026-08-27T04:27:25Z</time>
        <extensions>
          <gpxtpx:TrackPointExtension>
            <gpxtpx:hr>115</gpxtpx:hr>
          </gpxtpx:TrackPointExtension>
        </extensions>
      </trkpt>
      <trkpt lat="1.3731844064554908" lon="103.88592124901155">
        <ele>0</ele>
        <time>2026-08-27T04:27:26Z</time>
        <extensions>
          <gpxtpx:TrackPointExtension>
            <gpxtpx:hr>115</gpxtpx:hr>
          </gpxtpx:TrackPointExtension>
        </extensions>
      </trkpt>
      <trkpt lat="1.3732073312230075" lon="103.88594058089873">
        <ele>0</ele>
        <time>2026-08-27T04:27:27Z</time>
        <extensions>
          <gpxtpx:TrackPointExtension>
            <gpxtpx:hr>115</gpxtpx:hr>
          </gpxtpx:TrackPointExtension>
        </extensions>
      </trkpt>
      <trkpt lat="1.3732307778669575" lon="103.88596086526245">
        <ele>0</ele>
        <time>2026-08-27T04:27:28Z</time>
        <extensions>
          <gpxtpx:TrackPointExtension>
            <gpxtpx:hr>115</gpxtpx:hr>
          </gpxtpx:TrackPointExtension>
        </extensions>
      </trkpt>
      <trkpt lat="1.3732547125737145" lon="103.88598199354381">
        <ele>0</ele>
        <time>2026-08-27T04:27:29Z</time>
        <extensions>
          <gpxtpx:TrackPointExtension>
            <gpxtpx:hr>115</gpxtpx:hr>
          </gpxtpx:TrackPointExtension>
        </extensions>
      </trkpt>
      <trkpt lat="1.3732784777181593" lon="103.88600359186404">
        <ele>0</ele>
        <time>2026-08-27T04:27:30Z</time>
        <extensions>
          <gpxtpx:TrackPointExtension>
            <gpxtpx:hr>115</gpxtpx:hr>
          </gpxtpx:TrackPointExtension>
        </extensions>
      </trkpt>
      <trkpt lat="1.373302352782383" lon="103.88602580504188">
        <ele>0</ele>
        <time>2026-08-27T04:27:31Z</time>
        <extensions>
          <gpxtpx:TrackPointExtension>
            <gpxtpx:hr>116</gpxtpx:hr>
          </gpxtpx:TrackPointExtension>
        </extensions>
      </trkpt>
      <trkpt lat="1.3733265147130254" lon="103.88604843101643">
        <ele>0</ele>
        <time>2026-08-27T04:27:32Z</time>
        <extensions>
          <gpxtpx:TrackPointExtension>
            <gpxtpx:hr>116</gpxtpx:hr>
          </gpxtpx:TrackPointExtension>
        </extensions>
      </trkpt>
      <trkpt lat="1.3733506888199607" lon="103.88607118537672">
        <ele>0</ele>
        <time>2026-08-27T04:27:33Z</time>
        <extensions>
          <gpxtpx:TrackPointExtension>
            <gpxtpx:hr>116</gpxtpx:hr>
          </gpxtpx:TrackPointExtension>
        </extensions>
      </trkpt>
      <trkpt lat="1.3733754568455872" lon="103.88609364283124">
        <ele>0</ele>
        <time>2026-08-27T04:27:34Z</time>
        <extensions>
          <gpxtpx:TrackPointExtension>
            <gpxtpx:hr>116</gpxtpx:hr>
          </gpxtpx:TrackPointExtension>
        </extensions>
      </trkpt>
      <trkpt lat="1.3734005451821916" lon="103.88611588825182">
        <ele>0</ele>
        <time>2026-08-27T04:27:35Z</time>
        <extensions>
          <gpxtpx:TrackPointExtension>
            <gpxtpx:hr>116</gpxtpx:hr>
          </gpxtpx:TrackPointExtension>
        </extensions>
      </trkpt>
      <trkpt lat="1.3734252368530033" lon="103.8861388141044">
        <ele>0</ele>
        <time>2026-08-27T04:27:36Z</time>
        <extensions>
          <gpxtpx:TrackPointExtension>
            <gpxtpx:hr>116</gpxtpx:hr>
          </gpxtpx:TrackPointExtension>
        </extensions>
      </trkpt>
      <trkpt lat="1.3734496315726148" lon="103.8861627629474">
        <ele>0</ele>
        <time>2026-08-27T04:27:37Z</time>
        <extensions>
          <gpxtpx:TrackPointExtension>
            <gpxtpx:hr>116</gpxtpx:hr>
          </gpxtpx:TrackPointExtension>
        </extensions>
      </trkpt>
      <trkpt lat="1.3734739186146792" lon="103.88618743993229">
        <ele>0</ele>
        <time>2026-08-27T04:27:38Z</time>
        <extensions>
          <gpxtpx:TrackPointExtension>
            <gpxtpx:hr>116</gpxtpx:hr>
          </gpxtpx:TrackPointExtension>
        </extensions>
      </trkpt>
      <trkpt lat="1.3734983305227118" lon="103.88621304262277">
        <ele>0</ele>
        <time>2026-08-27T04:27:39Z</time>
        <extensions>
          <gpxtpx:TrackPointExtension>
            <gpxtpx:hr>116</gpxtpx:hr>
          </gpxtpx:TrackPointExtension>
        </extensions>
      </trkpt>
      <trkpt lat="1.3735231312121423" lon="103.88623993705745">
        <ele>0</ele>
        <time>2026-08-27T04:27:40Z</time>
        <extensions>
          <gpxtpx:TrackPointExtension>
            <gpxtpx:hr>116</gpxtpx:hr>
          </gpxtpx:TrackPointExtension>
        </extensions>
      </trkpt>
      <trkpt lat="1.3735478872318645" lon="103.88626727023072">
        <ele>0</ele>
        <time>2026-08-27T04:27:41Z</time>
        <extensions>
          <gpxtpx:TrackPointExtension>
            <gpxtpx:hr>117</gpxtpx:hr>
          </gpxtpx:TrackPointExtension>
        </extensions>
      </trkpt>
      <trkpt lat="1.3735724144415655" lon="103.88629473345709">
        <ele>0</ele>
        <time>2026-08-27T04:27:42Z</time>
        <extensions>
          <gpxtpx:TrackPointExtension>
            <gpxtpx:hr>117</gpxtpx:hr>
          </gpxtpx:TrackPointExtension>
        </extensions>
      </trkpt>
      <trkpt lat="1.3735970936762139" lon="103.8863226435873">
        <ele>0</ele>
        <time>2026-08-27T04:27:43Z</time>
        <extensions>
          <gpxtpx:TrackPointExtension>
            <gpxtpx:hr>117</gpxtpx:hr>
          </gpxtpx:TrackPointExtension>
        </extensions>
      </trkpt>
      <trkpt lat="1.3736212018837755" lon="103.88634938569668">
        <ele>0</ele>
        <time>2026-08-27T04:27:44Z</time>
        <extensions>
          <gpxtpx:TrackPointExtension>
            <gpxtpx:hr>117</gpxtpx:hr>
          </gpxtpx:TrackPointExtension>
        </extensions>
      </trkpt>
      <trkpt lat="1.373644227873072" lon="103.88637441149683">
        <ele>0</ele>
        <time>2026-08-27T04:27:45Z</time>
        <extensions>
          <gpxtpx:TrackPointExtension>
            <gpxtpx:hr>117</gpxtpx:hr>
          </gpxtpx:TrackPointExtension>
        </extensions>
      </trkpt>
      <trkpt lat="1.3736672302768038" lon="103.88639844773945">
        <ele>0</ele>
        <time>2026-08-27T04:27:46Z</time>
        <extensions>
          <gpxtpx:TrackPointExtension>
            <gpxtpx:hr>117</gpxtpx:hr>
          </gpxtpx:TrackPointExtension>
        </extensions>
      </trkpt>
      <trkpt lat="1.3736895730065795" lon="103.88642086190862">
        <ele>0</ele>
        <time>2026-08-27T04:27:47Z</time>
        <extensions>
          <gpxtpx:TrackPointExtension>
            <gpxtpx:hr>117</gpxtpx:hr>
          </gpxtpx:TrackPointExtension>
        </extensions>
      </trkpt>
      <trkpt lat="1.3737111482498015" lon="103.88644200126369">
        <ele>0</ele>
        <time>2026-08-27T04:27:48Z</time>
        <extensions>
          <gpxtpx:TrackPointExtension>
            <gpxtpx:hr>118</gpxtpx:hr>
          </gpxtpx:TrackPointExtension>
        </extensions>
      </trkpt>
      <trkpt lat="1.3737326690146618" lon="103.88646308744515">
        <ele>0</ele>
        <time>2026-08-27T04:27:49Z</time>
        <extensions>
          <gpxtpx:TrackPointExtension>
            <gpxtpx:hr>118</gpxtpx:hr>
          </gpxtpx:TrackPointExtension>
        </extensions>
      </trkpt>
      <trkpt lat="1.3737542468880644" lon="103.88648420914186">
        <ele>0</ele>
        <time>2026-08-27T04:27:50Z</time>
        <extensions>
          <gpxtpx:TrackPointExtension>
            <gpxtpx:hr>118</gpxtpx:hr>
          </gpxtpx:TrackPointExtension>
        </extensions>
      </trkpt>
      <trkpt lat="1.3737759345419605" lon="103.88650456114459">
        <ele>0</ele>
        <time>2026-08-27T04:27:51Z</time>
        <extensions>
          <gpxtpx:TrackPointExtension>
            <gpxtpx:hr>118</gpxtpx:hr>
          </gpxtpx:TrackPointExtension>
        </extensions>
      </trkpt>
      <trkpt lat="1.3737974933683412" lon="103.88652363441287">
        <ele>0</ele>
        <time>2026-08-27T04:27:52Z</time>
        <extensions>
          <gpxtpx:TrackPointExtension>
            <gpxtpx:hr>118</gpxtpx:hr>
          </gpxtpx:TrackPointExtension>
        </extensions>
      </trkpt>
      <trkpt lat="1.373818493359823" lon="103.8865425845152">
        <ele>0</ele>
        <time>2026-08-27T04:27:53Z</time>
        <extensions>
          <gpxtpx:TrackPointExtension>
            <gpxtpx:hr>118</gpxtpx:hr>
          </gpxtpx:TrackPointExtension>
        </extensions>
      </trkpt>
      <trkpt lat="1.3738385755012512" lon="103.8865623541591">
        <ele>0</ele>
        <time>2026-08-27T04:27:54Z</time>
        <extensions>
          <gpxtpx:TrackPointExtension>
            <gpxtpx:hr>118</gpxtpx:hr>
          </gpxtpx:TrackPointExtension>
        </extensions>
      </trkpt>
      <trkpt lat="1.3738579188127356" lon="103.88658190229646">
        <ele>0</ele>
        <time>2026-08-27T04:27:55Z</time>
        <extensions>
          <gpxtpx:TrackPointExtension>
            <gpxtpx:hr>118</gpxtpx:hr>
          </gpxtpx:TrackPointExtension>
        </extensions>
      </trkpt>
      <trkpt lat="1.3738765233107233" lon="103.88660178863702">
        <ele>0</ele>
        <time>2026-08-27T04:27:56Z</time>
        <extensions>
          <gpxtpx:TrackPointExtension>
            <gpxtpx:hr>118</gpxtpx:hr>
          </gpxtpx:TrackPointExtension>
        </extensions>
      </trkpt>
      <trkpt lat="1.373895021191987" lon="103.88662314479186">
        <ele>0</ele>
        <time>2026-08-27T04:27:57Z</time>
        <extensions>
          <gpxtpx:TrackPointExtension>
            <gpxtpx:hr>118</gpxtpx:hr>
          </gpxtpx:TrackPointExtension>
        </extensions>
      </trkpt>
      <trkpt lat="1.3739139022288105" lon="103.88664467219301">
        <ele>0</ele>
        <time>2026-08-27T04:27:58Z</time>
        <extensions>
          <gpxtpx:TrackPointExtension>
            <gpxtpx:hr>118</gpxtpx:hr>
          </gpxtpx:TrackPointExtension>
        </extensions>
      </trkpt>
      <trkpt lat="1.3739327164584876" lon="103.88666577987333">
        <ele>0</ele>
        <time>2026-08-27T04:27:59Z</time>
        <extensions>
          <gpxtpx:TrackPointExtension>
            <gpxtpx:hr>118</gpxtpx:hr>
          </gpxtpx:TrackPointExtension>
        </extensions>
      </trkpt>
      <trkpt lat="1.373951387841707" lon="103.88668702187277">
        <ele>0</ele>
        <time>2026-08-27T04:28:00Z</time>
        <extensions>
          <gpxtpx:TrackPointExtension>
            <gpxtpx:hr>118</gpxtpx:hr>
          </gpxtpx:TrackPointExtension>
        </extensions>
      </trkpt>
      <trkpt lat="1.3739701534501079" lon="103.8867085608701">
        <ele>0</ele>
        <time>2026-08-27T04:28:01Z</time>
        <extensions>
          <gpxtpx:TrackPointExtension>
            <gpxtpx:hr>118</gpxtpx:hr>
          </gpxtpx:TrackPointExtension>
        </extensions>
      </trkpt>
      <trkpt lat="1.3739883194250995" lon="103.88672985903996">
        <ele>0</ele>
        <time>2026-08-27T04:28:02Z</time>
        <extensions>
          <gpxtpx:TrackPointExtension>
            <gpxtpx:hr>118</gpxtpx:hr>
          </gpxtpx:TrackPointExtension>
        </extensions>
      </trkpt>
      <trkpt lat="1.3740064600218311" lon="103.88674999600342">
        <ele>0</ele>
        <time>2026-08-27T04:28:03Z</time>
        <extensions>
          <gpxtpx:TrackPointExtension>
            <gpxtpx:hr>118</gpxtpx:hr>
          </gpxtpx:TrackPointExtension>
        </extensions>
      </trkpt>
      <trkpt lat="1.374023847731643" lon="103.88676923857543">
        <ele>0</ele>
        <time>2026-08-27T04:28:04Z</time>
        <extensions>
          <gpxtpx:TrackPointExtension>
            <gpxtpx:hr>118</gpxtpx:hr>
          </gpxtpx:TrackPointExtension>
        </extensions>
      </trkpt>
      <trkpt lat="1.3740397654755305" lon="103.88678828078216">
        <ele>0</ele>
        <time>2026-08-27T04:28:05Z</time>
        <extensions>
          <gpxtpx:TrackPointExtension>
            <gpxtpx:hr>118</gpxtpx:hr>
          </gpxtpx:TrackPointExtension>
        </extensions>
      </trkpt>
      <trkpt lat="1.3740556524915637" lon="103.8868078712543">
        <ele>0</ele>
        <time>2026-08-27T04:28:06Z</time>
        <extensions>
          <gpxtpx:TrackPointExtension>
            <gpxtpx:hr>118</gpxtpx:hr>
          </gpxtpx:TrackPointExtension>
        </extensions>
      </trkpt>
      <trkpt lat="1.374072787294695" lon="103.88682946084332">
        <ele>0</ele>
        <time>2026-08-27T04:28:07Z</time>
        <extensions>
          <gpxtpx:TrackPointExtension>
            <gpxtpx:hr>118</gpxtpx:hr>
          </gpxtpx:TrackPointExtension>
        </extensions>
      </trkpt>
      <trkpt lat="1.3740924952542966" lon="103.88685365154433">
        <ele>0</ele>
        <time>2026-08-27T04:28:08Z</time>
        <extensions>
          <gpxtpx:TrackPointExtension>
            <gpxtpx:hr>118</gpxtpx:hr>
          </gpxtpx:TrackPointExtension>
        </extensions>
      </trkpt>
      <trkpt lat="1.374113636588482" lon="103.88687884062834">
        <ele>0</ele>
        <time>2026-08-27T04:28:09Z</time>
        <extensions>
          <gpxtpx:TrackPointExtension>
            <gpxtpx:hr>118</gpxtpx:hr>
          </gpxtpx:TrackPointExtension>
        </extensions>
      </trkpt>
      <trkpt lat="1.3741350558200212" lon="103.88690398283816">
        <ele>0</ele>
        <time>2026-08-27T04:28:10Z</time>
        <extensions>
          <gpxtpx:TrackPointExtension>
            <gpxtpx:hr>118</gpxtpx:hr>
          </gpxtpx:TrackPointExtension>
        </extensions>
      </trkpt>
      <trkpt lat="1.3741571303244458" lon="103.88692856898238">
        <ele>0</ele>
        <time>2026-08-27T04:28:11Z</time>
        <extensions>
          <gpxtpx:TrackPointExtension>
            <gpxtpx:hr>118</gpxtpx:hr>
          </gpxtpx:TrackPointExtension>
        </extensions>
      </trkpt>
      <trkpt lat="1.3741789469513872" lon="103.88695153029587">
        <ele>0</ele>
        <time>2026-08-27T04:28:12Z</time>
        <extensions>
          <gpxtpx:TrackPointExtension>
            <gpxtpx:hr>116</gpxtpx:hr>
          </gpxtpx:TrackPointExtension>
        </extensions>
      </trkpt>
      <trkpt lat="1.3741994692309742" lon="103.88697321182647">
        <ele>0</ele>
        <time>2026-08-27T04:28:13Z</time>
        <extensions>
          <gpxtpx:TrackPointExtension>
            <gpxtpx:hr>116</gpxtpx:hr>
          </gpxtpx:TrackPointExtension>
        </extensions>
      </trkpt>
      <trkpt lat="1.374218976878967" lon="103.8869954021755">
        <ele>0</ele>
        <time>2026-08-27T04:28:14Z</time>
        <extensions>
          <gpxtpx:TrackPointExtension>
            <gpxtpx:hr>116</gpxtpx:hr>
          </gpxtpx:TrackPointExtension>
        </extensions>
      </trkpt>
      <trkpt lat="1.3742379945214327" lon="103.88701881367929">
        <ele>0</ele>
        <time>2026-08-27T04:28:15Z</time>
        <extensions>
          <gpxtpx:TrackPointExtension>
            <gpxtpx:hr>116</gpxtpx:hr>
          </gpxtpx:TrackPointExtension>
        </extensions>
      </trkpt>
      <trkpt lat="1.3742573513407579" lon="103.88704203187444">
        <ele>0</ele>
        <time>2026-08-27T04:28:16Z</time>
        <extensions>
          <gpxtpx:TrackPointExtension>
            <gpxtpx:hr>116</gpxtpx:hr>
          </gpxtpx:TrackPointExtension>
        </extensions>
      </trkpt>
      <trkpt lat="1.374277852483495" lon="103.8870648807322">
        <ele>0</ele>
        <time>2026-08-27T04:28:17Z</time>
        <extensions>
          <gpxtpx:TrackPointExtension>
            <gpxtpx:hr>116</gpxtpx:hr>
          </gpxtpx:TrackPointExtension>
        </extensions>
      </trkpt>
      <trkpt lat="1.374299327633954" lon="103.8870878107106">
        <ele>0</ele>
        <time>2026-08-27T04:28:18Z</time>
        <extensions>
          <gpxtpx:TrackPointExtension>
            <gpxtpx:hr>116</gpxtpx:hr>
          </gpxtpx:TrackPointExtension>
        </extensions>
      </trkpt>
      <trkpt lat="1.3743201490056873" lon="103.88711087518696">
        <ele>0</ele>
        <time>2026-08-27T04:28:19Z</time>
        <extensions>
          <gpxtpx:TrackPointExtension>
            <gpxtpx:hr>116</gpxtpx:hr>
          </gpxtpx:TrackPointExtension>
        </extensions>
      </trkpt>
      <trkpt lat="1.3743414860851362" lon="103.88713563865066">
        <ele>0</ele>
        <time>2026-08-27T04:28:20Z</time>
        <extensions>
          <gpxtpx:TrackPointExtension>
            <gpxtpx:hr>116</gpxtpx:hr>
          </gpxtpx:TrackPointExtension>
        </extensions>
      </trkpt>
      <trkpt lat="1.3743649461787226" lon="103.88716178186176">
        <ele>0</ele>
        <time>2026-08-27T04:28:21Z</time>
        <extensions>
          <gpxtpx:TrackPointExtension>
            <gpxtpx:hr>116</gpxtpx:hr>
          </gpxtpx:TrackPointExtension>
        </extensions>
      </trkpt>
      <trkpt lat="1.3743887003208775" lon="103.88718722925748">
        <ele>0</ele>
        <time>2026-08-27T04:28:22Z</time>
        <extensions>
          <gpxtpx:TrackPointExtension>
            <gpxtpx:hr>116</gpxtpx:hr>
          </gpxtpx:TrackPointExtension>
        </extensions>
      </trkpt>
      <trkpt lat="1.3744117773244513" lon="103.88721200097689">
        <ele>0</ele>
        <time>2026-08-27T04:28:23Z</time>
        <extensions>
          <gpxtpx:TrackPointExtension>
            <gpxtpx:hr>116</gpxtpx:hr>
          </gpxtpx:TrackPointExtension>
        </extensions>
      </trkpt>
      <trkpt lat="1.3744338653184633" lon="103.88723720315365">
        <ele>0</ele>
        <time>2026-08-27T04:28:24Z</time>
        <extensions>
          <gpxtpx:TrackPointExtension>
            <gpxtpx:hr>116</gpxtpx:hr>
          </gpxtpx:TrackPointExtension>
        </extensions>
      </trkpt>
      <trkpt lat="1.3744549686473853" lon="103.88726285070676">
        <ele>0</ele>
        <time>2026-08-27T04:28:25Z</time>
        <extensions>
          <gpxtpx:TrackPointExtension>
            <gpxtpx:hr>116</gpxtpx:hr>
          </gpxtpx:TrackPointExtension>
        </extensions>
      </trkpt>
      <trkpt lat="1.3744760296612804" lon="103.88728916000565">
        <ele>0</ele>
        <time>2026-08-27T04:28:26Z</time>
        <extensions>
          <gpxtpx:TrackPointExtension>
            <gpxtpx:hr>115</gpxtpx:hr>
          </gpxtpx:TrackPointExtension>
        </extensions>
      </trkpt>
      <trkpt lat="1.3744970688620368" lon="103.88731607527767">
        <ele>0</ele>
        <time>2026-08-27T04:28:27Z</time>
        <extensions>
          <gpxtpx:TrackPointExtension>
            <gpxtpx:hr>115</gpxtpx:hr>
          </gpxtpx:TrackPointExtension>
        </extensions>
      </trkpt>
      <trkpt lat="1.3745174008518815" lon="103.8873444962875">
        <ele>0</ele>
        <time>2026-08-27T04:28:28Z</time>
        <extensions>
          <gpxtpx:TrackPointExtension>
            <gpxtpx:hr>115</gpxtpx:hr>
          </gpxtpx:TrackPointExtension>
        </extensions>
      </trkpt>
      <trkpt lat="1.3745364899459576" lon="103.88737425597297">
        <ele>0</ele>
        <time>2026-08-27T04:28:29Z</time>
        <extensions>
          <gpxtpx:TrackPointExtension>
            <gpxtpx:hr>115</gpxtpx:hr>
          </gpxtpx:TrackPointExtension>
        </extensions>
      </trkpt>
      <trkpt lat="1.3745530811653894" lon="103.88740187956438">
        <ele>0</ele>
        <time>2026-08-27T04:28:30Z</time>
        <extensions>
          <gpxtpx:TrackPointExtension>
            <gpxtpx:hr>115</gpxtpx:hr>
          </gpxtpx:TrackPointExtension>
        </extensions>
      </trkpt>
      <trkpt lat="1.374567650154074" lon="103.88742623019203">
        <ele>0</ele>
        <time>2026-08-27T04:28:31Z</time>
        <extensions>
          <gpxtpx:TrackPointExtension>
            <gpxtpx:hr>115</gpxtpx:hr>
          </gpxtpx:TrackPointExtension>
        </extensions>
      </trkpt>
      <trkpt lat="1.3745829399762166" lon="103.88744879502215">
        <ele>0</ele>
        <time>2026-08-27T04:28:32Z</time>
        <extensions>
          <gpxtpx:TrackPointExtension>
            <gpxtpx:hr>118</gpxtpx:hr>
          </gpxtpx:TrackPointExtension>
        </extensions>
      </trkpt>
      <trkpt lat="1.3746001584720005" lon="103.88747096302512">
        <ele>0</ele>
        <time>2026-08-27T04:28:33Z</time>
        <extensions>
          <gpxtpx:TrackPointExtension>
            <gpxtpx:hr>118</gpxtpx:hr>
          </gpxtpx:TrackPointExtension>
        </extensions>
      </trkpt>
      <trkpt lat="1.3746188153608812" lon="103.8874930537307">
        <ele>0</ele>
        <time>2026-08-27T04:28:34Z</time>
        <extensions>
          <gpxtpx:TrackPointExtension>
            <gpxtpx:hr>118</gpxtpx:hr>
          </gpxtpx:TrackPointExtension>
        </extensions>
      </trkpt>
      <trkpt lat="1.3746378506578678" lon="103.88751429459046">
        <ele>0</ele>
        <time>2026-08-27T04:28:35Z</time>
        <extensions>
          <gpxtpx:TrackPointExtension>
            <gpxtpx:hr>118</gpxtpx:hr>
          </gpxtpx:TrackPointExtension>
        </extensions>
      </trkpt>
      <trkpt lat="1.3746566946123466" lon="103.88753444018391">
        <ele>0</ele>
        <time>2026-08-27T04:28:36Z</time>
        <extensions>
          <gpxtpx:TrackPointExtension>
            <gpxtpx:hr>121</gpxtpx:hr>
          </gpxtpx:TrackPointExtension>
        </extensions>
      </trkpt>
      <trkpt lat="1.3746749667751808" lon="103.88755473598346">
        <ele>0</ele>
        <time>2026-08-27T04:28:37Z</time>
        <extensions>
          <gpxtpx:TrackPointExtension>
            <gpxtpx:hr>121</gpxtpx:hr>
          </gpxtpx:TrackPointExtension>
        </extensions>
      </trkpt>
      <trkpt lat="1.3746915776049362" lon="103.88757491695748">
        <ele>0</ele>
        <time>2026-08-27T04:28:38Z</time>
        <extensions>
          <gpxtpx:TrackPointExtension>
            <gpxtpx:hr>121</gpxtpx:hr>
          </gpxtpx:TrackPointExtension>
        </extensions>
      </trkpt>
      <trkpt lat="1.3747056605795498" lon="103.88759430362391">
        <ele>0</ele>
        <time>2026-08-27T04:28:39Z</time>
        <extensions>
          <gpxtpx:TrackPointExtension>
            <gpxtpx:hr>121</gpxtpx:hr>
          </gpxtpx:TrackPointExtension>
        </extensions>
      </trkpt>
      <trkpt lat="1.3747194000886838" lon="103.88761465755424">
        <ele>0</ele>
        <time>2026-08-27T04:28:40Z</time>
        <extensions>
          <gpxtpx:TrackPointExtension>
            <gpxtpx:hr>123</gpxtpx:hr>
          </gpxtpx:TrackPointExtension>
        </extensions>
      </trkpt>
      <trkpt lat="1.3747351777560237" lon="103.88763747212553">
        <ele>0</ele>
        <time>2026-08-27T04:28:41Z</time>
        <extensions>
          <gpxtpx:TrackPointExtension>
            <gpxtpx:hr>123</gpxtpx:hr>
          </gpxtpx:TrackPointExtension>
        </extensions>
      </trkpt>
      <trkpt lat="1.3747539600812757" lon="103.88766258281568">
        <ele>0</ele>
        <time>2026-08-27T04:28:42Z</time>
        <extensions>
          <gpxtpx:TrackPointExtension>
            <gpxtpx:hr>123</gpxtpx:hr>
          </gpxtpx:TrackPointExtension>
        </extensions>
      </trkpt>
      <trkpt lat="1.3747748470939851" lon="103.88768915455259">
        <ele>0</ele>
        <time>2026-08-27T04:28:43Z</time>
        <extensions>
          <gpxtpx:TrackPointExtension>
            <gpxtpx:hr>123</gpxtpx:hr>
          </gpxtpx:TrackPointExtension>
        </extensions>
      </trkpt>
      <trkpt lat="1.3747964124106884" lon="103.88771649217436">
        <ele>0</ele>
        <time>2026-08-27T04:28:44Z</time>
        <extensions>
          <gpxtpx:TrackPointExtension>
            <gpxtpx:hr>123</gpxtpx:hr>
          </gpxtpx:TrackPointExtension>
        </extensions>
      </trkpt>
      <trkpt lat="1.3748182685629604" lon="103.88774404886355">
        <ele>0</ele>
        <time>2026-08-27T04:28:45Z</time>
        <extensions>
          <gpxtpx:TrackPointExtension>
            <gpxtpx:hr>123</gpxtpx:hr>
          </gpxtpx:TrackPointExtension>
        </extensions>
      </trkpt>
      <trkpt lat="1.3748402066339183" lon="103.88777055088772">
        <ele>0</ele>
        <time>2026-08-27T04:28:46Z</time>
        <extensions>
          <gpxtpx:TrackPointExtension>
            <gpxtpx:hr>123</gpxtpx:hr>
          </gpxtpx:TrackPointExtension>
        </extensions>
      </trkpt>
      <trkpt lat="1.3748616922049917" lon="103.887794046726">
        <ele>0</ele>
        <time>2026-08-27T04:28:47Z</time>
        <extensions>
          <gpxtpx:TrackPointExtension>
            <gpxtpx:hr>124</gpxtpx:hr>
          </gpxtpx:TrackPointExtension>
        </extensions>
      </trkpt>
      <trkpt lat="1.3748812122358371" lon="103.88781530164557">
        <ele>0</ele>
        <time>2026-08-27T04:28:48Z</time>
        <extensions>
          <gpxtpx:TrackPointExtension>
            <gpxtpx:hr>124</gpxtpx:hr>
          </gpxtpx:TrackPointExtension>
        </extensions>
      </trkpt>
      <trkpt lat="1.3748995728711824" lon="103.88783709645611">
        <ele>0</ele>
        <time>2026-08-27T04:28:49Z</time>
        <extensions>
          <gpxtpx:TrackPointExtension>
            <gpxtpx:hr>124</gpxtpx:hr>
          </gpxtpx:TrackPointExtension>
        </extensions>
      </trkpt>
      <trkpt lat="1.3749180957986022" lon="103.88785981741029">
        <ele>0</ele>
        <time>2026-08-27T04:28:50Z</time>
        <extensions>
          <gpxtpx:TrackPointExtension>
            <gpxtpx:hr>124</gpxtpx:hr>
          </gpxtpx:TrackPointExtension>
        </extensions>
      </trkpt>
      <trkpt lat="1.3749369734425918" lon="103.88788250220959">
        <ele>0</ele>
        <time>2026-08-27T04:28:51Z</time>
        <extensions>
          <gpxtpx:TrackPointExtension>
            <gpxtpx:hr>124</gpxtpx:hr>
          </gpxtpx:TrackPointExtension>
        </extensions>
      </trkpt>
      <trkpt lat="1.3749570794829953" lon="103.88790496872085">
        <ele>0</ele>
        <time>2026-08-27T04:28:52Z</time>
        <extensions>
          <gpxtpx:TrackPointExtension>
            <gpxtpx:hr>118</gpxtpx:hr>
          </gpxtpx:TrackPointExtension>
        </extensions>
      </trkpt>
      <trkpt lat="1.374978412261025" lon="103.8879278066494">
        <ele>0</ele>
        <time>2026-08-27T04:28:53Z</time>
        <extensions>
          <gpxtpx:TrackPointExtension>
            <gpxtpx:hr>118</gpxtpx:hr>
          </gpxtpx:TrackPointExtension>
        </extensions>
      </trkpt>
      <trkpt lat="1.3750003159383122" lon="103.88795252076616">
        <ele>0</ele>
        <time>2026-08-27T04:28:54Z</time>
        <extensions>
          <gpxtpx:TrackPointExtension>
            <gpxtpx:hr>118</gpxtpx:hr>
          </gpxtpx:TrackPointExtension>
        </extensions>
      </trkpt>
      <trkpt lat="1.375021273540706" lon="103.88797764607597">
        <ele>0</ele>
        <time>2026-08-27T04:28:55Z</time>
        <extensions>
          <gpxtpx:TrackPointExtension>
            <gpxtpx:hr>118</gpxtpx:hr>
          </gpxtpx:TrackPointExtension>
        </extensions>
      </trkpt>
      <trkpt lat="1.3750403662263562" lon="103.88800198665456">
        <ele>0</ele>
        <time>2026-08-27T04:28:56Z</time>
        <extensions>
          <gpxtpx:TrackPointExtension>
            <gpxtpx:hr>118</gpxtpx:hr>
          </gpxtpx:TrackPointExtension>
        </extensions>
      </trkpt>
      <trkpt lat="1.375059622859602" lon="103.88802854633713">
        <ele>0</ele>
        <time>2026-08-27T04:28:57Z</time>
        <extensions>
          <gpxtpx:TrackPointExtension>
            <gpxtpx:hr>118</gpxtpx:hr>
          </gpxtpx:TrackPointExtension>
        </extensions>
      </trkpt>
      <trkpt lat="1.3750793635651775" lon="103.88805735778158">
        <ele>0</ele>
        <time>2026-08-27T04:28:58Z</time>
        <extensions>
          <gpxtpx:TrackPointExtension>
            <gpxtpx:hr>118</gpxtpx:hr>
          </gpxtpx:TrackPointExtension>
        </extensions>
      </trkpt>
      <trkpt lat="1.3750987354168542" lon="103.88808664528315">
        <ele>0</ele>
        <time>2026-08-27T04:28:59Z</time>
        <extensions>
          <gpxtpx:TrackPointExtension>
            <gpxtpx:hr>118</gpxtpx:hr>
          </gpxtpx:TrackPointExtension>
        </extensions>
      </trkpt>
      <trkpt lat="1.3751176981633368" lon="103.88811647166636">
        <ele>0</ele>
        <time>2026-08-27T04:29:00Z</time>
        <extensions>
          <gpxtpx:TrackPointExtension>
            <gpxtpx:hr>118</gpxtpx:hr>
          </gpxtpx:TrackPointExtension>
        </extensions>
      </trkpt>
      <trkpt lat="1.3751358288481645" lon="103.88814610487378">
        <ele>0</ele>
        <time>2026-08-27T04:29:01Z</time>
        <extensions>
          <gpxtpx:TrackPointExtension>
            <gpxtpx:hr>118</gpxtpx:hr>
          </gpxtpx:TrackPointExtension>
        </extensions>
      </trkpt>
      <trkpt lat="1.3751542264906291" lon="103.88817673064605">
        <ele>0</ele>
        <time>2026-08-27T04:29:02Z</time>
        <extensions>
          <gpxtpx:TrackPointExtension>
            <gpxtpx:hr>118</gpxtpx:hr>
          </gpxtpx:TrackPointExtension>
        </extensions>
      </trkpt>
      <trkpt lat="1.3751732967361168" lon="103.88820888591891">
        <ele>0</ele>
        <time>2026-08-27T04:29:03Z</time>
        <extensions>
          <gpxtpx:TrackPointExtension>
            <gpxtpx:hr>117</gpxtpx:hr>
          </gpxtpx:TrackPointExtension>
        </extensions>
      </trkpt>
      <trkpt lat="1.3751909983962853" lon="103.88824018807274">
        <ele>0</ele>
        <time>2026-08-27T04:29:04Z</time>
        <extensions>
          <gpxtpx:TrackPointExtension>
            <gpxtpx:hr>117</gpxtpx:hr>
          </gpxtpx:TrackPointExtension>
        </extensions>
      </trkpt>
      <trkpt lat="1.375207227444009" lon="103.88827014252914">
        <ele>0</ele>
        <time>2026-08-27T04:29:05Z</time>
        <extensions>
          <gpxtpx:TrackPointExtension>
            <gpxtpx:hr>117</gpxtpx:hr>
          </gpxtpx:TrackPointExtension>
        </extensions>
      </trkpt>
      <trkpt lat="1.375222615896171" lon="103.88829873847602">
        <ele>0</ele>
        <time>2026-08-27T04:29:06Z</time>
        <extensions>
          <gpxtpx:TrackPointExtension>
            <gpxtpx:hr>117</gpxtpx:hr>
          </gpxtpx:TrackPointExtension>
        </extensions>
      </trkpt>
      <trkpt lat="1.3752379133633719" lon="103.88832698976044">
        <ele>0</ele>
        <time>2026-08-27T04:29:07Z</time>
        <extensions>
          <gpxtpx:TrackPointExtension>
            <gpxtpx:hr>117</gpxtpx:hr>
          </gpxtpx:TrackPointExtension>
        </extensions>
      </trkpt>
      <trkpt lat="1.3752536967324243" lon="103.88835594270405">
        <ele>0</ele>
        <time>2026-08-27T04:29:08Z</time>
        <extensions>
          <gpxtpx:TrackPointExtension>
            <gpxtpx:hr>117</gpxtpx:hr>
          </gpxtpx:TrackPointExtension>
        </extensions>
      </trkpt>
      <trkpt lat="1.375269408275088" lon="103.8883851657868">
        <ele>0</ele>
        <time>2026-08-27T04:29:09Z</time>
        <extensions>
          <gpxtpx:TrackPointExtension>
            <gpxtpx:hr>117</gpxtpx:hr>
          </gpxtpx:TrackPointExtension>
        </extensions>
      </trkpt>
      <trkpt lat="1.3752843935836665" lon="103.88841407949556">
        <ele>0</ele>
        <time>2026-08-27T04:29:10Z</time>
        <extensions>
          <gpxtpx:TrackPointExtension>
            <gpxtpx:hr>117</gpxtpx:hr>
          </gpxtpx:TrackPointExtension>
        </extensions>
      </trkpt>
      <trkpt lat="1.375297985301509" lon="103.88844228307889">
        <ele>0</ele>
        <time>2026-08-27T04:29:11Z</time>
        <extensions>
          <gpxtpx:TrackPointExtension>
            <gpxtpx:hr>117</gpxtpx:hr>
          </gpxtpx:TrackPointExtension>
        </extensions>
      </trkpt>
      <trkpt lat="1.3753116616188192" lon="103.88847209820847">
        <ele>0</ele>
        <time>2026-08-27T04:29:12Z</time>
        <extensions>
          <gpxtpx:TrackPointExtension>
            <gpxtpx:hr>117</gpxtpx:hr>
          </gpxtpx:TrackPointExtension>
        </extensions>
      </trkpt>
      <trkpt lat="1.3753263162364915" lon="103.88850366765257">
        <ele>0</ele>
        <time>2026-08-27T04:29:13Z</time>
        <extensions>
          <gpxtpx:TrackPointExtension>
            <gpxtpx:hr>117</gpxtpx:hr>
          </gpxtpx:TrackPointExtension>
        </extensions>
      </trkpt>
      <trkpt lat="1.3753412957137896" lon="103.88853546963155">
        <ele>0</ele>
        <time>2026-08-27T04:29:14Z</time>
        <extensions>
          <gpxtpx:TrackPointExtension>
            <gpxtpx:hr>117</gpxtpx:hr>
          </gpxtpx:TrackPointExtension>
        </extensions>
      </trkpt>
      <trkpt lat="1.3753560136856278" lon="103.88856723563846">
        <ele>0</ele>
        <time>2026-08-27T04:29:15Z</time>
        <extensions>
          <gpxtpx:TrackPointExtension>
            <gpxtpx:hr>117</gpxtpx:hr>
          </gpxtpx:TrackPointExtension>
        </extensions>
      </trkpt>
      <trkpt lat="1.3753703755566196" lon="103.88859907865677">
        <ele>0</ele>
        <time>2026-08-27T04:29:16Z</time>
        <extensions>
          <gpxtpx:TrackPointExtension>
            <gpxtpx:hr>117</gpxtpx:hr>
          </gpxtpx:TrackPointExtension>
        </extensions>
      </trkpt>
      <trkpt lat="1.3753844343420214" lon="103.88863093396377">
        <ele>0</ele>
        <time>2026-08-27T04:29:17Z</time>
        <extensions>
          <gpxtpx:TrackPointExtension>
            <gpxtpx:hr>117</gpxtpx:hr>
          </gpxtpx:TrackPointExtension>
        </extensions>
      </trkpt>
      <trkpt lat="1.3753979472370927" lon="103.88866253586896">
        <ele>0</ele>
        <time>2026-08-27T04:29:18Z</time>
        <extensions>
          <gpxtpx:TrackPointExtension>
            <gpxtpx:hr>120</gpxtpx:hr>
          </gpxtpx:TrackPointExtension>
        </extensions>
      </trkpt>
      <trkpt lat="1.375411279750202" lon="103.88869406802624">
        <ele>0</ele>
        <time>2026-08-27T04:29:19Z</time>
        <extensions>
          <gpxtpx:TrackPointExtension>
            <gpxtpx:hr>120</gpxtpx:hr>
          </gpxtpx:TrackPointExtension>
        </extensions>
      </trkpt>
      <trkpt lat="1.3754246047416754" lon="103.8887254429153">
        <ele>0</ele>
        <time>2026-08-27T04:29:20Z</time>
        <extensions>
          <gpxtpx:TrackPointExtension>
            <gpxtpx:hr>120</gpxtpx:hr>
          </gpxtpx:TrackPointExtension>
        </extensions>
      </trkpt>
      <trkpt lat="1.375438117278601" lon="103.88875719602345">
        <ele>0</ele>
        <time>2026-08-27T04:29:21Z</time>
        <extensions>
          <gpxtpx:TrackPointExtension>
            <gpxtpx:hr>120</gpxtpx:hr>
          </gpxtpx:TrackPointExtension>
        </extensions>
      </trkpt>
      <trkpt lat="1.375451838195277" lon="103.88878940887851">
        <ele>0</ele>
        <time>2026-08-27T04:29:22Z</time>
        <extensions>
          <gpxtpx:TrackPointExtension>
            <gpxtpx:hr>122</gpxtpx:hr>
          </gpxtpx:TrackPointExtension>
        </extensions>
      </trkpt>
      <trkpt lat="1.3754658546636516" lon="103.88882225444094">
        <ele>0</ele>
        <time>2026-08-27T04:29:23Z</time>
        <extensions>
          <gpxtpx:TrackPointExtension>
            <gpxtpx:hr>122</gpxtpx:hr>
          </gpxtpx:TrackPointExtension>
        </extensions>
      </trkpt>
      <trkpt lat="1.3754801529099332" lon="103.88885568346429">
        <ele>0</ele>
        <time>2026-08-27T04:29:24Z</time>
        <extensions>
          <gpxtpx:TrackPointExtension>
            <gpxtpx:hr>122</gpxtpx:hr>
          </gpxtpx:TrackPointExtension>
        </extensions>
      </trkpt>
      <trkpt lat="1.3754944870152066" lon="103.88888923652387">
        <ele>0</ele>
        <time>2026-08-27T04:29:25Z</time>
        <extensions>
          <gpxtpx:TrackPointExtension>
            <gpxtpx:hr>122</gpxtpx:hr>
          </gpxtpx:TrackPointExtension>
        </extensions>
      </trkpt>
      <trkpt lat="1.3755088823897876" lon="103.8889229696516">
        <ele>0</ele>
        <time>2026-08-27T04:29:26Z</time>
        <extensions>
          <gpxtpx:TrackPointExtension>
            <gpxtpx:hr>122</gpxtpx:hr>
          </gpxtpx:TrackPointExtension>
        </extensions>
      </trkpt>
      <trkpt lat="1.3755233572888683" lon="103.88895687097282">
        <ele>0</ele>
        <time>2026-08-27T04:29:27Z</time>
        <extensions>
          <gpxtpx:TrackPointExtension>
            <gpxtpx:hr>121</gpxtpx:hr>
          </gpxtpx:TrackPointExtension>
        </extensions>
      </trkpt>
      <trkpt lat="1.375537890269681" lon="103.88899099088346">
        <ele>0</ele>
        <time>2026-08-27T04:29:28Z</time>
        <extensions>
          <gpxtpx:TrackPointExtension>
            <gpxtpx:hr>121</gpxtpx:hr>
          </gpxtpx:TrackPointExtension>
        </extensions>
      </trkpt>
      <trkpt lat="1.375552334901482" lon="103.8890251114062">
        <ele>0</ele>
        <time>2026-08-27T04:29:29Z</time>
        <extensions>
          <gpxtpx:TrackPointExtension>
            <gpxtpx:hr>121</gpxtpx:hr>
          </gpxtpx:TrackPointExtension>
        </extensions>
      </trkpt>
      <trkpt lat="1.3755665840392028" lon="103.88905904044208">
        <ele>0</ele>
        <time>2026-08-27T04:29:30Z</time>
        <extensions>
          <gpxtpx:TrackPointExtension>
            <gpxtpx:hr>121</gpxtpx:hr>
          </gpxtpx:TrackPointExtension>
        </extensions>
      </trkpt>
      <trkpt lat="1.3755806745767312" lon="103.88909292943819">
        <ele>0</ele>
        <time>2026-08-27T04:29:31Z</time>
        <extensions>
          <gpxtpx:TrackPointExtension>
            <gpxtpx:hr>121</gpxtpx:hr>
          </gpxtpx:TrackPointExtension>
        </extensions>
      </trkpt>
      <trkpt lat="1.375594510210239" lon="103.88912662141153">
        <ele>0</ele>
        <time>2026-08-27T04:29:32Z</time>
        <extensions>
          <gpxtpx:TrackPointExtension>
            <gpxtpx:hr>121</gpxtpx:hr>
          </gpxtpx:TrackPointExtension>
        </extensions>
      </trkpt>
      <trkpt lat="1.3756080799535437" lon="103.88916013974627">
        <ele>0</ele>
        <time>2026-08-27T04:29:33Z</time>
        <extensions>
          <gpxtpx:TrackPointExtension>
            <gpxtpx:hr>121</gpxtpx:hr>
          </gpxtpx:TrackPointExtension>
        </extensions>
      </trkpt>
      <trkpt lat="1.3756214807035156" lon="103.8891937398437">
        <ele>0</ele>
        <time>2026-08-27T04:29:34Z</time>
        <extensions>
          <gpxtpx:TrackPointExtension>
            <gpxtpx:hr>121</gpxtpx:hr>
          </gpxtpx:TrackPointExtension>
        </extensions>
      </trkpt>
      <trkpt lat="1.3756348416738449" lon="103.88922775745354">
        <ele>0</ele>
        <time>2026-08-27T04:29:35Z</time>
        <extensions>
          <gpxtpx:TrackPointExtension>
            <gpxtpx:hr>121</gpxtpx:hr>
          </gpxtpx:TrackPointExtension>
        </extensions>
      </trkpt>
      <trkpt lat="1.375648105177337" lon="103.88926210135114">
        <ele>0</ele>
        <time>2026-08-27T04:29:36Z</time>
        <extensions>
          <gpxtpx:TrackPointExtension>
            <gpxtpx:hr>117</gpxtpx:hr>
          </gpxtpx:TrackPointExtension>
        </extensions>
      </trkpt>
      <trkpt lat="1.3756610017070912" lon="103.88929614402187">
        <ele>0</ele>
        <time>2026-08-27T04:29:37Z</time>
        <extensions>
          <gpxtpx:TrackPointExtension>
            <gpxtpx:hr>117</gpxtpx:hr>
          </gpxtpx:TrackPointExtension>
        </extensions>
      </trkpt>
      <trkpt lat="1.3756734947966667" lon="103.88932983662835">
        <ele>0</ele>
        <time>2026-08-27T04:29:38Z</time>
        <extensions>
          <gpxtpx:TrackPointExtension>
            <gpxtpx:hr>117</gpxtpx:hr>
          </gpxtpx:TrackPointExtension>
        </extensions>
      </trkpt>
      <trkpt lat="1.3756855413959852" lon="103.88936301643948">
        <ele>0</ele>
        <time>2026-08-27T04:29:39Z</time>
        <extensions>
          <gpxtpx:TrackPointExtension>
            <gpxtpx:hr>117</gpxtpx:hr>
          </gpxtpx:TrackPointExtension>
        </extensions>
      </trkpt>
      <trkpt lat="1.3756971812653531" lon="103.88939573318497">
        <ele>0</ele>
        <time>2026-08-27T04:29:40Z</time>
        <extensions>
          <gpxtpx:TrackPointExtension>
            <gpxtpx:hr>117</gpxtpx:hr>
          </gpxtpx:TrackPointExtension>
        </extensions>
      </trkpt>
      <trkpt lat="1.375708647414661" lon="103.88942861181476">
        <ele>0</ele>
        <time>2026-08-27T04:29:41Z</time>
        <extensions>
          <gpxtpx:TrackPointExtension>
            <gpxtpx:hr>117</gpxtpx:hr>
          </gpxtpx:TrackPointExtension>
        </extensions>
      </trkpt>
      <trkpt lat="1.3757199556559128" lon="103.88946172335807">
        <ele>0</ele>
        <time>2026-08-27T04:29:42Z</time>
        <extensions>
          <gpxtpx:TrackPointExtension>
            <gpxtpx:hr>117</gpxtpx:hr>
          </gpxtpx:TrackPointExtension>
        </extensions>
      </trkpt>
      <trkpt lat="1.3757310222418424" lon="103.88949487417302">
        <ele>0</ele>
        <time>2026-08-27T04:29:43Z</time>
        <extensions>
          <gpxtpx:TrackPointExtension>
            <gpxtpx:hr>117</gpxtpx:hr>
          </gpxtpx:TrackPointExtension>
        </extensions>
      </trkpt>
      <trkpt lat="1.3757418087547215" lon="103.88952793858502">
        <ele>0</ele>
        <time>2026-08-27T04:29:44Z</time>
        <extensions>
          <gpxtpx:TrackPointExtension>
            <gpxtpx:hr>117</gpxtpx:hr>
          </gpxtpx:TrackPointExtension>
        </extensions>
      </trkpt>
      <trkpt lat="1.3757523267111957" lon="103.88956090290732">
        <ele>0</ele>
        <time>2026-08-27T04:29:45Z</time>
        <extensions>
          <gpxtpx:TrackPointExtension>
            <gpxtpx:hr>117</gpxtpx:hr>
          </gpxtpx:TrackPointExtension>
        </extensions>
      </trkpt>
      <trkpt lat="1.3757625882833837" lon="103.88959371279287">
        <ele>0</ele>
        <time>2026-08-27T04:29:46Z</time>
        <extensions>
          <gpxtpx:TrackPointExtension>
            <gpxtpx:hr>117</gpxtpx:hr>
          </gpxtpx:TrackPointExtension>
        </extensions>
      </trkpt>
      <trkpt lat="1.3757725999825452" lon="103.88962628503658">
        <ele>0</ele>
        <time>2026-08-27T04:29:47Z</time>
        <extensions>
          <gpxtpx:TrackPointExtension>
            <gpxtpx:hr>121</gpxtpx:hr>
          </gpxtpx:TrackPointExtension>
        </extensions>
      </trkpt>
      <trkpt lat="1.3757825260073868" lon="103.8896590773327">
        <ele>0</ele>
        <time>2026-08-27T04:29:48Z</time>
        <extensions>
          <gpxtpx:TrackPointExtension>
            <gpxtpx:hr>121</gpxtpx:hr>
          </gpxtpx:TrackPointExtension>
        </extensions>
      </trkpt>
      <trkpt lat="1.3757923912167955" lon="103.88969220726676">
        <ele>0</ele>
        <time>2026-08-27T04:29:49Z</time>
        <extensions>
          <gpxtpx:TrackPointExtension>
            <gpxtpx:hr>121</gpxtpx:hr>
          </gpxtpx:TrackPointExtension>
        </extensions>
      </trkpt>
      <trkpt lat="1.3758021189074179" lon="103.88972551062461">
        <ele>0</ele>
        <time>2026-08-27T04:29:50Z</time>
        <extensions>
          <gpxtpx:TrackPointExtension>
            <gpxtpx:hr>121</gpxtpx:hr>
          </gpxtpx:TrackPointExtension>
        </extensions>
      </trkpt>
      <trkpt lat="1.3758117832365946" lon="103.8897593620706">
        <ele>0</ele>
        <time>2026-08-27T04:29:51Z</time>
        <extensions>
          <gpxtpx:TrackPointExtension>
            <gpxtpx:hr>121</gpxtpx:hr>
          </gpxtpx:TrackPointExtension>
        </extensions>
      </trkpt>
      <trkpt lat="1.3758215187423377" lon="103.88979438771979">
        <ele>0</ele>
        <time>2026-08-27T04:29:52Z</time>
        <extensions>
          <gpxtpx:TrackPointExtension>
            <gpxtpx:hr>121</gpxtpx:hr>
          </gpxtpx:TrackPointExtension>
        </extensions>
      </trkpt>
      <trkpt lat="1.3758312530717616" lon="103.8898303177474">
        <ele>0</ele>
        <time>2026-08-27T04:29:53Z</time>
        <extensions>
          <gpxtpx:TrackPointExtension>
            <gpxtpx:hr>120</gpxtpx:hr>
          </gpxtpx:TrackPointExtension>
        </extensions>
      </trkpt>
      <trkpt lat="1.3758407154697154" lon="103.88986605873994">
        <ele>0</ele>
        <time>2026-08-27T04:29:54Z</time>
        <extensions>
          <gpxtpx:TrackPointExtension>
            <gpxtpx:hr>120</gpxtpx:hr>
          </gpxtpx:TrackPointExtension>
        </extensions>
      </trkpt>
      <trkpt lat="1.375849835891921" lon="103.88990143594019">
        <ele>0</ele>
        <time>2026-08-27T04:29:55Z</time>
        <extensions>
          <gpxtpx:TrackPointExtension>
            <gpxtpx:hr>120</gpxtpx:hr>
          </gpxtpx:TrackPointExtension>
        </extensions>
      </trkpt>
      <trkpt lat="1.3758586252779035" lon="103.88993667232509">
        <ele>0</ele>
        <time>2026-08-27T04:29:56Z</time>
        <extensions>
          <gpxtpx:TrackPointExtension>
            <gpxtpx:hr>120</gpxtpx:hr>
          </gpxtpx:TrackPointExtension>
        </extensions>
      </trkpt>
      <trkpt lat="1.375867035490995" lon="103.88997125325888">
        <ele>0</ele>
        <time>2026-08-27T04:29:57Z</time>
        <extensions>
          <gpxtpx:TrackPointExtension>
            <gpxtpx:hr>120</gpxtpx:hr>
          </gpxtpx:TrackPointExtension>
        </extensions>
      </trkpt>
      <trkpt lat="1.3758751967445912" lon="103.89000523385022">
        <ele>0</ele>
        <time>2026-08-27T04:29:58Z</time>
        <extensions>
          <gpxtpx:TrackPointExtension>
            <gpxtpx:hr>122</gpxtpx:hr>
          </gpxtpx:TrackPointExtension>
        </extensions>
      </trkpt>
      <trkpt lat="1.3758833708299711" lon="103.89003906843858">
        <ele>0</ele>
        <time>2026-08-27T04:29:59Z</time>
        <extensions>
          <gpxtpx:TrackPointExtension>
            <gpxtpx:hr>122</gpxtpx:hr>
          </gpxtpx:TrackPointExtension>
        </extensions>
      </trkpt>
      <trkpt lat="1.3758917001183157" lon="103.89007255857501">
        <ele>0</ele>
        <time>2026-08-27T04:30:00Z</time>
        <extensions>
          <gpxtpx:TrackPointExtension>
            <gpxtpx:hr>122</gpxtpx:hr>
          </gpxtpx:TrackPointExtension>
        </extensions>
      </trkpt>
      <trkpt lat="1.3759001298892357" lon="103.89010580127334">
        <ele>0</ele>
        <time>2026-08-27T04:30:01Z</time>
        <extensions>
          <gpxtpx:TrackPointExtension>
            <gpxtpx:hr>122</gpxtpx:hr>
          </gpxtpx:TrackPointExtension>
        </extensions>
      </trkpt>
      <trkpt lat="1.375908687032339" lon="103.89013960444103">
        <ele>0</ele>
        <time>2026-08-27T04:30:02Z</time>
        <extensions>
          <gpxtpx:TrackPointExtension>
            <gpxtpx:hr>122</gpxtpx:hr>
          </gpxtpx:TrackPointExtension>
        </extensions>
      </trkpt>
      <trkpt lat="1.3759174857476484" lon="103.89017482407924">
        <ele>0</ele>
        <time>2026-08-27T04:30:03Z</time>
        <extensions>
          <gpxtpx:TrackPointExtension>
            <gpxtpx:hr>122</gpxtpx:hr>
          </gpxtpx:TrackPointExtension>
        </extensions>
      </trkpt>
      <trkpt lat="1.3759263393379815" lon="103.89021107502528">
        <ele>0</ele>
        <time>2026-08-27T04:30:04Z</time>
        <extensions>
          <gpxtpx:TrackPointExtension>
            <gpxtpx:hr>122</gpxtpx:hr>
          </gpxtpx:TrackPointExtension>
        </extensions>
      </trkpt>
      <trkpt lat="1.3759350750549066" lon="103.89024767147096">
        <ele>0</ele>
        <time>2026-08-27T04:30:05Z</time>
        <extensions>
          <gpxtpx:TrackPointExtension>
            <gpxtpx:hr>122</gpxtpx:hr>
          </gpxtpx:TrackPointExtension>
        </extensions>
      </trkpt>
      <trkpt lat="1.375943642385951" lon="103.89028450719792">
        <ele>0</ele>
        <time>2026-08-27T04:30:06Z</time>
        <extensions>
          <gpxtpx:TrackPointExtension>
            <gpxtpx:hr>122</gpxtpx:hr>
          </gpxtpx:TrackPointExtension>
        </extensions>
      </trkpt>
      <trkpt lat="1.3759520347754046" lon="103.89032184418184">
        <ele>0</ele>
        <time>2026-08-27T04:30:07Z</time>
        <extensions>
          <gpxtpx:TrackPointExtension>
            <gpxtpx:hr>122</gpxtpx:hr>
          </gpxtpx:TrackPointExtension>
        </extensions>
      </trkpt>
      <trkpt lat="1.3759602555475083" lon="103.89035968139129">
        <ele>0</ele>
        <time>2026-08-27T04:30:08Z</time>
        <extensions>
          <gpxtpx:TrackPointExtension>
            <gpxtpx:hr>122</gpxtpx:hr>
          </gpxtpx:TrackPointExtension>
        </extensions>
      </trkpt>
      <trkpt lat="1.3759682850281478" lon="103.89039762418193">
        <ele>0</ele>
        <time>2026-08-27T04:30:09Z</time>
        <extensions>
          <gpxtpx:TrackPointExtension>
            <gpxtpx:hr>122</gpxtpx:hr>
          </gpxtpx:TrackPointExtension>
        </extensions>
      </trkpt>
      <trkpt lat="1.3759761373637918" lon="103.89043559607548">
        <ele>0</ele>
        <time>2026-08-27T04:30:10Z</time>
        <extensions>
          <gpxtpx:TrackPointExtension>
            <gpxtpx:hr>122</gpxtpx:hr>
          </gpxtpx:TrackPointExtension>
        </extensions>
      </trkpt>
      <trkpt lat="1.3759837250578293" lon="103.89047338692541">
        <ele>0</ele>
        <time>2026-08-27T04:30:11Z</time>
        <extensions>
          <gpxtpx:TrackPointExtension>
            <gpxtpx:hr>124</gpxtpx:hr>
          </gpxtpx:TrackPointExtension>
        </extensions>
      </trkpt>
      <trkpt lat="1.37599106663295" lon="103.89051109351372">
        <ele>0</ele>
        <time>2026-08-27T04:30:12Z</time>
        <extensions>
          <gpxtpx:TrackPointExtension>
            <gpxtpx:hr>124</gpxtpx:hr>
          </gpxtpx:TrackPointExtension>
        </extensions>
      </trkpt>
      <trkpt lat="1.3759983164566347" lon="103.89054929666815">
        <ele>0</ele>
        <time>2026-08-27T04:30:13Z</time>
        <extensions>
          <gpxtpx:TrackPointExtension>
            <gpxtpx:hr>124</gpxtpx:hr>
          </gpxtpx:TrackPointExtension>
        </extensions>
      </trkpt>
      <trkpt lat="1.3760054287107235" lon="103.89058795295233">
        <ele>0</ele>
        <time>2026-08-27T04:30:14Z</time>
        <extensions>
          <gpxtpx:TrackPointExtension>
            <gpxtpx:hr>124</gpxtpx:hr>
          </gpxtpx:TrackPointExtension>
        </extensions>
      </trkpt>
      <trkpt lat="1.3760123118210106" lon="103.89062659344799">
        <ele>0</ele>
        <time>2026-08-27T04:30:15Z</time>
        <extensions>
          <gpxtpx:TrackPointExtension>
            <gpxtpx:hr>124</gpxtpx:hr>
          </gpxtpx:TrackPointExtension>
        </extensions>
      </trkpt>
      <trkpt lat="1.376018982843748" lon="103.89066469889494">
        <ele>0</ele>
        <time>2026-08-27T04:30:16Z</time>
        <extensions>
          <gpxtpx:TrackPointExtension>
            <gpxtpx:hr>125</gpxtpx:hr>
          </gpxtpx:TrackPointExtension>
        </extensions>
      </trkpt>
      <trkpt lat="1.3760253256125539" lon="103.89070153574727">
        <ele>0</ele>
        <time>2026-08-27T04:30:17Z</time>
        <extensions>
          <gpxtpx:TrackPointExtension>
            <gpxtpx:hr>125</gpxtpx:hr>
          </gpxtpx:TrackPointExtension>
        </extensions>
      </trkpt>
      <trkpt lat="1.3760314533399405" lon="103.89073786406182">
        <ele>0</ele>
        <time>2026-08-27T04:30:18Z</time>
        <extensions>
          <gpxtpx:TrackPointExtension>
            <gpxtpx:hr>125</gpxtpx:hr>
          </gpxtpx:TrackPointExtension>
        </extensions>
      </trkpt>
      <trkpt lat="1.3760374180914465" lon="103.89077403341959">
        <ele>0</ele>
        <time>2026-08-27T04:30:19Z</time>
        <extensions>
          <gpxtpx:TrackPointExtension>
            <gpxtpx:hr>125</gpxtpx:hr>
          </gpxtpx:TrackPointExtension>
        </extensions>
      </trkpt>
      <trkpt lat="1.3760431999598928" lon="103.89080966757588">
        <ele>0</ele>
        <time>2026-08-27T04:30:20Z</time>
        <extensions>
          <gpxtpx:TrackPointExtension>
            <gpxtpx:hr>129</gpxtpx:hr>
          </gpxtpx:TrackPointExtension>
        </extensions>
      </trkpt>
      <trkpt lat="1.3760490729204502" lon="103.89084522369014">
        <ele>0</ele>
        <time>2026-08-27T04:30:21Z</time>
        <extensions>
          <gpxtpx:TrackPointExtension>
            <gpxtpx:hr>129</gpxtpx:hr>
          </gpxtpx:TrackPointExtension>
        </extensions>
      </trkpt>
      <trkpt lat="1.3760552953582088" lon="103.89088094634054">
        <ele>0</ele>
        <time>2026-08-27T04:30:22Z</time>
        <extensions>
          <gpxtpx:TrackPointExtension>
            <gpxtpx:hr>129</gpxtpx:hr>
          </gpxtpx:TrackPointExtension>
        </extensions>
      </trkpt>
      <trkpt lat="1.3760620102239063" lon="103.89091695304215">
        <ele>0</ele>
        <time>2026-08-27T04:30:23Z</time>
        <extensions>
          <gpxtpx:TrackPointExtension>
            <gpxtpx:hr>129</gpxtpx:hr>
          </gpxtpx:TrackPointExtension>
        </extensions>
      </trkpt>
      <trkpt lat="1.3760691104475096" lon="103.89095305098941">
        <ele>0</ele>
        <time>2026-08-27T04:30:24Z</time>
        <extensions>
          <gpxtpx:TrackPointExtension>
            <gpxtpx:hr>129</gpxtpx:hr>
          </gpxtpx:TrackPointExtension>
        </extensions>
      </trkpt>
      <trkpt lat="1.376076673845656" lon="103.89098895672674">
        <ele>0</ele>
        <time>2026-08-27T04:30:25Z</time>
        <extensions>
          <gpxtpx:TrackPointExtension>
            <gpxtpx:hr>131</gpxtpx:hr>
          </gpxtpx:TrackPointExtension>
        </extensions>
      </trkpt>
      <trkpt lat="1.3760845498732455" lon="103.89102449739475">
        <ele>0</ele>
        <time>2026-08-27T04:30:26Z</time>
        <extensions>
          <gpxtpx:TrackPointExtension>
            <gpxtpx:hr>131</gpxtpx:hr>
          </gpxtpx:TrackPointExtension>
        </extensions>
      </trkpt>
      <trkpt lat="1.3760922987247544" lon="103.8910588670154">
        <ele>0</ele>
        <time>2026-08-27T04:30:27Z</time>
        <extensions>
          <gpxtpx:TrackPointExtension>
            <gpxtpx:hr>131</gpxtpx:hr>
          </gpxtpx:TrackPointExtension>
        </extensions>
      </trkpt>
      <trkpt lat="1.3760996299867407" lon="103.89109226203212">
        <ele>0</ele>
        <time>2026-08-27T04:30:28Z</time>
        <extensions>
          <gpxtpx:TrackPointExtension>
            <gpxtpx:hr>131</gpxtpx:hr>
          </gpxtpx:TrackPointExtension>
        </extensions>
      </trkpt>
      <trkpt lat="1.37610556060763" lon="103.89112548492307">
        <ele>0</ele>
        <time>2026-08-27T04:30:29Z</time>
        <extensions>
          <gpxtpx:TrackPointExtension>
            <gpxtpx:hr>131</gpxtpx:hr>
          </gpxtpx:TrackPointExtension>
        </extensions>
      </trkpt>
      <trkpt lat="1.3761080052206718" lon="103.89115827733457">
        <ele>0</ele>
        <time>2026-08-27T04:30:30Z</time>
        <extensions>
          <gpxtpx:TrackPointExtension>
            <gpxtpx:hr>131</gpxtpx:hr>
          </gpxtpx:TrackPointExtension>
        </extensions>
      </trkpt>
      <trkpt lat="1.376104744918013" lon="103.89119037015983">
        <ele>0</ele>
        <time>2026-08-27T04:30:31Z</time>
        <extensions>
          <gpxtpx:TrackPointExtension>
            <gpxtpx:hr>133</gpxtpx:hr>
          </gpxtpx:TrackPointExtension>
        </extensions>
      </trkpt>
      <trkpt lat="1.3760955348620965" lon="103.89122086571028">
        <ele>0</ele>
        <time>2026-08-27T04:30:32Z</time>
        <extensions>
          <gpxtpx:TrackPointExtension>
            <gpxtpx:hr>133</gpxtpx:hr>
          </gpxtpx:TrackPointExtension>
        </extensions>
      </trkpt>
      <trkpt lat="1.3760840107734438" lon="103.8912501006563">
        <ele>0</ele>
        <time>2026-08-27T04:30:33Z</time>
        <extensions>
          <gpxtpx:TrackPointExtension>
            <gpxtpx:hr>133</gpxtpx:hr>
          </gpxtpx:TrackPointExtension>
        </extensions>
      </trkpt>
      <trkpt lat="1.3760795604111324" lon="103.89127686733408">
        <ele>0</ele>
        <time>2026-08-27T04:30:34Z</time>
        <extensions>
          <gpxtpx:TrackPointExtension>
            <gpxtpx:hr>133</gpxtpx:hr>
          </gpxtpx:TrackPointExtension>
        </extensions>
      </trkpt>
      <trkpt lat="1.3760880541290128" lon="103.89129680726064">
        <ele>0</ele>
        <time>2026-08-27T04:30:35Z</time>
        <extensions>
          <gpxtpx:TrackPointExtension>
            <gpxtpx:hr>133</gpxtpx:hr>
          </gpxtpx:TrackPointExtension>
        </extensions>
      </trkpt>
      <trkpt lat="1.3761079208388045" lon="103.89131115534063">
        <ele>0</ele>
        <time>2026-08-27T04:30:36Z</time>
        <extensions>
          <gpxtpx:TrackPointExtension>
            <gpxtpx:hr>133</gpxtpx:hr>
          </gpxtpx:TrackPointExtension>
        </extensions>
      </trkpt>
      <trkpt lat="1.376132997906084" lon="103.89132446252894">
        <ele>0</ele>
        <time>2026-08-27T04:30:37Z</time>
        <extensions>
          <gpxtpx:TrackPointExtension>
            <gpxtpx:hr>133</gpxtpx:hr>
          </gpxtpx:TrackPointExtension>
        </extensions>
      </trkpt>
      <trkpt lat="1.3761556938334836" lon="103.89133947033625">
        <ele>0</ele>
        <time>2026-08-27T04:30:38Z</time>
        <extensions>
          <gpxtpx:TrackPointExtension>
            <gpxtpx:hr>132</gpxtpx:hr>
          </gpxtpx:TrackPointExtension>
        </extensions>
      </trkpt>
      <trkpt lat="1.3761758601111655" lon="103.89135602356073">
        <ele>0</ele>
        <time>2026-08-27T04:30:39Z</time>
        <extensions>
          <gpxtpx:TrackPointExtension>
            <gpxtpx:hr>132</gpxtpx:hr>
          </gpxtpx:TrackPointExtension>
        </extensions>
      </trkpt>
      <trkpt lat="1.3761937930746078" lon="103.89137056793332">
        <ele>0</ele>
        <time>2026-08-27T04:30:40Z</time>
        <extensions>
          <gpxtpx:TrackPointExtension>
            <gpxtpx:hr>132</gpxtpx:hr>
          </gpxtpx:TrackPointExtension>
        </extensions>
      </trkpt>
      <trkpt lat="1.3762105056703393" lon="103.89138129397855">
        <ele>0</ele>
        <time>2026-08-27T04:30:41Z</time>
        <extensions>
          <gpxtpx:TrackPointExtension>
            <gpxtpx:hr>132</gpxtpx:hr>
          </gpxtpx:TrackPointExtension>
        </extensions>
      </trkpt>
      <trkpt lat="1.3762254771530116" lon="103.89138744098217">
        <ele>0</ele>
        <time>2026-08-27T04:30:42Z</time>
        <extensions>
          <gpxtpx:TrackPointExtension>
            <gpxtpx:hr>132</gpxtpx:hr>
          </gpxtpx:TrackPointExtension>
        </extensions>
      </trkpt>
      <trkpt lat="1.3762318501925979" lon="103.89138925366812">
        <ele>0</ele>
        <time>2026-08-27T04:30:43Z</time>
        <extensions>
          <gpxtpx:TrackPointExtension>
            <gpxtpx:hr>130</gpxtpx:hr>
          </gpxtpx:TrackPointExtension>
        </extensions>
      </trkpt>
      <trkpt lat="1.3762322459414211" lon="103.89138945585577">
        <ele>0</ele>
        <time>2026-08-27T04:30:44Z</time>
        <extensions>
          <gpxtpx:TrackPointExtension>
            <gpxtpx:hr>130</gpxtpx:hr>
          </gpxtpx:TrackPointExtension>
        </extensions>
      </trkpt>
      <trkpt lat="1.3762327047733636" lon="103.89138970131883">
        <ele>0</ele>
        <time>2026-08-27T04:30:45Z</time>
        <extensions>
          <gpxtpx:TrackPointExtension>
            <gpxtpx:hr>130</gpxtpx:hr>
          </gpxtpx:TrackPointExtension>
        </extensions>
      </trkpt>
      <trkpt lat="1.3762331939400159" lon="103.89138996625388">
        <ele>0</ele>
        <time>2026-08-27T04:30:46Z</time>
        <extensions>
          <gpxtpx:TrackPointExtension>
            <gpxtpx:hr>130</gpxtpx:hr>
          </gpxtpx:TrackPointExtension>
        </extensions>
      </trkpt>
      <trkpt lat="1.3762337499573718" lon="103.8913902713046">
        <ele>0</ele>
        <time>2026-08-27T04:30:47Z</time>
        <extensions>
          <gpxtpx:TrackPointExtension>
            <gpxtpx:hr>130</gpxtpx:hr>
          </gpxtpx:TrackPointExtension>
        </extensions>
      </trkpt>
      <trkpt lat="1.376234564009951" lon="103.89139071069623">
        <ele>0</ele>
        <time>2026-08-27T04:30:48Z</time>
        <extensions>
          <gpxtpx:TrackPointExtension>
            <gpxtpx:hr>130</gpxtpx:hr>
          </gpxtpx:TrackPointExtension>
        </extensions>
      </trkpt>
      <trkpt lat="1.3762351718449097" lon="103.89139102836394">
        <ele>0</ele>
        <time>2026-08-27T04:30:49Z</time>
        <extensions>
          <gpxtpx:TrackPointExtension>
            <gpxtpx:hr>130</gpxtpx:hr>
          </gpxtpx:TrackPointExtension>
        </extensions>
      </trkpt>
      <trkpt lat="1.3762362074297296" lon="103.89139163489544">
        <ele>0</ele>
        <time>2026-08-27T04:30:50Z</time>
        <extensions>
          <gpxtpx:TrackPointExtension>
            <gpxtpx:hr>130</gpxtpx:hr>
          </gpxtpx:TrackPointExtension>
        </extensions>
      </trkpt>
      <trkpt lat="1.3762380025288659" lon="103.89139271940564">
        <ele>0</ele>
        <time>2026-08-27T04:30:51Z</time>
        <extensions>
          <gpxtpx:TrackPointExtension>
            <gpxtpx:hr>124</gpxtpx:hr>
          </gpxtpx:TrackPointExtension>
        </extensions>
      </trkpt>
      <trkpt lat="1.376240873916604" lon="103.89139444651063">
        <ele>0</ele>
        <time>2026-08-27T04:30:52Z</time>
        <extensions>
          <gpxtpx:TrackPointExtension>
            <gpxtpx:hr>124</gpxtpx:hr>
          </gpxtpx:TrackPointExtension>
        </extensions>
      </trkpt>
      <trkpt lat="1.376242506361692" lon="103.8913944092636">
        <ele>0</ele>
        <time>2026-08-27T04:30:53Z</time>
        <extensions>
          <gpxtpx:TrackPointExtension>
            <gpxtpx:hr>124</gpxtpx:hr>
          </gpxtpx:TrackPointExtension>
        </extensions>
      </trkpt>
      <trkpt lat="1.3762421742961242" lon="103.89139275606851">
        <ele>0</ele>
        <time>2026-08-27T04:30:54Z</time>
        <extensions>
          <gpxtpx:TrackPointExtension>
            <gpxtpx:hr>124</gpxtpx:hr>
          </gpxtpx:TrackPointExtension>
        </extensions>
      </trkpt>
      <trkpt lat="1.3762423561466697" lon="103.89139196701835">
        <ele>0</ele>
        <time>2026-08-27T04:30:55Z</time>
        <extensions>
          <gpxtpx:TrackPointExtension>
            <gpxtpx:hr>124</gpxtpx:hr>
          </gpxtpx:TrackPointExtension>
        </extensions>
      </trkpt>
      <trkpt lat="1.3762429232727784" lon="103.89139182410415">
        <ele>0</ele>
        <time>2026-08-27T04:30:56Z</time>
        <extensions>
          <gpxtpx:TrackPointExtension>
            <gpxtpx:hr>124</gpxtpx:hr>
          </gpxtpx:TrackPointExtension>
        </extensions>
      </trkpt>
      <trkpt lat="1.376243482818443" lon="103.89139211285156">
        <ele>0</ele>
        <time>2026-08-27T04:30:57Z</time>
        <extensions>
          <gpxtpx:TrackPointExtension>
            <gpxtpx:hr>124</gpxtpx:hr>
          </gpxtpx:TrackPointExtension>
        </extensions>
      </trkpt>
      <trkpt lat="1.3762428238164564" lon="103.89139128879995">
        <ele>0</ele>
        <time>2026-08-27T04:30:58Z</time>
        <extensions>
          <gpxtpx:TrackPointExtension>
            <gpxtpx:hr>124</gpxtpx:hr>
          </gpxtpx:TrackPointExtension>
        </extensions>
      </trkpt>
      <trkpt lat="1.3762421282318937" lon="103.89139044063951">
        <ele>0</ele>
        <time>2026-08-27T04:30:59Z</time>
        <extensions>
          <gpxtpx:TrackPointExtension>
            <gpxtpx:hr>124</gpxtpx:hr>
          </gpxtpx:TrackPointExtension>
        </extensions>
      </trkpt>
      <trkpt lat="1.376242348355811" lon="103.89139051828823">
        <ele>0</ele>
        <time>2026-08-27T04:31:00Z</time>
        <extensions>
          <gpxtpx:TrackPointExtension>
            <gpxtpx:hr>124</gpxtpx:hr>
          </gpxtpx:TrackPointExtension>
        </extensions>
      </trkpt>
      <trkpt lat="1.3762425465725467" lon="103.89139058347624">
        <ele>0</ele>
        <time>2026-08-27T04:31:01Z</time>
        <extensions>
          <gpxtpx:TrackPointExtension>
            <gpxtpx:hr>124</gpxtpx:hr>
          </gpxtpx:TrackPointExtension>
        </extensions>
      </trkpt>
      <trkpt lat="1.3762427035531735" lon="103.89139062529128">
        <ele>0</ele>
        <time>2026-08-27T04:31:02Z</time>
        <extensions>
          <gpxtpx:TrackPointExtension>
            <gpxtpx:hr>121</gpxtpx:hr>
          </gpxtpx:TrackPointExtension>
        </extensions>
      </trkpt>
      <trkpt lat="1.376242853117805" lon="103.89139066495571">
        <ele>0</ele>
        <time>2026-08-27T04:31:03Z</time>
        <extensions>
          <gpxtpx:TrackPointExtension>
            <gpxtpx:hr>121</gpxtpx:hr>
          </gpxtpx:TrackPointExtension>
        </extensions>
      </trkpt>
      <trkpt lat="1.3762430246806991" lon="103.89139072555699">
        <ele>0</ele>
        <time>2026-08-27T04:31:04Z</time>
        <extensions>
          <gpxtpx:TrackPointExtension>
            <gpxtpx:hr>121</gpxtpx:hr>
          </gpxtpx:TrackPointExtension>
        </extensions>
      </trkpt>
      <trkpt lat="1.3762431783736908" lon="103.89139077197137">
        <ele>0</ele>
        <time>2026-08-27T04:31:05Z</time>
        <extensions>
          <gpxtpx:TrackPointExtension>
            <gpxtpx:hr>121</gpxtpx:hr>
          </gpxtpx:TrackPointExtension>
        </extensions>
      </trkpt>
      <trkpt lat="1.3762433798744824" lon="103.89139084695238">
        <ele>0</ele>
        <time>2026-08-27T04:31:06Z</time>
        <extensions>
          <gpxtpx:TrackPointExtension>
            <gpxtpx:hr>121</gpxtpx:hr>
          </gpxtpx:TrackPointExtension>
        </extensions>
      </trkpt>
      <trkpt lat="1.376243513365172" lon="103.89139088233253">
        <ele>0</ele>
        <time>2026-08-27T04:31:07Z</time>
        <extensions>
          <gpxtpx:TrackPointExtension>
            <gpxtpx:hr>121</gpxtpx:hr>
          </gpxtpx:TrackPointExtension>
        </extensions>
      </trkpt>
      <trkpt lat="1.3762436056448148" lon="103.89139089026048">
        <ele>0</ele>
        <time>2026-08-27T04:31:08Z</time>
        <extensions>
          <gpxtpx:TrackPointExtension>
            <gpxtpx:hr>116</gpxtpx:hr>
          </gpxtpx:TrackPointExtension>
        </extensions>
      </trkpt>
      <trkpt lat="1.376243704588441" lon="103.891390906944">
        <ele>0</ele>
        <time>2026-08-27T04:31:09Z</time>
        <extensions>
          <gpxtpx:TrackPointExtension>
            <gpxtpx:hr>116</gpxtpx:hr>
          </gpxtpx:TrackPointExtension>
        </extensions>
      </trkpt>
      <trkpt lat="1.3762437752242298" lon="103.891390913501">
        <ele>0</ele>
        <time>2026-08-27T04:31:10Z</time>
        <extensions>
          <gpxtpx:TrackPointExtension>
            <gpxtpx:hr>116</gpxtpx:hr>
          </gpxtpx:TrackPointExtension>
        </extensions>
      </trkpt>
      <trkpt lat="1.3762438675301287" lon="103.89139093116871">
        <ele>0</ele>
        <time>2026-08-27T04:31:11Z</time>
        <extensions>
          <gpxtpx:TrackPointExtension>
            <gpxtpx:hr>116</gpxtpx:hr>
          </gpxtpx:TrackPointExtension>
        </extensions>
      </trkpt>
      <trkpt lat="1.3762439368353885" lon="103.89139093868424">
        <ele>0</ele>
        <time>2026-08-27T04:31:12Z</time>
        <extensions>
          <gpxtpx:TrackPointExtension>
            <gpxtpx:hr>116</gpxtpx:hr>
          </gpxtpx:TrackPointExtension>
        </extensions>
      </trkpt>
      <trkpt lat="1.3762439623222753" lon="103.89139092095346">
        <ele>0</ele>
        <time>2026-08-27T04:31:13Z</time>
        <extensions>
          <gpxtpx:TrackPointExtension>
            <gpxtpx:hr>116</gpxtpx:hr>
          </gpxtpx:TrackPointExtension>
        </extensions>
      </trkpt>
      <trkpt lat="1.3762439264307005" lon="103.89139086198477">
        <ele>0</ele>
        <time>2026-08-27T04:31:14Z</time>
        <extensions>
          <gpxtpx:TrackPointExtension>
            <gpxtpx:hr>116</gpxtpx:hr>
          </gpxtpx:TrackPointExtension>
        </extensions>
      </trkpt>
      <trkpt lat="1.3762438994876143" lon="103.89139081210095">
        <ele>0</ele>
        <time>2026-08-27T04:31:15Z</time>
        <extensions>
          <gpxtpx:TrackPointExtension>
            <gpxtpx:hr>116</gpxtpx:hr>
          </gpxtpx:TrackPointExtension>
        </extensions>
      </trkpt>
      <trkpt lat="1.3762438700039898" lon="103.89139076502519">
        <ele>0</ele>
        <time>2026-08-27T04:31:16Z</time>
        <extensions>
          <gpxtpx:TrackPointExtension>
            <gpxtpx:hr>116</gpxtpx:hr>
          </gpxtpx:TrackPointExtension>
        </extensions>
      </trkpt>
      <trkpt lat="1.376243797261142" lon="103.89139069155873">
        <ele>0</ele>
        <time>2026-08-27T04:31:17Z</time>
        <extensions>
          <gpxtpx:TrackPointExtension>
            <gpxtpx:hr>118</gpxtpx:hr>
          </gpxtpx:TrackPointExtension>
        </extensions>
      </trkpt>
      <trkpt lat="1.3762437242942585" lon="103.89139061928223">
        <ele>0</ele>
        <time>2026-08-27T04:31:18Z</time>
        <extensions>
          <gpxtpx:TrackPointExtension>
            <gpxtpx:hr>118</gpxtpx:hr>
          </gpxtpx:TrackPointExtension>
        </extensions>
      </trkpt>
      <trkpt lat="1.3762436392791748" lon="103.89139055225706">
        <ele>0</ele>
        <time>2026-08-27T04:31:19Z</time>
        <extensions>
          <gpxtpx:TrackPointExtension>
            <gpxtpx:hr>118</gpxtpx:hr>
          </gpxtpx:TrackPointExtension>
        </extensions>
      </trkpt>
      <trkpt lat="1.3762436055986385" lon="103.89139049779102">
        <ele>0</ele>
        <time>2026-08-27T04:31:20Z</time>
        <extensions>
          <gpxtpx:TrackPointExtension>
            <gpxtpx:hr>118</gpxtpx:hr>
          </gpxtpx:TrackPointExtension>
        </extensions>
      </trkpt>
      <trkpt lat="1.3762436303781687" lon="103.8913903988081">
        <ele>0</ele>
        <time>2026-08-27T04:31:21Z</time>
        <extensions>
          <gpxtpx:TrackPointExtension>
            <gpxtpx:hr>118</gpxtpx:hr>
          </gpxtpx:TrackPointExtension>
        </extensions>
      </trkpt>
      <trkpt lat="1.376243742357499" lon="103.8913902653142">
        <ele>0</ele>
        <time>2026-08-27T04:31:22Z</time>
        <extensions>
          <gpxtpx:TrackPointExtension>
            <gpxtpx:hr>117</gpxtpx:hr>
          </gpxtpx:TrackPointExtension>
        </extensions>
      </trkpt>
      <trkpt lat="1.376243894548236" lon="103.89139015275005">
        <ele>0</ele>
        <time>2026-08-27T04:31:23Z</time>
        <extensions>
          <gpxtpx:TrackPointExtension>
            <gpxtpx:hr>117</gpxtpx:hr>
          </gpxtpx:TrackPointExtension>
        </extensions>
      </trkpt>
      <trkpt lat="1.3762440696704916" lon="103.89139002499647">
        <ele>0</ele>
        <time>2026-08-27T04:31:24Z</time>
        <extensions>
          <gpxtpx:TrackPointExtension>
            <gpxtpx:hr>117</gpxtpx:hr>
          </gpxtpx:TrackPointExtension>
        </extensions>
      </trkpt>
      <trkpt lat="1.3762442753532078" lon="103.89138990229344">
        <ele>0</ele>
        <time>2026-08-27T04:31:25Z</time>
        <extensions>
          <gpxtpx:TrackPointExtension>
            <gpxtpx:hr>117</gpxtpx:hr>
          </gpxtpx:TrackPointExtension>
        </extensions>
      </trkpt>
      <trkpt lat="1.3762445033910962" lon="103.89138979182779">
        <ele>0</ele>
        <time>2026-08-27T04:31:26Z</time>
        <extensions>
          <gpxtpx:TrackPointExtension>
            <gpxtpx:hr>116</gpxtpx:hr>
          </gpxtpx:TrackPointExtension>
        </extensions>
      </trkpt>
      <trkpt lat="1.3762447082178726" lon="103.8913897096748">
        <ele>0</ele>
        <time>2026-08-27T04:31:27Z</time>
        <extensions>
          <gpxtpx:TrackPointExtension>
            <gpxtpx:hr>116</gpxtpx:hr>
          </gpxtpx:TrackPointExtension>
        </extensions>
      </trkpt>
      <trkpt lat="1.3762448989471459" lon="103.89138965051018">
        <ele>0</ele>
        <time>2026-08-27T04:31:28Z</time>
        <extensions>
          <gpxtpx:TrackPointExtension>
            <gpxtpx:hr>116</gpxtpx:hr>
          </gpxtpx:TrackPointExtension>
        </extensions>
      </trkpt>
      <trkpt lat="1.3762451013212018" lon="103.89138959848138">
        <ele>0</ele>
        <time>2026-08-27T04:31:29Z</time>
        <extensions>
          <gpxtpx:TrackPointExtension>
            <gpxtpx:hr>116</gpxtpx:hr>
          </gpxtpx:TrackPointExtension>
        </extensions>
      </trkpt>
      <trkpt lat="1.376245250135057" lon="103.89138956942809">
        <ele>0</ele>
        <time>2026-08-27T04:31:30Z</time>
        <extensions>
          <gpxtpx:TrackPointExtension>
            <gpxtpx:hr>116</gpxtpx:hr>
          </gpxtpx:TrackPointExtension>
        </extensions>
      </trkpt>
      <trkpt lat="1.3762452620923455" lon="103.89138955595357">
        <ele>0</ele>
        <time>2026-08-27T04:31:31Z</time>
        <extensions>
          <gpxtpx:TrackPointExtension>
            <gpxtpx:hr>116</gpxtpx:hr>
          </gpxtpx:TrackPointExtension>
        </extensions>
      </trkpt>
      <trkpt lat="1.376245194761303" lon="103.8913895966047">
        <ele>0</ele>
        <time>2026-08-27T04:31:32Z</time>
        <extensions>
          <gpxtpx:TrackPointExtension>
            <gpxtpx:hr>116</gpxtpx:hr>
          </gpxtpx:TrackPointExtension>
        </extensions>
      </trkpt>
      <trkpt lat="1.3762451684869754" lon="103.89138969037859">
        <ele>0</ele>
        <time>2026-08-27T04:31:33Z</time>
        <extensions>
          <gpxtpx:TrackPointExtension>
            <gpxtpx:hr>116</gpxtpx:hr>
          </gpxtpx:TrackPointExtension>
        </extensions>
      </trkpt>
      <trkpt lat="1.376245122706898" lon="103.89138975260198">
        <ele>0</ele>
        <time>2026-08-27T04:31:34Z</time>
        <extensions>
          <gpxtpx:TrackPointExtension>
            <gpxtpx:hr>116</gpxtpx:hr>
          </gpxtpx:TrackPointExtension>
        </extensions>
      </trkpt>
      <trkpt lat="1.37624510422151" lon="103.8913897940841">
        <ele>0</ele>
        <time>2026-08-27T04:31:35Z</time>
        <extensions>
          <gpxtpx:TrackPointExtension>
            <gpxtpx:hr>116</gpxtpx:hr>
          </gpxtpx:TrackPointExtension>
        </extensions>
      </trkpt>
      <trkpt lat="1.3762451396383741" lon="103.89138983820136">
        <ele>0</ele>
        <time>2026-08-27T04:31:36Z</time>
        <extensions>
          <gpxtpx:TrackPointExtension>
            <gpxtpx:hr>116</gpxtpx:hr>
          </gpxtpx:TrackPointExtension>
        </extensions>
      </trkpt>
      <trkpt lat="1.3762451903614412" lon="103.89138985228233">
        <ele>0</ele>
        <time>2026-08-27T04:31:37Z</time>
        <extensions>
          <gpxtpx:TrackPointExtension>
            <gpxtpx:hr>112</gpxtpx:hr>
          </gpxtpx:TrackPointExtension>
        </extensions>
      </trkpt>
      <trkpt lat="1.3762453274927877" lon="103.89138991142993">
        <ele>0</ele>
        <time>2026-08-27T04:31:38Z</time>
        <extensions>
          <gpxtpx:TrackPointExtension>
            <gpxtpx:hr>112</gpxtpx:hr>
          </gpxtpx:TrackPointExtension>
        </extensions>
      </trkpt>
      <trkpt lat="1.3762454642025634" lon="103.89138997338434">
        <ele>0</ele>
        <time>2026-08-27T04:31:39Z</time>
        <extensions>
          <gpxtpx:TrackPointExtension>
            <gpxtpx:hr>112</gpxtpx:hr>
          </gpxtpx:TrackPointExtension>
        </extensions>
      </trkpt>
      <trkpt lat="1.3762456167201915" lon="103.89139003769021">
        <ele>0</ele>
        <time>2026-08-27T04:31:40Z</time>
        <extensions>
          <gpxtpx:TrackPointExtension>
            <gpxtpx:hr>112</gpxtpx:hr>
          </gpxtpx:TrackPointExtension>
        </extensions>
      </trkpt>
      <trkpt lat="1.3762457913398474" lon="103.89139011394975">
        <ele>0</ele>
        <time>2026-08-27T04:31:41Z</time>
        <extensions>
          <gpxtpx:TrackPointExtension>
            <gpxtpx:hr>112</gpxtpx:hr>
          </gpxtpx:TrackPointExtension>
        </extensions>
      </trkpt>
      <trkpt lat="1.3762459139726217" lon="103.89139015227849">
        <ele>0</ele>
        <time>2026-08-27T04:31:42Z</time>
        <extensions>
          <gpxtpx:TrackPointExtension>
            <gpxtpx:hr>112</gpxtpx:hr>
          </gpxtpx:TrackPointExtension>
        </extensions>
      </trkpt>
      <trkpt lat="1.3762460139881811" lon="103.89139017211127">
        <ele>0</ele>
        <time>2026-08-27T04:31:43Z</time>
        <extensions>
          <gpxtpx:TrackPointExtension>
            <gpxtpx:hr>112</gpxtpx:hr>
          </gpxtpx:TrackPointExtension>
        </extensions>
      </trkpt>
      <trkpt lat="1.3762460887078514" lon="103.89139018284678">
        <ele>0</ele>
        <time>2026-08-27T04:31:44Z</time>
        <extensions>
          <gpxtpx:TrackPointExtension>
            <gpxtpx:hr>112</gpxtpx:hr>
          </gpxtpx:TrackPointExtension>
        </extensions>
      </trkpt>
      <trkpt lat="1.376246153718158" lon="103.8913901920496">
        <ele>0</ele>
        <time>2026-08-27T04:31:45Z</time>
        <extensions>
          <gpxtpx:TrackPointExtension>
            <gpxtpx:hr>109</gpxtpx:hr>
          </gpxtpx:TrackPointExtension>
        </extensions>
      </trkpt>
      <trkpt lat="1.3762462103403734" lon="103.891390205693">
        <ele>0</ele>
        <time>2026-08-27T04:31:46Z</time>
        <extensions>
          <gpxtpx:TrackPointExtension>
            <gpxtpx:hr>109</gpxtpx:hr>
          </gpxtpx:TrackPointExtension>
        </extensions>
      </trkpt>
      <trkpt lat="1.376246266138093" lon="103.89139022318972">
        <ele>0</ele>
        <time>2026-08-27T04:31:47Z</time>
        <extensions>
          <gpxtpx:TrackPointExtension>
            <gpxtpx:hr>109</gpxtpx:hr>
          </gpxtpx:TrackPointExtension>
        </extensions>
      </trkpt>
      <trkpt lat="1.3762463062975032" lon="103.89139023007849">
        <ele>0</ele>
        <time>2026-08-27T04:31:48Z</time>
        <extensions>
          <gpxtpx:TrackPointExtension>
            <gpxtpx:hr>109</gpxtpx:hr>
          </gpxtpx:TrackPointExtension>
        </extensions>
      </trkpt>
      <trkpt lat="1.3762463649081274" lon="103.89139024785219">
        <ele>0</ele>
        <time>2026-08-27T04:31:49Z</time>
        <extensions>
          <gpxtpx:TrackPointExtension>
            <gpxtpx:hr>109</gpxtpx:hr>
          </gpxtpx:TrackPointExtension>
        </extensions>
      </trkpt>
      <trkpt lat="1.3762464173882414" lon="103.89139026115376">
        <ele>0</ele>
        <time>2026-08-27T04:31:50Z</time>
        <extensions>
          <gpxtpx:TrackPointExtension>
            <gpxtpx:hr>109</gpxtpx:hr>
          </gpxtpx:TrackPointExtension>
        </extensions>
      </trkpt>
      <trkpt lat="1.3762464374509362" lon="103.89139025537789">
        <ele>0</ele>
        <time>2026-08-27T04:31:51Z</time>
        <extensions>
          <gpxtpx:TrackPointExtension>
            <gpxtpx:hr>109</gpxtpx:hr>
          </gpxtpx:TrackPointExtension>
        </extensions>
      </trkpt>
      <trkpt lat="1.3762464604881053" lon="103.89139024947146">
        <ele>0</ele>
        <time>2026-08-27T04:31:52Z</time>
        <extensions>
          <gpxtpx:TrackPointExtension>
            <gpxtpx:hr>109</gpxtpx:hr>
          </gpxtpx:TrackPointExtension>
        </extensions>
      </trkpt>
      <trkpt lat="1.3762464820459455" lon="103.89139024378008">
        <ele>0</ele>
        <time>2026-08-27T04:31:53Z</time>
        <extensions>
          <gpxtpx:TrackPointExtension>
            <gpxtpx:hr>109</gpxtpx:hr>
          </gpxtpx:TrackPointExtension>
        </extensions>
      </trkpt>
      <trkpt lat="1.3762465019765195" lon="103.89139023839157">
        <ele>0</ele>
        <time>2026-08-27T04:31:54Z</time>
        <extensions>
          <gpxtpx:TrackPointExtension>
            <gpxtpx:hr>109</gpxtpx:hr>
          </gpxtpx:TrackPointExtension>
        </extensions>
      </trkpt>
      <trkpt lat="1.3762465367969718" lon="103.8913902433261">
        <ele>0</ele>
        <time>2026-08-27T04:31:55Z</time>
        <extensions>
          <gpxtpx:TrackPointExtension>
            <gpxtpx:hr>109</gpxtpx:hr>
          </gpxtpx:TrackPointExtension>
        </extensions>
      </trkpt>
      <trkpt lat="1.3762466066104664" lon="103.89139027326429">
        <ele>0</ele>
        <time>2026-08-27T04:31:56Z</time>
        <extensions>
          <gpxtpx:TrackPointExtension>
            <gpxtpx:hr>108</gpxtpx:hr>
          </gpxtpx:TrackPointExtension>
        </extensions>
      </trkpt>
      <trkpt lat="1.376246733312159" lon="103.89139033920712">
        <ele>0</ele>
        <time>2026-08-27T04:31:57Z</time>
        <extensions>
          <gpxtpx:TrackPointExtension>
            <gpxtpx:hr>108</gpxtpx:hr>
          </gpxtpx:TrackPointExtension>
        </extensions>
      </trkpt>
      <trkpt lat="1.3762468562027266" lon="103.89139040641352">
        <ele>0</ele>
        <time>2026-08-27T04:31:58Z</time>
        <extensions>
          <gpxtpx:TrackPointExtension>
            <gpxtpx:hr>108</gpxtpx:hr>
          </gpxtpx:TrackPointExtension>
        </extensions>
      </trkpt>
      <trkpt lat="1.3762469172157763" lon="103.89139043626967">
        <ele>0</ele>
        <time>2026-08-27T04:31:59Z</time>
        <extensions>
          <gpxtpx:TrackPointExtension>
            <gpxtpx:hr>108</gpxtpx:hr>
          </gpxtpx:TrackPointExtension>
        </extensions>
      </trkpt>
      <trkpt lat="1.3762469557810082" lon="103.89139045268752">
        <ele>0</ele>
        <time>2026-08-27T04:32:00Z</time>
        <extensions>
          <gpxtpx:TrackPointExtension>
            <gpxtpx:hr>108</gpxtpx:hr>
          </gpxtpx:TrackPointExtension>
        </extensions>
      </trkpt>
      <trkpt lat="1.3762469942986293" lon="103.89139046947747">
        <ele>0</ele>
        <time>2026-08-27T04:32:01Z</time>
        <extensions>
          <gpxtpx:TrackPointExtension>
            <gpxtpx:hr>108</gpxtpx:hr>
          </gpxtpx:TrackPointExtension>
        </extensions>
      </trkpt>
      <trkpt lat="1.3762470474003579" lon="103.89139049578742">
        <ele>0</ele>
        <time>2026-08-27T04:32:02Z</time>
        <extensions>
          <gpxtpx:TrackPointExtension>
            <gpxtpx:hr>109</gpxtpx:hr>
          </gpxtpx:TrackPointExtension>
        </extensions>
      </trkpt>
      <trkpt lat="1.3762471094482702" lon="103.89139052864996">
        <ele>0</ele>
        <time>2026-08-27T04:32:03Z</time>
        <extensions>
          <gpxtpx:TrackPointExtension>
            <gpxtpx:hr>109</gpxtpx:hr>
          </gpxtpx:TrackPointExtension>
        </extensions>
      </trkpt>
      <trkpt lat="1.3762471545972341" lon="103.89139055145476">
        <ele>0</ele>
        <time>2026-08-27T04:32:04Z</time>
        <extensions>
          <gpxtpx:TrackPointExtension>
            <gpxtpx:hr>109</gpxtpx:hr>
          </gpxtpx:TrackPointExtension>
        </extensions>
      </trkpt>
      <trkpt lat="1.3762472042842535" lon="103.89139057446187">
        <ele>0</ele>
        <time>2026-08-27T04:32:05Z</time>
        <extensions>
          <gpxtpx:TrackPointExtension>
            <gpxtpx:hr>109</gpxtpx:hr>
          </gpxtpx:TrackPointExtension>
        </extensions>
      </trkpt>
      <trkpt lat="1.376247270607008" lon="103.8913906071879">
        <ele>0</ele>
        <time>2026-08-27T04:32:06Z</time>
        <extensions>
          <gpxtpx:TrackPointExtension>
            <gpxtpx:hr>109</gpxtpx:hr>
          </gpxtpx:TrackPointExtension>
        </extensions>
      </trkpt>
      <trkpt lat="1.3762473568735232" lon="103.89139065391872">
        <ele>0</ele>
        <time>2026-08-27T04:32:07Z</time>
        <extensions>
          <gpxtpx:TrackPointExtension>
            <gpxtpx:hr>109</gpxtpx:hr>
          </gpxtpx:TrackPointExtension>
        </extensions>
      </trkpt>
      <trkpt lat="1.3762477279540815" lon="103.8913908768633">
        <ele>0</ele>
        <time>2026-08-27T04:32:08Z</time>
        <extensions>
          <gpxtpx:TrackPointExtension>
            <gpxtpx:hr>109</gpxtpx:hr>
          </gpxtpx:TrackPointExtension>
        </extensions>
      </trkpt>
      <trkpt lat="1.376249995961408" lon="103.89139221257985">
        <ele>0</ele>
        <time>2026-08-27T04:32:09Z</time>
        <extensions>
          <gpxtpx:TrackPointExtension>
            <gpxtpx:hr>111</gpxtpx:hr>
          </gpxtpx:TrackPointExtension>
        </extensions>
      </trkpt>
      <trkpt lat="1.3762590827347023" lon="103.89139569872155">
        <ele>0</ele>
        <time>2026-08-27T04:32:10Z</time>
        <extensions>
          <gpxtpx:TrackPointExtension>
            <gpxtpx:hr>111</gpxtpx:hr>
          </gpxtpx:TrackPointExtension>
        </extensions>
      </trkpt>
      <trkpt lat="1.3762739304689966" lon="103.89139754296552">
        <ele>0</ele>
        <time>2026-08-27T04:32:11Z</time>
        <extensions>
          <gpxtpx:TrackPointExtension>
            <gpxtpx:hr>111</gpxtpx:hr>
          </gpxtpx:TrackPointExtension>
        </extensions>
      </trkpt>
      <trkpt lat="1.3762908974910812" lon="103.89139492035144">
        <ele>0</ele>
        <time>2026-08-27T04:32:12Z</time>
        <extensions>
          <gpxtpx:TrackPointExtension>
            <gpxtpx:hr>111</gpxtpx:hr>
          </gpxtpx:TrackPointExtension>
        </extensions>
      </trkpt>
      <trkpt lat="1.3763137083498018" lon="103.89139068430612">
        <ele>0</ele>
        <time>2026-08-27T04:32:13Z</time>
        <extensions>
          <gpxtpx:TrackPointExtension>
            <gpxtpx:hr>111</gpxtpx:hr>
          </gpxtpx:TrackPointExtension>
        </extensions>
      </trkpt>
      <trkpt lat="1.3763413922320242" lon="103.89138735442245">
        <ele>0</ele>
        <time>2026-08-27T04:32:14Z</time>
        <extensions>
          <gpxtpx:TrackPointExtension>
            <gpxtpx:hr>109</gpxtpx:hr>
          </gpxtpx:TrackPointExtension>
        </extensions>
      </trkpt>
      <trkpt lat="1.3763699469335304" lon="103.89138529063185">
        <ele>0</ele>
        <time>2026-08-27T04:32:15Z</time>
        <extensions>
          <gpxtpx:TrackPointExtension>
            <gpxtpx:hr>109</gpxtpx:hr>
          </gpxtpx:TrackPointExtension>
        </extensions>
      </trkpt>
      <trkpt lat="1.3763987948331844" lon="103.89138359647123">
        <ele>0</ele>
        <time>2026-08-27T04:32:16Z</time>
        <extensions>
          <gpxtpx:TrackPointExtension>
            <gpxtpx:hr>109</gpxtpx:hr>
          </gpxtpx:TrackPointExtension>
        </extensions>
      </trkpt>
      <trkpt lat="1.376427408390061" lon="103.8913801461349">
        <ele>0</ele>
        <time>2026-08-27T04:32:17Z</time>
        <extensions>
          <gpxtpx:TrackPointExtension>
            <gpxtpx:hr>109</gpxtpx:hr>
          </gpxtpx:TrackPointExtension>
        </extensions>
      </trkpt>
      <trkpt lat="1.3764547883101395" lon="103.89137155501554">
        <ele>0</ele>
        <time>2026-08-27T04:32:18Z</time>
        <extensions>
          <gpxtpx:TrackPointExtension>
            <gpxtpx:hr>109</gpxtpx:hr>
          </gpxtpx:TrackPointExtension>
        </extensions>
      </trkpt>
      <trkpt lat="1.3764826163234285" lon="103.89135651293628">
        <ele>0</ele>
        <time>2026-08-27T04:32:19Z</time>
        <extensions>
          <gpxtpx:TrackPointExtension>
            <gpxtpx:hr>113</gpxtpx:hr>
          </gpxtpx:TrackPointExtension>
        </extensions>
      </trkpt>
      <trkpt lat="1.3765124771324029" lon="103.89133908338178">
        <ele>0</ele>
        <time>2026-08-27T04:32:20Z</time>
        <extensions>
          <gpxtpx:TrackPointExtension>
            <gpxtpx:hr>113</gpxtpx:hr>
          </gpxtpx:TrackPointExtension>
        </extensions>
      </trkpt>
      <trkpt lat="1.3765444402507765" lon="103.89132700846012">
        <ele>0</ele>
        <time>2026-08-27T04:32:21Z</time>
        <extensions>
          <gpxtpx:TrackPointExtension>
            <gpxtpx:hr>113</gpxtpx:hr>
          </gpxtpx:TrackPointExtension>
        </extensions>
      </trkpt>
      <trkpt lat="1.3765748009855863" lon="103.8913277347396">
        <ele>0</ele>
        <time>2026-08-27T04:32:22Z</time>
        <extensions>
          <gpxtpx:TrackPointExtension>
            <gpxtpx:hr>113</gpxtpx:hr>
          </gpxtpx:TrackPointExtension>
        </extensions>
      </trkpt>
      <trkpt lat="1.3765989174848439" lon="103.89133926204583">
        <ele>0</ele>
        <time>2026-08-27T04:32:23Z</time>
        <extensions>
          <gpxtpx:TrackPointExtension>
            <gpxtpx:hr>113</gpxtpx:hr>
          </gpxtpx:TrackPointExtension>
        </extensions>
      </trkpt>
      <trkpt lat="1.3766220248743741" lon="103.89135217125575">
        <ele>0</ele>
        <time>2026-08-27T04:32:24Z</time>
        <extensions>
          <gpxtpx:TrackPointExtension>
            <gpxtpx:hr>113</gpxtpx:hr>
          </gpxtpx:TrackPointExtension>
        </extensions>
      </trkpt>
      <trkpt lat="1.3766496407234248" lon="103.89136056656949">
        <ele>0</ele>
        <time>2026-08-27T04:32:25Z</time>
        <extensions>
          <gpxtpx:TrackPointExtension>
            <gpxtpx:hr>117</gpxtpx:hr>
          </gpxtpx:TrackPointExtension>
        </extensions>
      </trkpt>
      <trkpt lat="1.376680197029094" lon="103.89136390311803">
        <ele>0</ele>
        <time>2026-08-27T04:32:26Z</time>
        <extensions>
          <gpxtpx:TrackPointExtension>
            <gpxtpx:hr>117</gpxtpx:hr>
          </gpxtpx:TrackPointExtension>
        </extensions>
      </trkpt>
      <trkpt lat="1.3767141562017249" lon="103.8913653659674">
        <ele>0</ele>
        <time>2026-08-27T04:32:27Z</time>
        <extensions>
          <gpxtpx:TrackPointExtension>
            <gpxtpx:hr>117</gpxtpx:hr>
          </gpxtpx:TrackPointExtension>
        </extensions>
      </trkpt>
      <trkpt lat="1.3767518259179337" lon="103.89136687888727">
        <ele>0</ele>
        <time>2026-08-27T04:32:28Z</time>
        <extensions>
          <gpxtpx:TrackPointExtension>
            <gpxtpx:hr>117</gpxtpx:hr>
          </gpxtpx:TrackPointExtension>
        </extensions>
      </trkpt>
      <trkpt lat="1.3767907473686924" lon="103.89136820477671">
        <ele>0</ele>
        <time>2026-08-27T04:32:29Z</time>
        <extensions>
          <gpxtpx:TrackPointExtension>
            <gpxtpx:hr>117</gpxtpx:hr>
          </gpxtpx:TrackPointExtension>
        </extensions>
      </trkpt>
      <trkpt lat="1.3768300921682624" lon="103.89136915510481">
        <ele>0</ele>
        <time>2026-08-27T04:32:30Z</time>
        <extensions>
          <gpxtpx:TrackPointExtension>
            <gpxtpx:hr>117</gpxtpx:hr>
          </gpxtpx:TrackPointExtension>
        </extensions>
      </trkpt>
      <trkpt lat="1.3768695242337008" lon="103.89136992418966">
        <ele>0</ele>
        <time>2026-08-27T04:32:31Z</time>
        <extensions>
          <gpxtpx:TrackPointExtension>
            <gpxtpx:hr>119</gpxtpx:hr>
          </gpxtpx:TrackPointExtension>
        </extensions>
      </trkpt>
      <trkpt lat="1.3769092409615555" lon="103.8913706457563">
        <ele>0</ele>
        <time>2026-08-27T04:32:32Z</time>
        <extensions>
          <gpxtpx:TrackPointExtension>
            <gpxtpx:hr>119</gpxtpx:hr>
          </gpxtpx:TrackPointExtension>
        </extensions>
      </trkpt>
      <trkpt lat="1.3769493824686043" lon="103.89137146325277">
        <ele>0</ele>
        <time>2026-08-27T04:32:33Z</time>
        <extensions>
          <gpxtpx:TrackPointExtension>
            <gpxtpx:hr>119</gpxtpx:hr>
          </gpxtpx:TrackPointExtension>
        </extensions>
      </trkpt>
      <trkpt lat="1.376989705538872" lon="103.89137234129663">
        <ele>0</ele>
        <time>2026-08-27T04:32:34Z</time>
        <extensions>
          <gpxtpx:TrackPointExtension>
            <gpxtpx:hr>119</gpxtpx:hr>
          </gpxtpx:TrackPointExtension>
        </extensions>
      </trkpt>
      <trkpt lat="1.3770300559850182" lon="103.8913731347424">
        <ele>0</ele>
        <time>2026-08-27T04:32:35Z</time>
        <extensions>
          <gpxtpx:TrackPointExtension>
            <gpxtpx:hr>119</gpxtpx:hr>
          </gpxtpx:TrackPointExtension>
        </extensions>
      </trkpt>
      <trkpt lat="1.3770702899296114" lon="103.89137384737326">
        <ele>0</ele>
        <time>2026-08-27T04:32:36Z</time>
        <extensions>
          <gpxtpx:TrackPointExtension>
            <gpxtpx:hr>119</gpxtpx:hr>
          </gpxtpx:TrackPointExtension>
        </extensions>
      </trkpt>
      <trkpt lat="1.3771098431542352" lon="103.89137456016692">
        <ele>0</ele>
        <time>2026-08-27T04:32:37Z</time>
        <extensions>
          <gpxtpx:TrackPointExtension>
            <gpxtpx:hr>118</gpxtpx:hr>
          </gpxtpx:TrackPointExtension>
        </extensions>
      </trkpt>
      <trkpt lat="1.3771485873067373" lon="103.89137527053566">
        <ele>0</ele>
        <time>2026-08-27T04:32:38Z</time>
        <extensions>
          <gpxtpx:TrackPointExtension>
            <gpxtpx:hr>118</gpxtpx:hr>
          </gpxtpx:TrackPointExtension>
        </extensions>
      </trkpt>
      <trkpt lat="1.377186661787884" lon="103.89137603681927">
        <ele>0</ele>
        <time>2026-08-27T04:32:39Z</time>
        <extensions>
          <gpxtpx:TrackPointExtension>
            <gpxtpx:hr>118</gpxtpx:hr>
          </gpxtpx:TrackPointExtension>
        </extensions>
      </trkpt>
      <trkpt lat="1.3772242501382348" lon="103.8913768804553">
        <ele>0</ele>
        <time>2026-08-27T04:32:40Z</time>
        <extensions>
          <gpxtpx:TrackPointExtension>
            <gpxtpx:hr>118</gpxtpx:hr>
          </gpxtpx:TrackPointExtension>
        </extensions>
      </trkpt>
      <trkpt lat="1.3772613293500782" lon="103.89137774048015">
        <ele>0</ele>
        <time>2026-08-27T04:32:41Z</time>
        <extensions>
          <gpxtpx:TrackPointExtension>
            <gpxtpx:hr>122</gpxtpx:hr>
          </gpxtpx:TrackPointExtension>
        </extensions>
      </trkpt>
      <trkpt lat="1.3772978529185342" lon="103.89137854686207">
        <ele>0</ele>
        <time>2026-08-27T04:32:42Z</time>
        <extensions>
          <gpxtpx:TrackPointExtension>
            <gpxtpx:hr>122</gpxtpx:hr>
          </gpxtpx:TrackPointExtension>
        </extensions>
      </trkpt>
      <trkpt lat="1.3773337394909302" lon="103.89137918315137">
        <ele>0</ele>
        <time>2026-08-27T04:32:43Z</time>
        <extensions>
          <gpxtpx:TrackPointExtension>
            <gpxtpx:hr>122</gpxtpx:hr>
          </gpxtpx:TrackPointExtension>
        </extensions>
      </trkpt>
      <trkpt lat="1.3773692330703597" lon="103.89137967373152">
        <ele>0</ele>
        <time>2026-08-27T04:32:44Z</time>
        <extensions>
          <gpxtpx:TrackPointExtension>
            <gpxtpx:hr>125</gpxtpx:hr>
          </gpxtpx:TrackPointExtension>
        </extensions>
      </trkpt>
      <trkpt lat="1.3774046706029706" lon="103.89138018099048">
        <ele>0</ele>
        <time>2026-08-27T04:32:45Z</time>
        <extensions>
          <gpxtpx:TrackPointExtension>
            <gpxtpx:hr>125</gpxtpx:hr>
          </gpxtpx:TrackPointExtension>
        </extensions>
      </trkpt>
      <trkpt lat="1.3774398025206522" lon="103.89138072424653">
        <ele>0</ele>
        <time>2026-08-27T04:32:46Z</time>
        <extensions>
          <gpxtpx:TrackPointExtension>
            <gpxtpx:hr>125</gpxtpx:hr>
          </gpxtpx:TrackPointExtension>
        </extensions>
      </trkpt>
      <trkpt lat="1.377474710611552" lon="103.89138120921649">
        <ele>0</ele>
        <time>2026-08-27T04:32:47Z</time>
        <extensions>
          <gpxtpx:TrackPointExtension>
            <gpxtpx:hr>125</gpxtpx:hr>
          </gpxtpx:TrackPointExtension>
        </extensions>
      </trkpt>
      <trkpt lat="1.3775095353815647" lon="103.89138167054182">
        <ele>0</ele>
        <time>2026-08-27T04:32:48Z</time>
        <extensions>
          <gpxtpx:TrackPointExtension>
            <gpxtpx:hr>125</gpxtpx:hr>
          </gpxtpx:TrackPointExtension>
        </extensions>
      </trkpt>
      <trkpt lat="1.3775442380812977" lon="103.8913822735064">
        <ele>0</ele>
        <time>2026-08-27T04:32:49Z</time>
        <extensions>
          <gpxtpx:TrackPointExtension>
            <gpxtpx:hr>126</gpxtpx:hr>
          </gpxtpx:TrackPointExtension>
        </extensions>
      </trkpt>
      <trkpt lat="1.3775783443201726" lon="103.8913830761343">
        <ele>0</ele>
        <time>2026-08-27T04:32:50Z</time>
        <extensions>
          <gpxtpx:TrackPointExtension>
            <gpxtpx:hr>126</gpxtpx:hr>
          </gpxtpx:TrackPointExtension>
        </extensions>
      </trkpt>
      <trkpt lat="1.377610972782366" lon="103.89138365932769">
        <ele>0</ele>
        <time>2026-08-27T04:32:51Z</time>
        <extensions>
          <gpxtpx:TrackPointExtension>
            <gpxtpx:hr>126</gpxtpx:hr>
          </gpxtpx:TrackPointExtension>
        </extensions>
      </trkpt>
      <trkpt lat="1.377642716321492" lon="103.89138356776219">
        <ele>0</ele>
        <time>2026-08-27T04:32:52Z</time>
        <extensions>
          <gpxtpx:TrackPointExtension>
            <gpxtpx:hr>126</gpxtpx:hr>
          </gpxtpx:TrackPointExtension>
        </extensions>
      </trkpt>
      <trkpt lat="1.3776748296797672" lon="103.89138296689099">
        <ele>0</ele>
        <time>2026-08-27T04:32:53Z</time>
        <extensions>
          <gpxtpx:TrackPointExtension>
            <gpxtpx:hr>126</gpxtpx:hr>
          </gpxtpx:TrackPointExtension>
        </extensions>
      </trkpt>
      <trkpt lat="1.3777071787249202" lon="103.89138227902163">
        <ele>0</ele>
        <time>2026-08-27T04:32:54Z</time>
        <extensions>
          <gpxtpx:TrackPointExtension>
            <gpxtpx:hr>128</gpxtpx:hr>
          </gpxtpx:TrackPointExtension>
        </extensions>
      </trkpt>
      <trkpt lat="1.37773943000183" lon="103.89138164552936">
        <ele>0</ele>
        <time>2026-08-27T04:32:55Z</time>
        <extensions>
          <gpxtpx:TrackPointExtension>
            <gpxtpx:hr>128</gpxtpx:hr>
          </gpxtpx:TrackPointExtension>
        </extensions>
      </trkpt>
      <trkpt lat="1.377772353919124" lon="103.89138124701057">
        <ele>0</ele>
        <time>2026-08-27T04:32:56Z</time>
        <extensions>
          <gpxtpx:TrackPointExtension>
            <gpxtpx:hr>128</gpxtpx:hr>
          </gpxtpx:TrackPointExtension>
        </extensions>
      </trkpt>
      <trkpt lat="1.377806376975426" lon="103.89138134132874">
        <ele>0</ele>
        <time>2026-08-27T04:32:57Z</time>
        <extensions>
          <gpxtpx:TrackPointExtension>
            <gpxtpx:hr>128</gpxtpx:hr>
          </gpxtpx:TrackPointExtension>
        </extensions>
      </trkpt>
      <trkpt lat="1.3778405604291275" lon="103.89138196728811">
        <ele>0</ele>
        <time>2026-08-27T04:32:58Z</time>
        <extensions>
          <gpxtpx:TrackPointExtension>
            <gpxtpx:hr>128</gpxtpx:hr>
          </gpxtpx:TrackPointExtension>
        </extensions>
      </trkpt>
      <trkpt lat="1.3778730272510165" lon="103.89138280333299">
        <ele>0</ele>
        <time>2026-08-27T04:32:59Z</time>
        <extensions>
          <gpxtpx:TrackPointExtension>
            <gpxtpx:hr>128</gpxtpx:hr>
          </gpxtpx:TrackPointExtension>
        </extensions>
      </trkpt>
      <trkpt lat="1.377904678484831" lon="103.89138296558829">
        <ele>0</ele>
        <time>2026-08-27T04:33:00Z</time>
        <extensions>
          <gpxtpx:TrackPointExtension>
            <gpxtpx:hr>128</gpxtpx:hr>
          </gpxtpx:TrackPointExtension>
        </extensions>
      </trkpt>
      <trkpt lat="1.3779376725677481" lon="103.8913825198866">
        <ele>0</ele>
        <time>2026-08-27T04:33:01Z</time>
        <extensions>
          <gpxtpx:TrackPointExtension>
            <gpxtpx:hr>127</gpxtpx:hr>
          </gpxtpx:TrackPointExtension>
        </extensions>
      </trkpt>
      <trkpt lat="1.3779716094834333" lon="103.89138212168517">
        <ele>0</ele>
        <time>2026-08-27T04:33:02Z</time>
        <extensions>
          <gpxtpx:TrackPointExtension>
            <gpxtpx:hr>127</gpxtpx:hr>
          </gpxtpx:TrackPointExtension>
        </extensions>
      </trkpt>
      <trkpt lat="1.3780063804694445" lon="103.89138192812202">
        <ele>0</ele>
        <time>2026-08-27T04:33:03Z</time>
        <extensions>
          <gpxtpx:TrackPointExtension>
            <gpxtpx:hr>127</gpxtpx:hr>
          </gpxtpx:TrackPointExtension>
        </extensions>
      </trkpt>
      <trkpt lat="1.3780422823985483" lon="103.89138198827735">
        <ele>0</ele>
        <time>2026-08-27T04:33:04Z</time>
        <extensions>
          <gpxtpx:TrackPointExtension>
            <gpxtpx:hr>127</gpxtpx:hr>
          </gpxtpx:TrackPointExtension>
        </extensions>
      </trkpt>
      <trkpt lat="1.3780794757726313" lon="103.8913823111437">
        <ele>0</ele>
        <time>2026-08-27T04:33:05Z</time>
        <extensions>
          <gpxtpx:TrackPointExtension>
            <gpxtpx:hr>127</gpxtpx:hr>
          </gpxtpx:TrackPointExtension>
        </extensions>
      </trkpt>
      <trkpt lat="1.3781173941184268" lon="103.89138275983395">
        <ele>0</ele>
        <time>2026-08-27T04:33:06Z</time>
        <extensions>
          <gpxtpx:TrackPointExtension>
            <gpxtpx:hr>127</gpxtpx:hr>
          </gpxtpx:TrackPointExtension>
        </extensions>
      </trkpt>
      <trkpt lat="1.3781557343759627" lon="103.8913826560454">
        <ele>0</ele>
        <time>2026-08-27T04:33:07Z</time>
        <extensions>
          <gpxtpx:TrackPointExtension>
            <gpxtpx:hr>127</gpxtpx:hr>
          </gpxtpx:TrackPointExtension>
        </extensions>
      </trkpt>
      <trkpt lat="1.3781946027739307" lon="103.89138146964194">
        <ele>0</ele>
        <time>2026-08-27T04:33:08Z</time>
        <extensions>
          <gpxtpx:TrackPointExtension>
            <gpxtpx:hr>130</gpxtpx:hr>
          </gpxtpx:TrackPointExtension>
        </extensions>
      </trkpt>
      <trkpt lat="1.3782332148879946" lon="103.8913794598435">
        <ele>0</ele>
        <time>2026-08-27T04:33:09Z</time>
        <extensions>
          <gpxtpx:TrackPointExtension>
            <gpxtpx:hr>130</gpxtpx:hr>
          </gpxtpx:TrackPointExtension>
        </extensions>
      </trkpt>
      <trkpt lat="1.378270652689766" lon="103.89137743653319">
        <ele>0</ele>
        <time>2026-08-27T04:33:10Z</time>
        <extensions>
          <gpxtpx:TrackPointExtension>
            <gpxtpx:hr>130</gpxtpx:hr>
          </gpxtpx:TrackPointExtension>
        </extensions>
      </trkpt>
      <trkpt lat="1.378306966657573" lon="103.89137613684524">
        <ele>0</ele>
        <time>2026-08-27T04:33:11Z</time>
        <extensions>
          <gpxtpx:TrackPointExtension>
            <gpxtpx:hr>130</gpxtpx:hr>
          </gpxtpx:TrackPointExtension>
        </extensions>
      </trkpt>
      <trkpt lat="1.3783433501555609" lon="103.8913756874025">
        <ele>0</ele>
        <time>2026-08-27T04:33:12Z</time>
        <extensions>
          <gpxtpx:TrackPointExtension>
            <gpxtpx:hr>126</gpxtpx:hr>
          </gpxtpx:TrackPointExtension>
        </extensions>
      </trkpt>
      <trkpt lat="1.3783805428938576" lon="103.89137564243514">
        <ele>0</ele>
        <time>2026-08-27T04:33:13Z</time>
        <extensions>
          <gpxtpx:TrackPointExtension>
            <gpxtpx:hr>126</gpxtpx:hr>
          </gpxtpx:TrackPointExtension>
        </extensions>
      </trkpt>
      <trkpt lat="1.3784183513082275" lon="103.89137552254695">
        <ele>0</ele>
        <time>2026-08-27T04:33:14Z</time>
        <extensions>
          <gpxtpx:TrackPointExtension>
            <gpxtpx:hr>126</gpxtpx:hr>
          </gpxtpx:TrackPointExtension>
        </extensions>
      </trkpt>
      <trkpt lat="1.3784564415429086" lon="103.89137522937297">
        <ele>0</ele>
        <time>2026-08-27T04:33:15Z</time>
        <extensions>
          <gpxtpx:TrackPointExtension>
            <gpxtpx:hr>126</gpxtpx:hr>
          </gpxtpx:TrackPointExtension>
        </extensions>
      </trkpt>
      <trkpt lat="1.378495074562796" lon="103.89137492524553">
        <ele>0</ele>
        <time>2026-08-27T04:33:16Z</time>
        <extensions>
          <gpxtpx:TrackPointExtension>
            <gpxtpx:hr>126</gpxtpx:hr>
          </gpxtpx:TrackPointExtension>
        </extensions>
      </trkpt>
      <trkpt lat="1.3785343392123908" lon="103.89137471943943">
        <ele>0</ele>
        <time>2026-08-27T04:33:17Z</time>
        <extensions>
          <gpxtpx:TrackPointExtension>
            <gpxtpx:hr>130</gpxtpx:hr>
          </gpxtpx:TrackPointExtension>
        </extensions>
      </trkpt>
      <trkpt lat="1.3785730544072228" lon="103.89137453171358">
        <ele>0</ele>
        <time>2026-08-27T04:33:18Z</time>
        <extensions>
          <gpxtpx:TrackPointExtension>
            <gpxtpx:hr>130</gpxtpx:hr>
          </gpxtpx:TrackPointExtension>
        </extensions>
      </trkpt>
      <trkpt lat="1.378610904818966" lon="103.8913743550485">
        <ele>0</ele>
        <time>2026-08-27T04:33:19Z</time>
        <extensions>
          <gpxtpx:TrackPointExtension>
            <gpxtpx:hr>130</gpxtpx:hr>
          </gpxtpx:TrackPointExtension>
        </extensions>
      </trkpt>
      <trkpt lat="1.3786481895204978" lon="103.89137426506714">
        <ele>0</ele>
        <time>2026-08-27T04:33:20Z</time>
        <extensions>
          <gpxtpx:TrackPointExtension>
            <gpxtpx:hr>130</gpxtpx:hr>
          </gpxtpx:TrackPointExtension>
        </extensions>
      </trkpt>
      <trkpt lat="1.378684435807753" lon="103.89137410046332">
        <ele>0</ele>
        <time>2026-08-27T04:33:21Z</time>
        <extensions>
          <gpxtpx:TrackPointExtension>
            <gpxtpx:hr>132</gpxtpx:hr>
          </gpxtpx:TrackPointExtension>
        </extensions>
      </trkpt>
      <trkpt lat="1.3787199007772801" lon="103.89137381674422">
        <ele>0</ele>
        <time>2026-08-27T04:33:22Z</time>
        <extensions>
          <gpxtpx:TrackPointExtension>
            <gpxtpx:hr>132</gpxtpx:hr>
          </gpxtpx:TrackPointExtension>
        </extensions>
      </trkpt>
      <trkpt lat="1.3787548764281037" lon="103.89137330923705">
        <ele>0</ele>
        <time>2026-08-27T04:33:23Z</time>
        <extensions>
          <gpxtpx:TrackPointExtension>
            <gpxtpx:hr>132</gpxtpx:hr>
          </gpxtpx:TrackPointExtension>
        </extensions>
      </trkpt>
      <trkpt lat="1.3787893712452879" lon="103.89137232053217">
        <ele>0</ele>
        <time>2026-08-27T04:33:24Z</time>
        <extensions>
          <gpxtpx:TrackPointExtension>
            <gpxtpx:hr>131</gpxtpx:hr>
          </gpxtpx:TrackPointExtension>
        </extensions>
      </trkpt>
      <trkpt lat="1.3788233625100792" lon="103.89137093746494">
        <ele>0</ele>
        <time>2026-08-27T04:33:25Z</time>
        <extensions>
          <gpxtpx:TrackPointExtension>
            <gpxtpx:hr>131</gpxtpx:hr>
          </gpxtpx:TrackPointExtension>
        </extensions>
      </trkpt>
      <trkpt lat="1.378856927848676" lon="103.89136946264605">
        <ele>0</ele>
        <time>2026-08-27T04:33:26Z</time>
        <extensions>
          <gpxtpx:TrackPointExtension>
            <gpxtpx:hr>131</gpxtpx:hr>
          </gpxtpx:TrackPointExtension>
        </extensions>
      </trkpt>
      <trkpt lat="1.3788896758871518" lon="103.89136810070262">
        <ele>0</ele>
        <time>2026-08-27T04:33:27Z</time>
        <extensions>
          <gpxtpx:TrackPointExtension>
            <gpxtpx:hr>131</gpxtpx:hr>
          </gpxtpx:TrackPointExtension>
        </extensions>
      </trkpt>
      <trkpt lat="1.378921713976699" lon="103.89136681185829">
        <ele>0</ele>
        <time>2026-08-27T04:33:28Z</time>
        <extensions>
          <gpxtpx:TrackPointExtension>
            <gpxtpx:hr>131</gpxtpx:hr>
          </gpxtpx:TrackPointExtension>
        </extensions>
      </trkpt>
      <trkpt lat="1.3789538197062297" lon="103.89136550711113">
        <ele>0</ele>
        <time>2026-08-27T04:33:29Z</time>
        <extensions>
          <gpxtpx:TrackPointExtension>
            <gpxtpx:hr>131</gpxtpx:hr>
          </gpxtpx:TrackPointExtension>
        </extensions>
      </trkpt>
      <trkpt lat="1.3789857286579112" lon="103.89136381571443">
        <ele>0</ele>
        <time>2026-08-27T04:33:30Z</time>
        <extensions>
          <gpxtpx:TrackPointExtension>
            <gpxtpx:hr>132</gpxtpx:hr>
          </gpxtpx:TrackPointExtension>
        </extensions>
      </trkpt>
      <trkpt lat="1.3790183361076247" lon="103.89136169378328">
        <ele>0</ele>
        <time>2026-08-27T04:33:31Z</time>
        <extensions>
          <gpxtpx:TrackPointExtension>
            <gpxtpx:hr>132</gpxtpx:hr>
          </gpxtpx:TrackPointExtension>
        </extensions>
      </trkpt>
      <trkpt lat="1.3790515780404298" lon="103.8913607528012">
        <ele>0</ele>
        <time>2026-08-27T04:33:32Z</time>
        <extensions>
          <gpxtpx:TrackPointExtension>
            <gpxtpx:hr>132</gpxtpx:hr>
          </gpxtpx:TrackPointExtension>
        </extensions>
      </trkpt>
      <trkpt lat="1.3790845450703562" lon="103.8913612180832">
        <ele>0</ele>
        <time>2026-08-27T04:33:33Z</time>
        <extensions>
          <gpxtpx:TrackPointExtension>
            <gpxtpx:hr>132</gpxtpx:hr>
          </gpxtpx:TrackPointExtension>
        </extensions>
      </trkpt>
      <trkpt lat="1.3791172291961142" lon="103.89136153763954">
        <ele>0</ele>
        <time>2026-08-27T04:33:34Z</time>
        <extensions>
          <gpxtpx:TrackPointExtension>
            <gpxtpx:hr>132</gpxtpx:hr>
          </gpxtpx:TrackPointExtension>
        </extensions>
      </trkpt>
      <trkpt lat="1.3791488807456935" lon="103.89136130109883">
        <ele>0</ele>
        <time>2026-08-27T04:33:35Z</time>
        <extensions>
          <gpxtpx:TrackPointExtension>
            <gpxtpx:hr>131</gpxtpx:hr>
          </gpxtpx:TrackPointExtension>
        </extensions>
      </trkpt>
      <trkpt lat="1.3791796610077962" lon="103.89136092334076">
        <ele>0</ele>
        <time>2026-08-27T04:33:36Z</time>
        <extensions>
          <gpxtpx:TrackPointExtension>
            <gpxtpx:hr>131</gpxtpx:hr>
          </gpxtpx:TrackPointExtension>
        </extensions>
      </trkpt>
      <trkpt lat="1.379210159156854" lon="103.89136121972926">
        <ele>0</ele>
        <time>2026-08-27T04:33:37Z</time>
        <extensions>
          <gpxtpx:TrackPointExtension>
            <gpxtpx:hr>131</gpxtpx:hr>
          </gpxtpx:TrackPointExtension>
        </extensions>
      </trkpt>
      <trkpt lat="1.3792394937958459" lon="103.89136216240495">
        <ele>0</ele>
        <time>2026-08-27T04:33:38Z</time>
        <extensions>
          <gpxtpx:TrackPointExtension>
            <gpxtpx:hr>131</gpxtpx:hr>
          </gpxtpx:TrackPointExtension>
        </extensions>
      </trkpt>
      <trkpt lat="1.3792680106222397" lon="103.89136271819117">
        <ele>0</ele>
        <time>2026-08-27T04:33:39Z</time>
        <extensions>
          <gpxtpx:TrackPointExtension>
            <gpxtpx:hr>132</gpxtpx:hr>
          </gpxtpx:TrackPointExtension>
        </extensions>
      </trkpt>
      <trkpt lat="1.379296331442128" lon="103.89136230331077">
        <ele>0</ele>
        <time>2026-08-27T04:33:40Z</time>
        <extensions>
          <gpxtpx:TrackPointExtension>
            <gpxtpx:hr>132</gpxtpx:hr>
          </gpxtpx:TrackPointExtension>
        </extensions>
      </trkpt>
      <trkpt lat="1.3793235204019707" lon="103.89136103349935">
        <ele>0</ele>
        <time>2026-08-27T04:33:41Z</time>
        <extensions>
          <gpxtpx:TrackPointExtension>
            <gpxtpx:hr>132</gpxtpx:hr>
          </gpxtpx:TrackPointExtension>
        </extensions>
      </trkpt>
      <trkpt lat="1.3793489220861486" lon="103.89135939371425">
        <ele>0</ele>
        <time>2026-08-27T04:33:42Z</time>
        <extensions>
          <gpxtpx:TrackPointExtension>
            <gpxtpx:hr>132</gpxtpx:hr>
          </gpxtpx:TrackPointExtension>
        </extensions>
      </trkpt>
      <trkpt lat="1.3793704489391758" lon="103.89136037608303">
        <ele>0</ele>
        <time>2026-08-27T04:33:43Z</time>
        <extensions>
          <gpxtpx:TrackPointExtension>
            <gpxtpx:hr>132</gpxtpx:hr>
          </gpxtpx:TrackPointExtension>
        </extensions>
      </trkpt>
      <trkpt lat="1.3793871837189182" lon="103.89136800938724">
        <ele>0</ele>
        <time>2026-08-27T04:33:44Z</time>
        <extensions>
          <gpxtpx:TrackPointExtension>
            <gpxtpx:hr>132</gpxtpx:hr>
          </gpxtpx:TrackPointExtension>
        </extensions>
      </trkpt>
      <trkpt lat="1.3793995726955628" lon="103.89138132659065">
        <ele>0</ele>
        <time>2026-08-27T04:33:45Z</time>
        <extensions>
          <gpxtpx:TrackPointExtension>
            <gpxtpx:hr>130</gpxtpx:hr>
          </gpxtpx:TrackPointExtension>
        </extensions>
      </trkpt>
      <trkpt lat="1.3794100334339965" lon="103.89139592009225">
        <ele>0</ele>
        <time>2026-08-27T04:33:46Z</time>
        <extensions>
          <gpxtpx:TrackPointExtension>
            <gpxtpx:hr>130</gpxtpx:hr>
          </gpxtpx:TrackPointExtension>
        </extensions>
      </trkpt>
      <trkpt lat="1.3794220636545833" lon="103.8914098423868">
        <ele>0</ele>
        <time>2026-08-27T04:33:47Z</time>
        <extensions>
          <gpxtpx:TrackPointExtension>
            <gpxtpx:hr>130</gpxtpx:hr>
          </gpxtpx:TrackPointExtension>
        </extensions>
      </trkpt>
      <trkpt lat="1.379435753844406" lon="103.89142356241054">
        <ele>0</ele>
        <time>2026-08-27T04:33:48Z</time>
        <extensions>
          <gpxtpx:TrackPointExtension>
            <gpxtpx:hr>130</gpxtpx:hr>
          </gpxtpx:TrackPointExtension>
        </extensions>
      </trkpt>
      <trkpt lat="1.3794502552295713" lon="103.89143700977091">
        <ele>0</ele>
        <time>2026-08-27T04:33:49Z</time>
        <extensions>
          <gpxtpx:TrackPointExtension>
            <gpxtpx:hr>130</gpxtpx:hr>
          </gpxtpx:TrackPointExtension>
        </extensions>
      </trkpt>
      <trkpt lat="1.3794658349105247" lon="103.89144775528992">
        <ele>0</ele>
        <time>2026-08-27T04:33:50Z</time>
        <extensions>
          <gpxtpx:TrackPointExtension>
            <gpxtpx:hr>130</gpxtpx:hr>
          </gpxtpx:TrackPointExtension>
        </extensions>
      </trkpt>
      <trkpt lat="1.3794831051722576" lon="103.89145361760276">
        <ele>0</ele>
        <time>2026-08-27T04:33:51Z</time>
        <extensions>
          <gpxtpx:TrackPointExtension>
            <gpxtpx:hr>130</gpxtpx:hr>
          </gpxtpx:TrackPointExtension>
        </extensions>
      </trkpt>
      <trkpt lat="1.3795026583824586" lon="103.89145565644642">
        <ele>0</ele>
        <time>2026-08-27T04:33:52Z</time>
        <extensions>
          <gpxtpx:TrackPointExtension>
            <gpxtpx:hr>129</gpxtpx:hr>
          </gpxtpx:TrackPointExtension>
        </extensions>
      </trkpt>
      <trkpt lat="1.3795248175305637" lon="103.89145600215537">
        <ele>0</ele>
        <time>2026-08-27T04:33:53Z</time>
        <extensions>
          <gpxtpx:TrackPointExtension>
            <gpxtpx:hr>129</gpxtpx:hr>
          </gpxtpx:TrackPointExtension>
        </extensions>
      </trkpt>
      <trkpt lat="1.379548155078284" lon="103.89145618635588">
        <ele>0</ele>
        <time>2026-08-27T04:33:54Z</time>
        <extensions>
          <gpxtpx:TrackPointExtension>
            <gpxtpx:hr>129</gpxtpx:hr>
          </gpxtpx:TrackPointExtension>
        </extensions>
      </trkpt>
      <trkpt lat="1.3795708595067937" lon="103.8914571822618">
        <ele>0</ele>
        <time>2026-08-27T04:33:55Z</time>
        <extensions>
          <gpxtpx:TrackPointExtension>
            <gpxtpx:hr>129</gpxtpx:hr>
          </gpxtpx:TrackPointExtension>
        </extensions>
      </trkpt>
      <trkpt lat="1.3795928940829432" lon="103.89145912093326">
        <ele>0</ele>
        <time>2026-08-27T04:33:56Z</time>
        <extensions>
          <gpxtpx:TrackPointExtension>
            <gpxtpx:hr>129</gpxtpx:hr>
          </gpxtpx:TrackPointExtension>
        </extensions>
      </trkpt>
      <trkpt lat="1.3796162483391785" lon="103.8914610388134">
        <ele>0</ele>
        <time>2026-08-27T04:33:57Z</time>
        <extensions>
          <gpxtpx:TrackPointExtension>
            <gpxtpx:hr>129</gpxtpx:hr>
          </gpxtpx:TrackPointExtension>
        </extensions>
      </trkpt>
      <trkpt lat="1.3796430982480585" lon="103.89146206425812">
        <ele>0</ele>
        <time>2026-08-27T04:33:58Z</time>
        <extensions>
          <gpxtpx:TrackPointExtension>
            <gpxtpx:hr>126</gpxtpx:hr>
          </gpxtpx:TrackPointExtension>
        </extensions>
      </trkpt>
      <trkpt lat="1.3796727160174878" lon="103.89146159766">
        <ele>0</ele>
        <time>2026-08-27T04:33:59Z</time>
        <extensions>
          <gpxtpx:TrackPointExtension>
            <gpxtpx:hr>126</gpxtpx:hr>
          </gpxtpx:TrackPointExtension>
        </extensions>
      </trkpt>
      <trkpt lat="1.3797019016918617" lon="103.8914572635334">
        <ele>0</ele>
        <time>2026-08-27T04:34:00Z</time>
        <extensions>
          <gpxtpx:TrackPointExtension>
            <gpxtpx:hr>126</gpxtpx:hr>
          </gpxtpx:TrackPointExtension>
        </extensions>
      </trkpt>
      <trkpt lat="1.3797285663571999" lon="103.89144687397668">
        <ele>0</ele>
        <time>2026-08-27T04:34:01Z</time>
        <extensions>
          <gpxtpx:TrackPointExtension>
            <gpxtpx:hr>126</gpxtpx:hr>
          </gpxtpx:TrackPointExtension>
        </extensions>
      </trkpt>
      <trkpt lat="1.3797507767195574" lon="103.8914316820929">
        <ele>0</ele>
        <time>2026-08-27T04:34:02Z</time>
        <extensions>
          <gpxtpx:TrackPointExtension>
            <gpxtpx:hr>126</gpxtpx:hr>
          </gpxtpx:TrackPointExtension>
        </extensions>
      </trkpt>
      <trkpt lat="1.3797686188126594" lon="103.89141468423257">
        <ele>0</ele>
        <time>2026-08-27T04:34:03Z</time>
        <extensions>
          <gpxtpx:TrackPointExtension>
            <gpxtpx:hr>120</gpxtpx:hr>
          </gpxtpx:TrackPointExtension>
        </extensions>
      </trkpt>
      <trkpt lat="1.3797845909190265" lon="103.89139796828847">
        <ele>0</ele>
        <time>2026-08-27T04:34:04Z</time>
        <extensions>
          <gpxtpx:TrackPointExtension>
            <gpxtpx:hr>120</gpxtpx:hr>
          </gpxtpx:TrackPointExtension>
        </extensions>
      </trkpt>
      <trkpt lat="1.3798011285980396" lon="103.89138522767313">
        <ele>0</ele>
        <time>2026-08-27T04:34:05Z</time>
        <extensions>
          <gpxtpx:TrackPointExtension>
            <gpxtpx:hr>120</gpxtpx:hr>
          </gpxtpx:TrackPointExtension>
        </extensions>
      </trkpt>
      <trkpt lat="1.3798172404551596" lon="103.89137781469462">
        <ele>0</ele>
        <time>2026-08-27T04:34:06Z</time>
        <extensions>
          <gpxtpx:TrackPointExtension>
            <gpxtpx:hr>120</gpxtpx:hr>
          </gpxtpx:TrackPointExtension>
        </extensions>
      </trkpt>
      <trkpt lat="1.3798246706896231" lon="103.8913749607708">
        <ele>0</ele>
        <time>2026-08-27T04:34:07Z</time>
        <extensions>
          <gpxtpx:TrackPointExtension>
            <gpxtpx:hr>120</gpxtpx:hr>
          </gpxtpx:TrackPointExtension>
        </extensions>
      </trkpt>
      <trkpt lat="1.3798251497886982" lon="103.89137474152243">
        <ele>0</ele>
        <time>2026-08-27T04:34:08Z</time>
        <extensions>
          <gpxtpx:TrackPointExtension>
            <gpxtpx:hr>120</gpxtpx:hr>
          </gpxtpx:TrackPointExtension>
        </extensions>
      </trkpt>
      <trkpt lat="1.3798255697368058" lon="103.891374558545">
        <ele>0</ele>
        <time>2026-08-27T04:34:09Z</time>
        <extensions>
          <gpxtpx:TrackPointExtension>
            <gpxtpx:hr>120</gpxtpx:hr>
          </gpxtpx:TrackPointExtension>
        </extensions>
      </trkpt>
      <trkpt lat="1.3798259955457206" lon="103.89137436250346">
        <ele>0</ele>
        <time>2026-08-27T04:34:10Z</time>
        <extensions>
          <gpxtpx:TrackPointExtension>
            <gpxtpx:hr>120</gpxtpx:hr>
          </gpxtpx:TrackPointExtension>
        </extensions>
      </trkpt>
      <trkpt lat="1.3798274083469757" lon="103.89137483763083">
        <ele>0</ele>
        <time>2026-08-27T04:34:11Z</time>
        <extensions>
          <gpxtpx:TrackPointExtension>
            <gpxtpx:hr>120</gpxtpx:hr>
          </gpxtpx:TrackPointExtension>
        </extensions>
      </trkpt>
      <trkpt lat="1.3798300513939115" lon="103.89137586961988">
        <ele>0</ele>
        <time>2026-08-27T04:34:12Z</time>
        <extensions>
          <gpxtpx:TrackPointExtension>
            <gpxtpx:hr>120</gpxtpx:hr>
          </gpxtpx:TrackPointExtension>
        </extensions>
      </trkpt>
      <trkpt lat="1.379834243940199" lon="103.89137529315053">
        <ele>0</ele>
        <time>2026-08-27T04:34:13Z</time>
        <extensions>
          <gpxtpx:TrackPointExtension>
            <gpxtpx:hr>120</gpxtpx:hr>
          </gpxtpx:TrackPointExtension>
        </extensions>
      </trkpt>
      <trkpt lat="1.3798409082070455" lon="103.89137591738309">
        <ele>0</ele>
        <time>2026-08-27T04:34:14Z</time>
        <extensions>
          <gpxtpx:TrackPointExtension>
            <gpxtpx:hr>120</gpxtpx:hr>
          </gpxtpx:TrackPointExtension>
        </extensions>
      </trkpt>
      <trkpt lat="1.379847637331329" lon="103.89137660084823">
        <ele>0</ele>
        <time>2026-08-27T04:34:15Z</time>
        <extensions>
          <gpxtpx:TrackPointExtension>
            <gpxtpx:hr>120</gpxtpx:hr>
          </gpxtpx:TrackPointExtension>
        </extensions>
      </trkpt>
      <trkpt lat="1.379854670230697" lon="103.89137950303953">
        <ele>0</ele>
        <time>2026-08-27T04:34:16Z</time>
        <extensions>
          <gpxtpx:TrackPointExtension>
            <gpxtpx:hr>113</gpxtpx:hr>
          </gpxtpx:TrackPointExtension>
        </extensions>
      </trkpt>
      <trkpt lat="1.3798635623167783" lon="103.89138792508699">
        <ele>0</ele>
        <time>2026-08-27T04:34:17Z</time>
        <extensions>
          <gpxtpx:TrackPointExtension>
            <gpxtpx:hr>113</gpxtpx:hr>
          </gpxtpx:TrackPointExtension>
        </extensions>
      </trkpt>
      <trkpt lat="1.379872933059712" lon="103.8913965590499">
        <ele>0</ele>
        <time>2026-08-27T04:34:18Z</time>
        <extensions>
          <gpxtpx:TrackPointExtension>
            <gpxtpx:hr>113</gpxtpx:hr>
          </gpxtpx:TrackPointExtension>
        </extensions>
      </trkpt>
      <trkpt lat="1.3798827210387572" lon="103.89140546683542">
        <ele>0</ele>
        <time>2026-08-27T04:34:19Z</time>
        <extensions>
          <gpxtpx:TrackPointExtension>
            <gpxtpx:hr>113</gpxtpx:hr>
          </gpxtpx:TrackPointExtension>
        </extensions>
      </trkpt>
      <trkpt lat="1.3798915772577907" lon="103.89141409638496">
        <ele>0</ele>
        <time>2026-08-27T04:34:20Z</time>
        <extensions>
          <gpxtpx:TrackPointExtension>
            <gpxtpx:hr>113</gpxtpx:hr>
          </gpxtpx:TrackPointExtension>
        </extensions>
      </trkpt>
      <trkpt lat="1.3799008107347817" lon="103.89142161300121">
        <ele>0</ele>
        <time>2026-08-27T04:34:21Z</time>
        <extensions>
          <gpxtpx:TrackPointExtension>
            <gpxtpx:hr>113</gpxtpx:hr>
          </gpxtpx:TrackPointExtension>
        </extensions>
      </trkpt>
      <trkpt lat="1.3799110701745505" lon="103.89142807461927">
        <ele>0</ele>
        <time>2026-08-27T04:34:22Z</time>
        <extensions>
          <gpxtpx:TrackPointExtension>
            <gpxtpx:hr>113</gpxtpx:hr>
          </gpxtpx:TrackPointExtension>
        </extensions>
      </trkpt>
      <trkpt lat="1.379922223952813" lon="103.8914338178223">
        <ele>0</ele>
        <time>2026-08-27T04:34:23Z</time>
        <extensions>
          <gpxtpx:TrackPointExtension>
            <gpxtpx:hr>113</gpxtpx:hr>
          </gpxtpx:TrackPointExtension>
        </extensions>
      </trkpt>
      <trkpt lat="1.379936166581711" lon="103.89144053775837">
        <ele>0</ele>
        <time>2026-08-27T04:34:24Z</time>
        <extensions>
          <gpxtpx:TrackPointExtension>
            <gpxtpx:hr>115</gpxtpx:hr>
          </gpxtpx:TrackPointExtension>
        </extensions>
      </trkpt>
      <trkpt lat="1.3799509831525143" lon="103.89144700358548">
        <ele>0</ele>
        <time>2026-08-27T04:34:25Z</time>
        <extensions>
          <gpxtpx:TrackPointExtension>
            <gpxtpx:hr>115</gpxtpx:hr>
          </gpxtpx:TrackPointExtension>
        </extensions>
      </trkpt>
      <trkpt lat="1.3799643294135189" lon="103.89145233095766">
        <ele>0</ele>
        <time>2026-08-27T04:34:26Z</time>
        <extensions>
          <gpxtpx:TrackPointExtension>
            <gpxtpx:hr>115</gpxtpx:hr>
          </gpxtpx:TrackPointExtension>
        </extensions>
      </trkpt>
      <trkpt lat="1.3799747596758405" lon="103.89145645300877">
        <ele>0</ele>
        <time>2026-08-27T04:34:27Z</time>
        <extensions>
          <gpxtpx:TrackPointExtension>
            <gpxtpx:hr>115</gpxtpx:hr>
          </gpxtpx:TrackPointExtension>
        </extensions>
      </trkpt>
      <trkpt lat="1.379981989022267" lon="103.89145927225553">
        <ele>0</ele>
        <time>2026-08-27T04:34:28Z</time>
        <extensions>
          <gpxtpx:TrackPointExtension>
            <gpxtpx:hr>115</gpxtpx:hr>
          </gpxtpx:TrackPointExtension>
        </extensions>
      </trkpt>
      <trkpt lat="1.3799894774922754" lon="103.89146217034049">
        <ele>0</ele>
        <time>2026-08-27T04:34:29Z</time>
        <extensions>
          <gpxtpx:TrackPointExtension>
            <gpxtpx:hr>117</gpxtpx:hr>
          </gpxtpx:TrackPointExtension>
        </extensions>
      </trkpt>
      <trkpt lat="1.3799987509579354" lon="103.8914647821323">
        <ele>0</ele>
        <time>2026-08-27T04:34:30Z</time>
        <extensions>
          <gpxtpx:TrackPointExtension>
            <gpxtpx:hr>117</gpxtpx:hr>
          </gpxtpx:TrackPointExtension>
        </extensions>
      </trkpt>
      <trkpt lat="1.3800114303035769" lon="103.89146629553673">
        <ele>0</ele>
        <time>2026-08-27T04:34:31Z</time>
        <extensions>
          <gpxtpx:TrackPointExtension>
            <gpxtpx:hr>117</gpxtpx:hr>
          </gpxtpx:TrackPointExtension>
        </extensions>
      </trkpt>
      <trkpt lat="1.3800281010558786" lon="103.89146780046958">
        <ele>0</ele>
        <time>2026-08-27T04:34:32Z</time>
        <extensions>
          <gpxtpx:TrackPointExtension>
            <gpxtpx:hr>117</gpxtpx:hr>
          </gpxtpx:TrackPointExtension>
        </extensions>
      </trkpt>
      <trkpt lat="1.3800457909656731" lon="103.8914694426167">
        <ele>0</ele>
        <time>2026-08-27T04:34:33Z</time>
        <extensions>
          <gpxtpx:TrackPointExtension>
            <gpxtpx:hr>117</gpxtpx:hr>
          </gpxtpx:TrackPointExtension>
        </extensions>
      </trkpt>
      <trkpt lat="1.3800627451077938" lon="103.89147021657661">
        <ele>0</ele>
        <time>2026-08-27T04:34:34Z</time>
        <extensions>
          <gpxtpx:TrackPointExtension>
            <gpxtpx:hr>117</gpxtpx:hr>
          </gpxtpx:TrackPointExtension>
        </extensions>
      </trkpt>
      <trkpt lat="1.3800798874890108" lon="103.89147120894962">
        <ele>0</ele>
        <time>2026-08-27T04:34:35Z</time>
        <extensions>
          <gpxtpx:TrackPointExtension>
            <gpxtpx:hr>116</gpxtpx:hr>
          </gpxtpx:TrackPointExtension>
        </extensions>
      </trkpt>
      <trkpt lat="1.3800980395937597" lon="103.89147275648716">
        <ele>0</ele>
        <time>2026-08-27T04:34:36Z</time>
        <extensions>
          <gpxtpx:TrackPointExtension>
            <gpxtpx:hr>116</gpxtpx:hr>
          </gpxtpx:TrackPointExtension>
        </extensions>
      </trkpt>
      <trkpt lat="1.380117626013088" lon="103.89147386881626">
        <ele>0</ele>
        <time>2026-08-27T04:34:37Z</time>
        <extensions>
          <gpxtpx:TrackPointExtension>
            <gpxtpx:hr>116</gpxtpx:hr>
          </gpxtpx:TrackPointExtension>
        </extensions>
      </trkpt>
      <trkpt lat="1.3801400536500374" lon="103.89147474070991">
        <ele>0</ele>
        <time>2026-08-27T04:34:38Z</time>
        <extensions>
          <gpxtpx:TrackPointExtension>
            <gpxtpx:hr>116</gpxtpx:hr>
          </gpxtpx:TrackPointExtension>
        </extensions>
      </trkpt>
      <trkpt lat="1.38016447613187" lon="103.89147523198729">
        <ele>0</ele>
        <time>2026-08-27T04:34:39Z</time>
        <extensions>
          <gpxtpx:TrackPointExtension>
            <gpxtpx:hr>116</gpxtpx:hr>
          </gpxtpx:TrackPointExtension>
        </extensions>
      </trkpt>
      <trkpt lat="1.3801892455381972" lon="103.89147535508326">
        <ele>0</ele>
        <time>2026-08-27T04:34:40Z</time>
        <extensions>
          <gpxtpx:TrackPointExtension>
            <gpxtpx:hr>116</gpxtpx:hr>
          </gpxtpx:TrackPointExtension>
        </extensions>
      </trkpt>
      <trkpt lat="1.380213936546734" lon="103.89147527134195">
        <ele>0</ele>
        <time>2026-08-27T04:34:41Z</time>
        <extensions>
          <gpxtpx:TrackPointExtension>
            <gpxtpx:hr>119</gpxtpx:hr>
          </gpxtpx:TrackPointExtension>
        </extensions>
      </trkpt>
      <trkpt lat="1.3802400471218252" lon="103.89147530592528">
        <ele>0</ele>
        <time>2026-08-27T04:34:42Z</time>
        <extensions>
          <gpxtpx:TrackPointExtension>
            <gpxtpx:hr>119</gpxtpx:hr>
          </gpxtpx:TrackPointExtension>
        </extensions>
      </trkpt>
      <trkpt lat="1.3802677999940638" lon="103.89147535489491">
        <ele>0</ele>
        <time>2026-08-27T04:34:43Z</time>
        <extensions>
          <gpxtpx:TrackPointExtension>
            <gpxtpx:hr>119</gpxtpx:hr>
          </gpxtpx:TrackPointExtension>
        </extensions>
      </trkpt>
      <trkpt lat="1.3802963561074078" lon="103.89147524647345">
        <ele>0</ele>
        <time>2026-08-27T04:34:44Z</time>
        <extensions>
          <gpxtpx:TrackPointExtension>
            <gpxtpx:hr>119</gpxtpx:hr>
          </gpxtpx:TrackPointExtension>
        </extensions>
      </trkpt>
      <trkpt lat="1.3803252970860778" lon="103.89147553598265">
        <ele>0</ele>
        <time>2026-08-27T04:34:45Z</time>
        <extensions>
          <gpxtpx:TrackPointExtension>
            <gpxtpx:hr>119</gpxtpx:hr>
          </gpxtpx:TrackPointExtension>
        </extensions>
      </trkpt>
      <trkpt lat="1.3803542836002503" lon="103.89147639227127">
        <ele>0</ele>
        <time>2026-08-27T04:34:46Z</time>
        <extensions>
          <gpxtpx:TrackPointExtension>
            <gpxtpx:hr>119</gpxtpx:hr>
          </gpxtpx:TrackPointExtension>
        </extensions>
      </trkpt>
      <trkpt lat="1.3803834933983865" lon="103.89147768720463">
        <ele>0</ele>
        <time>2026-08-27T04:34:47Z</time>
        <extensions>
          <gpxtpx:TrackPointExtension>
            <gpxtpx:hr>119</gpxtpx:hr>
          </gpxtpx:TrackPointExtension>
        </extensions>
      </trkpt>
      <trkpt lat="1.38041315785525" lon="103.89147949998527">
        <ele>0</ele>
        <time>2026-08-27T04:34:48Z</time>
        <extensions>
          <gpxtpx:TrackPointExtension>
            <gpxtpx:hr>125</gpxtpx:hr>
          </gpxtpx:TrackPointExtension>
        </extensions>
      </trkpt>
      <trkpt lat="1.3804433052186849" lon="103.89148166007439">
        <ele>0</ele>
        <time>2026-08-27T04:34:49Z</time>
        <extensions>
          <gpxtpx:TrackPointExtension>
            <gpxtpx:hr>125</gpxtpx:hr>
          </gpxtpx:TrackPointExtension>
        </extensions>
      </trkpt>
      <trkpt lat="1.380473513298885" lon="103.89148395073204">
        <ele>0</ele>
        <time>2026-08-27T04:34:50Z</time>
        <extensions>
          <gpxtpx:TrackPointExtension>
            <gpxtpx:hr>125</gpxtpx:hr>
          </gpxtpx:TrackPointExtension>
        </extensions>
      </trkpt>
      <trkpt lat="1.3805038054092817" lon="103.89148616777415">
        <ele>0</ele>
        <time>2026-08-27T04:34:51Z</time>
        <extensions>
          <gpxtpx:TrackPointExtension>
            <gpxtpx:hr>125</gpxtpx:hr>
          </gpxtpx:TrackPointExtension>
        </extensions>
      </trkpt>
      <trkpt lat="1.3805352571582958" lon="103.89148812810825">
        <ele>0</ele>
        <time>2026-08-27T04:34:52Z</time>
        <extensions>
          <gpxtpx:TrackPointExtension>
            <gpxtpx:hr>125</gpxtpx:hr>
          </gpxtpx:TrackPointExtension>
        </extensions>
      </trkpt>
      <trkpt lat="1.3805682150654648" lon="103.8914899721955">
        <ele>0</ele>
        <time>2026-08-27T04:34:53Z</time>
        <extensions>
          <gpxtpx:TrackPointExtension>
            <gpxtpx:hr>127</gpxtpx:hr>
          </gpxtpx:TrackPointExtension>
        </extensions>
      </trkpt>
      <trkpt lat="1.3806016364231242" lon="103.89149211082304">
        <ele>0</ele>
        <time>2026-08-27T04:34:54Z</time>
        <extensions>
          <gpxtpx:TrackPointExtension>
            <gpxtpx:hr>127</gpxtpx:hr>
          </gpxtpx:TrackPointExtension>
        </extensions>
      </trkpt>
      <trkpt lat="1.380634968382377" lon="103.89149451522755">
        <ele>0</ele>
        <time>2026-08-27T04:34:55Z</time>
        <extensions>
          <gpxtpx:TrackPointExtension>
            <gpxtpx:hr>127</gpxtpx:hr>
          </gpxtpx:TrackPointExtension>
        </extensions>
      </trkpt>
      <trkpt lat="1.3806662523592848" lon="103.89149706429798">
        <ele>0</ele>
        <time>2026-08-27T04:34:56Z</time>
        <extensions>
          <gpxtpx:TrackPointExtension>
            <gpxtpx:hr>128</gpxtpx:hr>
          </gpxtpx:TrackPointExtension>
        </extensions>
      </trkpt>
      <trkpt lat="1.3806954262480726" lon="103.89149938911467">
        <ele>0</ele>
        <time>2026-08-27T04:34:57Z</time>
        <extensions>
          <gpxtpx:TrackPointExtension>
            <gpxtpx:hr>128</gpxtpx:hr>
          </gpxtpx:TrackPointExtension>
        </extensions>
      </trkpt>
      <trkpt lat="1.380723303379182" lon="103.8915012786374">
        <ele>0</ele>
        <time>2026-08-27T04:34:58Z</time>
        <extensions>
          <gpxtpx:TrackPointExtension>
            <gpxtpx:hr>128</gpxtpx:hr>
          </gpxtpx:TrackPointExtension>
        </extensions>
      </trkpt>
      <trkpt lat="1.380749190609359" lon="103.89150293052994">
        <ele>0</ele>
        <time>2026-08-27T04:34:59Z</time>
        <extensions>
          <gpxtpx:TrackPointExtension>
            <gpxtpx:hr>128</gpxtpx:hr>
          </gpxtpx:TrackPointExtension>
        </extensions>
      </trkpt>
      <trkpt lat="1.3807730312368927" lon="103.89150307606263">
        <ele>0</ele>
        <time>2026-08-27T04:35:00Z</time>
        <extensions>
          <gpxtpx:TrackPointExtension>
            <gpxtpx:hr>130</gpxtpx:hr>
          </gpxtpx:TrackPointExtension>
        </extensions>
      </trkpt>
      <trkpt lat="1.3807951975274748" lon="103.89149931048236">
        <ele>0</ele>
        <time>2026-08-27T04:35:01Z</time>
        <extensions>
          <gpxtpx:TrackPointExtension>
            <gpxtpx:hr>130</gpxtpx:hr>
          </gpxtpx:TrackPointExtension>
        </extensions>
      </trkpt>
      <trkpt lat="1.380815272926869" lon="103.89149045657825">
        <ele>0</ele>
        <time>2026-08-27T04:35:02Z</time>
        <extensions>
          <gpxtpx:TrackPointExtension>
            <gpxtpx:hr>130</gpxtpx:hr>
          </gpxtpx:TrackPointExtension>
        </extensions>
      </trkpt>
      <trkpt lat="1.380833441020104" lon="103.89148010983482">
        <ele>0</ele>
        <time>2026-08-27T04:35:03Z</time>
        <extensions>
          <gpxtpx:TrackPointExtension>
            <gpxtpx:hr>130</gpxtpx:hr>
          </gpxtpx:TrackPointExtension>
        </extensions>
      </trkpt>
      <trkpt lat="1.3808505943902287" lon="103.89147216635583">
        <ele>0</ele>
        <time>2026-08-27T04:35:04Z</time>
        <extensions>
          <gpxtpx:TrackPointExtension>
            <gpxtpx:hr>137</gpxtpx:hr>
          </gpxtpx:TrackPointExtension>
        </extensions>
      </trkpt>
      <trkpt lat="1.3808670547754514" lon="103.89146642281189">
        <ele>0</ele>
        <time>2026-08-27T04:35:05Z</time>
        <extensions>
          <gpxtpx:TrackPointExtension>
            <gpxtpx:hr>137</gpxtpx:hr>
          </gpxtpx:TrackPointExtension>
        </extensions>
      </trkpt>
      <trkpt lat="1.3808837775597336" lon="103.89146494112435">
        <ele>0</ele>
        <time>2026-08-27T04:35:06Z</time>
        <extensions>
          <gpxtpx:TrackPointExtension>
            <gpxtpx:hr>137</gpxtpx:hr>
          </gpxtpx:TrackPointExtension>
        </extensions>
      </trkpt>
      <trkpt lat="1.3808998245889208" lon="103.89147027898265">
        <ele>0</ele>
        <time>2026-08-27T04:35:07Z</time>
        <extensions>
          <gpxtpx:TrackPointExtension>
            <gpxtpx:hr>137</gpxtpx:hr>
          </gpxtpx:TrackPointExtension>
        </extensions>
      </trkpt>
      <trkpt lat="1.3809146356458677" lon="103.89148089453585">
        <ele>0</ele>
        <time>2026-08-27T04:35:08Z</time>
        <extensions>
          <gpxtpx:TrackPointExtension>
            <gpxtpx:hr>137</gpxtpx:hr>
          </gpxtpx:TrackPointExtension>
        </extensions>
      </trkpt>
      <trkpt lat="1.3809285935965439" lon="103.89149423075104">
        <ele>0</ele>
        <time>2026-08-27T04:35:09Z</time>
        <extensions>
          <gpxtpx:TrackPointExtension>
            <gpxtpx:hr>137</gpxtpx:hr>
          </gpxtpx:TrackPointExtension>
        </extensions>
      </trkpt>
      <trkpt lat="1.3809420914172232" lon="103.89150807621621">
        <ele>0</ele>
        <time>2026-08-27T04:35:10Z</time>
        <extensions>
          <gpxtpx:TrackPointExtension>
            <gpxtpx:hr>137</gpxtpx:hr>
          </gpxtpx:TrackPointExtension>
        </extensions>
      </trkpt>
      <trkpt lat="1.3809549186482477" lon="103.89151857413903">
        <ele>0</ele>
        <time>2026-08-27T04:35:11Z</time>
        <extensions>
          <gpxtpx:TrackPointExtension>
            <gpxtpx:hr>141</gpxtpx:hr>
          </gpxtpx:TrackPointExtension>
        </extensions>
      </trkpt>
      <trkpt lat="1.380967456447662" lon="103.8915270018778">
        <ele>0</ele>
        <time>2026-08-27T04:35:12Z</time>
        <extensions>
          <gpxtpx:TrackPointExtension>
            <gpxtpx:hr>141</gpxtpx:hr>
          </gpxtpx:TrackPointExtension>
        </extensions>
      </trkpt>
      <trkpt lat="1.3809837640344687" lon="103.89153564369903">
        <ele>0</ele>
        <time>2026-08-27T04:35:13Z</time>
        <extensions>
          <gpxtpx:TrackPointExtension>
            <gpxtpx:hr>141</gpxtpx:hr>
          </gpxtpx:TrackPointExtension>
        </extensions>
      </trkpt>
      <trkpt lat="1.3810039580461773" lon="103.89154241507994">
        <ele>0</ele>
        <time>2026-08-27T04:35:14Z</time>
        <extensions>
          <gpxtpx:TrackPointExtension>
            <gpxtpx:hr>141</gpxtpx:hr>
          </gpxtpx:TrackPointExtension>
        </extensions>
      </trkpt>
      <trkpt lat="1.3810283406023758" lon="103.89154727640002">
        <ele>0</ele>
        <time>2026-08-27T04:35:15Z</time>
        <extensions>
          <gpxtpx:TrackPointExtension>
            <gpxtpx:hr>141</gpxtpx:hr>
          </gpxtpx:TrackPointExtension>
        </extensions>
      </trkpt>
      <trkpt lat="1.3810565815589155" lon="103.89154960961916">
        <ele>0</ele>
        <time>2026-08-27T04:35:16Z</time>
        <extensions>
          <gpxtpx:TrackPointExtension>
            <gpxtpx:hr>141</gpxtpx:hr>
          </gpxtpx:TrackPointExtension>
        </extensions>
      </trkpt>
      <trkpt lat="1.38108389248588" lon="103.89154935358923">
        <ele>0</ele>
        <time>2026-08-27T04:35:17Z</time>
        <extensions>
          <gpxtpx:TrackPointExtension>
            <gpxtpx:hr>141</gpxtpx:hr>
          </gpxtpx:TrackPointExtension>
        </extensions>
      </trkpt>
      <trkpt lat="1.3811098498556433" lon="103.89154750316493">
        <ele>0</ele>
        <time>2026-08-27T04:35:18Z</time>
        <extensions>
          <gpxtpx:TrackPointExtension>
            <gpxtpx:hr>143</gpxtpx:hr>
          </gpxtpx:TrackPointExtension>
        </extensions>
      </trkpt>
      <trkpt lat="1.3811347911035317" lon="103.89154322731794">
        <ele>0</ele>
        <time>2026-08-27T04:35:19Z</time>
        <extensions>
          <gpxtpx:TrackPointExtension>
            <gpxtpx:hr>143</gpxtpx:hr>
          </gpxtpx:TrackPointExtension>
        </extensions>
      </trkpt>
      <trkpt lat="1.38115745499233" lon="103.891537769999">
        <ele>0</ele>
        <time>2026-08-27T04:35:20Z</time>
        <extensions>
          <gpxtpx:TrackPointExtension>
            <gpxtpx:hr>143</gpxtpx:hr>
          </gpxtpx:TrackPointExtension>
        </extensions>
      </trkpt>
      <trkpt lat="1.3811773626328732" lon="103.89153278062679">
        <ele>0</ele>
        <time>2026-08-27T04:35:21Z</time>
        <extensions>
          <gpxtpx:TrackPointExtension>
            <gpxtpx:hr>144</gpxtpx:hr>
          </gpxtpx:TrackPointExtension>
        </extensions>
      </trkpt>
      <trkpt lat="1.381197018123108" lon="103.89152806203984">
        <ele>0</ele>
        <time>2026-08-27T04:35:22Z</time>
        <extensions>
          <gpxtpx:TrackPointExtension>
            <gpxtpx:hr>144</gpxtpx:hr>
          </gpxtpx:TrackPointExtension>
        </extensions>
      </trkpt>
      <trkpt lat="1.381219251509257" lon="103.89152344260498">
        <ele>0</ele>
        <time>2026-08-27T04:35:23Z</time>
        <extensions>
          <gpxtpx:TrackPointExtension>
            <gpxtpx:hr>144</gpxtpx:hr>
          </gpxtpx:TrackPointExtension>
        </extensions>
      </trkpt>
      <trkpt lat="1.3812424105151893" lon="103.89152021270488">
        <ele>0</ele>
        <time>2026-08-27T04:35:24Z</time>
        <extensions>
          <gpxtpx:TrackPointExtension>
            <gpxtpx:hr>144</gpxtpx:hr>
          </gpxtpx:TrackPointExtension>
        </extensions>
      </trkpt>
      <trkpt lat="1.38126485611376" lon="103.89152124650323">
        <ele>0</ele>
        <time>2026-08-27T04:35:25Z</time>
        <extensions>
          <gpxtpx:TrackPointExtension>
            <gpxtpx:hr>144</gpxtpx:hr>
          </gpxtpx:TrackPointExtension>
        </extensions>
      </trkpt>
      <trkpt lat="1.3812844676038922" lon="103.89152677659543">
        <ele>0</ele>
        <time>2026-08-27T04:35:26Z</time>
        <extensions>
          <gpxtpx:TrackPointExtension>
            <gpxtpx:hr>144</gpxtpx:hr>
          </gpxtpx:TrackPointExtension>
        </extensions>
      </trkpt>
      <trkpt lat="1.3812989183762452" lon="103.89153445186619">
        <ele>0</ele>
        <time>2026-08-27T04:35:27Z</time>
        <extensions>
          <gpxtpx:TrackPointExtension>
            <gpxtpx:hr>143</gpxtpx:hr>
          </gpxtpx:TrackPointExtension>
        </extensions>
      </trkpt>
      <trkpt lat="1.381310802060994" lon="103.89154239517826">
        <ele>0</ele>
        <time>2026-08-27T04:35:28Z</time>
        <extensions>
          <gpxtpx:TrackPointExtension>
            <gpxtpx:hr>143</gpxtpx:hr>
          </gpxtpx:TrackPointExtension>
        </extensions>
      </trkpt>
      <trkpt lat="1.3813235365195236" lon="103.89154883996376">
        <ele>0</ele>
        <time>2026-08-27T04:35:29Z</time>
        <extensions>
          <gpxtpx:TrackPointExtension>
            <gpxtpx:hr>143</gpxtpx:hr>
          </gpxtpx:TrackPointExtension>
        </extensions>
      </trkpt>
      <trkpt lat="1.381337827436397" lon="103.89155306438987">
        <ele>0</ele>
        <time>2026-08-27T04:35:30Z</time>
        <extensions>
          <gpxtpx:TrackPointExtension>
            <gpxtpx:hr>143</gpxtpx:hr>
          </gpxtpx:TrackPointExtension>
        </extensions>
      </trkpt>
      <trkpt lat="1.3813531490413726" lon="103.89155451367466">
        <ele>0</ele>
        <time>2026-08-27T04:35:31Z</time>
        <extensions>
          <gpxtpx:TrackPointExtension>
            <gpxtpx:hr>142</gpxtpx:hr>
          </gpxtpx:TrackPointExtension>
        </extensions>
      </trkpt>
      <trkpt lat="1.3813680254763232" lon="103.89155376684289">
        <ele>0</ele>
        <time>2026-08-27T04:35:32Z</time>
        <extensions>
          <gpxtpx:TrackPointExtension>
            <gpxtpx:hr>142</gpxtpx:hr>
          </gpxtpx:TrackPointExtension>
        </extensions>
      </trkpt>
      <trkpt lat="1.381382975977978" lon="103.89155308376827">
        <ele>0</ele>
        <time>2026-08-27T04:35:33Z</time>
        <extensions>
          <gpxtpx:TrackPointExtension>
            <gpxtpx:hr>142</gpxtpx:hr>
          </gpxtpx:TrackPointExtension>
        </extensions>
      </trkpt>
      <trkpt lat="1.3813985601455827" lon="103.89155271316623">
        <ele>0</ele>
        <time>2026-08-27T04:35:34Z</time>
        <extensions>
          <gpxtpx:TrackPointExtension>
            <gpxtpx:hr>142</gpxtpx:hr>
          </gpxtpx:TrackPointExtension>
        </extensions>
      </trkpt>
      <trkpt lat="1.3814138540586798" lon="103.89155044382049">
        <ele>0</ele>
        <time>2026-08-27T04:35:35Z</time>
        <extensions>
          <gpxtpx:TrackPointExtension>
            <gpxtpx:hr>139</gpxtpx:hr>
          </gpxtpx:TrackPointExtension>
        </extensions>
      </trkpt>
      <trkpt lat="1.3814260030544472" lon="103.89154692586244">
        <ele>0</ele>
        <time>2026-08-27T04:35:36Z</time>
        <extensions>
          <gpxtpx:TrackPointExtension>
            <gpxtpx:hr>139</gpxtpx:hr>
          </gpxtpx:TrackPointExtension>
        </extensions>
      </trkpt>
      <trkpt lat="1.3814345554343601" lon="103.89154260794542">
        <ele>0</ele>
        <time>2026-08-27T04:35:37Z</time>
        <extensions>
          <gpxtpx:TrackPointExtension>
            <gpxtpx:hr>139</gpxtpx:hr>
          </gpxtpx:TrackPointExtension>
        </extensions>
      </trkpt>
      <trkpt lat="1.3814438773022166" lon="103.89153824212002">
        <ele>0</ele>
        <time>2026-08-27T04:35:38Z</time>
        <extensions>
          <gpxtpx:TrackPointExtension>
            <gpxtpx:hr>139</gpxtpx:hr>
          </gpxtpx:TrackPointExtension>
        </extensions>
      </trkpt>
      <trkpt lat="1.38145491034764" lon="103.89153611752519">
        <ele>0</ele>
        <time>2026-08-27T04:35:39Z</time>
        <extensions>
          <gpxtpx:TrackPointExtension>
            <gpxtpx:hr>139</gpxtpx:hr>
          </gpxtpx:TrackPointExtension>
        </extensions>
      </trkpt>
      <trkpt lat="1.381466296215068" lon="103.89153540935054">
        <ele>0</ele>
        <time>2026-08-27T04:35:40Z</time>
        <extensions>
          <gpxtpx:TrackPointExtension>
            <gpxtpx:hr>139</gpxtpx:hr>
          </gpxtpx:TrackPointExtension>
        </extensions>
      </trkpt>
      <trkpt lat="1.3814774586267884" lon="103.89153490390659">
        <ele>0</ele>
        <time>2026-08-27T04:35:41Z</time>
        <extensions>
          <gpxtpx:TrackPointExtension>
            <gpxtpx:hr>139</gpxtpx:hr>
          </gpxtpx:TrackPointExtension>
        </extensions>
      </trkpt>
      <trkpt lat="1.3814880429360785" lon="103.89153411910979">
        <ele>0</ele>
        <time>2026-08-27T04:35:42Z</time>
        <extensions>
          <gpxtpx:TrackPointExtension>
            <gpxtpx:hr>134</gpxtpx:hr>
          </gpxtpx:TrackPointExtension>
        </extensions>
      </trkpt>
      <trkpt lat="1.3814988546353062" lon="103.891533361696">
        <ele>0</ele>
        <time>2026-08-27T04:35:43Z</time>
        <extensions>
          <gpxtpx:TrackPointExtension>
            <gpxtpx:hr>134</gpxtpx:hr>
          </gpxtpx:TrackPointExtension>
        </extensions>
      </trkpt>
      <trkpt lat="1.38151002691647" lon="103.89153138555724">
        <ele>0</ele>
        <time>2026-08-27T04:35:44Z</time>
        <extensions>
          <gpxtpx:TrackPointExtension>
            <gpxtpx:hr>134</gpxtpx:hr>
          </gpxtpx:TrackPointExtension>
        </extensions>
      </trkpt>
      <trkpt lat="1.3815210059724612" lon="103.89152866661296">
        <ele>0</ele>
        <time>2026-08-27T04:35:45Z</time>
        <extensions>
          <gpxtpx:TrackPointExtension>
            <gpxtpx:hr>134</gpxtpx:hr>
          </gpxtpx:TrackPointExtension>
        </extensions>
      </trkpt>
      <trkpt lat="1.3815319386593574" lon="103.89152615945994">
        <ele>0</ele>
        <time>2026-08-27T04:35:46Z</time>
        <extensions>
          <gpxtpx:TrackPointExtension>
            <gpxtpx:hr>134</gpxtpx:hr>
          </gpxtpx:TrackPointExtension>
        </extensions>
      </trkpt>
      <trkpt lat="1.3815434543268212" lon="103.89152325085821">
        <ele>0</ele>
        <time>2026-08-27T04:35:47Z</time>
        <extensions>
          <gpxtpx:TrackPointExtension>
            <gpxtpx:hr>134</gpxtpx:hr>
          </gpxtpx:TrackPointExtension>
        </extensions>
      </trkpt>
      <trkpt lat="1.3815553596545451" lon="103.89152000322953">
        <ele>0</ele>
        <time>2026-08-27T04:35:48Z</time>
        <extensions>
          <gpxtpx:TrackPointExtension>
            <gpxtpx:hr>134</gpxtpx:hr>
          </gpxtpx:TrackPointExtension>
        </extensions>
      </trkpt>
      <trkpt lat="1.3815659849448083" lon="103.89151626713581">
        <ele>0</ele>
        <time>2026-08-27T04:35:49Z</time>
        <extensions>
          <gpxtpx:TrackPointExtension>
            <gpxtpx:hr>137</gpxtpx:hr>
          </gpxtpx:TrackPointExtension>
        </extensions>
      </trkpt>
      <trkpt lat="1.3815748585681464" lon="103.89151288726597">
        <ele>0</ele>
        <time>2026-08-27T04:35:50Z</time>
        <extensions>
          <gpxtpx:TrackPointExtension>
            <gpxtpx:hr>137</gpxtpx:hr>
          </gpxtpx:TrackPointExtension>
        </extensions>
      </trkpt>
      <trkpt lat="1.381583512941086" lon="103.89151066438488">
        <ele>0</ele>
        <time>2026-08-27T04:35:51Z</time>
        <extensions>
          <gpxtpx:TrackPointExtension>
            <gpxtpx:hr>137</gpxtpx:hr>
          </gpxtpx:TrackPointExtension>
        </extensions>
      </trkpt>
      <trkpt lat="1.381595430460487" lon="103.89150435869755">
        <ele>0</ele>
        <time>2026-08-27T04:35:52Z</time>
        <extensions>
          <gpxtpx:TrackPointExtension>
            <gpxtpx:hr>137</gpxtpx:hr>
          </gpxtpx:TrackPointExtension>
        </extensions>
      </trkpt>
      <trkpt lat="1.3816114509731918" lon="103.89149469440078">
        <ele>0</ele>
        <time>2026-08-27T04:35:53Z</time>
        <extensions>
          <gpxtpx:TrackPointExtension>
            <gpxtpx:hr>137</gpxtpx:hr>
          </gpxtpx:TrackPointExtension>
        </extensions>
      </trkpt>
      <trkpt lat="1.3816296984570562" lon="103.89148939245781">
        <ele>0</ele>
        <time>2026-08-27T04:35:54Z</time>
        <extensions>
          <gpxtpx:TrackPointExtension>
            <gpxtpx:hr>137</gpxtpx:hr>
          </gpxtpx:TrackPointExtension>
        </extensions>
      </trkpt>
      <trkpt lat="1.3816495100159711" lon="103.89148734054163">
        <ele>0</ele>
        <time>2026-08-27T04:35:55Z</time>
        <extensions>
          <gpxtpx:TrackPointExtension>
            <gpxtpx:hr>139</gpxtpx:hr>
          </gpxtpx:TrackPointExtension>
        </extensions>
      </trkpt>
      <trkpt lat="1.3816705357318217" lon="103.8914852905266">
        <ele>0</ele>
        <time>2026-08-27T04:35:56Z</time>
        <extensions>
          <gpxtpx:TrackPointExtension>
            <gpxtpx:hr>139</gpxtpx:hr>
          </gpxtpx:TrackPointExtension>
        </extensions>
      </trkpt>
      <trkpt lat="1.3816914815542176" lon="103.89148358638236">
        <ele>0</ele>
        <time>2026-08-27T04:35:57Z</time>
        <extensions>
          <gpxtpx:TrackPointExtension>
            <gpxtpx:hr>139</gpxtpx:hr>
          </gpxtpx:TrackPointExtension>
        </extensions>
      </trkpt>
      <trkpt lat="1.3817119742042172" lon="103.89148285874099">
        <ele>0</ele>
        <time>2026-08-27T04:35:58Z</time>
        <extensions>
          <gpxtpx:TrackPointExtension>
            <gpxtpx:hr>139</gpxtpx:hr>
          </gpxtpx:TrackPointExtension>
        </extensions>
      </trkpt>
      <trkpt lat="1.381732806283904" lon="103.8914824731323">
        <ele>0</ele>
        <time>2026-08-27T04:35:59Z</time>
        <extensions>
          <gpxtpx:TrackPointExtension>
            <gpxtpx:hr>139</gpxtpx:hr>
          </gpxtpx:TrackPointExtension>
        </extensions>
      </trkpt>
      <trkpt lat="1.3817538253912727" lon="103.89148152292783">
        <ele>0</ele>
        <time>2026-08-27T04:36:00Z</time>
        <extensions>
          <gpxtpx:TrackPointExtension>
            <gpxtpx:hr>139</gpxtpx:hr>
          </gpxtpx:TrackPointExtension>
        </extensions>
      </trkpt>
      <trkpt lat="1.3817749877459113" lon="103.89147953751953">
        <ele>0</ele>
        <time>2026-08-27T04:36:01Z</time>
        <extensions>
          <gpxtpx:TrackPointExtension>
            <gpxtpx:hr>139</gpxtpx:hr>
          </gpxtpx:TrackPointExtension>
        </extensions>
      </trkpt>
      <trkpt lat="1.3817963518286398" lon="103.89147639568172">
        <ele>0</ele>
        <time>2026-08-27T04:36:02Z</time>
        <extensions>
          <gpxtpx:TrackPointExtension>
            <gpxtpx:hr>139</gpxtpx:hr>
          </gpxtpx:TrackPointExtension>
        </extensions>
      </trkpt>
      <trkpt lat="1.3818181182925648" lon="103.89147247595209">
        <ele>0</ele>
        <time>2026-08-27T04:36:03Z</time>
        <extensions>
          <gpxtpx:TrackPointExtension>
            <gpxtpx:hr>139</gpxtpx:hr>
          </gpxtpx:TrackPointExtension>
        </extensions>
      </trkpt>
      <trkpt lat="1.3818400003349816" lon="103.89146809714904">
        <ele>0</ele>
        <time>2026-08-27T04:36:04Z</time>
        <extensions>
          <gpxtpx:TrackPointExtension>
            <gpxtpx:hr>139</gpxtpx:hr>
          </gpxtpx:TrackPointExtension>
        </extensions>
      </trkpt>
      <trkpt lat="1.3818613896446301" lon="103.89146340324952">
        <ele>0</ele>
        <time>2026-08-27T04:36:05Z</time>
        <extensions>
          <gpxtpx:TrackPointExtension>
            <gpxtpx:hr>139</gpxtpx:hr>
          </gpxtpx:TrackPointExtension>
        </extensions>
      </trkpt>
      <trkpt lat="1.3818797402478507" lon="103.89145624379975">
        <ele>0</ele>
        <time>2026-08-27T04:36:06Z</time>
        <extensions>
          <gpxtpx:TrackPointExtension>
            <gpxtpx:hr>139</gpxtpx:hr>
          </gpxtpx:TrackPointExtension>
        </extensions>
      </trkpt>
      <trkpt lat="1.3818930777595482" lon="103.89144786090945">
        <ele>0</ele>
        <time>2026-08-27T04:36:07Z</time>
        <extensions>
          <gpxtpx:TrackPointExtension>
            <gpxtpx:hr>142</gpxtpx:hr>
          </gpxtpx:TrackPointExtension>
        </extensions>
      </trkpt>
      <trkpt lat="1.3819036100171356" lon="103.89144178087646">
        <ele>0</ele>
        <time>2026-08-27T04:36:08Z</time>
        <extensions>
          <gpxtpx:TrackPointExtension>
            <gpxtpx:hr>142</gpxtpx:hr>
          </gpxtpx:TrackPointExtension>
        </extensions>
      </trkpt>
      <trkpt lat="1.3819092333618601" lon="103.8914389942487">
        <ele>0</ele>
        <time>2026-08-27T04:36:09Z</time>
        <extensions>
          <gpxtpx:TrackPointExtension>
            <gpxtpx:hr>142</gpxtpx:hr>
          </gpxtpx:TrackPointExtension>
        </extensions>
      </trkpt>
      <trkpt lat="1.3819126078819761" lon="103.89143706487283">
        <ele>0</ele>
        <time>2026-08-27T04:36:10Z</time>
        <extensions>
          <gpxtpx:TrackPointExtension>
            <gpxtpx:hr>142</gpxtpx:hr>
          </gpxtpx:TrackPointExtension>
        </extensions>
      </trkpt>
      <trkpt lat="1.3819179974697113" lon="103.89143458116571">
        <ele>0</ele>
        <time>2026-08-27T04:36:11Z</time>
        <extensions>
          <gpxtpx:TrackPointExtension>
            <gpxtpx:hr>142</gpxtpx:hr>
          </gpxtpx:TrackPointExtension>
        </extensions>
      </trkpt>
      <trkpt lat="1.3819232077083072" lon="103.89143282612298">
        <ele>0</ele>
        <time>2026-08-27T04:36:12Z</time>
        <extensions>
          <gpxtpx:TrackPointExtension>
            <gpxtpx:hr>142</gpxtpx:hr>
          </gpxtpx:TrackPointExtension>
        </extensions>
      </trkpt>
      <trkpt lat="1.3819290471150651" lon="103.89143026297754">
        <ele>0</ele>
        <time>2026-08-27T04:36:13Z</time>
        <extensions>
          <gpxtpx:TrackPointExtension>
            <gpxtpx:hr>140</gpxtpx:hr>
          </gpxtpx:TrackPointExtension>
        </extensions>
      </trkpt>
      <trkpt lat="1.3819355774962188" lon="103.8914265173601">
        <ele>0</ele>
        <time>2026-08-27T04:36:14Z</time>
        <extensions>
          <gpxtpx:TrackPointExtension>
            <gpxtpx:hr>140</gpxtpx:hr>
          </gpxtpx:TrackPointExtension>
        </extensions>
      </trkpt>
      <trkpt lat="1.3819422216190644" lon="103.89142287848982">
        <ele>0</ele>
        <time>2026-08-27T04:36:15Z</time>
        <extensions>
          <gpxtpx:TrackPointExtension>
            <gpxtpx:hr>140</gpxtpx:hr>
          </gpxtpx:TrackPointExtension>
        </extensions>
      </trkpt>
      <trkpt lat="1.3819490836973674" lon="103.89141945226478">
        <ele>0</ele>
        <time>2026-08-27T04:36:16Z</time>
        <extensions>
          <gpxtpx:TrackPointExtension>
            <gpxtpx:hr>140</gpxtpx:hr>
          </gpxtpx:TrackPointExtension>
        </extensions>
      </trkpt>
      <trkpt lat="1.381955916553504" lon="103.89141597533707">
        <ele>0</ele>
        <time>2026-08-27T04:36:17Z</time>
        <extensions>
          <gpxtpx:TrackPointExtension>
            <gpxtpx:hr>140</gpxtpx:hr>
          </gpxtpx:TrackPointExtension>
        </extensions>
      </trkpt>
      <trkpt lat="1.3819631999850186" lon="103.89141249625482">
        <ele>0</ele>
        <time>2026-08-27T04:36:18Z</time>
        <extensions>
          <gpxtpx:TrackPointExtension>
            <gpxtpx:hr>140</gpxtpx:hr>
          </gpxtpx:TrackPointExtension>
        </extensions>
      </trkpt>
      <trkpt lat="1.3819707558760377" lon="103.89141316612489">
        <ele>0</ele>
        <time>2026-08-27T04:36:19Z</time>
        <extensions>
          <gpxtpx:TrackPointExtension>
            <gpxtpx:hr>140</gpxtpx:hr>
          </gpxtpx:TrackPointExtension>
        </extensions>
      </trkpt>
      <trkpt lat="1.3819778802043952" lon="103.89141824616874">
        <ele>0</ele>
        <time>2026-08-27T04:36:20Z</time>
        <extensions>
          <gpxtpx:TrackPointExtension>
            <gpxtpx:hr>140</gpxtpx:hr>
          </gpxtpx:TrackPointExtension>
        </extensions>
      </trkpt>
      <trkpt lat="1.3819841222547455" lon="103.89142279390214">
        <ele>0</ele>
        <time>2026-08-27T04:36:21Z</time>
        <extensions>
          <gpxtpx:TrackPointExtension>
            <gpxtpx:hr>136</gpxtpx:hr>
          </gpxtpx:TrackPointExtension>
        </extensions>
      </trkpt>
      <trkpt lat="1.3819883514555502" lon="103.89142635810065">
        <ele>0</ele>
        <time>2026-08-27T04:36:22Z</time>
        <extensions>
          <gpxtpx:TrackPointExtension>
            <gpxtpx:hr>136</gpxtpx:hr>
          </gpxtpx:TrackPointExtension>
        </extensions>
      </trkpt>
      <trkpt lat="1.3819912064661024" lon="103.89142950772954">
        <ele>0</ele>
        <time>2026-08-27T04:36:23Z</time>
        <extensions>
          <gpxtpx:TrackPointExtension>
            <gpxtpx:hr>136</gpxtpx:hr>
          </gpxtpx:TrackPointExtension>
        </extensions>
      </trkpt>
      <trkpt lat="1.3819937823692365" lon="103.89143241024787">
        <ele>0</ele>
        <time>2026-08-27T04:36:24Z</time>
        <extensions>
          <gpxtpx:TrackPointExtension>
            <gpxtpx:hr>136</gpxtpx:hr>
          </gpxtpx:TrackPointExtension>
        </extensions>
      </trkpt>
      <trkpt lat="1.3819952354876577" lon="103.89143394232353">
        <ele>0</ele>
        <time>2026-08-27T04:36:25Z</time>
        <extensions>
          <gpxtpx:TrackPointExtension>
            <gpxtpx:hr>136</gpxtpx:hr>
          </gpxtpx:TrackPointExtension>
        </extensions>
      </trkpt>
      <trkpt lat="1.3819962556856298" lon="103.89143466643834">
        <ele>0</ele>
        <time>2026-08-27T04:36:26Z</time>
        <extensions>
          <gpxtpx:TrackPointExtension>
            <gpxtpx:hr>136</gpxtpx:hr>
          </gpxtpx:TrackPointExtension>
        </extensions>
      </trkpt>
      <trkpt lat="1.3819981955757195" lon="103.89143604530425">
        <ele>0</ele>
        <time>2026-08-27T04:36:27Z</time>
        <extensions>
          <gpxtpx:TrackPointExtension>
            <gpxtpx:hr>129</gpxtpx:hr>
          </gpxtpx:TrackPointExtension>
        </extensions>
      </trkpt>
      <trkpt lat="1.3819997665177841" lon="103.89143772909021">
        <ele>0</ele>
        <time>2026-08-27T04:36:28Z</time>
        <extensions>
          <gpxtpx:TrackPointExtension>
            <gpxtpx:hr>129</gpxtpx:hr>
          </gpxtpx:TrackPointExtension>
        </extensions>
      </trkpt>
      <trkpt lat="1.3820000524017637" lon="103.89143902528194">
        <ele>0</ele>
        <time>2026-08-27T04:36:29Z</time>
        <extensions>
          <gpxtpx:TrackPointExtension>
            <gpxtpx:hr>129</gpxtpx:hr>
          </gpxtpx:TrackPointExtension>
        </extensions>
      </trkpt>
      <trkpt lat="1.381999677758395" lon="103.89143980474351">
        <ele>0</ele>
        <time>2026-08-27T04:36:30Z</time>
        <extensions>
          <gpxtpx:TrackPointExtension>
            <gpxtpx:hr>129</gpxtpx:hr>
          </gpxtpx:TrackPointExtension>
        </extensions>
      </trkpt>
      <trkpt lat="1.3819995050736782" lon="103.8914402508334">
        <ele>0</ele>
        <time>2026-08-27T04:36:31Z</time>
        <extensions>
          <gpxtpx:TrackPointExtension>
            <gpxtpx:hr>128</gpxtpx:hr>
          </gpxtpx:TrackPointExtension>
        </extensions>
      </trkpt>
      <trkpt lat="1.3819992131793768" lon="103.89144053324576">
        <ele>0</ele>
        <time>2026-08-27T04:36:32Z</time>
        <extensions>
          <gpxtpx:TrackPointExtension>
            <gpxtpx:hr>128</gpxtpx:hr>
          </gpxtpx:TrackPointExtension>
        </extensions>
      </trkpt>
      <trkpt lat="1.3819984787147341" lon="103.89144096426067">
        <ele>0</ele>
        <time>2026-08-27T04:36:33Z</time>
        <extensions>
          <gpxtpx:TrackPointExtension>
            <gpxtpx:hr>128</gpxtpx:hr>
          </gpxtpx:TrackPointExtension>
        </extensions>
      </trkpt>
      <trkpt lat="1.3819978640665544" lon="103.89144143070055">
        <ele>0</ele>
        <time>2026-08-27T04:36:34Z</time>
        <extensions>
          <gpxtpx:TrackPointExtension>
            <gpxtpx:hr>128</gpxtpx:hr>
          </gpxtpx:TrackPointExtension>
        </extensions>
      </trkpt>
      <trkpt lat="1.381997268332667" lon="103.89144187315674">
        <ele>0</ele>
        <time>2026-08-27T04:36:35Z</time>
        <extensions>
          <gpxtpx:TrackPointExtension>
            <gpxtpx:hr>126</gpxtpx:hr>
          </gpxtpx:TrackPointExtension>
        </extensions>
      </trkpt>
      <trkpt lat="1.3819965330393245" lon="103.8914423199487">
        <ele>0</ele>
        <time>2026-08-27T04:36:36Z</time>
        <extensions>
          <gpxtpx:TrackPointExtension>
            <gpxtpx:hr>126</gpxtpx:hr>
          </gpxtpx:TrackPointExtension>
        </extensions>
      </trkpt>
      <trkpt lat="1.381995694917794" lon="103.8914427176638">
        <ele>0</ele>
        <time>2026-08-27T04:36:37Z</time>
        <extensions>
          <gpxtpx:TrackPointExtension>
            <gpxtpx:hr>126</gpxtpx:hr>
          </gpxtpx:TrackPointExtension>
        </extensions>
      </trkpt>
      <trkpt lat="1.3819947196386153" lon="103.89144306905763">
        <ele>0</ele>
        <time>2026-08-27T04:36:38Z</time>
        <extensions>
          <gpxtpx:TrackPointExtension>
            <gpxtpx:hr>126</gpxtpx:hr>
          </gpxtpx:TrackPointExtension>
        </extensions>
      </trkpt>
      <trkpt lat="1.381993844488971" lon="103.89144348302914">
        <ele>0</ele>
        <time>2026-08-27T04:36:39Z</time>
        <extensions>
          <gpxtpx:TrackPointExtension>
            <gpxtpx:hr>126</gpxtpx:hr>
          </gpxtpx:TrackPointExtension>
        </extensions>
      </trkpt>
      <trkpt lat="1.3819931506428451" lon="103.89144399770548">
        <ele>0</ele>
        <time>2026-08-27T04:36:40Z</time>
        <extensions>
          <gpxtpx:TrackPointExtension>
            <gpxtpx:hr>126</gpxtpx:hr>
          </gpxtpx:TrackPointExtension>
        </extensions>
      </trkpt>
      <trkpt lat="1.3819920032132917" lon="103.89144442232615">
        <ele>0</ele>
        <time>2026-08-27T04:36:41Z</time>
        <extensions>
          <gpxtpx:TrackPointExtension>
            <gpxtpx:hr>121</gpxtpx:hr>
          </gpxtpx:TrackPointExtension>
        </extensions>
      </trkpt>
      <trkpt lat="1.3819861560658113" lon="103.89144321683037">
        <ele>0</ele>
        <time>2026-08-27T04:36:42Z</time>
        <extensions>
          <gpxtpx:TrackPointExtension>
            <gpxtpx:hr>121</gpxtpx:hr>
          </gpxtpx:TrackPointExtension>
        </extensions>
      </trkpt>
      <trkpt lat="1.3819757841793754" lon="103.89144028298085">
        <ele>0</ele>
        <time>2026-08-27T04:36:43Z</time>
        <extensions>
          <gpxtpx:TrackPointExtension>
            <gpxtpx:hr>121</gpxtpx:hr>
          </gpxtpx:TrackPointExtension>
        </extensions>
      </trkpt>
      <trkpt lat="1.3819655602826686" lon="103.89143772605469">
        <ele>0</ele>
        <time>2026-08-27T04:36:44Z</time>
        <extensions>
          <gpxtpx:TrackPointExtension>
            <gpxtpx:hr>121</gpxtpx:hr>
          </gpxtpx:TrackPointExtension>
        </extensions>
      </trkpt>
      <trkpt lat="1.3819570489144073" lon="103.89143582457534">
        <ele>0</ele>
        <time>2026-08-27T04:36:45Z</time>
        <extensions>
          <gpxtpx:TrackPointExtension>
            <gpxtpx:hr>121</gpxtpx:hr>
          </gpxtpx:TrackPointExtension>
        </extensions>
      </trkpt>
      <trkpt lat="1.3819500311109778" lon="103.89143394604923">
        <ele>0</ele>
        <time>2026-08-27T04:36:46Z</time>
        <extensions>
          <gpxtpx:TrackPointExtension>
            <gpxtpx:hr>121</gpxtpx:hr>
          </gpxtpx:TrackPointExtension>
        </extensions>
      </trkpt>
      <trkpt lat="1.3819430755542905" lon="103.8914318733869">
        <ele>0</ele>
        <time>2026-08-27T04:36:47Z</time>
        <extensions>
          <gpxtpx:TrackPointExtension>
            <gpxtpx:hr>125</gpxtpx:hr>
          </gpxtpx:TrackPointExtension>
        </extensions>
      </trkpt>
      <trkpt lat="1.3819379676473522" lon="103.89143023916161">
        <ele>0</ele>
        <time>2026-08-27T04:36:48Z</time>
        <extensions>
          <gpxtpx:TrackPointExtension>
            <gpxtpx:hr>125</gpxtpx:hr>
          </gpxtpx:TrackPointExtension>
        </extensions>
      </trkpt>
      <trkpt lat="1.3819350550888667" lon="103.89142920638409">
        <ele>0</ele>
        <time>2026-08-27T04:36:49Z</time>
        <extensions>
          <gpxtpx:TrackPointExtension>
            <gpxtpx:hr>125</gpxtpx:hr>
          </gpxtpx:TrackPointExtension>
        </extensions>
      </trkpt>
      <trkpt lat="1.3819329048599873" lon="103.89142827956519">
        <ele>0</ele>
        <time>2026-08-27T04:36:50Z</time>
        <extensions>
          <gpxtpx:TrackPointExtension>
            <gpxtpx:hr>125</gpxtpx:hr>
          </gpxtpx:TrackPointExtension>
        </extensions>
      </trkpt>
      <trkpt lat="1.3819310742056994" lon="103.89142733793406">
        <ele>0</ele>
        <time>2026-08-27T04:36:51Z</time>
        <extensions>
          <gpxtpx:TrackPointExtension>
            <gpxtpx:hr>125</gpxtpx:hr>
          </gpxtpx:TrackPointExtension>
        </extensions>
      </trkpt>
      <trkpt lat="1.3819294616765703" lon="103.89142635348942">
        <ele>0</ele>
        <time>2026-08-27T04:36:52Z</time>
        <extensions>
          <gpxtpx:TrackPointExtension>
            <gpxtpx:hr>124</gpxtpx:hr>
          </gpxtpx:TrackPointExtension>
        </extensions>
      </trkpt>
      <trkpt lat="1.3819282484391509" lon="103.89142543750097">
        <ele>0</ele>
        <time>2026-08-27T04:36:53Z</time>
        <extensions>
          <gpxtpx:TrackPointExtension>
            <gpxtpx:hr>124</gpxtpx:hr>
          </gpxtpx:TrackPointExtension>
        </extensions>
      </trkpt>
      <trkpt lat="1.3819268922432508" lon="103.89142454829077">
        <ele>0</ele>
        <time>2026-08-27T04:36:54Z</time>
        <extensions>
          <gpxtpx:TrackPointExtension>
            <gpxtpx:hr>124</gpxtpx:hr>
          </gpxtpx:TrackPointExtension>
        </extensions>
      </trkpt>
      <trkpt lat="1.3819254480348022" lon="103.89142387795205">
        <ele>0</ele>
        <time>2026-08-27T04:36:55Z</time>
        <extensions>
          <gpxtpx:TrackPointExtension>
            <gpxtpx:hr>124</gpxtpx:hr>
          </gpxtpx:TrackPointExtension>
        </extensions>
      </trkpt>
      <trkpt lat="1.3819246183287528" lon="103.89142343526773">
        <ele>0</ele>
        <time>2026-08-27T04:36:56Z</time>
        <extensions>
          <gpxtpx:TrackPointExtension>
            <gpxtpx:hr>124</gpxtpx:hr>
          </gpxtpx:TrackPointExtension>
        </extensions>
      </trkpt>
      <trkpt lat="1.3819246006513397" lon="103.89142307214365">
        <ele>0</ele>
        <time>2026-08-27T04:36:57Z</time>
        <extensions>
          <gpxtpx:TrackPointExtension>
            <gpxtpx:hr>120</gpxtpx:hr>
          </gpxtpx:TrackPointExtension>
        </extensions>
      </trkpt>
      <trkpt lat="1.3819246701560033" lon="103.89142274212337">
        <ele>0</ele>
        <time>2026-08-27T04:36:58Z</time>
        <extensions>
          <gpxtpx:TrackPointExtension>
            <gpxtpx:hr>120</gpxtpx:hr>
          </gpxtpx:TrackPointExtension>
        </extensions>
      </trkpt>
      <trkpt lat="1.3819245458037555" lon="103.89142254538187">
        <ele>0</ele>
        <time>2026-08-27T04:36:59Z</time>
        <extensions>
          <gpxtpx:TrackPointExtension>
            <gpxtpx:hr>120</gpxtpx:hr>
          </gpxtpx:TrackPointExtension>
        </extensions>
      </trkpt>
      <trkpt lat="1.3819243539704698" lon="103.89142237905202">
        <ele>0</ele>
        <time>2026-08-27T04:37:00Z</time>
        <extensions>
          <gpxtpx:TrackPointExtension>
            <gpxtpx:hr>120</gpxtpx:hr>
          </gpxtpx:TrackPointExtension>
        </extensions>
      </trkpt>
      <trkpt lat="1.381924332114218" lon="103.89142218482438">
        <ele>0</ele>
        <time>2026-08-27T04:37:01Z</time>
        <extensions>
          <gpxtpx:TrackPointExtension>
            <gpxtpx:hr>120</gpxtpx:hr>
          </gpxtpx:TrackPointExtension>
        </extensions>
      </trkpt>
      <trkpt lat="1.3819243632687637" lon="103.89142207111182">
        <ele>0</ele>
        <time>2026-08-27T04:37:02Z</time>
        <extensions>
          <gpxtpx:TrackPointExtension>
            <gpxtpx:hr>120</gpxtpx:hr>
          </gpxtpx:TrackPointExtension>
        </extensions>
      </trkpt>
      <trkpt lat="1.3819242183669964" lon="103.89142198731766">
        <ele>0</ele>
        <time>2026-08-27T04:37:03Z</time>
        <extensions>
          <gpxtpx:TrackPointExtension>
            <gpxtpx:hr>122</gpxtpx:hr>
          </gpxtpx:TrackPointExtension>
        </extensions>
      </trkpt>
      <trkpt lat="1.3819236322621617" lon="103.89142183318788">
        <ele>0</ele>
        <time>2026-08-27T04:37:04Z</time>
        <extensions>
          <gpxtpx:TrackPointExtension>
            <gpxtpx:hr>122</gpxtpx:hr>
          </gpxtpx:TrackPointExtension>
        </extensions>
      </trkpt>
      <trkpt lat="1.3819221970276119" lon="103.89142147023908">
        <ele>0</ele>
        <time>2026-08-27T04:37:05Z</time>
        <extensions>
          <gpxtpx:TrackPointExtension>
            <gpxtpx:hr>122</gpxtpx:hr>
          </gpxtpx:TrackPointExtension>
        </extensions>
      </trkpt>
      <trkpt lat="1.3819195499224401" lon="103.89142072102366">
        <ele>0</ele>
        <time>2026-08-27T04:37:06Z</time>
        <extensions>
          <gpxtpx:TrackPointExtension>
            <gpxtpx:hr>122</gpxtpx:hr>
          </gpxtpx:TrackPointExtension>
        </extensions>
      </trkpt>
      <trkpt lat="1.3819176372595254" lon="103.89142015067411">
        <ele>0</ele>
        <time>2026-08-27T04:37:07Z</time>
        <extensions>
          <gpxtpx:TrackPointExtension>
            <gpxtpx:hr>123</gpxtpx:hr>
          </gpxtpx:TrackPointExtension>
        </extensions>
      </trkpt>
      <trkpt lat="1.3819170269480285" lon="103.89141996671891">
        <ele>0</ele>
        <time>2026-08-27T04:37:08Z</time>
        <extensions>
          <gpxtpx:TrackPointExtension>
            <gpxtpx:hr>123</gpxtpx:hr>
          </gpxtpx:TrackPointExtension>
        </extensions>
      </trkpt>
      <trkpt lat="1.3819165848782602" lon="103.8914198357322">
        <ele>0</ele>
        <time>2026-08-27T04:37:09Z</time>
        <extensions>
          <gpxtpx:TrackPointExtension>
            <gpxtpx:hr>123</gpxtpx:hr>
          </gpxtpx:TrackPointExtension>
        </extensions>
      </trkpt>
      <trkpt lat="1.3819162055403176" lon="103.89141973289452">
        <ele>0</ele>
        <time>2026-08-27T04:37:10Z</time>
        <extensions>
          <gpxtpx:TrackPointExtension>
            <gpxtpx:hr>122</gpxtpx:hr>
          </gpxtpx:TrackPointExtension>
        </extensions>
      </trkpt>
      <trkpt lat="1.3819157928985635" lon="103.89141962371026">
        <ele>0</ele>
        <time>2026-08-27T04:37:11Z</time>
        <extensions>
          <gpxtpx:TrackPointExtension>
            <gpxtpx:hr>122</gpxtpx:hr>
          </gpxtpx:TrackPointExtension>
        </extensions>
      </trkpt>
      <trkpt lat="1.3819155694917238" lon="103.89141956593478">
        <ele>0</ele>
        <time>2026-08-27T04:37:12Z</time>
        <extensions>
          <gpxtpx:TrackPointExtension>
            <gpxtpx:hr>122</gpxtpx:hr>
          </gpxtpx:TrackPointExtension>
        </extensions>
      </trkpt>
      <trkpt lat="1.3819152087784883" lon="103.89141963464887">
        <ele>0</ele>
        <time>2026-08-27T04:37:13Z</time>
        <extensions>
          <gpxtpx:TrackPointExtension>
            <gpxtpx:hr>122</gpxtpx:hr>
          </gpxtpx:TrackPointExtension>
        </extensions>
      </trkpt>
      <trkpt lat="1.381914449660565" lon="103.89141977670701">
        <ele>0</ele>
        <time>2026-08-27T04:37:14Z</time>
        <extensions>
          <gpxtpx:TrackPointExtension>
            <gpxtpx:hr>122</gpxtpx:hr>
          </gpxtpx:TrackPointExtension>
        </extensions>
      </trkpt>
      <trkpt lat="1.381911605491611" lon="103.89141932694022">
        <ele>0</ele>
        <time>2026-08-27T04:37:15Z</time>
        <extensions>
          <gpxtpx:TrackPointExtension>
            <gpxtpx:hr>122</gpxtpx:hr>
          </gpxtpx:TrackPointExtension>
        </extensions>
      </trkpt>
      <trkpt lat="1.381906646152711" lon="103.89141844238893">
        <ele>0</ele>
        <time>2026-08-27T04:37:16Z</time>
        <extensions>
          <gpxtpx:TrackPointExtension>
            <gpxtpx:hr>121</gpxtpx:hr>
          </gpxtpx:TrackPointExtension>
        </extensions>
      </trkpt>
      <trkpt lat="1.3819013778539677" lon="103.89141742725258">
        <ele>0</ele>
        <time>2026-08-27T04:37:17Z</time>
        <extensions>
          <gpxtpx:TrackPointExtension>
            <gpxtpx:hr>121</gpxtpx:hr>
          </gpxtpx:TrackPointExtension>
        </extensions>
      </trkpt>
      <trkpt lat="1.3818958165870223" lon="103.89141600176346">
        <ele>0</ele>
        <time>2026-08-27T04:37:18Z</time>
        <extensions>
          <gpxtpx:TrackPointExtension>
            <gpxtpx:hr>121</gpxtpx:hr>
          </gpxtpx:TrackPointExtension>
        </extensions>
      </trkpt>
      <trkpt lat="1.381889831567061" lon="103.8914144385593">
        <ele>0</ele>
        <time>2026-08-27T04:37:19Z</time>
        <extensions>
          <gpxtpx:TrackPointExtension>
            <gpxtpx:hr>121</gpxtpx:hr>
          </gpxtpx:TrackPointExtension>
        </extensions>
      </trkpt>
      <trkpt lat="1.38188369916347" lon="103.8914129524954">
        <ele>0</ele>
        <time>2026-08-27T04:37:20Z</time>
        <extensions>
          <gpxtpx:TrackPointExtension>
            <gpxtpx:hr>121</gpxtpx:hr>
          </gpxtpx:TrackPointExtension>
        </extensions>
      </trkpt>
      <trkpt lat="1.381877856174133" lon="103.89141157810202">
        <ele>0</ele>
        <time>2026-08-27T04:37:21Z</time>
        <extensions>
          <gpxtpx:TrackPointExtension>
            <gpxtpx:hr>121</gpxtpx:hr>
          </gpxtpx:TrackPointExtension>
        </extensions>
      </trkpt>
      <trkpt lat="1.3818726600196152" lon="103.89141049367427">
        <ele>0</ele>
        <time>2026-08-27T04:37:22Z</time>
        <extensions>
          <gpxtpx:TrackPointExtension>
            <gpxtpx:hr>121</gpxtpx:hr>
          </gpxtpx:TrackPointExtension>
        </extensions>
      </trkpt>
      <trkpt lat="1.3818679247136083" lon="103.89140964244515">
        <ele>0</ele>
        <time>2026-08-27T04:37:23Z</time>
        <extensions>
          <gpxtpx:TrackPointExtension>
            <gpxtpx:hr>121</gpxtpx:hr>
          </gpxtpx:TrackPointExtension>
        </extensions>
      </trkpt>
      <trkpt lat="1.3818633772001652" lon="103.89140885860485">
        <ele>24.257829442620277</ele>
        <time>2026-08-27T04:37:24Z</time>
        <extensions>
          <gpxtpx:TrackPointExtension>
            <gpxtpx:hr>119</gpxtpx:hr>
          </gpxtpx:TrackPointExtension>
        </extensions>
      </trkpt>
      <trkpt lat="1.3818596687546323" lon="103.89140918532469">
        <ele>23.807822822593153</ele>
        <time>2026-08-27T04:37:25Z</time>
        <extensions>
          <gpxtpx:TrackPointExtension>
            <gpxtpx:hr>119</gpxtpx:hr>
          </gpxtpx:TrackPointExtension>
        </extensions>
      </trkpt>
      <trkpt lat="1.3818560478122504" lon="103.89141178839053">
        <ele>23.300425730645657</ele>
        <time>2026-08-27T04:37:26Z</time>
        <extensions>
          <gpxtpx:TrackPointExtension>
            <gpxtpx:hr>119</gpxtpx:hr>
          </gpxtpx:TrackPointExtension>
        </extensions>
      </trkpt>
      <trkpt lat="1.3818505876847798" lon="103.89141690568827">
        <ele>22.74282977450639</ele>
        <time>2026-08-27T04:37:27Z</time>
        <extensions>
          <gpxtpx:TrackPointExtension>
            <gpxtpx:hr>119</gpxtpx:hr>
          </gpxtpx:TrackPointExtension>
        </extensions>
      </trkpt>
      <trkpt lat="1.3818429045133624" lon="103.89142557352508">
        <ele>22.148470744490623</ele>
        <time>2026-08-27T04:37:28Z</time>
        <extensions>
          <gpxtpx:TrackPointExtension>
            <gpxtpx:hr>119</gpxtpx:hr>
          </gpxtpx:TrackPointExtension>
        </extensions>
      </trkpt>
    </trkseg>
  </trk>
</gpx>