<?xml version="1.0" encoding="UTF-8"?>
<gpx xmlns="http://www.topografix.com/GPX/1/1" xmlns:gpxtpx="http://www.garmin.com/xmlschemas/TrackPointExtension/v1" xmlns:xsi="http://www.w3.org/2001/XMLSchema-instance" xsi:schemaLocation="http://www.topografix.com/GPX/1/1 http://www.topografix.com/GPX/1/1/gpx.xsd" version="1.1" creator="gpx.py -- https://github.com/tkrajina/gpxpy">
  <trk>
    <name>gpx from keep</name>
    <type>Ride</type>
    <trkseg>
      <trkpt lat="1.3994140591283382" lon="103.88442239825902">
        <ele>0</ele>
        <time>2026-10-05T10:23:18Z</time>
        <extensions>
          <gpxtpx:TrackPointExtension>
            <gpxtpx:hr>111</gpxtpx:hr>
          </gpxtpx:TrackPointExtension>
        </extensions>
      </trkpt>
      <trkpt lat="1.3993954556175192" lon="103.88445244979857">
        <ele>0</ele>
        <time>2026-10-05T10:23:19Z</time>
        <extensions>
          <gpxtpx:TrackPointExtension>
            <gpxtpx:hr>111</gpxtpx:hr>
          </gpxtpx:TrackPointExtension>
        </extensions>
      </trkpt>
      <trkpt lat="1.3993769258364877" lon="103.8844843520046">
        <ele>0</ele>
        <time>2026-10-05T10:23:20Z</time>
        <extensions>
          <gpxtpx:TrackPointExtension>
            <gpxtpx:hr>111</gpxtpx:hr>
          </gpxtpx:TrackPointExtension>
        </extensions>
      </trkpt>
      <trkpt lat="1.3993592758220084" lon="103.88451685558606">
        <ele>0</ele>
        <time>2026-10-05T10:23:21Z</time>
        <extensions>
          <gpxtpx:TrackPointExtension>
            <gpxtpx:hr>111</gpxtpx:hr>
          </gpxtpx:TrackPointExtension>
        </extensions>
      </trkpt>
      <trkpt lat="1.3993422626180292" lon="103.88455030612441">
        <ele>0</ele>
        <time>2026-10-05T10:23:22Z</time>
        <extensions>
          <gpxtpx:TrackPointExtension>
            <gpxtpx:hr>111</gpxtpx:hr>
          </gpxtpx:TrackPointExtension>
        </extensions>
      </trkpt>
      <trkpt lat="1.399325683606173" lon="103.88458463269654">
        <ele>0</ele>
        <time>2026-10-05T10:23:23Z</time>
        <extensions>
          <gpxtpx:TrackPointExtension>
            <gpxtpx:hr>111</gpxtpx:hr>
          </gpxtpx:TrackPointExtension>
        </extensions>
      </trkpt>
      <trkpt lat="1.3993096943824248" lon="103.88462032474432">
        <ele>0</ele>
        <time>2026-10-05T10:23:24Z</time>
        <extensions>
          <gpxtpx:TrackPointExtension>
            <gpxtpx:hr>111</gpxtpx:hr>
          </gpxtpx:TrackPointExtension>
        </extensions>
      </trkpt>
      <trkpt lat="1.399294692492274" lon="103.88465561762091">
        <ele>0</ele>
        <time>2026-10-05T10:23:25Z</time>
        <extensions>
          <gpxtpx:TrackPointExtension>
            <gpxtpx:hr>124</gpxtpx:hr>
          </gpxtpx:TrackPointExtension>
        </extensions>
      </trkpt>
      <trkpt lat="1.3992796964394534" lon="103.88469156782533">
        <ele>0</ele>
        <time>2026-10-05T10:23:26Z</time>
        <extensions>
          <gpxtpx:TrackPointExtension>
            <gpxtpx:hr>124</gpxtpx:hr>
          </gpxtpx:TrackPointExtension>
        </extensions>
      </trkpt>
      <trkpt lat="1.3992649562315105" lon="103.88472816510567">
        <ele>0</ele>
        <time>2026-10-05T10:23:27Z</time>
        <extensions>
          <gpxtpx:TrackPointExtension>
            <gpxtpx:hr>124</gpxtpx:hr>
          </gpxtpx:TrackPointExtension>
        </extensions>
      </trkpt>
      <trkpt lat="1.3992515853440681" lon="103.88476531956044">
        <ele>0</ele>
        <time>2026-10-05T10:23:28Z</time>
        <extensions>
          <gpxtpx:TrackPointExtension>
            <gpxtpx:hr>124</gpxtpx:hr>
          </gpxtpx:TrackPointExtension>
        </extensions>
      </trkpt>
      <trkpt lat="1.3992398588777593" lon="103.88480410572575">
        <ele>0</ele>
        <time>2026-10-05T10:23:29Z</time>
        <extensions>
          <gpxtpx:TrackPointExtension>
            <gpxtpx:hr>124</gpxtpx:hr>
          </gpxtpx:TrackPointExtension>
        </extensions>
      </trkpt>
      <trkpt lat="1.3992290663625075" lon="103.88484430693434">
        <ele>0</ele>
        <time>2026-10-05T10:23:30Z</time>
        <extensions>
          <gpxtpx:TrackPointExtension>
            <gpxtpx:hr>124</gpxtpx:hr>
          </gpxtpx:TrackPointExtension>
        </extensions>
      </trkpt>
      <trkpt lat="1.3992186716269723" lon="103.88488462306753">
        <ele>0</ele>
        <time>2026-10-05T10:23:31Z</time>
        <extensions>
          <gpxtpx:TrackPointExtension>
            <gpxtpx:hr>124</gpxtpx:hr>
          </gpxtpx:TrackPointExtension>
        </extensions>
      </trkpt>
      <trkpt lat="1.3992077400990495" lon="103.88492396539411">
        <ele>0</ele>
        <time>2026-10-05T10:23:32Z</time>
        <extensions>
          <gpxtpx:TrackPointExtension>
            <gpxtpx:hr>129</gpxtpx:hr>
          </gpxtpx:TrackPointExtension>
        </extensions>
      </trkpt>
      <trkpt lat="1.3991956281456033" lon="103.88496159544744">
        <ele>0</ele>
        <time>2026-10-05T10:23:33Z</time>
        <extensions>
          <gpxtpx:TrackPointExtension>
            <gpxtpx:hr>129</gpxtpx:hr>
          </gpxtpx:TrackPointExtension>
        </extensions>
      </trkpt>
      <trkpt lat="1.3991840541984306" lon="103.88499744614424">
        <ele>0</ele>
        <time>2026-10-05T10:23:34Z</time>
        <extensions>
          <gpxtpx:TrackPointExtension>
            <gpxtpx:hr>129</gpxtpx:hr>
          </gpxtpx:TrackPointExtension>
        </extensions>
      </trkpt>
      <trkpt lat="1.3991741644018452" lon="103.8850310059986">
        <ele>0</ele>
        <time>2026-10-05T10:23:35Z</time>
        <extensions>
          <gpxtpx:TrackPointExtension>
            <gpxtpx:hr>130</gpxtpx:hr>
          </gpxtpx:TrackPointExtension>
        </extensions>
      </trkpt>
      <trkpt lat="1.3991647719696567" lon="103.8850636618425">
        <ele>0</ele>
        <time>2026-10-05T10:23:36Z</time>
        <extensions>
          <gpxtpx:TrackPointExtension>
            <gpxtpx:hr>130</gpxtpx:hr>
          </gpxtpx:TrackPointExtension>
        </extensions>
      </trkpt>
      <trkpt lat="1.3991557275061821" lon="103.8850969284434">
        <ele>0</ele>
        <time>2026-10-05T10:23:37Z</time>
        <extensions>
          <gpxtpx:TrackPointExtension>
            <gpxtpx:hr>130</gpxtpx:hr>
          </gpxtpx:TrackPointExtension>
        </extensions>
      </trkpt>
      <trkpt lat="1.3991464652812216" lon="103.88513133707163">
        <ele>0</ele>
        <time>2026-10-05T10:23:38Z</time>
        <extensions>
          <gpxtpx:TrackPointExtension>
            <gpxtpx:hr>130</gpxtpx:hr>
          </gpxtpx:TrackPointExtension>
        </extensions>
      </trkpt>
      <trkpt lat="1.399136681475483" lon="103.88516799693934">
        <ele>0</ele>
        <time>2026-10-05T10:23:39Z</time>
        <extensions>
          <gpxtpx:TrackPointExtension>
            <gpxtpx:hr>130</gpxtpx:hr>
          </gpxtpx:TrackPointExtension>
        </extensions>
      </trkpt>
      <trkpt lat="1.399128099464063" lon="103.88520625146938">
        <ele>0</ele>
        <time>2026-10-05T10:23:40Z</time>
        <extensions>
          <gpxtpx:TrackPointExtension>
            <gpxtpx:hr>130</gpxtpx:hr>
          </gpxtpx:TrackPointExtension>
        </extensions>
      </trkpt>
      <trkpt lat="1.3991211515678939" lon="103.88524486484945">
        <ele>0</ele>
        <time>2026-10-05T10:23:41Z</time>
        <extensions>
          <gpxtpx:TrackPointExtension>
            <gpxtpx:hr>130</gpxtpx:hr>
          </gpxtpx:TrackPointExtension>
        </extensions>
      </trkpt>
      <trkpt lat="1.3991146153615082" lon="103.88528335734684">
        <ele>0</ele>
        <time>2026-10-05T10:23:42Z</time>
        <extensions>
          <gpxtpx:TrackPointExtension>
            <gpxtpx:hr>130</gpxtpx:hr>
          </gpxtpx:TrackPointExtension>
        </extensions>
      </trkpt>
      <trkpt lat="1.3991074020231604" lon="103.88532147635155">
        <ele>0</ele>
        <time>2026-10-05T10:23:43Z</time>
        <extensions>
          <gpxtpx:TrackPointExtension>
            <gpxtpx:hr>130</gpxtpx:hr>
          </gpxtpx:TrackPointExtension>
        </extensions>
      </trkpt>
      <trkpt lat="1.3991010236525527" lon="103.8853586739327">
        <ele>0</ele>
        <time>2026-10-05T10:23:44Z</time>
        <extensions>
          <gpxtpx:TrackPointExtension>
            <gpxtpx:hr>130</gpxtpx:hr>
          </gpxtpx:TrackPointExtension>
        </extensions>
      </trkpt>
      <trkpt lat="1.3990959317495517" lon="103.88539600781259">
        <ele>0</ele>
        <time>2026-10-05T10:23:45Z</time>
        <extensions>
          <gpxtpx:TrackPointExtension>
            <gpxtpx:hr>130</gpxtpx:hr>
          </gpxtpx:TrackPointExtension>
        </extensions>
      </trkpt>
      <trkpt lat="1.3990919633581271" lon="103.88543408215727">
        <ele>0</ele>
        <time>2026-10-05T10:23:46Z</time>
        <extensions>
          <gpxtpx:TrackPointExtension>
            <gpxtpx:hr>129</gpxtpx:hr>
          </gpxtpx:TrackPointExtension>
        </extensions>
      </trkpt>
      <trkpt lat="1.3990888561524362" lon="103.88547195455952">
        <ele>0</ele>
        <time>2026-10-05T10:23:47Z</time>
        <extensions>
          <gpxtpx:TrackPointExtension>
            <gpxtpx:hr>129</gpxtpx:hr>
          </gpxtpx:TrackPointExtension>
        </extensions>
      </trkpt>
      <trkpt lat="1.3990852095405242" lon="103.88550955584412">
        <ele>0</ele>
        <time>2026-10-05T10:23:48Z</time>
        <extensions>
          <gpxtpx:TrackPointExtension>
            <gpxtpx:hr>129</gpxtpx:hr>
          </gpxtpx:TrackPointExtension>
        </extensions>
      </trkpt>
      <trkpt lat="1.3990824634897892" lon="103.88554644166635">
        <ele>0</ele>
        <time>2026-10-05T10:23:49Z</time>
        <extensions>
          <gpxtpx:TrackPointExtension>
            <gpxtpx:hr>129</gpxtpx:hr>
          </gpxtpx:TrackPointExtension>
        </extensions>
      </trkpt>
      <trkpt lat="1.3990810619575094" lon="103.88558279337263">
        <ele>0</ele>
        <time>2026-10-05T10:23:50Z</time>
        <extensions>
          <gpxtpx:TrackPointExtension>
            <gpxtpx:hr>129</gpxtpx:hr>
          </gpxtpx:TrackPointExtension>
        </extensions>
      </trkpt>
      <trkpt lat="1.3990798670113567" lon="103.8856188355617">
        <ele>0</ele>
        <time>2026-10-05T10:23:51Z</time>
        <extensions>
          <gpxtpx:TrackPointExtension>
            <gpxtpx:hr>129</gpxtpx:hr>
          </gpxtpx:TrackPointExtension>
        </extensions>
      </trkpt>
      <trkpt lat="1.399079502272686" lon="103.88565455969675">
        <ele>0</ele>
        <time>2026-10-05T10:23:52Z</time>
        <extensions>
          <gpxtpx:TrackPointExtension>
            <gpxtpx:hr>129</gpxtpx:hr>
          </gpxtpx:TrackPointExtension>
        </extensions>
      </trkpt>
      <trkpt lat="1.3990797213484423" lon="103.88569027984614">
        <ele>0</ele>
        <time>2026-10-05T10:23:53Z</time>
        <extensions>
          <gpxtpx:TrackPointExtension>
            <gpxtpx:hr>129</gpxtpx:hr>
          </gpxtpx:TrackPointExtension>
        </extensions>
      </trkpt>
      <trkpt lat="1.3990786956447696" lon="103.88572578160293">
        <ele>0</ele>
        <time>2026-10-05T10:23:54Z</time>
        <extensions>
          <gpxtpx:TrackPointExtension>
            <gpxtpx:hr>129</gpxtpx:hr>
          </gpxtpx:TrackPointExtension>
        </extensions>
      </trkpt>
      <trkpt lat="1.3990762490875779" lon="103.88576119225924">
        <ele>0</ele>
        <time>2026-10-05T10:23:55Z</time>
        <extensions>
          <gpxtpx:TrackPointExtension>
            <gpxtpx:hr>129</gpxtpx:hr>
          </gpxtpx:TrackPointExtension>
        </extensions>
      </trkpt>
      <trkpt lat="1.3990745698175948" lon="103.88579657921827">
        <ele>0</ele>
        <time>2026-10-05T10:23:56Z</time>
        <extensions>
          <gpxtpx:TrackPointExtension>
            <gpxtpx:hr>133</gpxtpx:hr>
          </gpxtpx:TrackPointExtension>
        </extensions>
      </trkpt>
      <trkpt lat="1.3990742521192658" lon="103.88583147635735">
        <ele>0</ele>
        <time>2026-10-05T10:23:57Z</time>
        <extensions>
          <gpxtpx:TrackPointExtension>
            <gpxtpx:hr>133</gpxtpx:hr>
          </gpxtpx:TrackPointExtension>
        </extensions>
      </trkpt>
      <trkpt lat="1.3990736330928237" lon="103.8858659415091">
        <ele>0</ele>
        <time>2026-10-05T10:23:58Z</time>
        <extensions>
          <gpxtpx:TrackPointExtension>
            <gpxtpx:hr>133</gpxtpx:hr>
          </gpxtpx:TrackPointExtension>
        </extensions>
      </trkpt>
      <trkpt lat="1.3990737725291778" lon="103.88589979134775">
        <ele>0</ele>
        <time>2026-10-05T10:23:59Z</time>
        <extensions>
          <gpxtpx:TrackPointExtension>
            <gpxtpx:hr>133</gpxtpx:hr>
          </gpxtpx:TrackPointExtension>
        </extensions>
      </trkpt>
      <trkpt lat="1.399075494123338" lon="103.88593305485954">
        <ele>0</ele>
        <time>2026-10-05T10:24:00Z</time>
        <extensions>
          <gpxtpx:TrackPointExtension>
            <gpxtpx:hr>133</gpxtpx:hr>
          </gpxtpx:TrackPointExtension>
        </extensions>
      </trkpt>
      <trkpt lat="1.3990779019996087" lon="103.88596593145962">
        <ele>0</ele>
        <time>2026-10-05T10:24:01Z</time>
        <extensions>
          <gpxtpx:TrackPointExtension>
            <gpxtpx:hr>133</gpxtpx:hr>
          </gpxtpx:TrackPointExtension>
        </extensions>
      </trkpt>
      <trkpt lat="1.3990809370026884" lon="103.88599837901883">
        <ele>0</ele>
        <time>2026-10-05T10:24:02Z</time>
        <extensions>
          <gpxtpx:TrackPointExtension>
            <gpxtpx:hr>132</gpxtpx:hr>
          </gpxtpx:TrackPointExtension>
        </extensions>
      </trkpt>
      <trkpt lat="1.3990840797201136" lon="103.88603027359419">
        <ele>0</ele>
        <time>2026-10-05T10:24:03Z</time>
        <extensions>
          <gpxtpx:TrackPointExtension>
            <gpxtpx:hr>132</gpxtpx:hr>
          </gpxtpx:TrackPointExtension>
        </extensions>
      </trkpt>
      <trkpt lat="1.3990864433686403" lon="103.88606027947029">
        <ele>0</ele>
        <time>2026-10-05T10:24:04Z</time>
        <extensions>
          <gpxtpx:TrackPointExtension>
            <gpxtpx:hr>132</gpxtpx:hr>
          </gpxtpx:TrackPointExtension>
        </extensions>
      </trkpt>
      <trkpt lat="1.3990888549794995" lon="103.8860889459296">
        <ele>0</ele>
        <time>2026-10-05T10:24:05Z</time>
        <extensions>
          <gpxtpx:TrackPointExtension>
            <gpxtpx:hr>132</gpxtpx:hr>
          </gpxtpx:TrackPointExtension>
        </extensions>
      </trkpt>
      <trkpt lat="1.3990927647091003" lon="103.88611767705085">
        <ele>0</ele>
        <time>2026-10-05T10:24:06Z</time>
        <extensions>
          <gpxtpx:TrackPointExtension>
            <gpxtpx:hr>131</gpxtpx:hr>
          </gpxtpx:TrackPointExtension>
        </extensions>
      </trkpt>
      <trkpt lat="1.3990973742788047" lon="103.88614655579956">
        <ele>0</ele>
        <time>2026-10-05T10:24:07Z</time>
        <extensions>
          <gpxtpx:TrackPointExtension>
            <gpxtpx:hr>131</gpxtpx:hr>
          </gpxtpx:TrackPointExtension>
        </extensions>
      </trkpt>
      <trkpt lat="1.3991024651261017" lon="103.88617549175689">
        <ele>0</ele>
        <time>2026-10-05T10:24:08Z</time>
        <extensions>
          <gpxtpx:TrackPointExtension>
            <gpxtpx:hr>131</gpxtpx:hr>
          </gpxtpx:TrackPointExtension>
        </extensions>
      </trkpt>
      <trkpt lat="1.3991088923034507" lon="103.88620406547277">
        <ele>0</ele>
        <time>2026-10-05T10:24:09Z</time>
        <extensions>
          <gpxtpx:TrackPointExtension>
            <gpxtpx:hr>131</gpxtpx:hr>
          </gpxtpx:TrackPointExtension>
        </extensions>
      </trkpt>
      <trkpt lat="1.3991167901040065" lon="103.88623253829293">
        <ele>0</ele>
        <time>2026-10-05T10:24:10Z</time>
        <extensions>
          <gpxtpx:TrackPointExtension>
            <gpxtpx:hr>131</gpxtpx:hr>
          </gpxtpx:TrackPointExtension>
        </extensions>
      </trkpt>
      <trkpt lat="1.399126428569032" lon="103.8862607242019">
        <ele>0</ele>
        <time>2026-10-05T10:24:11Z</time>
        <extensions>
          <gpxtpx:TrackPointExtension>
            <gpxtpx:hr>131</gpxtpx:hr>
          </gpxtpx:TrackPointExtension>
        </extensions>
      </trkpt>
      <trkpt lat="1.3991381381978685" lon="103.88628784454144">
        <ele>0</ele>
        <time>2026-10-05T10:24:12Z</time>
        <extensions>
          <gpxtpx:TrackPointExtension>
            <gpxtpx:hr>131</gpxtpx:hr>
          </gpxtpx:TrackPointExtension>
        </extensions>
      </trkpt>
      <trkpt lat="1.3991517493992904" lon="103.88631385097388">
        <ele>0</ele>
        <time>2026-10-05T10:24:13Z</time>
        <extensions>
          <gpxtpx:TrackPointExtension>
            <gpxtpx:hr>131</gpxtpx:hr>
          </gpxtpx:TrackPointExtension>
        </extensions>
      </trkpt>
      <trkpt lat="1.399168035368019" lon="103.88633829464318">
        <ele>0</ele>
        <time>2026-10-05T10:24:14Z</time>
        <extensions>
          <gpxtpx:TrackPointExtension>
            <gpxtpx:hr>131</gpxtpx:hr>
          </gpxtpx:TrackPointExtension>
        </extensions>
      </trkpt>
      <trkpt lat="1.3991868097820774" lon="103.88636096962442">
        <ele>0</ele>
        <time>2026-10-05T10:24:15Z</time>
        <extensions>
          <gpxtpx:TrackPointExtension>
            <gpxtpx:hr>126</gpxtpx:hr>
          </gpxtpx:TrackPointExtension>
        </extensions>
      </trkpt>
      <trkpt lat="1.3992057536648548" lon="103.88638331846586">
        <ele>0</ele>
        <time>2026-10-05T10:24:16Z</time>
        <extensions>
          <gpxtpx:TrackPointExtension>
            <gpxtpx:hr>126</gpxtpx:hr>
          </gpxtpx:TrackPointExtension>
        </extensions>
      </trkpt>
      <trkpt lat="1.3992248236372844" lon="103.8864053508522">
        <ele>0</ele>
        <time>2026-10-05T10:24:17Z</time>
        <extensions>
          <gpxtpx:TrackPointExtension>
            <gpxtpx:hr>126</gpxtpx:hr>
          </gpxtpx:TrackPointExtension>
        </extensions>
      </trkpt>
      <trkpt lat="1.3992439668019494" lon="103.88642711109969">
        <ele>0</ele>
        <time>2026-10-05T10:24:18Z</time>
        <extensions>
          <gpxtpx:TrackPointExtension>
            <gpxtpx:hr>126</gpxtpx:hr>
          </gpxtpx:TrackPointExtension>
        </extensions>
      </trkpt>
      <trkpt lat="1.3992614991162369" lon="103.88645004406094">
        <ele>0</ele>
        <time>2026-10-05T10:24:19Z</time>
        <extensions>
          <gpxtpx:TrackPointExtension>
            <gpxtpx:hr>126</gpxtpx:hr>
          </gpxtpx:TrackPointExtension>
        </extensions>
      </trkpt>
      <trkpt lat="1.3992748239916701" lon="103.88647619635483">
        <ele>0</ele>
        <time>2026-10-05T10:24:20Z</time>
        <extensions>
          <gpxtpx:TrackPointExtension>
            <gpxtpx:hr>126</gpxtpx:hr>
          </gpxtpx:TrackPointExtension>
        </extensions>
      </trkpt>
      <trkpt lat="1.3992811395245488" lon="103.88650573357565">
        <ele>0</ele>
        <time>2026-10-05T10:24:21Z</time>
        <extensions>
          <gpxtpx:TrackPointExtension>
            <gpxtpx:hr>126</gpxtpx:hr>
          </gpxtpx:TrackPointExtension>
        </extensions>
      </trkpt>
      <trkpt lat="1.3992786082834783" lon="103.88653600033349">
        <ele>0</ele>
        <time>2026-10-05T10:24:22Z</time>
        <extensions>
          <gpxtpx:TrackPointExtension>
            <gpxtpx:hr>126</gpxtpx:hr>
          </gpxtpx:TrackPointExtension>
        </extensions>
      </trkpt>
      <trkpt lat="1.3992660525162932" lon="103.88656398925171">
        <ele>0</ele>
        <time>2026-10-05T10:24:23Z</time>
        <extensions>
          <gpxtpx:TrackPointExtension>
            <gpxtpx:hr>126</gpxtpx:hr>
          </gpxtpx:TrackPointExtension>
        </extensions>
      </trkpt>
      <trkpt lat="1.3992474624305449" lon="103.88658844818698">
        <ele>0</ele>
        <time>2026-10-05T10:24:24Z</time>
        <extensions>
          <gpxtpx:TrackPointExtension>
            <gpxtpx:hr>126</gpxtpx:hr>
          </gpxtpx:TrackPointExtension>
        </extensions>
      </trkpt>
      <trkpt lat="1.399227049969743" lon="103.88661075591864">
        <ele>0</ele>
        <time>2026-10-05T10:24:25Z</time>
        <extensions>
          <gpxtpx:TrackPointExtension>
            <gpxtpx:hr>125</gpxtpx:hr>
          </gpxtpx:TrackPointExtension>
        </extensions>
      </trkpt>
      <trkpt lat="1.3992048898339438" lon="103.88663082244149">
        <ele>0</ele>
        <time>2026-10-05T10:24:26Z</time>
        <extensions>
          <gpxtpx:TrackPointExtension>
            <gpxtpx:hr>125</gpxtpx:hr>
          </gpxtpx:TrackPointExtension>
        </extensions>
      </trkpt>
      <trkpt lat="1.3991812560663017" lon="103.88664937752176">
        <ele>0</ele>
        <time>2026-10-05T10:24:27Z</time>
        <extensions>
          <gpxtpx:TrackPointExtension>
            <gpxtpx:hr>125</gpxtpx:hr>
          </gpxtpx:TrackPointExtension>
        </extensions>
      </trkpt>
      <trkpt lat="1.399157069609432" lon="103.88666849338655">
        <ele>0</ele>
        <time>2026-10-05T10:24:28Z</time>
        <extensions>
          <gpxtpx:TrackPointExtension>
            <gpxtpx:hr>125</gpxtpx:hr>
          </gpxtpx:TrackPointExtension>
        </extensions>
      </trkpt>
      <trkpt lat="1.3991314395933807" lon="103.88668730774756">
        <ele>0</ele>
        <time>2026-10-05T10:24:29Z</time>
        <extensions>
          <gpxtpx:TrackPointExtension>
            <gpxtpx:hr>125</gpxtpx:hr>
          </gpxtpx:TrackPointExtension>
        </extensions>
      </trkpt>
      <trkpt lat="1.399104078618396" lon="103.88670502146942">
        <ele>0</ele>
        <time>2026-10-05T10:24:30Z</time>
        <extensions>
          <gpxtpx:TrackPointExtension>
            <gpxtpx:hr>125</gpxtpx:hr>
          </gpxtpx:TrackPointExtension>
        </extensions>
      </trkpt>
      <trkpt lat="1.3990763394420176" lon="103.88672235693647">
        <ele>0</ele>
        <time>2026-10-05T10:24:31Z</time>
        <extensions>
          <gpxtpx:TrackPointExtension>
            <gpxtpx:hr>124</gpxtpx:hr>
          </gpxtpx:TrackPointExtension>
        </extensions>
      </trkpt>
      <trkpt lat="1.3990475293167832" lon="103.88673814689841">
        <ele>0</ele>
        <time>2026-10-05T10:24:32Z</time>
        <extensions>
          <gpxtpx:TrackPointExtension>
            <gpxtpx:hr>124</gpxtpx:hr>
          </gpxtpx:TrackPointExtension>
        </extensions>
      </trkpt>
      <trkpt lat="1.3990167081700464" lon="103.88675062595652">
        <ele>0</ele>
        <time>2026-10-05T10:24:33Z</time>
        <extensions>
          <gpxtpx:TrackPointExtension>
            <gpxtpx:hr>124</gpxtpx:hr>
          </gpxtpx:TrackPointExtension>
        </extensions>
      </trkpt>
      <trkpt lat="1.398984548260469" lon="103.88676004226814">
        <ele>0</ele>
        <time>2026-10-05T10:24:34Z</time>
        <extensions>
          <gpxtpx:TrackPointExtension>
            <gpxtpx:hr>124</gpxtpx:hr>
          </gpxtpx:TrackPointExtension>
        </extensions>
      </trkpt>
      <trkpt lat="1.3989516250461447" lon="103.88676668827976">
        <ele>0</ele>
        <time>2026-10-05T10:24:35Z</time>
        <extensions>
          <gpxtpx:TrackPointExtension>
            <gpxtpx:hr>124</gpxtpx:hr>
          </gpxtpx:TrackPointExtension>
        </extensions>
      </trkpt>
      <trkpt lat="1.3989183429113343" lon="103.88677027631603">
        <ele>0</ele>
        <time>2026-10-05T10:24:36Z</time>
        <extensions>
          <gpxtpx:TrackPointExtension>
            <gpxtpx:hr>122</gpxtpx:hr>
          </gpxtpx:TrackPointExtension>
        </extensions>
      </trkpt>
      <trkpt lat="1.3988853842239926" lon="103.88677065563027">
        <ele>0</ele>
        <time>2026-10-05T10:24:37Z</time>
        <extensions>
          <gpxtpx:TrackPointExtension>
            <gpxtpx:hr>122</gpxtpx:hr>
          </gpxtpx:TrackPointExtension>
        </extensions>
      </trkpt>
      <trkpt lat="1.3988529387301896" lon="103.88676891648524">
        <ele>0</ele>
        <time>2026-10-05T10:24:38Z</time>
        <extensions>
          <gpxtpx:TrackPointExtension>
            <gpxtpx:hr>122</gpxtpx:hr>
          </gpxtpx:TrackPointExtension>
        </extensions>
      </trkpt>
      <trkpt lat="1.398821616500802" lon="103.88676868962418">
        <ele>0</ele>
        <time>2026-10-05T10:24:39Z</time>
        <extensions>
          <gpxtpx:TrackPointExtension>
            <gpxtpx:hr>122</gpxtpx:hr>
          </gpxtpx:TrackPointExtension>
        </extensions>
      </trkpt>
      <trkpt lat="1.398792115393062" lon="103.88677467415194">
        <ele>0</ele>
        <time>2026-10-05T10:24:40Z</time>
        <extensions>
          <gpxtpx:TrackPointExtension>
            <gpxtpx:hr>122</gpxtpx:hr>
          </gpxtpx:TrackPointExtension>
        </extensions>
      </trkpt>
      <trkpt lat="1.3987660547689498" lon="103.88678783824928">
        <ele>0</ele>
        <time>2026-10-05T10:24:41Z</time>
        <extensions>
          <gpxtpx:TrackPointExtension>
            <gpxtpx:hr>121</gpxtpx:hr>
          </gpxtpx:TrackPointExtension>
        </extensions>
      </trkpt>
      <trkpt lat="1.3987440632495503" lon="103.8868049234336">
        <ele>0</ele>
        <time>2026-10-05T10:24:42Z</time>
        <extensions>
          <gpxtpx:TrackPointExtension>
            <gpxtpx:hr>121</gpxtpx:hr>
          </gpxtpx:TrackPointExtension>
        </extensions>
      </trkpt>
      <trkpt lat="1.3987234086546108" lon="103.88682273934246">
        <ele>0</ele>
        <time>2026-10-05T10:24:43Z</time>
        <extensions>
          <gpxtpx:TrackPointExtension>
            <gpxtpx:hr>121</gpxtpx:hr>
          </gpxtpx:TrackPointExtension>
        </extensions>
      </trkpt>
      <trkpt lat="1.3987024099584906" lon="103.88684129899643">
        <ele>0</ele>
        <time>2026-10-05T10:24:44Z</time>
        <extensions>
          <gpxtpx:TrackPointExtension>
            <gpxtpx:hr>121</gpxtpx:hr>
          </gpxtpx:TrackPointExtension>
        </extensions>
      </trkpt>
      <trkpt lat="1.398682195928536" lon="103.88686225139095">
        <ele>0</ele>
        <time>2026-10-05T10:24:45Z</time>
        <extensions>
          <gpxtpx:TrackPointExtension>
            <gpxtpx:hr>120</gpxtpx:hr>
          </gpxtpx:TrackPointExtension>
        </extensions>
      </trkpt>
      <trkpt lat="1.3986646611511206" lon="103.88688538175717">
        <ele>0</ele>
        <time>2026-10-05T10:24:46Z</time>
        <extensions>
          <gpxtpx:TrackPointExtension>
            <gpxtpx:hr>120</gpxtpx:hr>
          </gpxtpx:TrackPointExtension>
        </extensions>
      </trkpt>
      <trkpt lat="1.3986489363855796" lon="103.88690935244767">
        <ele>0</ele>
        <time>2026-10-05T10:24:47Z</time>
        <extensions>
          <gpxtpx:TrackPointExtension>
            <gpxtpx:hr>120</gpxtpx:hr>
          </gpxtpx:TrackPointExtension>
        </extensions>
      </trkpt>
      <trkpt lat="1.3986328362419505" lon="103.88693267754212">
        <ele>0</ele>
        <time>2026-10-05T10:24:48Z</time>
        <extensions>
          <gpxtpx:TrackPointExtension>
            <gpxtpx:hr>120</gpxtpx:hr>
          </gpxtpx:TrackPointExtension>
        </extensions>
      </trkpt>
      <trkpt lat="1.3986163671418492" lon="103.8869567981061">
        <ele>0</ele>
        <time>2026-10-05T10:24:49Z</time>
        <extensions>
          <gpxtpx:TrackPointExtension>
            <gpxtpx:hr>121</gpxtpx:hr>
          </gpxtpx:TrackPointExtension>
        </extensions>
      </trkpt>
      <trkpt lat="1.3986001200631017" lon="103.88698224300316">
        <ele>0</ele>
        <time>2026-10-05T10:24:50Z</time>
        <extensions>
          <gpxtpx:TrackPointExtension>
            <gpxtpx:hr>121</gpxtpx:hr>
          </gpxtpx:TrackPointExtension>
        </extensions>
      </trkpt>
      <trkpt lat="1.3985852578409943" lon="103.88700851279862">
        <ele>0</ele>
        <time>2026-10-05T10:24:51Z</time>
        <extensions>
          <gpxtpx:TrackPointExtension>
            <gpxtpx:hr>121</gpxtpx:hr>
          </gpxtpx:TrackPointExtension>
        </extensions>
      </trkpt>
      <trkpt lat="1.3985728743335337" lon="103.8870358997168">
        <ele>0</ele>
        <time>2026-10-05T10:24:52Z</time>
        <extensions>
          <gpxtpx:TrackPointExtension>
            <gpxtpx:hr>121</gpxtpx:hr>
          </gpxtpx:TrackPointExtension>
        </extensions>
      </trkpt>
      <trkpt lat="1.398567400202099" lon="103.88706413317728">
        <ele>0</ele>
        <time>2026-10-05T10:24:53Z</time>
        <extensions>
          <gpxtpx:TrackPointExtension>
            <gpxtpx:hr>121</gpxtpx:hr>
          </gpxtpx:TrackPointExtension>
        </extensions>
      </trkpt>
      <trkpt lat="1.3985685471297047" lon="103.88709353568498">
        <ele>0</ele>
        <time>2026-10-05T10:24:54Z</time>
        <extensions>
          <gpxtpx:TrackPointExtension>
            <gpxtpx:hr>120</gpxtpx:hr>
          </gpxtpx:TrackPointExtension>
        </extensions>
      </trkpt>
      <trkpt lat="1.3985707966126153" lon="103.8871235036916">
        <ele>0</ele>
        <time>2026-10-05T10:24:55Z</time>
        <extensions>
          <gpxtpx:TrackPointExtension>
            <gpxtpx:hr>120</gpxtpx:hr>
          </gpxtpx:TrackPointExtension>
        </extensions>
      </trkpt>
      <trkpt lat="1.398574110374086" lon="103.88715312319071">
        <ele>0</ele>
        <time>2026-10-05T10:24:56Z</time>
        <extensions>
          <gpxtpx:TrackPointExtension>
            <gpxtpx:hr>120</gpxtpx:hr>
          </gpxtpx:TrackPointExtension>
        </extensions>
      </trkpt>
      <trkpt lat="1.3985775936973182" lon="103.8871825226737">
        <ele>0</ele>
        <time>2026-10-05T10:24:57Z</time>
        <extensions>
          <gpxtpx:TrackPointExtension>
            <gpxtpx:hr>120</gpxtpx:hr>
          </gpxtpx:TrackPointExtension>
        </extensions>
      </trkpt>
      <trkpt lat="1.3985800995697897" lon="103.88721215753193">
        <ele>0</ele>
        <time>2026-10-05T10:24:58Z</time>
        <extensions>
          <gpxtpx:TrackPointExtension>
            <gpxtpx:hr>120</gpxtpx:hr>
          </gpxtpx:TrackPointExtension>
        </extensions>
      </trkpt>
      <trkpt lat="1.3985820484924745" lon="103.8872418942456">
        <ele>0</ele>
        <time>2026-10-05T10:24:59Z</time>
        <extensions>
          <gpxtpx:TrackPointExtension>
            <gpxtpx:hr>116</gpxtpx:hr>
          </gpxtpx:TrackPointExtension>
        </extensions>
      </trkpt>
      <trkpt lat="1.3985827210599018" lon="103.88727185019299">
        <ele>0</ele>
        <time>2026-10-05T10:25:00Z</time>
        <extensions>
          <gpxtpx:TrackPointExtension>
            <gpxtpx:hr>116</gpxtpx:hr>
          </gpxtpx:TrackPointExtension>
        </extensions>
      </trkpt>
      <trkpt lat="1.3985820672174634" lon="103.88730184708461">
        <ele>0</ele>
        <time>2026-10-05T10:25:01Z</time>
        <extensions>
          <gpxtpx:TrackPointExtension>
            <gpxtpx:hr>116</gpxtpx:hr>
          </gpxtpx:TrackPointExtension>
        </extensions>
      </trkpt>
      <trkpt lat="1.3985808427212292" lon="103.88733202199654">
        <ele>0</ele>
        <time>2026-10-05T10:25:02Z</time>
        <extensions>
          <gpxtpx:TrackPointExtension>
            <gpxtpx:hr>116</gpxtpx:hr>
          </gpxtpx:TrackPointExtension>
        </extensions>
      </trkpt>
      <trkpt lat="1.3985784148350953" lon="103.88736219210901">
        <ele>0</ele>
        <time>2026-10-05T10:25:03Z</time>
        <extensions>
          <gpxtpx:TrackPointExtension>
            <gpxtpx:hr>116</gpxtpx:hr>
          </gpxtpx:TrackPointExtension>
        </extensions>
      </trkpt>
      <trkpt lat="1.3985747967297442" lon="103.88739351769364">
        <ele>0</ele>
        <time>2026-10-05T10:25:04Z</time>
        <extensions>
          <gpxtpx:TrackPointExtension>
            <gpxtpx:hr>117</gpxtpx:hr>
          </gpxtpx:TrackPointExtension>
        </extensions>
      </trkpt>
      <trkpt lat="1.3985702254020957" lon="103.88742702752022">
        <ele>0</ele>
        <time>2026-10-05T10:25:05Z</time>
        <extensions>
          <gpxtpx:TrackPointExtension>
            <gpxtpx:hr>117</gpxtpx:hr>
          </gpxtpx:TrackPointExtension>
        </extensions>
      </trkpt>
      <trkpt lat="1.398564765811422" lon="103.88746137981731">
        <ele>0</ele>
        <time>2026-10-05T10:25:06Z</time>
        <extensions>
          <gpxtpx:TrackPointExtension>
            <gpxtpx:hr>117</gpxtpx:hr>
          </gpxtpx:TrackPointExtension>
        </extensions>
      </trkpt>
      <trkpt lat="1.3985605817038897" lon="103.88749670019577">
        <ele>0</ele>
        <time>2026-10-05T10:25:07Z</time>
        <extensions>
          <gpxtpx:TrackPointExtension>
            <gpxtpx:hr>117</gpxtpx:hr>
          </gpxtpx:TrackPointExtension>
        </extensions>
      </trkpt>
      <trkpt lat="1.398558195098946" lon="103.88753309134411">
        <ele>0</ele>
        <time>2026-10-05T10:25:08Z</time>
        <extensions>
          <gpxtpx:TrackPointExtension>
            <gpxtpx:hr>117</gpxtpx:hr>
          </gpxtpx:TrackPointExtension>
        </extensions>
      </trkpt>
      <trkpt lat="1.3985566069385462" lon="103.88756980634979">
        <ele>0</ele>
        <time>2026-10-05T10:25:09Z</time>
        <extensions>
          <gpxtpx:TrackPointExtension>
            <gpxtpx:hr>117</gpxtpx:hr>
          </gpxtpx:TrackPointExtension>
        </extensions>
      </trkpt>
      <trkpt lat="1.3985554374605056" lon="103.8876066307675">
        <ele>0</ele>
        <time>2026-10-05T10:25:10Z</time>
        <extensions>
          <gpxtpx:TrackPointExtension>
            <gpxtpx:hr>113</gpxtpx:hr>
          </gpxtpx:TrackPointExtension>
        </extensions>
      </trkpt>
      <trkpt lat="1.3985544141726216" lon="103.8876432933359">
        <ele>0</ele>
        <time>2026-10-05T10:25:11Z</time>
        <extensions>
          <gpxtpx:TrackPointExtension>
            <gpxtpx:hr>113</gpxtpx:hr>
          </gpxtpx:TrackPointExtension>
        </extensions>
      </trkpt>
      <trkpt lat="1.3985529235213727" lon="103.88767931619772">
        <ele>0</ele>
        <time>2026-10-05T10:25:12Z</time>
        <extensions>
          <gpxtpx:TrackPointExtension>
            <gpxtpx:hr>113</gpxtpx:hr>
          </gpxtpx:TrackPointExtension>
        </extensions>
      </trkpt>
      <trkpt lat="1.3985509282476303" lon="103.88771501054207">
        <ele>0</ele>
        <time>2026-10-05T10:25:13Z</time>
        <extensions>
          <gpxtpx:TrackPointExtension>
            <gpxtpx:hr>113</gpxtpx:hr>
          </gpxtpx:TrackPointExtension>
        </extensions>
      </trkpt>
      <trkpt lat="1.3985484863236965" lon="103.88775131160168">
        <ele>0</ele>
        <time>2026-10-05T10:25:14Z</time>
        <extensions>
          <gpxtpx:TrackPointExtension>
            <gpxtpx:hr>113</gpxtpx:hr>
          </gpxtpx:TrackPointExtension>
        </extensions>
      </trkpt>
      <trkpt lat="1.3985454222509441" lon="103.88778742574368">
        <ele>0</ele>
        <time>2026-10-05T10:25:15Z</time>
        <extensions>
          <gpxtpx:TrackPointExtension>
            <gpxtpx:hr>113</gpxtpx:hr>
          </gpxtpx:TrackPointExtension>
        </extensions>
      </trkpt>
      <trkpt lat="1.3985412075023063" lon="103.88782355611393">
        <ele>0</ele>
        <time>2026-10-05T10:25:16Z</time>
        <extensions>
          <gpxtpx:TrackPointExtension>
            <gpxtpx:hr>113</gpxtpx:hr>
          </gpxtpx:TrackPointExtension>
        </extensions>
      </trkpt>
      <trkpt lat="1.3985363688039338" lon="103.8878592305029">
        <ele>0</ele>
        <time>2026-10-05T10:25:17Z</time>
        <extensions>
          <gpxtpx:TrackPointExtension>
            <gpxtpx:hr>113</gpxtpx:hr>
          </gpxtpx:TrackPointExtension>
        </extensions>
      </trkpt>
      <trkpt lat="1.3985318810140008" lon="103.88789474112322">
        <ele>0</ele>
        <time>2026-10-05T10:25:18Z</time>
        <extensions>
          <gpxtpx:TrackPointExtension>
            <gpxtpx:hr>113</gpxtpx:hr>
          </gpxtpx:TrackPointExtension>
        </extensions>
      </trkpt>
      <trkpt lat="1.3985278654913547" lon="103.88793010001724">
        <ele>0</ele>
        <time>2026-10-05T10:25:19Z</time>
        <extensions>
          <gpxtpx:TrackPointExtension>
            <gpxtpx:hr>113</gpxtpx:hr>
          </gpxtpx:TrackPointExtension>
        </extensions>
      </trkpt>
      <trkpt lat="1.3985238768325567" lon="103.88796524989061">
        <ele>0</ele>
        <time>2026-10-05T10:25:20Z</time>
        <extensions>
          <gpxtpx:TrackPointExtension>
            <gpxtpx:hr>113</gpxtpx:hr>
          </gpxtpx:TrackPointExtension>
        </extensions>
      </trkpt>
      <trkpt lat="1.3985199099597807" lon="103.88799997582088">
        <ele>0</ele>
        <time>2026-10-05T10:25:21Z</time>
        <extensions>
          <gpxtpx:TrackPointExtension>
            <gpxtpx:hr>113</gpxtpx:hr>
          </gpxtpx:TrackPointExtension>
        </extensions>
      </trkpt>
      <trkpt lat="1.3985163322296237" lon="103.8880339789299">
        <ele>0</ele>
        <time>2026-10-05T10:25:22Z</time>
        <extensions>
          <gpxtpx:TrackPointExtension>
            <gpxtpx:hr>113</gpxtpx:hr>
          </gpxtpx:TrackPointExtension>
        </extensions>
      </trkpt>
      <trkpt lat="1.3985132088623558" lon="103.8880666703902">
        <ele>0</ele>
        <time>2026-10-05T10:25:23Z</time>
        <extensions>
          <gpxtpx:TrackPointExtension>
            <gpxtpx:hr>114</gpxtpx:hr>
          </gpxtpx:TrackPointExtension>
        </extensions>
      </trkpt>
      <trkpt lat="1.3985104958943606" lon="103.8880974159801">
        <ele>0</ele>
        <time>2026-10-05T10:25:24Z</time>
        <extensions>
          <gpxtpx:TrackPointExtension>
            <gpxtpx:hr>114</gpxtpx:hr>
          </gpxtpx:TrackPointExtension>
        </extensions>
      </trkpt>
      <trkpt lat="1.3985080585058076" lon="103.88812654468703">
        <ele>0</ele>
        <time>2026-10-05T10:25:25Z</time>
        <extensions>
          <gpxtpx:TrackPointExtension>
            <gpxtpx:hr>114</gpxtpx:hr>
          </gpxtpx:TrackPointExtension>
        </extensions>
      </trkpt>
      <trkpt lat="1.3985054853427656" lon="103.8881543095968">
        <ele>0</ele>
        <time>2026-10-05T10:25:26Z</time>
        <extensions>
          <gpxtpx:TrackPointExtension>
            <gpxtpx:hr>114</gpxtpx:hr>
          </gpxtpx:TrackPointExtension>
        </extensions>
      </trkpt>
      <trkpt lat="1.3985021926696093" lon="103.88818028945933">
        <ele>0</ele>
        <time>2026-10-05T10:25:27Z</time>
        <extensions>
          <gpxtpx:TrackPointExtension>
            <gpxtpx:hr>114</gpxtpx:hr>
          </gpxtpx:TrackPointExtension>
        </extensions>
      </trkpt>
      <trkpt lat="1.3984981927375373" lon="103.88820491905116">
        <ele>0</ele>
        <time>2026-10-05T10:25:28Z</time>
        <extensions>
          <gpxtpx:TrackPointExtension>
            <gpxtpx:hr>114</gpxtpx:hr>
          </gpxtpx:TrackPointExtension>
        </extensions>
      </trkpt>
      <trkpt lat="1.3984946367923967" lon="103.88822814325509">
        <ele>0</ele>
        <time>2026-10-05T10:25:29Z</time>
        <extensions>
          <gpxtpx:TrackPointExtension>
            <gpxtpx:hr>114</gpxtpx:hr>
          </gpxtpx:TrackPointExtension>
        </extensions>
      </trkpt>
      <trkpt lat="1.3984915038101196" lon="103.88825147099676">
        <ele>0</ele>
        <time>2026-10-05T10:25:30Z</time>
        <extensions>
          <gpxtpx:TrackPointExtension>
            <gpxtpx:hr>115</gpxtpx:hr>
          </gpxtpx:TrackPointExtension>
        </extensions>
      </trkpt>
      <trkpt lat="1.3984881809745153" lon="103.88827606415576">
        <ele>0</ele>
        <time>2026-10-05T10:25:31Z</time>
        <extensions>
          <gpxtpx:TrackPointExtension>
            <gpxtpx:hr>115</gpxtpx:hr>
          </gpxtpx:TrackPointExtension>
        </extensions>
      </trkpt>
      <trkpt lat="1.3984849668755053" lon="103.88830060821623">
        <ele>0</ele>
        <time>2026-10-05T10:25:32Z</time>
        <extensions>
          <gpxtpx:TrackPointExtension>
            <gpxtpx:hr>115</gpxtpx:hr>
          </gpxtpx:TrackPointExtension>
        </extensions>
      </trkpt>
      <trkpt lat="1.3984819266785091" lon="103.88832360613038">
        <ele>0</ele>
        <time>2026-10-05T10:25:33Z</time>
        <extensions>
          <gpxtpx:TrackPointExtension>
            <gpxtpx:hr>115</gpxtpx:hr>
          </gpxtpx:TrackPointExtension>
        </extensions>
      </trkpt>
      <trkpt lat="1.3984791804774455" lon="103.88834492483635">
        <ele>0</ele>
        <time>2026-10-05T10:25:34Z</time>
        <extensions>
          <gpxtpx:TrackPointExtension>
            <gpxtpx:hr>115</gpxtpx:hr>
          </gpxtpx:TrackPointExtension>
        </extensions>
      </trkpt>
      <trkpt lat="1.3984765290262289" lon="103.88836486656636">
        <ele>0</ele>
        <time>2026-10-05T10:25:35Z</time>
        <extensions>
          <gpxtpx:TrackPointExtension>
            <gpxtpx:hr>115</gpxtpx:hr>
          </gpxtpx:TrackPointExtension>
        </extensions>
      </trkpt>
      <trkpt lat="1.3984740390766135" lon="103.8883840637426">
        <ele>0</ele>
        <time>2026-10-05T10:25:36Z</time>
        <extensions>
          <gpxtpx:TrackPointExtension>
            <gpxtpx:hr>115</gpxtpx:hr>
          </gpxtpx:TrackPointExtension>
        </extensions>
      </trkpt>
      <trkpt lat="1.3984715780799033" lon="103.88840394044306">
        <ele>0</ele>
        <time>2026-10-05T10:25:37Z</time>
        <extensions>
          <gpxtpx:TrackPointExtension>
            <gpxtpx:hr>114</gpxtpx:hr>
          </gpxtpx:TrackPointExtension>
        </extensions>
      </trkpt>
      <trkpt lat="1.3984685821507554" lon="103.88842497669222">
        <ele>0</ele>
        <time>2026-10-05T10:25:38Z</time>
        <extensions>
          <gpxtpx:TrackPointExtension>
            <gpxtpx:hr>114</gpxtpx:hr>
          </gpxtpx:TrackPointExtension>
        </extensions>
      </trkpt>
      <trkpt lat="1.3984659290592076" lon="103.88844664869299">
        <ele>0</ele>
        <time>2026-10-05T10:25:39Z</time>
        <extensions>
          <gpxtpx:TrackPointExtension>
            <gpxtpx:hr>114</gpxtpx:hr>
          </gpxtpx:TrackPointExtension>
        </extensions>
      </trkpt>
      <trkpt lat="1.398464711457797" lon="103.88846681218473">
        <ele>0</ele>
        <time>2026-10-05T10:25:40Z</time>
        <extensions>
          <gpxtpx:TrackPointExtension>
            <gpxtpx:hr>113</gpxtpx:hr>
          </gpxtpx:TrackPointExtension>
        </extensions>
      </trkpt>
      <trkpt lat="1.398464803469767" lon="103.8884838764641">
        <ele>0</ele>
        <time>2026-10-05T10:25:41Z</time>
        <extensions>
          <gpxtpx:TrackPointExtension>
            <gpxtpx:hr>113</gpxtpx:hr>
          </gpxtpx:TrackPointExtension>
        </extensions>
      </trkpt>
      <trkpt lat="1.398464681973011" lon="103.88849732365104">
        <ele>0</ele>
        <time>2026-10-05T10:25:42Z</time>
        <extensions>
          <gpxtpx:TrackPointExtension>
            <gpxtpx:hr>113</gpxtpx:hr>
          </gpxtpx:TrackPointExtension>
        </extensions>
      </trkpt>
      <trkpt lat="1.3984642161555771" lon="103.88850931040675">
        <ele>0</ele>
        <time>2026-10-05T10:25:43Z</time>
        <extensions>
          <gpxtpx:TrackPointExtension>
            <gpxtpx:hr>112</gpxtpx:hr>
          </gpxtpx:TrackPointExtension>
        </extensions>
      </trkpt>
      <trkpt lat="1.3984640277239528" lon="103.8885219535861">
        <ele>0</ele>
        <time>2026-10-05T10:25:44Z</time>
        <extensions>
          <gpxtpx:TrackPointExtension>
            <gpxtpx:hr>112</gpxtpx:hr>
          </gpxtpx:TrackPointExtension>
        </extensions>
      </trkpt>
      <trkpt lat="1.398463264207517" lon="103.88853544544638">
        <ele>0</ele>
        <time>2026-10-05T10:25:45Z</time>
        <extensions>
          <gpxtpx:TrackPointExtension>
            <gpxtpx:hr>112</gpxtpx:hr>
          </gpxtpx:TrackPointExtension>
        </extensions>
      </trkpt>
      <trkpt lat="1.3984618887230162" lon="103.88855011860467">
        <ele>0</ele>
        <time>2026-10-05T10:25:46Z</time>
        <extensions>
          <gpxtpx:TrackPointExtension>
            <gpxtpx:hr>112</gpxtpx:hr>
          </gpxtpx:TrackPointExtension>
        </extensions>
      </trkpt>
      <trkpt lat="1.3984600631759059" lon="103.88856560064598">
        <ele>0</ele>
        <time>2026-10-05T10:25:47Z</time>
        <extensions>
          <gpxtpx:TrackPointExtension>
            <gpxtpx:hr>112</gpxtpx:hr>
          </gpxtpx:TrackPointExtension>
        </extensions>
      </trkpt>
      <trkpt lat="1.3984580462767813" lon="103.88858297730802">
        <ele>0</ele>
        <time>2026-10-05T10:25:48Z</time>
        <extensions>
          <gpxtpx:TrackPointExtension>
            <gpxtpx:hr>112</gpxtpx:hr>
          </gpxtpx:TrackPointExtension>
        </extensions>
      </trkpt>
      <trkpt lat="1.398456303713042" lon="103.88860289109104">
        <ele>0</ele>
        <time>2026-10-05T10:25:49Z</time>
        <extensions>
          <gpxtpx:TrackPointExtension>
            <gpxtpx:hr>111</gpxtpx:hr>
          </gpxtpx:TrackPointExtension>
        </extensions>
      </trkpt>
      <trkpt lat="1.3984548718778511" lon="103.88862576935988">
        <ele>0</ele>
        <time>2026-10-05T10:25:50Z</time>
        <extensions>
          <gpxtpx:TrackPointExtension>
            <gpxtpx:hr>111</gpxtpx:hr>
          </gpxtpx:TrackPointExtension>
        </extensions>
      </trkpt>
      <trkpt lat="1.3984536261792497" lon="103.88865196568267">
        <ele>0</ele>
        <time>2026-10-05T10:25:51Z</time>
        <extensions>
          <gpxtpx:TrackPointExtension>
            <gpxtpx:hr>111</gpxtpx:hr>
          </gpxtpx:TrackPointExtension>
        </extensions>
      </trkpt>
      <trkpt lat="1.3984519845920909" lon="103.88868020837388">
        <ele>0</ele>
        <time>2026-10-05T10:25:52Z</time>
        <extensions>
          <gpxtpx:TrackPointExtension>
            <gpxtpx:hr>111</gpxtpx:hr>
          </gpxtpx:TrackPointExtension>
        </extensions>
      </trkpt>
      <trkpt lat="1.3984494301037012" lon="103.88871020926092">
        <ele>0</ele>
        <time>2026-10-05T10:25:53Z</time>
        <extensions>
          <gpxtpx:TrackPointExtension>
            <gpxtpx:hr>111</gpxtpx:hr>
          </gpxtpx:TrackPointExtension>
        </extensions>
      </trkpt>
      <trkpt lat="1.3984460899841593" lon="103.88874123954211">
        <ele>0</ele>
        <time>2026-10-05T10:25:54Z</time>
        <extensions>
          <gpxtpx:TrackPointExtension>
            <gpxtpx:hr>111</gpxtpx:hr>
          </gpxtpx:TrackPointExtension>
        </extensions>
      </trkpt>
      <trkpt lat="1.398441902156757" lon="103.88877234717046">
        <ele>0</ele>
        <time>2026-10-05T10:25:55Z</time>
        <extensions>
          <gpxtpx:TrackPointExtension>
            <gpxtpx:hr>111</gpxtpx:hr>
          </gpxtpx:TrackPointExtension>
        </extensions>
      </trkpt>
      <trkpt lat="1.3984373583673564" lon="103.88880307616313">
        <ele>0</ele>
        <time>2026-10-05T10:25:56Z</time>
        <extensions>
          <gpxtpx:TrackPointExtension>
            <gpxtpx:hr>111</gpxtpx:hr>
          </gpxtpx:TrackPointExtension>
        </extensions>
      </trkpt>
      <trkpt lat="1.3984333515960112" lon="103.88883156225104">
        <ele>0</ele>
        <time>2026-10-05T10:25:57Z</time>
        <extensions>
          <gpxtpx:TrackPointExtension>
            <gpxtpx:hr>111</gpxtpx:hr>
          </gpxtpx:TrackPointExtension>
        </extensions>
      </trkpt>
      <trkpt lat="1.3984297070861988" lon="103.88885774684611">
        <ele>0</ele>
        <time>2026-10-05T10:25:58Z</time>
        <extensions>
          <gpxtpx:TrackPointExtension>
            <gpxtpx:hr>111</gpxtpx:hr>
          </gpxtpx:TrackPointExtension>
        </extensions>
      </trkpt>
      <trkpt lat="1.39842588196228" lon="103.8888835846208">
        <ele>0</ele>
        <time>2026-10-05T10:25:59Z</time>
        <extensions>
          <gpxtpx:TrackPointExtension>
            <gpxtpx:hr>111</gpxtpx:hr>
          </gpxtpx:TrackPointExtension>
        </extensions>
      </trkpt>
      <trkpt lat="1.398421890640324" lon="103.88890936113508">
        <ele>0</ele>
        <time>2026-10-05T10:26:00Z</time>
        <extensions>
          <gpxtpx:TrackPointExtension>
            <gpxtpx:hr>112</gpxtpx:hr>
          </gpxtpx:TrackPointExtension>
        </extensions>
      </trkpt>
      <trkpt lat="1.3984173588215196" lon="103.88893517770317">
        <ele>0</ele>
        <time>2026-10-05T10:26:01Z</time>
        <extensions>
          <gpxtpx:TrackPointExtension>
            <gpxtpx:hr>112</gpxtpx:hr>
          </gpxtpx:TrackPointExtension>
        </extensions>
      </trkpt>
      <trkpt lat="1.3984116235568076" lon="103.88896327590258">
        <ele>0</ele>
        <time>2026-10-05T10:26:02Z</time>
        <extensions>
          <gpxtpx:TrackPointExtension>
            <gpxtpx:hr>112</gpxtpx:hr>
          </gpxtpx:TrackPointExtension>
        </extensions>
      </trkpt>
      <trkpt lat="1.3984054550766611" lon="103.88899435977346">
        <ele>0</ele>
        <time>2026-10-05T10:26:03Z</time>
        <extensions>
          <gpxtpx:TrackPointExtension>
            <gpxtpx:hr>112</gpxtpx:hr>
          </gpxtpx:TrackPointExtension>
        </extensions>
      </trkpt>
      <trkpt lat="1.3984000058581698" lon="103.88902675895028">
        <ele>0</ele>
        <time>2026-10-05T10:26:04Z</time>
        <extensions>
          <gpxtpx:TrackPointExtension>
            <gpxtpx:hr>112</gpxtpx:hr>
          </gpxtpx:TrackPointExtension>
        </extensions>
      </trkpt>
      <trkpt lat="1.3983952989448785" lon="103.88906065989622">
        <ele>0</ele>
        <time>2026-10-05T10:26:05Z</time>
        <extensions>
          <gpxtpx:TrackPointExtension>
            <gpxtpx:hr>112</gpxtpx:hr>
          </gpxtpx:TrackPointExtension>
        </extensions>
      </trkpt>
      <trkpt lat="1.3983910614895774" lon="103.88909580952009">
        <ele>0</ele>
        <time>2026-10-05T10:26:06Z</time>
        <extensions>
          <gpxtpx:TrackPointExtension>
            <gpxtpx:hr>112</gpxtpx:hr>
          </gpxtpx:TrackPointExtension>
        </extensions>
      </trkpt>
      <trkpt lat="1.3983872489691276" lon="103.88913010956611">
        <ele>0</ele>
        <time>2026-10-05T10:26:07Z</time>
        <extensions>
          <gpxtpx:TrackPointExtension>
            <gpxtpx:hr>112</gpxtpx:hr>
          </gpxtpx:TrackPointExtension>
        </extensions>
      </trkpt>
      <trkpt lat="1.398383924506412" lon="103.88916414538105">
        <ele>0</ele>
        <time>2026-10-05T10:26:08Z</time>
        <extensions>
          <gpxtpx:TrackPointExtension>
            <gpxtpx:hr>112</gpxtpx:hr>
          </gpxtpx:TrackPointExtension>
        </extensions>
      </trkpt>
      <trkpt lat="1.3983811118502276" lon="103.88919847435446">
        <ele>0</ele>
        <time>2026-10-05T10:26:09Z</time>
        <extensions>
          <gpxtpx:TrackPointExtension>
            <gpxtpx:hr>111</gpxtpx:hr>
          </gpxtpx:TrackPointExtension>
        </extensions>
      </trkpt>
      <trkpt lat="1.3983788668479569" lon="103.88923241410735">
        <ele>0</ele>
        <time>2026-10-05T10:26:10Z</time>
        <extensions>
          <gpxtpx:TrackPointExtension>
            <gpxtpx:hr>111</gpxtpx:hr>
          </gpxtpx:TrackPointExtension>
        </extensions>
      </trkpt>
      <trkpt lat="1.3983772157471095" lon="103.88926641660933">
        <ele>0</ele>
        <time>2026-10-05T10:26:11Z</time>
        <extensions>
          <gpxtpx:TrackPointExtension>
            <gpxtpx:hr>111</gpxtpx:hr>
          </gpxtpx:TrackPointExtension>
        </extensions>
      </trkpt>
      <trkpt lat="1.3983756072429863" lon="103.88929894865407">
        <ele>0</ele>
        <time>2026-10-05T10:26:12Z</time>
        <extensions>
          <gpxtpx:TrackPointExtension>
            <gpxtpx:hr>111</gpxtpx:hr>
          </gpxtpx:TrackPointExtension>
        </extensions>
      </trkpt>
      <trkpt lat="1.3983745079794834" lon="103.88932984876817">
        <ele>0</ele>
        <time>2026-10-05T10:26:13Z</time>
        <extensions>
          <gpxtpx:TrackPointExtension>
            <gpxtpx:hr>112</gpxtpx:hr>
          </gpxtpx:TrackPointExtension>
        </extensions>
      </trkpt>
      <trkpt lat="1.3983738666368168" lon="103.88936009049245">
        <ele>0</ele>
        <time>2026-10-05T10:26:14Z</time>
        <extensions>
          <gpxtpx:TrackPointExtension>
            <gpxtpx:hr>112</gpxtpx:hr>
          </gpxtpx:TrackPointExtension>
        </extensions>
      </trkpt>
      <trkpt lat="1.3983730454659082" lon="103.88938966746038">
        <ele>0</ele>
        <time>2026-10-05T10:26:15Z</time>
        <extensions>
          <gpxtpx:TrackPointExtension>
            <gpxtpx:hr>112</gpxtpx:hr>
          </gpxtpx:TrackPointExtension>
        </extensions>
      </trkpt>
      <trkpt lat="1.3983729854154745" lon="103.88941896555761">
        <ele>0</ele>
        <time>2026-10-05T10:26:16Z</time>
        <extensions>
          <gpxtpx:TrackPointExtension>
            <gpxtpx:hr>112</gpxtpx:hr>
          </gpxtpx:TrackPointExtension>
        </extensions>
      </trkpt>
      <trkpt lat="1.3983736547209211" lon="103.88944884626376">
        <ele>0</ele>
        <time>2026-10-05T10:26:17Z</time>
        <extensions>
          <gpxtpx:TrackPointExtension>
            <gpxtpx:hr>112</gpxtpx:hr>
          </gpxtpx:TrackPointExtension>
        </extensions>
      </trkpt>
      <trkpt lat="1.3983743322212001" lon="103.8894794777153">
        <ele>0</ele>
        <time>2026-10-05T10:26:18Z</time>
        <extensions>
          <gpxtpx:TrackPointExtension>
            <gpxtpx:hr>112</gpxtpx:hr>
          </gpxtpx:TrackPointExtension>
        </extensions>
      </trkpt>
      <trkpt lat="1.3983749722458754" lon="103.88950943884473">
        <ele>0</ele>
        <time>2026-10-05T10:26:19Z</time>
        <extensions>
          <gpxtpx:TrackPointExtension>
            <gpxtpx:hr>112</gpxtpx:hr>
          </gpxtpx:TrackPointExtension>
        </extensions>
      </trkpt>
      <trkpt lat="1.3983753373840802" lon="103.88953865771903">
        <ele>16.62152353581041</ele>
        <time>2026-10-05T10:26:20Z</time>
        <extensions>
          <gpxtpx:TrackPointExtension>
            <gpxtpx:hr>113</gpxtpx:hr>
          </gpxtpx:TrackPointExtension>
        </extensions>
      </trkpt>
      <trkpt lat="1.3983753987395593" lon="103.88956748806625">
        <ele>16.628672177903354</ele>
        <time>2026-10-05T10:26:21Z</time>
        <extensions>
          <gpxtpx:TrackPointExtension>
            <gpxtpx:hr>113</gpxtpx:hr>
          </gpxtpx:TrackPointExtension>
        </extensions>
      </trkpt>
      <trkpt lat="1.398374834537664" lon="103.88959705575783">
        <ele>16.64808524772525</ele>
        <time>2026-10-05T10:26:22Z</time>
        <extensions>
          <gpxtpx:TrackPointExtension>
            <gpxtpx:hr>113</gpxtpx:hr>
          </gpxtpx:TrackPointExtension>
        </extensions>
      </trkpt>
      <trkpt lat="1.398373111198724" lon="103.88962901429066">
        <ele>16.679477310739458</ele>
        <time>2026-10-05T10:26:23Z</time>
        <extensions>
          <gpxtpx:TrackPointExtension>
            <gpxtpx:hr>113</gpxtpx:hr>
          </gpxtpx:TrackPointExtension>
        </extensions>
      </trkpt>
      <trkpt lat="1.3983732528737423" lon="103.88966125227222">
        <ele>16.719614452682436</ele>
        <time>2026-10-05T10:26:24Z</time>
        <extensions>
          <gpxtpx:TrackPointExtension>
            <gpxtpx:hr>113</gpxtpx:hr>
          </gpxtpx:TrackPointExtension>
        </extensions>
      </trkpt>
      <trkpt lat="1.398375959602204" lon="103.88969231862022">
        <ele>16.76372645702213</ele>
        <time>2026-10-05T10:26:25Z</time>
        <extensions>
          <gpxtpx:TrackPointExtension>
            <gpxtpx:hr>113</gpxtpx:hr>
          </gpxtpx:TrackPointExtension>
        </extensions>
      </trkpt>
      <trkpt lat="1.3983790860682501" lon="103.88972254110311">
        <ele>16.807978411205113</ele>
        <time>2026-10-05T10:26:26Z</time>
        <extensions>
          <gpxtpx:TrackPointExtension>
            <gpxtpx:hr>113</gpxtpx:hr>
          </gpxtpx:TrackPointExtension>
        </extensions>
      </trkpt>
      <trkpt lat="1.39838309065688" lon="103.88975169618486">
        <ele>16.85028716083616</ele>
        <time>2026-10-05T10:26:27Z</time>
        <extensions>
          <gpxtpx:TrackPointExtension>
            <gpxtpx:hr>113</gpxtpx:hr>
          </gpxtpx:TrackPointExtension>
        </extensions>
      </trkpt>
      <trkpt lat="1.3983897286405678" lon="103.88978095233512">
        <ele>16.88968507014215</ele>
        <time>2026-10-05T10:26:28Z</time>
        <extensions>
          <gpxtpx:TrackPointExtension>
            <gpxtpx:hr>115</gpxtpx:hr>
          </gpxtpx:TrackPointExtension>
        </extensions>
      </trkpt>
      <trkpt lat="1.3983990686263785" lon="103.88981026559709">
        <ele>16.925884804688394</ele>
        <time>2026-10-05T10:26:29Z</time>
        <extensions>
          <gpxtpx:TrackPointExtension>
            <gpxtpx:hr>115</gpxtpx:hr>
          </gpxtpx:TrackPointExtension>
        </extensions>
      </trkpt>
      <trkpt lat="1.398409125053691" lon="103.8898391027181">
        <ele>16.95902182161808</ele>
        <time>2026-10-05T10:26:30Z</time>
        <extensions>
          <gpxtpx:TrackPointExtension>
            <gpxtpx:hr>115</gpxtpx:hr>
          </gpxtpx:TrackPointExtension>
        </extensions>
      </trkpt>
      <trkpt lat="1.3984206546031899" lon="103.88986722053555">
        <ele>16.989482653327286</ele>
        <time>2026-10-05T10:26:31Z</time>
        <extensions>
          <gpxtpx:TrackPointExtension>
            <gpxtpx:hr>115</gpxtpx:hr>
          </gpxtpx:TrackPointExtension>
        </extensions>
      </trkpt>
      <trkpt lat="1.3984343054517778" lon="103.88989388226747">
        <ele>17.0177742857486</ele>
        <time>2026-10-05T10:26:32Z</time>
        <extensions>
          <gpxtpx:TrackPointExtension>
            <gpxtpx:hr>115</gpxtpx:hr>
          </gpxtpx:TrackPointExtension>
        </extensions>
      </trkpt>
      <trkpt lat="1.3984489232610744" lon="103.88991952657562">
        <ele>17.044452112168074</ele>
        <time>2026-10-05T10:26:33Z</time>
        <extensions>
          <gpxtpx:TrackPointExtension>
            <gpxtpx:hr>115</gpxtpx:hr>
          </gpxtpx:TrackPointExtension>
        </extensions>
      </trkpt>
      <trkpt lat="1.3984641479392164" lon="103.88994470602732">
        <ele>17.070048786699772</ele>
        <time>2026-10-05T10:26:34Z</time>
        <extensions>
          <gpxtpx:TrackPointExtension>
            <gpxtpx:hr>115</gpxtpx:hr>
          </gpxtpx:TrackPointExtension>
        </extensions>
      </trkpt>
      <trkpt lat="1.3984799506511776" lon="103.88996860681704">
        <ele>17.094945856370032</ele>
        <time>2026-10-05T10:26:35Z</time>
        <extensions>
          <gpxtpx:TrackPointExtension>
            <gpxtpx:hr>115</gpxtpx:hr>
          </gpxtpx:TrackPointExtension>
        </extensions>
      </trkpt>
      <trkpt lat="1.3984961197307146" lon="103.88999154525516">
        <ele>17.119291607290506</ele>
        <time>2026-10-05T10:26:36Z</time>
        <extensions>
          <gpxtpx:TrackPointExtension>
            <gpxtpx:hr>115</gpxtpx:hr>
          </gpxtpx:TrackPointExtension>
        </extensions>
      </trkpt>
      <trkpt lat="1.3985131411009284" lon="103.89001636759437">
        <ele>17.1430839067325</ele>
        <time>2026-10-05T10:26:37Z</time>
        <extensions>
          <gpxtpx:TrackPointExtension>
            <gpxtpx:hr>115</gpxtpx:hr>
          </gpxtpx:TrackPointExtension>
        </extensions>
      </trkpt>
      <trkpt lat="1.3985307711637898" lon="103.89004339890386">
        <ele>17.16635414212942</ele>
        <time>2026-10-05T10:26:38Z</time>
        <extensions>
          <gpxtpx:TrackPointExtension>
            <gpxtpx:hr>115</gpxtpx:hr>
          </gpxtpx:TrackPointExtension>
        </extensions>
      </trkpt>
      <trkpt lat="1.398548120246404" lon="103.89007092070223">
        <ele>17.189315683208406</ele>
        <time>2026-10-05T10:26:39Z</time>
        <extensions>
          <gpxtpx:TrackPointExtension>
            <gpxtpx:hr>117</gpxtpx:hr>
          </gpxtpx:TrackPointExtension>
        </extensions>
      </trkpt>
      <trkpt lat="1.3985653900042394" lon="103.8900984159547">
        <ele>17.212432353757322</ele>
        <time>2026-10-05T10:26:40Z</time>
        <extensions>
          <gpxtpx:TrackPointExtension>
            <gpxtpx:hr>117</gpxtpx:hr>
          </gpxtpx:TrackPointExtension>
        </extensions>
      </trkpt>
      <trkpt lat="1.3985824654572225" lon="103.89012583189499">
        <ele>17.236394696868956</ele>
        <time>2026-10-05T10:26:41Z</time>
        <extensions>
          <gpxtpx:TrackPointExtension>
            <gpxtpx:hr>117</gpxtpx:hr>
          </gpxtpx:TrackPointExtension>
        </extensions>
      </trkpt>
      <trkpt lat="1.398599508651561" lon="103.89015320142661">
        <ele>17.261929129250348</ele>
        <time>2026-10-05T10:26:42Z</time>
        <extensions>
          <gpxtpx:TrackPointExtension>
            <gpxtpx:hr>117</gpxtpx:hr>
          </gpxtpx:TrackPointExtension>
        </extensions>
      </trkpt>
      <trkpt lat="1.3986164920404096" lon="103.89018148625992">
        <ele>17.28946712706238</ele>
        <time>2026-10-05T10:26:43Z</time>
        <extensions>
          <gpxtpx:TrackPointExtension>
            <gpxtpx:hr>117</gpxtpx:hr>
          </gpxtpx:TrackPointExtension>
        </extensions>
      </trkpt>
      <trkpt lat="1.3986329355667435" lon="103.89021103469632">
        <ele>17.31891541555524</ele>
        <time>2026-10-05T10:26:44Z</time>
        <extensions>
          <gpxtpx:TrackPointExtension>
            <gpxtpx:hr>117</gpxtpx:hr>
          </gpxtpx:TrackPointExtension>
        </extensions>
      </trkpt>
      <trkpt lat="1.3986493381753071" lon="103.8902407799267">
        <ele>17.349667384289205</ele>
        <time>2026-10-05T10:26:45Z</time>
        <extensions>
          <gpxtpx:TrackPointExtension>
            <gpxtpx:hr>115</gpxtpx:hr>
          </gpxtpx:TrackPointExtension>
        </extensions>
      </trkpt>
      <trkpt lat="1.3986657592398104" lon="103.89027122245837">
        <ele>17.380747054703534</ele>
        <time>2026-10-05T10:26:46Z</time>
        <extensions>
          <gpxtpx:TrackPointExtension>
            <gpxtpx:hr>115</gpxtpx:hr>
          </gpxtpx:TrackPointExtension>
        </extensions>
      </trkpt>
      <trkpt lat="1.398681405728487" lon="103.89030299436345">
        <ele>17.41106606926769</ele>
        <time>2026-10-05T10:26:47Z</time>
        <extensions>
          <gpxtpx:TrackPointExtension>
            <gpxtpx:hr>115</gpxtpx:hr>
          </gpxtpx:TrackPointExtension>
        </extensions>
      </trkpt>
      <trkpt lat="1.398695544915318" lon="103.89033560663843">
        <ele>17.439819208346307</ele>
        <time>2026-10-05T10:26:48Z</time>
        <extensions>
          <gpxtpx:TrackPointExtension>
            <gpxtpx:hr>115</gpxtpx:hr>
          </gpxtpx:TrackPointExtension>
        </extensions>
      </trkpt>
      <trkpt lat="1.3987077769701564" lon="103.89036896135441">
        <ele>17.46673907339573</ele>
        <time>2026-10-05T10:26:49Z</time>
        <extensions>
          <gpxtpx:TrackPointExtension>
            <gpxtpx:hr>115</gpxtpx:hr>
          </gpxtpx:TrackPointExtension>
        </extensions>
      </trkpt>
      <trkpt lat="1.3987181022398072" lon="103.89040313558793">
        <ele>17.491986353881657</ele>
        <time>2026-10-05T10:26:50Z</time>
        <extensions>
          <gpxtpx:TrackPointExtension>
            <gpxtpx:hr>115</gpxtpx:hr>
          </gpxtpx:TrackPointExtension>
        </extensions>
      </trkpt>
      <trkpt lat="1.3987268250901088" lon="103.89043839934037">
        <ele>17.51589998882264</ele>
        <time>2026-10-05T10:26:51Z</time>
        <extensions>
          <gpxtpx:TrackPointExtension>
            <gpxtpx:hr>115</gpxtpx:hr>
          </gpxtpx:TrackPointExtension>
        </extensions>
      </trkpt>
      <trkpt lat="1.3987342493816735" lon="103.89047478725786">
        <ele>17.53881190251559</ele>
        <time>2026-10-05T10:26:52Z</time>
        <extensions>
          <gpxtpx:TrackPointExtension>
            <gpxtpx:hr>115</gpxtpx:hr>
          </gpxtpx:TrackPointExtension>
        </extensions>
      </trkpt>
      <trkpt lat="1.3987392129020557" lon="103.89051243294168">
        <ele>17.56090296525508</ele>
        <time>2026-10-05T10:26:53Z</time>
        <extensions>
          <gpxtpx:TrackPointExtension>
            <gpxtpx:hr>115</gpxtpx:hr>
          </gpxtpx:TrackPointExtension>
        </extensions>
      </trkpt>
      <trkpt lat="1.3987411749543035" lon="103.89055139253105">
        <ele>17.582131176255643</ele>
        <time>2026-10-05T10:26:54Z</time>
        <extensions>
          <gpxtpx:TrackPointExtension>
            <gpxtpx:hr>115</gpxtpx:hr>
          </gpxtpx:TrackPointExtension>
        </extensions>
      </trkpt>
      <trkpt lat="1.3987413781917895" lon="103.89059070375967">
        <ele>17.60228015948087</ele>
        <time>2026-10-05T10:26:55Z</time>
        <extensions>
          <gpxtpx:TrackPointExtension>
            <gpxtpx:hr>115</gpxtpx:hr>
          </gpxtpx:TrackPointExtension>
        </extensions>
      </trkpt>
      <trkpt lat="1.398740743062227" lon="103.8906294544109">
        <ele>17.62107245437801</ele>
        <time>2026-10-05T10:26:56Z</time>
        <extensions>
          <gpxtpx:TrackPointExtension>
            <gpxtpx:hr>115</gpxtpx:hr>
          </gpxtpx:TrackPointExtension>
        </extensions>
      </trkpt>
      <trkpt lat="1.3987397932423162" lon="103.89066714181662">
        <ele>17.63827553857118</ele>
        <time>2026-10-05T10:26:57Z</time>
        <extensions>
          <gpxtpx:TrackPointExtension>
            <gpxtpx:hr>115</gpxtpx:hr>
          </gpxtpx:TrackPointExtension>
        </extensions>
      </trkpt>
      <trkpt lat="1.3987384691031524" lon="103.89070380702815">
        <ele>17.6538042742759</ele>
        <time>2026-10-05T10:26:58Z</time>
        <extensions>
          <gpxtpx:TrackPointExtension>
            <gpxtpx:hr>115</gpxtpx:hr>
          </gpxtpx:TrackPointExtension>
        </extensions>
      </trkpt>
      <trkpt lat="1.3987365145334953" lon="103.89073995182379">
        <ele>17.667781171388924</ele>
        <time>2026-10-05T10:26:59Z</time>
        <extensions>
          <gpxtpx:TrackPointExtension>
            <gpxtpx:hr>115</gpxtpx:hr>
          </gpxtpx:TrackPointExtension>
        </extensions>
      </trkpt>
      <trkpt lat="1.3987339498443259" lon="103.8907750794731">
        <ele>17.680484001524746</ele>
        <time>2026-10-05T10:27:00Z</time>
        <extensions>
          <gpxtpx:TrackPointExtension>
            <gpxtpx:hr>116</gpxtpx:hr>
          </gpxtpx:TrackPointExtension>
        </extensions>
      </trkpt>
      <trkpt lat="1.398730524856405" lon="103.89080829507766">
        <ele>17.692244310863316</ele>
        <time>2026-10-05T10:27:01Z</time>
        <extensions>
          <gpxtpx:TrackPointExtension>
            <gpxtpx:hr>116</gpxtpx:hr>
          </gpxtpx:TrackPointExtension>
        </extensions>
      </trkpt>
      <trkpt lat="1.398725814974095" lon="103.89084003090166">
        <ele>17.703423383645713</ele>
        <time>2026-10-05T10:27:02Z</time>
        <extensions>
          <gpxtpx:TrackPointExtension>
            <gpxtpx:hr>116</gpxtpx:hr>
          </gpxtpx:TrackPointExtension>
        </extensions>
      </trkpt>
      <trkpt lat="1.3987202125746234" lon="103.89087136813126">
        <ele>17.71449519880116</ele>
        <time>2026-10-05T10:27:03Z</time>
        <extensions>
          <gpxtpx:TrackPointExtension>
            <gpxtpx:hr>116</gpxtpx:hr>
          </gpxtpx:TrackPointExtension>
        </extensions>
      </trkpt>
      <trkpt lat="1.3987145269488908" lon="103.89090336407807">
        <ele>17.726124363020062</ele>
        <time>2026-10-05T10:27:04Z</time>
        <extensions>
          <gpxtpx:TrackPointExtension>
            <gpxtpx:hr>116</gpxtpx:hr>
          </gpxtpx:TrackPointExtension>
        </extensions>
      </trkpt>
      <trkpt lat="1.3987089946870743" lon="103.89093627670812">
        <ele>17.739112759940326</ele>
        <time>2026-10-05T10:27:05Z</time>
        <extensions>
          <gpxtpx:TrackPointExtension>
            <gpxtpx:hr>116</gpxtpx:hr>
          </gpxtpx:TrackPointExtension>
        </extensions>
      </trkpt>
      <trkpt lat="1.398703434741572" lon="103.89096964532787">
        <ele>17.754240525886416</ele>
        <time>2026-10-05T10:27:06Z</time>
        <extensions>
          <gpxtpx:TrackPointExtension>
            <gpxtpx:hr>116</gpxtpx:hr>
          </gpxtpx:TrackPointExtension>
        </extensions>
      </trkpt>
      <trkpt lat="1.3986974176543132" lon="103.89100269053056">
        <ele>17.77210348006338</ele>
        <time>2026-10-05T10:27:07Z</time>
        <extensions>
          <gpxtpx:TrackPointExtension>
            <gpxtpx:hr>116</gpxtpx:hr>
          </gpxtpx:TrackPointExtension>
        </extensions>
      </trkpt>
      <trkpt lat="1.3986905587917704" lon="103.89103514292916">
        <ele>17.792970849201083</ele>
        <time>2026-10-05T10:27:08Z</time>
        <extensions>
          <gpxtpx:TrackPointExtension>
            <gpxtpx:hr>119</gpxtpx:hr>
          </gpxtpx:TrackPointExtension>
        </extensions>
      </trkpt>
      <trkpt lat="1.3986831810002054" lon="103.89106794220001">
        <ele>17.81669876817614</ele>
        <time>2026-10-05T10:27:09Z</time>
        <extensions>
          <gpxtpx:TrackPointExtension>
            <gpxtpx:hr>119</gpxtpx:hr>
          </gpxtpx:TrackPointExtension>
        </extensions>
      </trkpt>
      <trkpt lat="1.3986757406097108" lon="103.89110207248423">
        <ele>17.842819082550704</ele>
        <time>2026-10-05T10:27:10Z</time>
        <extensions>
          <gpxtpx:TrackPointExtension>
            <gpxtpx:hr>119</gpxtpx:hr>
          </gpxtpx:TrackPointExtension>
        </extensions>
      </trkpt>
      <trkpt lat="1.398668293423147" lon="103.8911378198398">
        <ele>17.870770080015063</ele>
        <time>2026-10-05T10:27:11Z</time>
        <extensions>
          <gpxtpx:TrackPointExtension>
            <gpxtpx:hr>119</gpxtpx:hr>
          </gpxtpx:TrackPointExtension>
        </extensions>
      </trkpt>
      <trkpt lat="1.3986605003511376" lon="103.89117471019631">
        <ele>17.90006171260029</ele>
        <time>2026-10-05T10:27:12Z</time>
        <extensions>
          <gpxtpx:TrackPointExtension>
            <gpxtpx:hr>119</gpxtpx:hr>
          </gpxtpx:TrackPointExtension>
        </extensions>
      </trkpt>
      <trkpt lat="1.3986521944634673" lon="103.89121191489399">
        <ele>17.930279932916164</ele>
        <time>2026-10-05T10:27:13Z</time>
        <extensions>
          <gpxtpx:TrackPointExtension>
            <gpxtpx:hr>119</gpxtpx:hr>
          </gpxtpx:TrackPointExtension>
        </extensions>
      </trkpt>
      <trkpt lat="1.3986436420685502" lon="103.89124909255902">
        <ele>17.961020308546722</ele>
        <time>2026-10-05T10:27:14Z</time>
        <extensions>
          <gpxtpx:TrackPointExtension>
            <gpxtpx:hr>115</gpxtpx:hr>
          </gpxtpx:TrackPointExtension>
        </extensions>
      </trkpt>
      <trkpt lat="1.3986348105837165" lon="103.8912864601372">
        <ele>17.991841876879334</ele>
        <time>2026-10-05T10:27:15Z</time>
        <extensions>
          <gpxtpx:TrackPointExtension>
            <gpxtpx:hr>115</gpxtpx:hr>
          </gpxtpx:TrackPointExtension>
        </extensions>
      </trkpt>
      <trkpt lat="1.3986254295806437" lon="103.89132404557375">
        <ele>18.022245447151363</ele>
        <time>2026-10-05T10:27:16Z</time>
        <extensions>
          <gpxtpx:TrackPointExtension>
            <gpxtpx:hr>115</gpxtpx:hr>
          </gpxtpx:TrackPointExtension>
        </extensions>
      </trkpt>
      <trkpt lat="1.39861571646402" lon="103.89136142067913">
        <ele>18.051715991459787</ele>
        <time>2026-10-05T10:27:17Z</time>
        <extensions>
          <gpxtpx:TrackPointExtension>
            <gpxtpx:hr>115</gpxtpx:hr>
          </gpxtpx:TrackPointExtension>
        </extensions>
      </trkpt>
      <trkpt lat="1.3986064558052966" lon="103.89139813278261">
        <ele>18.0798899512738</ele>
        <time>2026-10-05T10:27:18Z</time>
        <extensions>
          <gpxtpx:TrackPointExtension>
            <gpxtpx:hr>115</gpxtpx:hr>
          </gpxtpx:TrackPointExtension>
        </extensions>
      </trkpt>
      <trkpt lat="1.3985979280764615" lon="103.8914344122489">
        <ele>18.106766388751566</ele>
        <time>2026-10-05T10:27:19Z</time>
        <extensions>
          <gpxtpx:TrackPointExtension>
            <gpxtpx:hr>115</gpxtpx:hr>
          </gpxtpx:TrackPointExtension>
        </extensions>
      </trkpt>
      <trkpt lat="1.398589561072284" lon="103.89147064608103">
        <ele>18.13280233833939</ele>
        <time>2026-10-05T10:27:20Z</time>
        <extensions>
          <gpxtpx:TrackPointExtension>
            <gpxtpx:hr>115</gpxtpx:hr>
          </gpxtpx:TrackPointExtension>
        </extensions>
      </trkpt>
      <trkpt lat="1.3985807084512842" lon="103.8915068224096">
        <ele>18.158878325484693</ele>
        <time>2026-10-05T10:27:21Z</time>
        <extensions>
          <gpxtpx:TrackPointExtension>
            <gpxtpx:hr>115</gpxtpx:hr>
          </gpxtpx:TrackPointExtension>
        </extensions>
      </trkpt>
      <trkpt lat="1.3985714702055765" lon="103.89154291118015">
        <ele>18.186145110055804</ele>
        <time>2026-10-05T10:27:22Z</time>
        <extensions>
          <gpxtpx:TrackPointExtension>
            <gpxtpx:hr>115</gpxtpx:hr>
          </gpxtpx:TrackPointExtension>
        </extensions>
      </trkpt>
      <trkpt lat="1.3985621762629556" lon="103.89157852835804">
        <ele>18.215677369385958</ele>
        <time>2026-10-05T10:27:23Z</time>
        <extensions>
          <gpxtpx:TrackPointExtension>
            <gpxtpx:hr>115</gpxtpx:hr>
          </gpxtpx:TrackPointExtension>
        </extensions>
      </trkpt>
      <trkpt lat="1.398552578963132" lon="103.89161336237105">
        <ele>18.248042164370418</ele>
        <time>2026-10-05T10:27:24Z</time>
        <extensions>
          <gpxtpx:TrackPointExtension>
            <gpxtpx:hr>115</gpxtpx:hr>
          </gpxtpx:TrackPointExtension>
        </extensions>
      </trkpt>
      <trkpt lat="1.3985425574093733" lon="103.89164759497132">
        <ele>18.283079233951867</ele>
        <time>2026-10-05T10:27:25Z</time>
        <extensions>
          <gpxtpx:TrackPointExtension>
            <gpxtpx:hr>120</gpxtpx:hr>
          </gpxtpx:TrackPointExtension>
        </extensions>
      </trkpt>
      <trkpt lat="1.3985322722694784" lon="103.8916818316135">
        <ele>18.319962604902685</ele>
        <time>2026-10-05T10:27:26Z</time>
        <extensions>
          <gpxtpx:TrackPointExtension>
            <gpxtpx:hr>120</gpxtpx:hr>
          </gpxtpx:TrackPointExtension>
        </extensions>
      </trkpt>
      <trkpt lat="1.3985216597995478" lon="103.89171635069872">
        <ele>18.35739126149565</ele>
        <time>2026-10-05T10:27:27Z</time>
        <extensions>
          <gpxtpx:TrackPointExtension>
            <gpxtpx:hr>120</gpxtpx:hr>
          </gpxtpx:TrackPointExtension>
        </extensions>
      </trkpt>
      <trkpt lat="1.3985102738336157" lon="103.89175064465876">
        <ele>18.39388564415276</ele>
        <time>2026-10-05T10:27:28Z</time>
        <extensions>
          <gpxtpx:TrackPointExtension>
            <gpxtpx:hr>120</gpxtpx:hr>
          </gpxtpx:TrackPointExtension>
        </extensions>
      </trkpt>
      <trkpt lat="1.3984975815805156" lon="103.89178444124009">
        <ele>18.42814582400024</ele>
        <time>2026-10-05T10:27:29Z</time>
        <extensions>
          <gpxtpx:TrackPointExtension>
            <gpxtpx:hr>120</gpxtpx:hr>
          </gpxtpx:TrackPointExtension>
        </extensions>
      </trkpt>
      <trkpt lat="1.3984831279005752" lon="103.8918179456324">
        <ele>18.459241546690464</ele>
        <time>2026-10-05T10:27:30Z</time>
        <extensions>
          <gpxtpx:TrackPointExtension>
            <gpxtpx:hr>120</gpxtpx:hr>
          </gpxtpx:TrackPointExtension>
        </extensions>
      </trkpt>
      <trkpt lat="1.3984667002758866" lon="103.89185105003874">
        <ele>18.486547675915062</ele>
        <time>2026-10-05T10:27:31Z</time>
        <extensions>
          <gpxtpx:TrackPointExtension>
            <gpxtpx:hr>120</gpxtpx:hr>
          </gpxtpx:TrackPointExtension>
        </extensions>
      </trkpt>
      <trkpt lat="1.3984481021587223" lon="103.89188314882094">
        <ele>18.50961137097329</ele>
        <time>2026-10-05T10:27:32Z</time>
        <extensions>
          <gpxtpx:TrackPointExtension>
            <gpxtpx:hr>120</gpxtpx:hr>
          </gpxtpx:TrackPointExtension>
        </extensions>
      </trkpt>
      <trkpt lat="1.398426993767807" lon="103.89191360216736">
        <ele>18.52807500772178</ele>
        <time>2026-10-05T10:27:33Z</time>
        <extensions>
          <gpxtpx:TrackPointExtension>
            <gpxtpx:hr>120</gpxtpx:hr>
          </gpxtpx:TrackPointExtension>
        </extensions>
      </trkpt>
      <trkpt lat="1.3984041435484695" lon="103.891942835738">
        <ele>18.541661627590656</ele>
        <time>2026-10-05T10:27:34Z</time>
        <extensions>
          <gpxtpx:TrackPointExtension>
            <gpxtpx:hr>128</gpxtpx:hr>
          </gpxtpx:TrackPointExtension>
        </extensions>
      </trkpt>
      <trkpt lat="1.3983802366403968" lon="103.89197143144662">
        <ele>18.550208386033773</ele>
        <time>2026-10-05T10:27:35Z</time>
        <extensions>
          <gpxtpx:TrackPointExtension>
            <gpxtpx:hr>128</gpxtpx:hr>
          </gpxtpx:TrackPointExtension>
        </extensions>
      </trkpt>
      <trkpt lat="1.3983549971611084" lon="103.8919991818991">
        <ele>18.553730553016067</ele>
        <time>2026-10-05T10:27:36Z</time>
        <extensions>
          <gpxtpx:TrackPointExtension>
            <gpxtpx:hr>128</gpxtpx:hr>
          </gpxtpx:TrackPointExtension>
        </extensions>
      </trkpt>
      <trkpt lat="1.3983284004273502" lon="103.89202583470163">
        <ele>18.552495024167</ele>
        <time>2026-10-05T10:27:37Z</time>
        <extensions>
          <gpxtpx:TrackPointExtension>
            <gpxtpx:hr>128</gpxtpx:hr>
          </gpxtpx:TrackPointExtension>
        </extensions>
      </trkpt>
      <trkpt lat="1.3983007707666195" lon="103.89205135993306">
        <ele>18.54697952978313</ele>
        <time>2026-10-05T10:27:38Z</time>
        <extensions>
          <gpxtpx:TrackPointExtension>
            <gpxtpx:hr>128</gpxtpx:hr>
          </gpxtpx:TrackPointExtension>
        </extensions>
      </trkpt>
      <trkpt lat="1.3982714311412285" lon="103.89207502696252">
        <ele>18.537741255946457</ele>
        <time>2026-10-05T10:27:39Z</time>
        <extensions>
          <gpxtpx:TrackPointExtension>
            <gpxtpx:hr>128</gpxtpx:hr>
          </gpxtpx:TrackPointExtension>
        </extensions>
      </trkpt>
      <trkpt lat="1.398240012580635" lon="103.89209670114971">
        <ele>18.52532211691141</ele>
        <time>2026-10-05T10:27:40Z</time>
        <extensions>
          <gpxtpx:TrackPointExtension>
            <gpxtpx:hr>128</gpxtpx:hr>
          </gpxtpx:TrackPointExtension>
        </extensions>
      </trkpt>
      <trkpt lat="1.3982078297104248" lon="103.89211678380674">
        <ele>18.510233396664262</ele>
        <time>2026-10-05T10:27:41Z</time>
        <extensions>
          <gpxtpx:TrackPointExtension>
            <gpxtpx:hr>128</gpxtpx:hr>
          </gpxtpx:TrackPointExtension>
        </extensions>
      </trkpt>
      <trkpt lat="1.3981754666600228" lon="103.89213488456156">
        <ele>18.492988127283752</ele>
        <time>2026-10-05T10:27:42Z</time>
        <extensions>
          <gpxtpx:TrackPointExtension>
            <gpxtpx:hr>128</gpxtpx:hr>
          </gpxtpx:TrackPointExtension>
        </extensions>
      </trkpt>
      <trkpt lat="1.3981429783757295" lon="103.89215116868104">
        <ele>18.474130597896874</ele>
        <time>2026-10-05T10:27:43Z</time>
        <extensions>
          <gpxtpx:TrackPointExtension>
            <gpxtpx:hr>128</gpxtpx:hr>
          </gpxtpx:TrackPointExtension>
        </extensions>
      </trkpt>
      <trkpt lat="1.3981103765759892" lon="103.89216582295313">
        <ele>18.4542514430359</ele>
        <time>2026-10-05T10:27:44Z</time>
        <extensions>
          <gpxtpx:TrackPointExtension>
            <gpxtpx:hr>128</gpxtpx:hr>
          </gpxtpx:TrackPointExtension>
        </extensions>
      </trkpt>
      <trkpt lat="1.3980771590082128" lon="103.8921787758273">
        <ele>18.43398431222886</ele>
        <time>2026-10-05T10:27:45Z</time>
        <extensions>
          <gpxtpx:TrackPointExtension>
            <gpxtpx:hr>128</gpxtpx:hr>
          </gpxtpx:TrackPointExtension>
        </extensions>
      </trkpt>
      <trkpt lat="1.3980431901239996" lon="103.89219009503272">
        <ele>18.413955638185143</ele>
        <time>2026-10-05T10:27:46Z</time>
        <extensions>
          <gpxtpx:TrackPointExtension>
            <gpxtpx:hr>128</gpxtpx:hr>
          </gpxtpx:TrackPointExtension>
        </extensions>
      </trkpt>
      <trkpt lat="1.3980084645244215" lon="103.89220004532204">
        <ele>18.394705428741872</ele>
        <time>2026-10-05T10:27:47Z</time>
        <extensions>
          <gpxtpx:TrackPointExtension>
            <gpxtpx:hr>125</gpxtpx:hr>
          </gpxtpx:TrackPointExtension>
        </extensions>
      </trkpt>
      <trkpt lat="1.3979729347300525" lon="103.89220842334272">
        <ele>18.376612685620785</ele>
        <time>2026-10-05T10:27:48Z</time>
        <extensions>
          <gpxtpx:TrackPointExtension>
            <gpxtpx:hr>125</gpxtpx:hr>
          </gpxtpx:TrackPointExtension>
        </extensions>
      </trkpt>
      <trkpt lat="1.3979366618220495" lon="103.89221495700471">
        <ele>18.359813433140516</ele>
        <time>2026-10-05T10:27:49Z</time>
        <extensions>
          <gpxtpx:TrackPointExtension>
            <gpxtpx:hr>125</gpxtpx:hr>
          </gpxtpx:TrackPointExtension>
        </extensions>
      </trkpt>
      <trkpt lat="1.397899817879223" lon="103.89221991914009">
        <ele>18.344152824021876</ele>
        <time>2026-10-05T10:27:50Z</time>
        <extensions>
          <gpxtpx:TrackPointExtension>
            <gpxtpx:hr>125</gpxtpx:hr>
          </gpxtpx:TrackPointExtension>
        </extensions>
      </trkpt>
      <trkpt lat="1.3978622811510164" lon="103.89222321270331">
        <ele>18.32924423739314</ele>
        <time>2026-10-05T10:27:51Z</time>
        <extensions>
          <gpxtpx:TrackPointExtension>
            <gpxtpx:hr>125</gpxtpx:hr>
          </gpxtpx:TrackPointExtension>
        </extensions>
      </trkpt>
      <trkpt lat="1.3978238294263123" lon="103.89222457748366">
        <ele>18.31458663754165</ele>
        <time>2026-10-05T10:27:52Z</time>
        <extensions>
          <gpxtpx:TrackPointExtension>
            <gpxtpx:hr>125</gpxtpx:hr>
          </gpxtpx:TrackPointExtension>
        </extensions>
      </trkpt>
      <trkpt lat="1.3977847704888118" lon="103.89222427683232">
        <ele>18.299674659967422</ele>
        <time>2026-10-05T10:27:53Z</time>
        <extensions>
          <gpxtpx:TrackPointExtension>
            <gpxtpx:hr>125</gpxtpx:hr>
          </gpxtpx:TrackPointExtension>
        </extensions>
      </trkpt>
      <trkpt lat="1.397745138822577" lon="103.89222243486839">
        <ele>18.284106573089957</ele>
        <time>2026-10-05T10:27:54Z</time>
        <extensions>
          <gpxtpx:TrackPointExtension>
            <gpxtpx:hr>125</gpxtpx:hr>
          </gpxtpx:TrackPointExtension>
        </extensions>
      </trkpt>
      <trkpt lat="1.3977050497050598" lon="103.89221855045152">
        <ele>18.267661448568106</ele>
        <time>2026-10-05T10:27:55Z</time>
        <extensions>
          <gpxtpx:TrackPointExtension>
            <gpxtpx:hr>125</gpxtpx:hr>
          </gpxtpx:TrackPointExtension>
        </extensions>
      </trkpt>
      <trkpt lat="1.3976650893592877" lon="103.8922123767028">
        <ele>18.250292481854558</ele>
        <time>2026-10-05T10:27:56Z</time>
        <extensions>
          <gpxtpx:TrackPointExtension>
            <gpxtpx:hr>122</gpxtpx:hr>
          </gpxtpx:TrackPointExtension>
        </extensions>
      </trkpt>
      <trkpt lat="1.397625805854986" lon="103.89220417973718">
        <ele>18.232071409001946</ele>
        <time>2026-10-05T10:27:57Z</time>
        <extensions>
          <gpxtpx:TrackPointExtension>
            <gpxtpx:hr>122</gpxtpx:hr>
          </gpxtpx:TrackPointExtension>
        </extensions>
      </trkpt>
      <trkpt lat="1.397587207848362" lon="103.89219445374795">
        <ele>18.21314716991037</ele>
        <time>2026-10-05T10:27:58Z</time>
        <extensions>
          <gpxtpx:TrackPointExtension>
            <gpxtpx:hr>122</gpxtpx:hr>
          </gpxtpx:TrackPointExtension>
        </extensions>
      </trkpt>
      <trkpt lat="1.397549238798218" lon="103.89218352162993">
        <ele>18.193734667263925</ele>
        <time>2026-10-05T10:27:59Z</time>
        <extensions>
          <gpxtpx:TrackPointExtension>
            <gpxtpx:hr>122</gpxtpx:hr>
          </gpxtpx:TrackPointExtension>
        </extensions>
      </trkpt>
      <trkpt lat="1.3975121614536543" lon="103.89217186828805">
        <ele>18.174137607216835</ele>
        <time>2026-10-05T10:28:00Z</time>
        <extensions>
          <gpxtpx:TrackPointExtension>
            <gpxtpx:hr>123</gpxtpx:hr>
          </gpxtpx:TrackPointExtension>
        </extensions>
      </trkpt>
      <trkpt lat="1.3974757713171018" lon="103.89216007668954">
        <ele>18.15482009295374</ele>
        <time>2026-10-05T10:28:01Z</time>
        <extensions>
          <gpxtpx:TrackPointExtension>
            <gpxtpx:hr>123</gpxtpx:hr>
          </gpxtpx:TrackPointExtension>
        </extensions>
      </trkpt>
      <trkpt lat="1.3974398940703656" lon="103.89214841207495">
        <ele>18.136514652520418</ele>
        <time>2026-10-05T10:28:02Z</time>
        <extensions>
          <gpxtpx:TrackPointExtension>
            <gpxtpx:hr>123</gpxtpx:hr>
          </gpxtpx:TrackPointExtension>
        </extensions>
      </trkpt>
      <trkpt lat="1.3974050833134768" lon="103.89213730403539">
        <ele>18.12026077788323</ele>
        <time>2026-10-05T10:28:03Z</time>
        <extensions>
          <gpxtpx:TrackPointExtension>
            <gpxtpx:hr>123</gpxtpx:hr>
          </gpxtpx:TrackPointExtension>
        </extensions>
      </trkpt>
      <trkpt lat="1.3973718795189274" lon="103.89212668893244">
        <ele>18.107280413620174</ele>
        <time>2026-10-05T10:28:04Z</time>
        <extensions>
          <gpxtpx:TrackPointExtension>
            <gpxtpx:hr>123</gpxtpx:hr>
          </gpxtpx:TrackPointExtension>
        </extensions>
      </trkpt>
      <trkpt lat="1.3973403939067295" lon="103.89211641329094">
        <ele>18.09877802338451</ele>
        <time>2026-10-05T10:28:05Z</time>
        <extensions>
          <gpxtpx:TrackPointExtension>
            <gpxtpx:hr>121</gpxtpx:hr>
          </gpxtpx:TrackPointExtension>
        </extensions>
      </trkpt>
      <trkpt lat="1.3973109002392878" lon="103.89210686494427">
        <ele>18.0957674048841</ele>
        <time>2026-10-05T10:28:06Z</time>
        <extensions>
          <gpxtpx:TrackPointExtension>
            <gpxtpx:hr>121</gpxtpx:hr>
          </gpxtpx:TrackPointExtension>
        </extensions>
      </trkpt>
      <trkpt lat="1.3972834104502978" lon="103.89209828850068">
        <ele>18.09887991566211</ele>
        <time>2026-10-05T10:28:07Z</time>
        <extensions>
          <gpxtpx:TrackPointExtension>
            <gpxtpx:hr>121</gpxtpx:hr>
          </gpxtpx:TrackPointExtension>
        </extensions>
      </trkpt>
      <trkpt lat="1.3972574912447089" lon="103.89209065289604">
        <ele>18.108258290216327</ele>
        <time>2026-10-05T10:28:08Z</time>
        <extensions>
          <gpxtpx:TrackPointExtension>
            <gpxtpx:hr>121</gpxtpx:hr>
          </gpxtpx:TrackPointExtension>
        </extensions>
      </trkpt>
      <trkpt lat="1.3972327271113074" lon="103.89208389021815">
        <ele>18.123695733956993</ele>
        <time>2026-10-05T10:28:09Z</time>
        <extensions>
          <gpxtpx:TrackPointExtension>
            <gpxtpx:hr>121</gpxtpx:hr>
          </gpxtpx:TrackPointExtension>
        </extensions>
      </trkpt>
      <trkpt lat="1.3972084179140742" lon="103.89207801551687">
        <ele>18.144875797443092</ele>
        <time>2026-10-05T10:28:10Z</time>
        <extensions>
          <gpxtpx:TrackPointExtension>
            <gpxtpx:hr>121</gpxtpx:hr>
          </gpxtpx:TrackPointExtension>
        </extensions>
      </trkpt>
      <trkpt lat="1.3971845447596671" lon="103.89207355561601">
        <ele>18.171643311157823</ele>
        <time>2026-10-05T10:28:11Z</time>
        <extensions>
          <gpxtpx:TrackPointExtension>
            <gpxtpx:hr>120</gpxtpx:hr>
          </gpxtpx:TrackPointExtension>
        </extensions>
      </trkpt>
      <trkpt lat="1.3971620495239203" lon="103.89207196491122">
        <ele>18.204349556937814</ele>
        <time>2026-10-05T10:28:12Z</time>
        <extensions>
          <gpxtpx:TrackPointExtension>
            <gpxtpx:hr>120</gpxtpx:hr>
          </gpxtpx:TrackPointExtension>
        </extensions>
      </trkpt>
      <trkpt lat="1.3971426662232254" lon="103.89207640454985">
        <ele>18.244099563919008</ele>
        <time>2026-10-05T10:28:13Z</time>
        <extensions>
          <gpxtpx:TrackPointExtension>
            <gpxtpx:hr>120</gpxtpx:hr>
          </gpxtpx:TrackPointExtension>
        </extensions>
      </trkpt>
      <trkpt lat="1.397127723915641" lon="103.89208945649098">
        <ele>18.29275284241885</ele>
        <time>2026-10-05T10:28:14Z</time>
        <extensions>
          <gpxtpx:TrackPointExtension>
            <gpxtpx:hr>120</gpxtpx:hr>
          </gpxtpx:TrackPointExtension>
        </extensions>
      </trkpt>
      <trkpt lat="1.397116965055865" lon="103.89211040146351">
        <ele>18.35269355494529</ele>
        <time>2026-10-05T10:28:15Z</time>
        <extensions>
          <gpxtpx:TrackPointExtension>
            <gpxtpx:hr>120</gpxtpx:hr>
          </gpxtpx:TrackPointExtension>
        </extensions>
      </trkpt>
      <trkpt lat="1.3971090943593307" lon="103.89213535051488">
        <ele>18.426321742124856</ele>
        <time>2026-10-05T10:28:16Z</time>
        <extensions>
          <gpxtpx:TrackPointExtension>
            <gpxtpx:hr>120</gpxtpx:hr>
          </gpxtpx:TrackPointExtension>
        </extensions>
      </trkpt>
      <trkpt lat="1.397102727681283" lon="103.89216073065232">
        <ele>18.515148228034377</ele>
        <time>2026-10-05T10:28:17Z</time>
        <extensions>
          <gpxtpx:TrackPointExtension>
            <gpxtpx:hr>120</gpxtpx:hr>
          </gpxtpx:TrackPointExtension>
        </extensions>
      </trkpt>
      <trkpt lat="1.3970970395457272" lon="103.89218594122494">
        <ele>18.618945530615747</ele>
        <time>2026-10-05T10:28:18Z</time>
        <extensions>
          <gpxtpx:TrackPointExtension>
            <gpxtpx:hr>118</gpxtpx:hr>
          </gpxtpx:TrackPointExtension>
        </extensions>
      </trkpt>
      <trkpt lat="1.3970915393279242" lon="103.89221113766904">
        <ele>18.73554064705968</ele>
        <time>2026-10-05T10:28:19Z</time>
        <extensions>
          <gpxtpx:TrackPointExtension>
            <gpxtpx:hr>118</gpxtpx:hr>
          </gpxtpx:TrackPointExtension>
        </extensions>
      </trkpt>
      <trkpt lat="1.3970859114350413" lon="103.8922368182559">
        <ele>18.86098183132708</ele>
        <time>2026-10-05T10:28:20Z</time>
        <extensions>
          <gpxtpx:TrackPointExtension>
            <gpxtpx:hr>118</gpxtpx:hr>
          </gpxtpx:TrackPointExtension>
        </extensions>
      </trkpt>
      <trkpt lat="1.397079936791476" lon="103.89226327843677">
        <ele>18.989927825517952</ele>
        <time>2026-10-05T10:28:21Z</time>
        <extensions>
          <gpxtpx:TrackPointExtension>
            <gpxtpx:hr>118</gpxtpx:hr>
          </gpxtpx:TrackPointExtension>
        </extensions>
      </trkpt>
      <trkpt lat="1.3970736492471427" lon="103.89229007779556">
        <ele>19.116465605795383</ele>
        <time>2026-10-05T10:28:22Z</time>
        <extensions>
          <gpxtpx:TrackPointExtension>
            <gpxtpx:hr>118</gpxtpx:hr>
          </gpxtpx:TrackPointExtension>
        </extensions>
      </trkpt>
      <trkpt lat="1.3970671684045464" lon="103.89231680277405">
        <ele>19.234988016076386</ele>
        <time>2026-10-05T10:28:23Z</time>
        <extensions>
          <gpxtpx:TrackPointExtension>
            <gpxtpx:hr>118</gpxtpx:hr>
          </gpxtpx:TrackPointExtension>
        </extensions>
      </trkpt>
      <trkpt lat="1.3970606638293352" lon="103.89234295106093">
        <ele>19.34081019088626</ele>
        <time>2026-10-05T10:28:24Z</time>
        <extensions>
          <gpxtpx:TrackPointExtension>
            <gpxtpx:hr>118</gpxtpx:hr>
          </gpxtpx:TrackPointExtension>
        </extensions>
      </trkpt>
      <trkpt lat="1.3970542862930453" lon="103.89236811720858">
        <ele>19.430709124542773</ele>
        <time>2026-10-05T10:28:25Z</time>
        <extensions>
          <gpxtpx:TrackPointExtension>
            <gpxtpx:hr>124</gpxtpx:hr>
          </gpxtpx:TrackPointExtension>
        </extensions>
      </trkpt>
      <trkpt lat="1.3970479575027357" lon="103.8923926625652">
        <ele>19.50321861729026</ele>
        <time>2026-10-05T10:28:26Z</time>
        <extensions>
          <gpxtpx:TrackPointExtension>
            <gpxtpx:hr>124</gpxtpx:hr>
          </gpxtpx:TrackPointExtension>
        </extensions>
      </trkpt>
      <trkpt lat="1.397041443122849" lon="103.89241741337983">
        <ele>19.558456856757402</ele>
        <time>2026-10-05T10:28:27Z</time>
        <extensions>
          <gpxtpx:TrackPointExtension>
            <gpxtpx:hr>124</gpxtpx:hr>
          </gpxtpx:TrackPointExtension>
        </extensions>
      </trkpt>
      <trkpt lat="1.3970346292085065" lon="103.89244275727108">
        <ele>19.597838987596333</ele>
        <time>2026-10-05T10:28:28Z</time>
        <extensions>
          <gpxtpx:TrackPointExtension>
            <gpxtpx:hr>124</gpxtpx:hr>
          </gpxtpx:TrackPointExtension>
        </extensions>
      </trkpt>
      <trkpt lat="1.3970274532428326" lon="103.89246892743871">
        <ele>19.62378568109125</ele>
        <time>2026-10-05T10:28:29Z</time>
        <extensions>
          <gpxtpx:TrackPointExtension>
            <gpxtpx:hr>124</gpxtpx:hr>
          </gpxtpx:TrackPointExtension>
        </extensions>
      </trkpt>
      <trkpt lat="1.3970197455574753" lon="103.89249650799">
        <ele>19.639413863420486</ele>
        <time>2026-10-05T10:28:30Z</time>
        <extensions>
          <gpxtpx:TrackPointExtension>
            <gpxtpx:hr>124</gpxtpx:hr>
          </gpxtpx:TrackPointExtension>
        </extensions>
      </trkpt>
      <trkpt lat="1.397011481267133" lon="103.89252561383422">
        <ele>19.64823316037655</ele>
        <time>2026-10-05T10:28:31Z</time>
        <extensions>
          <gpxtpx:TrackPointExtension>
            <gpxtpx:hr>123</gpxtpx:hr>
          </gpxtpx:TrackPointExtension>
        </extensions>
      </trkpt>
      <trkpt lat="1.3970027878282298" lon="103.89255586086252">
        <ele>19.653681302443147</ele>
        <time>2026-10-05T10:28:32Z</time>
        <extensions>
          <gpxtpx:TrackPointExtension>
            <gpxtpx:hr>123</gpxtpx:hr>
          </gpxtpx:TrackPointExtension>
        </extensions>
      </trkpt>
      <trkpt lat="1.3969937963797754" lon="103.89258683199137">
        <ele>19.658661397174</ele>
        <time>2026-10-05T10:28:33Z</time>
        <extensions>
          <gpxtpx:TrackPointExtension>
            <gpxtpx:hr>123</gpxtpx:hr>
          </gpxtpx:TrackPointExtension>
        </extensions>
      </trkpt>
      <trkpt lat="1.3969846219650222" lon="103.89261813364539">
        <ele>19.66531379893422</ele>
        <time>2026-10-05T10:28:34Z</time>
        <extensions>
          <gpxtpx:TrackPointExtension>
            <gpxtpx:hr>120</gpxtpx:hr>
          </gpxtpx:TrackPointExtension>
        </extensions>
      </trkpt>
      <trkpt lat="1.3969753254463617" lon="103.89264949406012">
        <ele>19.674945580773056</ele>
        <time>2026-10-05T10:28:35Z</time>
        <extensions>
          <gpxtpx:TrackPointExtension>
            <gpxtpx:hr>120</gpxtpx:hr>
          </gpxtpx:TrackPointExtension>
        </extensions>
      </trkpt>
      <trkpt lat="1.3969659394512013" lon="103.89268082570653">
        <ele>19.688041797839105</ele>
        <time>2026-10-05T10:28:36Z</time>
        <extensions>
          <gpxtpx:TrackPointExtension>
            <gpxtpx:hr>120</gpxtpx:hr>
          </gpxtpx:TrackPointExtension>
        </extensions>
      </trkpt>
      <trkpt lat="1.3969564367061231" lon="103.89271233403187">
        <ele>19.70438345335424</ele>
        <time>2026-10-05T10:28:37Z</time>
        <extensions>
          <gpxtpx:TrackPointExtension>
            <gpxtpx:hr>120</gpxtpx:hr>
          </gpxtpx:TrackPointExtension>
        </extensions>
      </trkpt>
      <trkpt lat="1.3969468296358096" lon="103.89274405156706">
        <ele>19.72320367395878</ele>
        <time>2026-10-05T10:28:38Z</time>
        <extensions>
          <gpxtpx:TrackPointExtension>
            <gpxtpx:hr>120</gpxtpx:hr>
          </gpxtpx:TrackPointExtension>
        </extensions>
      </trkpt>
      <trkpt lat="1.3969371721993027" lon="103.89277586913832">
        <ele>19.743378118611872</ele>
        <time>2026-10-05T10:28:39Z</time>
        <extensions>
          <gpxtpx:TrackPointExtension>
            <gpxtpx:hr>115</gpxtpx:hr>
          </gpxtpx:TrackPointExtension>
        </extensions>
      </trkpt>
      <trkpt lat="1.3969275114828026" lon="103.89280772286173">
        <ele>19.763698642142117</ele>
        <time>2026-10-05T10:28:40Z</time>
        <extensions>
          <gpxtpx:TrackPointExtension>
            <gpxtpx:hr>115</gpxtpx:hr>
          </gpxtpx:TrackPointExtension>
        </extensions>
      </trkpt>
      <trkpt lat="1.3969178220658691" lon="103.89283971346059">
        <ele>19.783110735937953</ele>
        <time>2026-10-05T10:28:41Z</time>
        <extensions>
          <gpxtpx:TrackPointExtension>
            <gpxtpx:hr>115</gpxtpx:hr>
          </gpxtpx:TrackPointExtension>
        </extensions>
      </trkpt>
      <trkpt lat="1.3969080119112431" lon="103.89287209683326">
        <ele>19.800820471718907</ele>
        <time>2026-10-05T10:28:42Z</time>
        <extensions>
          <gpxtpx:TrackPointExtension>
            <gpxtpx:hr>115</gpxtpx:hr>
          </gpxtpx:TrackPointExtension>
        </extensions>
      </trkpt>
      <trkpt lat="1.396898165498543" lon="103.89290459451061">
        <ele>19.816329173743725</ele>
        <time>2026-10-05T10:28:43Z</time>
        <extensions>
          <gpxtpx:TrackPointExtension>
            <gpxtpx:hr>115</gpxtpx:hr>
          </gpxtpx:TrackPointExtension>
        </extensions>
      </trkpt>
      <trkpt lat="1.3968884062549913" lon="103.8929368359208">
        <ele>19.829402709379792</ele>
        <time>2026-10-05T10:28:44Z</time>
        <extensions>
          <gpxtpx:TrackPointExtension>
            <gpxtpx:hr>115</gpxtpx:hr>
          </gpxtpx:TrackPointExtension>
        </extensions>
      </trkpt>
      <trkpt lat="1.3968787462983654" lon="103.89296878361945">
        <ele>19.839957162737846</ele>
        <time>2026-10-05T10:28:45Z</time>
        <extensions>
          <gpxtpx:TrackPointExtension>
            <gpxtpx:hr>115</gpxtpx:hr>
          </gpxtpx:TrackPointExtension>
        </extensions>
      </trkpt>
      <trkpt lat="1.3968691817456886" lon="103.893000424659">
        <ele>19.84797733835876</ele>
        <time>2026-10-05T10:28:46Z</time>
        <extensions>
          <gpxtpx:TrackPointExtension>
            <gpxtpx:hr>115</gpxtpx:hr>
          </gpxtpx:TrackPointExtension>
        </extensions>
      </trkpt>
      <trkpt lat="1.3968596412405048" lon="103.89303199222772">
        <ele>19.853569893166423</ele>
        <time>2026-10-05T10:28:47Z</time>
        <extensions>
          <gpxtpx:TrackPointExtension>
            <gpxtpx:hr>115</gpxtpx:hr>
          </gpxtpx:TrackPointExtension>
        </extensions>
      </trkpt>
      <trkpt lat="1.3968501031262004" lon="103.89306357566808">
        <ele>19.85711281746626</ele>
        <time>2026-10-05T10:28:48Z</time>
        <extensions>
          <gpxtpx:TrackPointExtension>
            <gpxtpx:hr>115</gpxtpx:hr>
          </gpxtpx:TrackPointExtension>
        </extensions>
      </trkpt>
      <trkpt lat="1.3968406141229999" lon="103.89309506629583">
        <ele>19.85933109279722</ele>
        <time>2026-10-05T10:28:49Z</time>
        <extensions>
          <gpxtpx:TrackPointExtension>
            <gpxtpx:hr>115</gpxtpx:hr>
          </gpxtpx:TrackPointExtension>
        </extensions>
      </trkpt>
      <trkpt lat="1.3968311670393625" lon="103.89312658221053">
        <ele>19.861194615252316</ele>
        <time>2026-10-05T10:28:50Z</time>
        <extensions>
          <gpxtpx:TrackPointExtension>
            <gpxtpx:hr>115</gpxtpx:hr>
          </gpxtpx:TrackPointExtension>
        </extensions>
      </trkpt>
      <trkpt lat="1.3968217581378064" lon="103.89315818055279">
        <ele>19.86374270822853</ele>
        <time>2026-10-05T10:28:51Z</time>
        <extensions>
          <gpxtpx:TrackPointExtension>
            <gpxtpx:hr>115</gpxtpx:hr>
          </gpxtpx:TrackPointExtension>
        </extensions>
      </trkpt>
      <trkpt lat="1.3968123985280216" lon="103.89318974459059">
        <ele>19.867898275144398</ele>
        <time>2026-10-05T10:28:52Z</time>
        <extensions>
          <gpxtpx:TrackPointExtension>
            <gpxtpx:hr>115</gpxtpx:hr>
          </gpxtpx:TrackPointExtension>
        </extensions>
      </trkpt>
      <trkpt lat="1.3968031072517837" lon="103.8932211601739">
        <ele>19.87424836307764</ele>
        <time>2026-10-05T10:28:53Z</time>
        <extensions>
          <gpxtpx:TrackPointExtension>
            <gpxtpx:hr>115</gpxtpx:hr>
          </gpxtpx:TrackPointExtension>
        </extensions>
      </trkpt>
      <trkpt lat="1.3967939416872093" lon="103.89325236282443">
        <ele>19.88291912060231</ele>
        <time>2026-10-05T10:28:54Z</time>
        <extensions>
          <gpxtpx:TrackPointExtension>
            <gpxtpx:hr>116</gpxtpx:hr>
          </gpxtpx:TrackPointExtension>
        </extensions>
      </trkpt>
      <trkpt lat="1.3967849762262743" lon="103.89328335503048">
        <ele>19.89365533180535</ele>
        <time>2026-10-05T10:28:55Z</time>
        <extensions>
          <gpxtpx:TrackPointExtension>
            <gpxtpx:hr>116</gpxtpx:hr>
          </gpxtpx:TrackPointExtension>
        </extensions>
      </trkpt>
      <trkpt lat="1.3967763301191582" lon="103.89331404298223">
        <ele>19.90596669819206</ele>
        <time>2026-10-05T10:28:56Z</time>
        <extensions>
          <gpxtpx:TrackPointExtension>
            <gpxtpx:hr>116</gpxtpx:hr>
          </gpxtpx:TrackPointExtension>
        </extensions>
      </trkpt>
      <trkpt lat="1.3967681866567079" lon="103.89334420149123">
        <ele>19.919238273985684</ele>
        <time>2026-10-05T10:28:57Z</time>
        <extensions>
          <gpxtpx:TrackPointExtension>
            <gpxtpx:hr>116</gpxtpx:hr>
          </gpxtpx:TrackPointExtension>
        </extensions>
      </trkpt>
      <trkpt lat="1.3967608454796026" lon="103.89337335395814">
        <ele>19.932824016548693</ele>
        <time>2026-10-05T10:28:58Z</time>
        <extensions>
          <gpxtpx:TrackPointExtension>
            <gpxtpx:hr>116</gpxtpx:hr>
          </gpxtpx:TrackPointExtension>
        </extensions>
      </trkpt>
      <trkpt lat="1.3967547207287963" lon="103.89340082792347">
        <ele>19.94615307636559</ele>
        <time>2026-10-05T10:28:59Z</time>
        <extensions>
          <gpxtpx:TrackPointExtension>
            <gpxtpx:hr>116</gpxtpx:hr>
          </gpxtpx:TrackPointExtension>
        </extensions>
      </trkpt>
      <trkpt lat="1.3967503427656114" lon="103.89342582496512">
        <ele>19.95888960827142</ele>
        <time>2026-10-05T10:29:00Z</time>
        <extensions>
          <gpxtpx:TrackPointExtension>
            <gpxtpx:hr>116</gpxtpx:hr>
          </gpxtpx:TrackPointExtension>
        </extensions>
      </trkpt>
      <trkpt lat="1.3967483466588886" lon="103.89344756463093">
        <ele>19.97108710743487</ele>
        <time>2026-10-05T10:29:01Z</time>
        <extensions>
          <gpxtpx:TrackPointExtension>
            <gpxtpx:hr>117</gpxtpx:hr>
          </gpxtpx:TrackPointExtension>
        </extensions>
      </trkpt>
      <trkpt lat="1.3967494117935804" lon="103.89346563058416">
        <ele>19.983191625215113</ele>
        <time>2026-10-05T10:29:02Z</time>
        <extensions>
          <gpxtpx:TrackPointExtension>
            <gpxtpx:hr>117</gpxtpx:hr>
          </gpxtpx:TrackPointExtension>
        </extensions>
      </trkpt>
      <trkpt lat="1.3967544047096188" lon="103.8934798170429">
        <ele>19.995872987434268</ele>
        <time>2026-10-05T10:29:03Z</time>
        <extensions>
          <gpxtpx:TrackPointExtension>
            <gpxtpx:hr>117</gpxtpx:hr>
          </gpxtpx:TrackPointExtension>
        </extensions>
      </trkpt>
      <trkpt lat="1.39676381775499" lon="103.89349078497486">
        <ele>20.00982700008899</ele>
        <time>2026-10-05T10:29:04Z</time>
        <extensions>
          <gpxtpx:TrackPointExtension>
            <gpxtpx:hr>117</gpxtpx:hr>
          </gpxtpx:TrackPointExtension>
        </extensions>
      </trkpt>
      <trkpt lat="1.3967773365909317" lon="103.89350022197767">
        <ele>20.025629109703004</ele>
        <time>2026-10-05T10:29:05Z</time>
        <extensions>
          <gpxtpx:TrackPointExtension>
            <gpxtpx:hr>117</gpxtpx:hr>
          </gpxtpx:TrackPointExtension>
        </extensions>
      </trkpt>
      <trkpt lat="1.3967940495970077" lon="103.89350923245249">
        <ele>20.043626208789647</ele>
        <time>2026-10-05T10:29:06Z</time>
        <extensions>
          <gpxtpx:TrackPointExtension>
            <gpxtpx:hr>117</gpxtpx:hr>
          </gpxtpx:TrackPointExtension>
        </extensions>
      </trkpt>
      <trkpt lat="1.3968132036908802" lon="103.89351826584584">
        <ele>20.063932399265468</ele>
        <time>2026-10-05T10:29:07Z</time>
        <extensions>
          <gpxtpx:TrackPointExtension>
            <gpxtpx:hr>119</gpxtpx:hr>
          </gpxtpx:TrackPointExtension>
        </extensions>
      </trkpt>
      <trkpt lat="1.3968344145670162" lon="103.8935276498123">
        <ele>20.086557725444436</ele>
        <time>2026-10-05T10:29:08Z</time>
        <extensions>
          <gpxtpx:TrackPointExtension>
            <gpxtpx:hr>119</gpxtpx:hr>
          </gpxtpx:TrackPointExtension>
        </extensions>
      </trkpt>
      <trkpt lat="1.3968573472987909" lon="103.89353749835507">
        <ele>20.11152097210288</ele>
        <time>2026-10-05T10:29:09Z</time>
        <extensions>
          <gpxtpx:TrackPointExtension>
            <gpxtpx:hr>119</gpxtpx:hr>
          </gpxtpx:TrackPointExtension>
        </extensions>
      </trkpt>
      <trkpt lat="1.3968817981060604" lon="103.89354786869916">
        <ele>20.13882650528103</ele>
        <time>2026-10-05T10:29:10Z</time>
        <extensions>
          <gpxtpx:TrackPointExtension>
            <gpxtpx:hr>120</gpxtpx:hr>
          </gpxtpx:TrackPointExtension>
        </extensions>
      </trkpt>
      <trkpt lat="1.3969075347265385" lon="103.89355871948153">
        <ele>20.16834717988968</ele>
        <time>2026-10-05T10:29:11Z</time>
        <extensions>
          <gpxtpx:TrackPointExtension>
            <gpxtpx:hr>120</gpxtpx:hr>
          </gpxtpx:TrackPointExtension>
        </extensions>
      </trkpt>
      <trkpt lat="1.3969343632246236" lon="103.89356994012358">
        <ele>20.199724193662405</ele>
        <time>2026-10-05T10:29:12Z</time>
        <extensions>
          <gpxtpx:TrackPointExtension>
            <gpxtpx:hr>120</gpxtpx:hr>
          </gpxtpx:TrackPointExtension>
        </extensions>
      </trkpt>
      <trkpt lat="1.3969621753071626" lon="103.8935813897273">
        <ele>20.23232994042337</ele>
        <time>2026-10-05T10:29:13Z</time>
        <extensions>
          <gpxtpx:TrackPointExtension>
            <gpxtpx:hr>120</gpxtpx:hr>
          </gpxtpx:TrackPointExtension>
        </extensions>
      </trkpt>
      <trkpt lat="1.3969909532399207" lon="103.8935928945364">
        <ele>20.26528614666313</ele>
        <time>2026-10-05T10:29:14Z</time>
        <extensions>
          <gpxtpx:TrackPointExtension>
            <gpxtpx:hr>116</gpxtpx:hr>
          </gpxtpx:TrackPointExtension>
        </extensions>
      </trkpt>
      <trkpt lat="1.397020476676763" lon="103.8936043372791">
        <ele>20.297587973996997</ele>
        <time>2026-10-05T10:29:15Z</time>
        <extensions>
          <gpxtpx:TrackPointExtension>
            <gpxtpx:hr>116</gpxtpx:hr>
          </gpxtpx:TrackPointExtension>
        </extensions>
      </trkpt>
      <trkpt lat="1.3970504051790953" lon="103.89361569004558">
        <ele>20.328318644315004</ele>
        <time>2026-10-05T10:29:16Z</time>
        <extensions>
          <gpxtpx:TrackPointExtension>
            <gpxtpx:hr>116</gpxtpx:hr>
          </gpxtpx:TrackPointExtension>
        </extensions>
      </trkpt>
      <trkpt lat="1.397080927144251" lon="103.89362706823448">
        <ele>20.356804667040706</ele>
        <time>2026-10-05T10:29:17Z</time>
        <extensions>
          <gpxtpx:TrackPointExtension>
            <gpxtpx:hr>116</gpxtpx:hr>
          </gpxtpx:TrackPointExtension>
        </extensions>
      </trkpt>
      <trkpt lat="1.3971122390851771" lon="103.89363852066653">
        <ele>20.382643991149962</ele>
        <time>2026-10-05T10:29:18Z</time>
        <extensions>
          <gpxtpx:TrackPointExtension>
            <gpxtpx:hr>116</gpxtpx:hr>
          </gpxtpx:TrackPointExtension>
        </extensions>
      </trkpt>
      <trkpt lat="1.3971441860351648" lon="103.89364987980144">
        <ele>20.405686220154166</ele>
        <time>2026-10-05T10:29:19Z</time>
        <extensions>
          <gpxtpx:TrackPointExtension>
            <gpxtpx:hr>114</gpxtpx:hr>
          </gpxtpx:TrackPointExtension>
        </extensions>
      </trkpt>
      <trkpt lat="1.3971766439608118" lon="103.89366097477446">
        <ele>20.42599691823125</ele>
        <time>2026-10-05T10:29:20Z</time>
        <extensions>
          <gpxtpx:TrackPointExtension>
            <gpxtpx:hr>114</gpxtpx:hr>
          </gpxtpx:TrackPointExtension>
        </extensions>
      </trkpt>
      <trkpt lat="1.3972095675439304" lon="103.8936716363483">
        <ele>20.44381371792406</ele>
        <time>2026-10-05T10:29:21Z</time>
        <extensions>
          <gpxtpx:TrackPointExtension>
            <gpxtpx:hr>114</gpxtpx:hr>
          </gpxtpx:TrackPointExtension>
        </extensions>
      </trkpt>
      <trkpt lat="1.397242789064251" lon="103.89368163306075">
        <ele>20.459502822719514</ele>
        <time>2026-10-05T10:29:22Z</time>
        <extensions>
          <gpxtpx:TrackPointExtension>
            <gpxtpx:hr>114</gpxtpx:hr>
          </gpxtpx:TrackPointExtension>
        </extensions>
      </trkpt>
      <trkpt lat="1.3972763048651058" lon="103.89369075022017">
        <ele>20.473486816510558</ele>
        <time>2026-10-05T10:29:23Z</time>
        <extensions>
          <gpxtpx:TrackPointExtension>
            <gpxtpx:hr>114</gpxtpx:hr>
          </gpxtpx:TrackPointExtension>
        </extensions>
      </trkpt>
      <trkpt lat="1.3973103446250401" lon="103.89369901340805">
        <ele>20.486181288957596</ele>
        <time>2026-10-05T10:29:24Z</time>
        <extensions>
          <gpxtpx:TrackPointExtension>
            <gpxtpx:hr>114</gpxtpx:hr>
          </gpxtpx:TrackPointExtension>
        </extensions>
      </trkpt>
      <trkpt lat="1.3973447840865663" lon="103.89370650824816">
        <ele>20.497978289611638</ele>
        <time>2026-10-05T10:29:25Z</time>
        <extensions>
          <gpxtpx:TrackPointExtension>
            <gpxtpx:hr>113</gpxtpx:hr>
          </gpxtpx:TrackPointExtension>
        </extensions>
      </trkpt>
      <trkpt lat="1.397379579044218" lon="103.89371275247996">
        <ele>20.50926671270281</ele>
        <time>2026-10-05T10:29:26Z</time>
        <extensions>
          <gpxtpx:TrackPointExtension>
            <gpxtpx:hr>113</gpxtpx:hr>
          </gpxtpx:TrackPointExtension>
        </extensions>
      </trkpt>
      <trkpt lat="1.3974145537264424" lon="103.89371845143518">
        <ele>20.52043146174401</ele>
        <time>2026-10-05T10:29:27Z</time>
        <extensions>
          <gpxtpx:TrackPointExtension>
            <gpxtpx:hr>113</gpxtpx:hr>
          </gpxtpx:TrackPointExtension>
        </extensions>
      </trkpt>
      <trkpt lat="1.3974484667383589" lon="103.89372611557835">
        <ele>20.531771565787494</ele>
        <time>2026-10-05T10:29:28Z</time>
        <extensions>
          <gpxtpx:TrackPointExtension>
            <gpxtpx:hr>113</gpxtpx:hr>
          </gpxtpx:TrackPointExtension>
        </extensions>
      </trkpt>
      <trkpt lat="1.3974804412126176" lon="103.89373766107458">
        <ele>20.543387724086642</ele>
        <time>2026-10-05T10:29:29Z</time>
        <extensions>
          <gpxtpx:TrackPointExtension>
            <gpxtpx:hr>113</gpxtpx:hr>
          </gpxtpx:TrackPointExtension>
        </extensions>
      </trkpt>
      <trkpt lat="1.3975111107529496" lon="103.89375250897014">
        <ele>20.55513613577932</ele>
        <time>2026-10-05T10:29:30Z</time>
        <extensions>
          <gpxtpx:TrackPointExtension>
            <gpxtpx:hr>113</gpxtpx:hr>
          </gpxtpx:TrackPointExtension>
        </extensions>
      </trkpt>
      <trkpt lat="1.3975414526078742" lon="103.8937679466057">
        <ele>20.566660751588643</ele>
        <time>2026-10-05T10:29:31Z</time>
        <extensions>
          <gpxtpx:TrackPointExtension>
            <gpxtpx:hr>113</gpxtpx:hr>
          </gpxtpx:TrackPointExtension>
        </extensions>
      </trkpt>
      <trkpt lat="1.3975722801371062" lon="103.89378192519763">
        <ele>20.577461866661906</ele>
        <time>2026-10-05T10:29:32Z</time>
        <extensions>
          <gpxtpx:TrackPointExtension>
            <gpxtpx:hr>113</gpxtpx:hr>
          </gpxtpx:TrackPointExtension>
        </extensions>
      </trkpt>
      <trkpt lat="1.3976039042007204" lon="103.8937944296578">
        <ele>20.586994530633092</ele>
        <time>2026-10-05T10:29:33Z</time>
        <extensions>
          <gpxtpx:TrackPointExtension>
            <gpxtpx:hr>113</gpxtpx:hr>
          </gpxtpx:TrackPointExtension>
        </extensions>
      </trkpt>
      <trkpt lat="1.3976362592393694" lon="103.89380613088238">
        <ele>20.594793199561536</ele>
        <time>2026-10-05T10:29:34Z</time>
        <extensions>
          <gpxtpx:TrackPointExtension>
            <gpxtpx:hr>113</gpxtpx:hr>
          </gpxtpx:TrackPointExtension>
        </extensions>
      </trkpt>
      <trkpt lat="1.3976690067551163" lon="103.89381715805914">
        <ele>20.60059010051191</ele>
        <time>2026-10-05T10:29:35Z</time>
        <extensions>
          <gpxtpx:TrackPointExtension>
            <gpxtpx:hr>116</gpxtpx:hr>
          </gpxtpx:TrackPointExtension>
        </extensions>
      </trkpt>
      <trkpt lat="1.3977017680637034" lon="103.89382781852008">
        <ele>20.6044287327677</ele>
        <time>2026-10-05T10:29:36Z</time>
        <extensions>
          <gpxtpx:TrackPointExtension>
            <gpxtpx:hr>116</gpxtpx:hr>
          </gpxtpx:TrackPointExtension>
        </extensions>
      </trkpt>
      <trkpt lat="1.3977343488334537" lon="103.89383841226284">
        <ele>20.60673712939024</ele>
        <time>2026-10-05T10:29:37Z</time>
        <extensions>
          <gpxtpx:TrackPointExtension>
            <gpxtpx:hr>116</gpxtpx:hr>
          </gpxtpx:TrackPointExtension>
        </extensions>
      </trkpt>
      <trkpt lat="1.3977663513398415" lon="103.89384881227882">
        <ele>20.60827255062759</ele>
        <time>2026-10-05T10:29:38Z</time>
        <extensions>
          <gpxtpx:TrackPointExtension>
            <gpxtpx:hr>116</gpxtpx:hr>
          </gpxtpx:TrackPointExtension>
        </extensions>
      </trkpt>
      <trkpt lat="1.397797462963069" lon="103.89385888313156">
        <ele>20.609974154271185</ele>
        <time>2026-10-05T10:29:39Z</time>
        <extensions>
          <gpxtpx:TrackPointExtension>
            <gpxtpx:hr>116</gpxtpx:hr>
          </gpxtpx:TrackPointExtension>
        </extensions>
      </trkpt>
      <trkpt lat="1.3978279782236405" lon="103.89386865387573">
        <ele>20.61279633641243</ele>
        <time>2026-10-05T10:29:40Z</time>
        <extensions>
          <gpxtpx:TrackPointExtension>
            <gpxtpx:hr>116</gpxtpx:hr>
          </gpxtpx:TrackPointExtension>
        </extensions>
      </trkpt>
      <trkpt lat="1.3978582981566936" lon="103.89387850432595">
        <ele>20.61750818695873</ele>
        <time>2026-10-05T10:29:41Z</time>
        <extensions>
          <gpxtpx:TrackPointExtension>
            <gpxtpx:hr>116</gpxtpx:hr>
          </gpxtpx:TrackPointExtension>
        </extensions>
      </trkpt>
      <trkpt lat="1.3978884848733266" lon="103.8938885724368">
        <ele>20.624517447315156</ele>
        <time>2026-10-05T10:29:42Z</time>
        <extensions>
          <gpxtpx:TrackPointExtension>
            <gpxtpx:hr>116</gpxtpx:hr>
          </gpxtpx:TrackPointExtension>
        </extensions>
      </trkpt>
      <trkpt lat="1.3979186314488516" lon="103.8938987447499">
        <ele>20.633833278901875</ele>
        <time>2026-10-05T10:29:43Z</time>
        <extensions>
          <gpxtpx:TrackPointExtension>
            <gpxtpx:hr>116</gpxtpx:hr>
          </gpxtpx:TrackPointExtension>
        </extensions>
      </trkpt>
      <trkpt lat="1.397948295684749" lon="103.89390867584879">
        <ele>20.645119743421674</ele>
        <time>2026-10-05T10:29:44Z</time>
        <extensions>
          <gpxtpx:TrackPointExtension>
            <gpxtpx:hr>117</gpxtpx:hr>
          </gpxtpx:TrackPointExtension>
        </extensions>
      </trkpt>
      <trkpt lat="1.3979769310808174" lon="103.89391802423059">
        <ele>20.65784107428044</ele>
        <time>2026-10-05T10:29:45Z</time>
        <extensions>
          <gpxtpx:TrackPointExtension>
            <gpxtpx:hr>117</gpxtpx:hr>
          </gpxtpx:TrackPointExtension>
        </extensions>
      </trkpt>
      <trkpt lat="1.3980047765613968" lon="103.89392699185454">
        <ele>20.67157307639718</ele>
        <time>2026-10-05T10:29:46Z</time>
        <extensions>
          <gpxtpx:TrackPointExtension>
            <gpxtpx:hr>117</gpxtpx:hr>
          </gpxtpx:TrackPointExtension>
        </extensions>
      </trkpt>
      <trkpt lat="1.3980321455062732" lon="103.89393569303505">
        <ele>20.686301751993597</ele>
        <time>2026-10-05T10:29:47Z</time>
        <extensions>
          <gpxtpx:TrackPointExtension>
            <gpxtpx:hr>117</gpxtpx:hr>
          </gpxtpx:TrackPointExtension>
        </extensions>
      </trkpt>
      <trkpt lat="1.3980590501236816" lon="103.89394414239902">
        <ele>20.702453438192606</ele>
        <time>2026-10-05T10:29:48Z</time>
        <extensions>
          <gpxtpx:TrackPointExtension>
            <gpxtpx:hr>117</gpxtpx:hr>
          </gpxtpx:TrackPointExtension>
        </extensions>
      </trkpt>
      <trkpt lat="1.3980853221325944" lon="103.89395249789648">
        <ele>20.720673830248415</ele>
        <time>2026-10-05T10:29:49Z</time>
        <extensions>
          <gpxtpx:TrackPointExtension>
            <gpxtpx:hr>115</gpxtpx:hr>
          </gpxtpx:TrackPointExtension>
        </extensions>
      </trkpt>
      <trkpt lat="1.398111011281009" lon="103.89396085629033">
        <ele>20.74157336074859</ele>
        <time>2026-10-05T10:29:50Z</time>
        <extensions>
          <gpxtpx:TrackPointExtension>
            <gpxtpx:hr>115</gpxtpx:hr>
          </gpxtpx:TrackPointExtension>
        </extensions>
      </trkpt>
      <trkpt lat="1.398136368005527" lon="103.89396942110884">
        <ele>20.765489861369133</ele>
        <time>2026-10-05T10:29:51Z</time>
        <extensions>
          <gpxtpx:TrackPointExtension>
            <gpxtpx:hr>115</gpxtpx:hr>
          </gpxtpx:TrackPointExtension>
        </extensions>
      </trkpt>
      <trkpt lat="1.3981616447932372" lon="103.89397854694349">
        <ele>20.792317968793213</ele>
        <time>2026-10-05T10:29:52Z</time>
        <extensions>
          <gpxtpx:TrackPointExtension>
            <gpxtpx:hr>115</gpxtpx:hr>
          </gpxtpx:TrackPointExtension>
        </extensions>
      </trkpt>
      <trkpt lat="1.3981872153924004" lon="103.89398800752537">
        <ele>20.8214353332296</ele>
        <time>2026-10-05T10:29:53Z</time>
        <extensions>
          <gpxtpx:TrackPointExtension>
            <gpxtpx:hr>115</gpxtpx:hr>
          </gpxtpx:TrackPointExtension>
        </extensions>
      </trkpt>
      <trkpt lat="1.3982135222735044" lon="103.89399762196503">
        <ele>20.851738221012056</ele>
        <time>2026-10-05T10:29:54Z</time>
        <extensions>
          <gpxtpx:TrackPointExtension>
            <gpxtpx:hr>115</gpxtpx:hr>
          </gpxtpx:TrackPointExtension>
        </extensions>
      </trkpt>
      <trkpt lat="1.398240797528946" lon="103.89400761273207">
        <ele>20.88172307331115</ele>
        <time>2026-10-05T10:29:55Z</time>
        <extensions>
          <gpxtpx:TrackPointExtension>
            <gpxtpx:hr>113</gpxtpx:hr>
          </gpxtpx:TrackPointExtension>
        </extensions>
      </trkpt>
      <trkpt lat="1.3982688640387553" lon="103.89401776929893">
        <ele>20.909598728641868</ele>
        <time>2026-10-05T10:29:56Z</time>
        <extensions>
          <gpxtpx:TrackPointExtension>
            <gpxtpx:hr>113</gpxtpx:hr>
          </gpxtpx:TrackPointExtension>
        </extensions>
      </trkpt>
      <trkpt lat="1.3982975608174026" lon="103.89402778161048">
        <ele>20.933422219008207</ele>
        <time>2026-10-05T10:29:57Z</time>
        <extensions>
          <gpxtpx:TrackPointExtension>
            <gpxtpx:hr>113</gpxtpx:hr>
          </gpxtpx:TrackPointExtension>
        </extensions>
      </trkpt>
      <trkpt lat="1.3983267666117805" lon="103.89403761326069">
        <ele>20.95120944082737</ele>
        <time>2026-10-05T10:29:58Z</time>
        <extensions>
          <gpxtpx:TrackPointExtension>
            <gpxtpx:hr>113</gpxtpx:hr>
          </gpxtpx:TrackPointExtension>
        </extensions>
      </trkpt>
      <trkpt lat="1.398356231573508" lon="103.8940473078422">
        <ele>20.96105185430497</ele>
        <time>2026-10-05T10:29:59Z</time>
        <extensions>
          <gpxtpx:TrackPointExtension>
            <gpxtpx:hr>113</gpxtpx:hr>
          </gpxtpx:TrackPointExtension>
        </extensions>
      </trkpt>
      <trkpt lat="1.3983856365390825" lon="103.89405678277208">
        <ele>20.96129267476499</ele>
        <time>2026-10-05T10:30:00Z</time>
        <extensions>
          <gpxtpx:TrackPointExtension>
            <gpxtpx:hr>113</gpxtpx:hr>
          </gpxtpx:TrackPointExtension>
        </extensions>
      </trkpt>
      <trkpt lat="1.3984148840931625" lon="103.89406574815173">
        <ele>20.950787557289004</ele>
        <time>2026-10-05T10:30:01Z</time>
        <extensions>
          <gpxtpx:TrackPointExtension>
            <gpxtpx:hr>113</gpxtpx:hr>
          </gpxtpx:TrackPointExtension>
        </extensions>
      </trkpt>
      <trkpt lat="1.3984439578071144" lon="103.89407417076767">
        <ele>20.929259818978608</ele>
        <time>2026-10-05T10:30:02Z</time>
        <extensions>
          <gpxtpx:TrackPointExtension>
            <gpxtpx:hr>113</gpxtpx:hr>
          </gpxtpx:TrackPointExtension>
        </extensions>
      </trkpt>
      <trkpt lat="1.3984730081872552" lon="103.89408227703703">
        <ele>20.897496884688735</ele>
        <time>2026-10-05T10:30:03Z</time>
        <extensions>
          <gpxtpx:TrackPointExtension>
            <gpxtpx:hr>113</gpxtpx:hr>
          </gpxtpx:TrackPointExtension>
        </extensions>
      </trkpt>
      <trkpt lat="1.3985023496099944" lon="103.89408989682784">
        <ele>20.857225000858307</ele>
        <time>2026-10-05T10:30:04Z</time>
        <extensions>
          <gpxtpx:TrackPointExtension>
            <gpxtpx:hr>113</gpxtpx:hr>
          </gpxtpx:TrackPointExtension>
        </extensions>
      </trkpt>
      <trkpt lat="1.3985320278216" lon="103.89409649642413">
        <ele>20.81080796942115</ele>
        <time>2026-10-05T10:30:05Z</time>
        <extensions>
          <gpxtpx:TrackPointExtension>
            <gpxtpx:hr>113</gpxtpx:hr>
          </gpxtpx:TrackPointExtension>
        </extensions>
      </trkpt>
      <trkpt lat="1.3985622009455327" lon="103.8941016137355">
        <ele>20.760702167637646</ele>
        <time>2026-10-05T10:30:06Z</time>
        <extensions>
          <gpxtpx:TrackPointExtension>
            <gpxtpx:hr>113</gpxtpx:hr>
          </gpxtpx:TrackPointExtension>
        </extensions>
      </trkpt>
      <trkpt lat="1.3985930292016637" lon="103.89410495598045">
        <ele>20.708721932955086</ele>
        <time>2026-10-05T10:30:07Z</time>
        <extensions>
          <gpxtpx:TrackPointExtension>
            <gpxtpx:hr>113</gpxtpx:hr>
          </gpxtpx:TrackPointExtension>
        </extensions>
      </trkpt>
      <trkpt lat="1.3986243377953347" lon="103.89410625791209">
        <ele>20.655644248239696</ele>
        <time>2026-10-05T10:30:08Z</time>
        <extensions>
          <gpxtpx:TrackPointExtension>
            <gpxtpx:hr>113</gpxtpx:hr>
          </gpxtpx:TrackPointExtension>
        </extensions>
      </trkpt>
      <trkpt lat="1.3986559240403158" lon="103.89410559365342">
        <ele>20.601428283378482</ele>
        <time>2026-10-05T10:30:09Z</time>
        <extensions>
          <gpxtpx:TrackPointExtension>
            <gpxtpx:hr>113</gpxtpx:hr>
          </gpxtpx:TrackPointExtension>
        </extensions>
      </trkpt>
      <trkpt lat="1.398687530418259" lon="103.89410323168079">
        <ele>20.545658944174647</ele>
        <time>2026-10-05T10:30:10Z</time>
        <extensions>
          <gpxtpx:TrackPointExtension>
            <gpxtpx:hr>113</gpxtpx:hr>
          </gpxtpx:TrackPointExtension>
        </extensions>
      </trkpt>
      <trkpt lat="1.3987185349663436" lon="103.89409902689235">
        <ele>20.487880386412144</ele>
        <time>2026-10-05T10:30:11Z</time>
        <extensions>
          <gpxtpx:TrackPointExtension>
            <gpxtpx:hr>113</gpxtpx:hr>
          </gpxtpx:TrackPointExtension>
        </extensions>
      </trkpt>
      <trkpt lat="1.3987487295967398" lon="103.89409310721473">
        <ele>20.427864310331643</ele>
        <time>2026-10-05T10:30:12Z</time>
        <extensions>
          <gpxtpx:TrackPointExtension>
            <gpxtpx:hr>113</gpxtpx:hr>
          </gpxtpx:TrackPointExtension>
        </extensions>
      </trkpt>
      <trkpt lat="1.3987779346176905" lon="103.89408613661733">
        <ele>20.36577871348709</ele>
        <time>2026-10-05T10:30:13Z</time>
        <extensions>
          <gpxtpx:TrackPointExtension>
            <gpxtpx:hr>113</gpxtpx:hr>
          </gpxtpx:TrackPointExtension>
        </extensions>
      </trkpt>
      <trkpt lat="1.3988057457518348" lon="103.89407936432252">
        <ele>20.302179839462042</ele>
        <time>2026-10-05T10:30:14Z</time>
        <extensions>
          <gpxtpx:TrackPointExtension>
            <gpxtpx:hr>113</gpxtpx:hr>
          </gpxtpx:TrackPointExtension>
        </extensions>
      </trkpt>
      <trkpt lat="1.398831523959997" lon="103.8940752735567">
        <ele>20.237977516837418</ele>
        <time>2026-10-05T10:30:15Z</time>
        <extensions>
          <gpxtpx:TrackPointExtension>
            <gpxtpx:hr>113</gpxtpx:hr>
          </gpxtpx:TrackPointExtension>
        </extensions>
      </trkpt>
      <trkpt lat="1.398854245425466" lon="103.89407759000221">
        <ele>20.174525713548064</ele>
        <time>2026-10-05T10:30:16Z</time>
        <extensions>
          <gpxtpx:TrackPointExtension>
            <gpxtpx:hr>113</gpxtpx:hr>
          </gpxtpx:TrackPointExtension>
        </extensions>
      </trkpt>
      <trkpt lat="1.3988735251444633" lon="103.89408889982096">
        <ele>20.11382885556668</ele>
        <time>2026-10-05T10:30:17Z</time>
        <extensions>
          <gpxtpx:TrackPointExtension>
            <gpxtpx:hr>113</gpxtpx:hr>
          </gpxtpx:TrackPointExtension>
        </extensions>
      </trkpt>
      <trkpt lat="1.3988894479886136" lon="103.89410843115598">
        <ele>20.058706276118755</ele>
        <time>2026-10-05T10:30:18Z</time>
        <extensions>
          <gpxtpx:TrackPointExtension>
            <gpxtpx:hr>113</gpxtpx:hr>
          </gpxtpx:TrackPointExtension>
        </extensions>
      </trkpt>
      <trkpt lat="1.398902194456379" lon="103.8941332311187">
        <ele>20.01275528781116</ele>
        <time>2026-10-05T10:30:19Z</time>
        <extensions>
          <gpxtpx:TrackPointExtension>
            <gpxtpx:hr>113</gpxtpx:hr>
          </gpxtpx:TrackPointExtension>
        </extensions>
      </trkpt>
      <trkpt lat="1.3989119669391643" lon="103.89416008838579">
        <ele>19.980106393806636</ele>
        <time>2026-10-05T10:30:20Z</time>
        <extensions>
          <gpxtpx:TrackPointExtension>
            <gpxtpx:hr>113</gpxtpx:hr>
          </gpxtpx:TrackPointExtension>
        </extensions>
      </trkpt>
      <trkpt lat="1.3989190644902767" lon="103.89418623961348">
        <ele>19.96488617360592</ele>
        <time>2026-10-05T10:30:21Z</time>
        <extensions>
          <gpxtpx:TrackPointExtension>
            <gpxtpx:hr>113</gpxtpx:hr>
          </gpxtpx:TrackPointExtension>
        </extensions>
      </trkpt>
      <trkpt lat="1.398923927607004" lon="103.89421058355056">
        <ele>19.97023610956967</ele>
        <time>2026-10-05T10:30:22Z</time>
        <extensions>
          <gpxtpx:TrackPointExtension>
            <gpxtpx:hr>113</gpxtpx:hr>
          </gpxtpx:TrackPointExtension>
        </extensions>
      </trkpt>
      <trkpt lat="1.3989269395020338" lon="103.89423352560952">
        <ele>19.997337514534593</ele>
        <time>2026-10-05T10:30:23Z</time>
        <extensions>
          <gpxtpx:TrackPointExtension>
            <gpxtpx:hr>113</gpxtpx:hr>
          </gpxtpx:TrackPointExtension>
        </extensions>
      </trkpt>
      <trkpt lat="1.3989286024001442" lon="103.89425542514081">
        <ele>20.044988838024437</ele>
        <time>2026-10-05T10:30:24Z</time>
        <extensions>
          <gpxtpx:TrackPointExtension>
            <gpxtpx:hr>116</gpxtpx:hr>
          </gpxtpx:TrackPointExtension>
        </extensions>
      </trkpt>
      <trkpt lat="1.3989293348137481" lon="103.89427620449979">
        <ele>20.109486273489892</ele>
        <time>2026-10-05T10:30:25Z</time>
        <extensions>
          <gpxtpx:TrackPointExtension>
            <gpxtpx:hr>116</gpxtpx:hr>
          </gpxtpx:TrackPointExtension>
        </extensions>
      </trkpt>
      <trkpt lat="1.398929160065254" lon="103.8942951247691">
        <ele>20.185018074698746</ele>
        <time>2026-10-05T10:30:26Z</time>
        <extensions>
          <gpxtpx:TrackPointExtension>
            <gpxtpx:hr>116</gpxtpx:hr>
          </gpxtpx:TrackPointExtension>
        </extensions>
      </trkpt>
      <trkpt lat="1.3989282576573325" lon="103.8943111022154">
        <ele>20.264938020147383</ele>
        <time>2026-10-05T10:30:27Z</time>
        <extensions>
          <gpxtpx:TrackPointExtension>
            <gpxtpx:hr>116</gpxtpx:hr>
          </gpxtpx:TrackPointExtension>
        </extensions>
      </trkpt>
      <trkpt lat="1.398927273335336" lon="103.89432283375567">
        <ele>20.343114994466305</ele>
        <time>2026-10-05T10:30:28Z</time>
        <extensions>
          <gpxtpx:TrackPointExtension>
            <gpxtpx:hr>116</gpxtpx:hr>
          </gpxtpx:TrackPointExtension>
        </extensions>
      </trkpt>
      <trkpt lat="1.3989265526869141" lon="103.8943292361019">
        <ele>20.41475029848516</ele>
        <time>2026-10-05T10:30:29Z</time>
        <extensions>
          <gpxtpx:TrackPointExtension>
            <gpxtpx:hr>116</gpxtpx:hr>
          </gpxtpx:TrackPointExtension>
        </extensions>
      </trkpt>
      <trkpt lat="1.3989259831510445" lon="103.89433148280517">
        <ele>20.47689315676689</ele>
        <time>2026-10-05T10:30:30Z</time>
        <extensions>
          <gpxtpx:TrackPointExtension>
            <gpxtpx:hr>116</gpxtpx:hr>
          </gpxtpx:TrackPointExtension>
        </extensions>
      </trkpt>
      <trkpt lat="1.3989255026737153" lon="103.8943318066659">
        <ele>20.528518687933683</ele>
        <time>2026-10-05T10:30:31Z</time>
        <extensions>
          <gpxtpx:TrackPointExtension>
            <gpxtpx:hr>116</gpxtpx:hr>
          </gpxtpx:TrackPointExtension>
        </extensions>
      </trkpt>
      <trkpt lat="1.3989251071646418" lon="103.89433136612455">
        <ele>20.569961983710527</ele>
        <time>2026-10-05T10:30:32Z</time>
        <extensions>
          <gpxtpx:TrackPointExtension>
            <gpxtpx:hr>116</gpxtpx:hr>
          </gpxtpx:TrackPointExtension>
        </extensions>
      </trkpt>
      <trkpt lat="1.398924822467389" lon="103.89433090962399">
        <ele>20.60221424046904</ele>
        <time>2026-10-05T10:30:33Z</time>
        <extensions>
          <gpxtpx:TrackPointExtension>
            <gpxtpx:hr>116</gpxtpx:hr>
          </gpxtpx:TrackPointExtension>
        </extensions>
      </trkpt>
      <trkpt lat="1.398924644221747" lon="103.89433062728274">
        <ele>20.626420012675226</ele>
        <time>2026-10-05T10:30:34Z</time>
        <extensions>
          <gpxtpx:TrackPointExtension>
            <gpxtpx:hr>116</gpxtpx:hr>
          </gpxtpx:TrackPointExtension>
        </extensions>
      </trkpt>
      <trkpt lat="1.3989245347088914" lon="103.89433035133429">
        <ele>20.64352929033339</ele>
        <time>2026-10-05T10:30:35Z</time>
        <extensions>
          <gpxtpx:TrackPointExtension>
            <gpxtpx:hr>116</gpxtpx:hr>
          </gpxtpx:TrackPointExtension>
        </extensions>
      </trkpt>
      <trkpt lat="1.3989244721341303" lon="103.89432999856326">
        <ele>20.65414982289076</ele>
        <time>2026-10-05T10:30:36Z</time>
        <extensions>
          <gpxtpx:TrackPointExtension>
            <gpxtpx:hr>116</gpxtpx:hr>
          </gpxtpx:TrackPointExtension>
        </extensions>
      </trkpt>
      <trkpt lat="1.3989244477217062" lon="103.89432958741317">
        <ele>20.658625195734203</ele>
        <time>2026-10-05T10:30:37Z</time>
        <extensions>
          <gpxtpx:TrackPointExtension>
            <gpxtpx:hr>116</gpxtpx:hr>
          </gpxtpx:TrackPointExtension>
        </extensions>
      </trkpt>
      <trkpt lat="1.3989244641031642" lon="103.89432924476897">
        <ele>20.65722936578095</ele>
        <time>2026-10-05T10:30:38Z</time>
        <extensions>
          <gpxtpx:TrackPointExtension>
            <gpxtpx:hr>116</gpxtpx:hr>
          </gpxtpx:TrackPointExtension>
        </extensions>
      </trkpt>
      <trkpt lat="1.398924534875605" lon="103.8943292076513">
        <ele>20.65034239925444</ele>
        <time>2026-10-05T10:30:39Z</time>
        <extensions>
          <gpxtpx:TrackPointExtension>
            <gpxtpx:hr>118</gpxtpx:hr>
          </gpxtpx:TrackPointExtension>
        </extensions>
      </trkpt>
      <trkpt lat="1.39892460757373" lon="103.89432931301552">
        <ele>20.638622287660837</ele>
        <time>2026-10-05T10:30:40Z</time>
        <extensions>
          <gpxtpx:TrackPointExtension>
            <gpxtpx:hr>118</gpxtpx:hr>
          </gpxtpx:TrackPointExtension>
        </extensions>
      </trkpt>
      <trkpt lat="1.3989246225982157" lon="103.89432929895588">
        <ele>20.623116144910455</ele>
        <time>2026-10-05T10:30:41Z</time>
        <extensions>
          <gpxtpx:TrackPointExtension>
            <gpxtpx:hr>118</gpxtpx:hr>
          </gpxtpx:TrackPointExtension>
        </extensions>
      </trkpt>
      <trkpt lat="1.3989245888292319" lon="103.89432926558224">
        <ele>20.60518687684089</ele>
        <time>2026-10-05T10:30:42Z</time>
        <extensions>
          <gpxtpx:TrackPointExtension>
            <gpxtpx:hr>118</gpxtpx:hr>
          </gpxtpx:TrackPointExtension>
        </extensions>
      </trkpt>
      <trkpt lat="1.3989245031926163" lon="103.89432918901437">
        <ele>20.586361847817898</ele>
        <time>2026-10-05T10:30:43Z</time>
        <extensions>
          <gpxtpx:TrackPointExtension>
            <gpxtpx:hr>118</gpxtpx:hr>
          </gpxtpx:TrackPointExtension>
        </extensions>
      </trkpt>
      <trkpt lat="1.3989243696467781" lon="103.89432906133877">
        <ele>20.568174195475876</ele>
        <time>2026-10-05T10:30:44Z</time>
        <extensions>
          <gpxtpx:TrackPointExtension>
            <gpxtpx:hr>115</gpxtpx:hr>
          </gpxtpx:TrackPointExtension>
        </extensions>
      </trkpt>
      <trkpt lat="1.3989242167580986" lon="103.89432904091503">
        <ele>20.55194533523172</ele>
        <time>2026-10-05T10:30:45Z</time>
        <extensions>
          <gpxtpx:TrackPointExtension>
            <gpxtpx:hr>115</gpxtpx:hr>
          </gpxtpx:TrackPointExtension>
        </extensions>
      </trkpt>
      <trkpt lat="1.3989240533770233" lon="103.89432919532038">
        <ele>20.53860671259463</ele>
        <time>2026-10-05T10:30:46Z</time>
        <extensions>
          <gpxtpx:TrackPointExtension>
            <gpxtpx:hr>115</gpxtpx:hr>
          </gpxtpx:TrackPointExtension>
        </extensions>
      </trkpt>
      <trkpt lat="1.3989239007794045" lon="103.89432967570791">
        <ele>20.52865818887949</ele>
        <time>2026-10-05T10:30:47Z</time>
        <extensions>
          <gpxtpx:TrackPointExtension>
            <gpxtpx:hr>115</gpxtpx:hr>
          </gpxtpx:TrackPointExtension>
        </extensions>
      </trkpt>
      <trkpt lat="1.398923743705409" lon="103.89433032911695">
        <ele>20.522188083268702</ele>
        <time>2026-10-05T10:30:48Z</time>
        <extensions>
          <gpxtpx:TrackPointExtension>
            <gpxtpx:hr>115</gpxtpx:hr>
          </gpxtpx:TrackPointExtension>
        </extensions>
      </trkpt>
      <trkpt lat="1.3989235800633404" lon="103.89433113513418">
        <ele>20.518939859233797</ele>
        <time>2026-10-05T10:30:49Z</time>
        <extensions>
          <gpxtpx:TrackPointExtension>
            <gpxtpx:hr>115</gpxtpx:hr>
          </gpxtpx:TrackPointExtension>
        </extensions>
      </trkpt>
      <trkpt lat="1.3989234026867041" lon="103.89433206611018">
        <ele>20.51845143828541</ele>
        <time>2026-10-05T10:30:50Z</time>
        <extensions>
          <gpxtpx:TrackPointExtension>
            <gpxtpx:hr>115</gpxtpx:hr>
          </gpxtpx:TrackPointExtension>
        </extensions>
      </trkpt>
      <trkpt lat="1.3989231490787126" lon="103.89433265041598">
        <ele>20.5201924033463</ele>
        <time>2026-10-05T10:30:51Z</time>
        <extensions>
          <gpxtpx:TrackPointExtension>
            <gpxtpx:hr>115</gpxtpx:hr>
          </gpxtpx:TrackPointExtension>
        </extensions>
      </trkpt>
      <trkpt lat="1.398922846636365" lon="103.89433304109676">
        <ele>20.523668966256082</ele>
        <time>2026-10-05T10:30:52Z</time>
        <extensions>
          <gpxtpx:TrackPointExtension>
            <gpxtpx:hr>115</gpxtpx:hr>
          </gpxtpx:TrackPointExtension>
        </extensions>
      </trkpt>
      <trkpt lat="1.3989225607067388" lon="103.894333640864">
        <ele>20.528502392582595</ele>
        <time>2026-10-05T10:30:53Z</time>
        <extensions>
          <gpxtpx:TrackPointExtension>
            <gpxtpx:hr>115</gpxtpx:hr>
          </gpxtpx:TrackPointExtension>
        </extensions>
      </trkpt>
      <trkpt lat="1.3989222901437546" lon="103.8943343593905">
        <ele>20.534462003968656</ele>
        <time>2026-10-05T10:30:54Z</time>
        <extensions>
          <gpxtpx:TrackPointExtension>
            <gpxtpx:hr>111</gpxtpx:hr>
          </gpxtpx:TrackPointExtension>
        </extensions>
      </trkpt>
      <trkpt lat="1.398922001088907" lon="103.8943349113056">
        <ele>20.54145119059831</ele>
        <time>2026-10-05T10:30:55Z</time>
        <extensions>
          <gpxtpx:TrackPointExtension>
            <gpxtpx:hr>111</gpxtpx:hr>
          </gpxtpx:TrackPointExtension>
        </extensions>
      </trkpt>
      <trkpt lat="1.3989217153289535" lon="103.894335440977">
        <ele>20.549446988850832</ele>
        <time>2026-10-05T10:30:56Z</time>
        <extensions>
          <gpxtpx:TrackPointExtension>
            <gpxtpx:hr>111</gpxtpx:hr>
          </gpxtpx:TrackPointExtension>
        </extensions>
      </trkpt>
      <trkpt lat="1.3989214837016046" lon="103.89433631782042">
        <ele>20.558374254964292</ele>
        <time>2026-10-05T10:30:57Z</time>
        <extensions>
          <gpxtpx:TrackPointExtension>
            <gpxtpx:hr>111</gpxtpx:hr>
          </gpxtpx:TrackPointExtension>
        </extensions>
      </trkpt>
      <trkpt lat="1.3989212595424987" lon="103.89433721329628">
        <ele>20.56793387979269</ele>
        <time>2026-10-05T10:30:58Z</time>
        <extensions>
          <gpxtpx:TrackPointExtension>
            <gpxtpx:hr>111</gpxtpx:hr>
          </gpxtpx:TrackPointExtension>
        </extensions>
      </trkpt>
      <trkpt lat="1.3989209945886671" lon="103.89433780702001">
        <ele>20.577535955235362</ele>
        <time>2026-10-05T10:30:59Z</time>
        <extensions>
          <gpxtpx:TrackPointExtension>
            <gpxtpx:hr>111</gpxtpx:hr>
          </gpxtpx:TrackPointExtension>
        </extensions>
      </trkpt>
      <trkpt lat="1.3989206985917486" lon="103.89433833501043">
        <ele>20.586445529945195</ele>
        <time>2026-10-05T10:31:00Z</time>
        <extensions>
          <gpxtpx:TrackPointExtension>
            <gpxtpx:hr>111</gpxtpx:hr>
          </gpxtpx:TrackPointExtension>
        </extensions>
      </trkpt>
      <trkpt lat="1.398920368542483" lon="103.89433898438067">
        <ele>20.593990861438215</ele>
        <time>2026-10-05T10:31:01Z</time>
        <extensions>
          <gpxtpx:TrackPointExtension>
            <gpxtpx:hr>111</gpxtpx:hr>
          </gpxtpx:TrackPointExtension>
        </extensions>
      </trkpt>
      <trkpt lat="1.3989200207312409" lon="103.89434002952814">
        <ele>20.599682924337685</ele>
        <time>2026-10-05T10:31:02Z</time>
        <extensions>
          <gpxtpx:TrackPointExtension>
            <gpxtpx:hr>111</gpxtpx:hr>
          </gpxtpx:TrackPointExtension>
        </extensions>
      </trkpt>
      <trkpt lat="1.398919679186849" lon="103.89434182811647">
        <ele>20.603283394128084</ele>
        <time>2026-10-05T10:31:03Z</time>
        <extensions>
          <gpxtpx:TrackPointExtension>
            <gpxtpx:hr>111</gpxtpx:hr>
          </gpxtpx:TrackPointExtension>
        </extensions>
      </trkpt>
      <trkpt lat="1.3989193953768193" lon="103.89434489992787">
        <ele>20.604909827932715</ele>
        <time>2026-10-05T10:31:04Z</time>
        <extensions>
          <gpxtpx:TrackPointExtension>
            <gpxtpx:hr>111</gpxtpx:hr>
          </gpxtpx:TrackPointExtension>
        </extensions>
      </trkpt>
      <trkpt lat="1.39891931161948" lon="103.8943502767501">
        <ele>20.605223508551717</ele>
        <time>2026-10-05T10:31:05Z</time>
        <extensions>
          <gpxtpx:TrackPointExtension>
            <gpxtpx:hr>107</gpxtpx:hr>
          </gpxtpx:TrackPointExtension>
        </extensions>
      </trkpt>
      <trkpt lat="1.3989196245908748" lon="103.89435821800456">
        <ele>20.605596501380205</ele>
        <time>2026-10-05T10:31:06Z</time>
        <extensions>
          <gpxtpx:TrackPointExtension>
            <gpxtpx:hr>107</gpxtpx:hr>
          </gpxtpx:TrackPointExtension>
        </extensions>
      </trkpt>
      <trkpt lat="1.3989200360277956" lon="103.89436905283978">
        <ele>20.60801964160055</ele>
        <time>2026-10-05T10:31:07Z</time>
        <extensions>
          <gpxtpx:TrackPointExtension>
            <gpxtpx:hr>107</gpxtpx:hr>
          </gpxtpx:TrackPointExtension>
        </extensions>
      </trkpt>
      <trkpt lat="1.3989194517194379" lon="103.8943841457062">
        <ele>20.614705488085747</ele>
        <time>2026-10-05T10:31:08Z</time>
        <extensions>
          <gpxtpx:TrackPointExtension>
            <gpxtpx:hr>107</gpxtpx:hr>
          </gpxtpx:TrackPointExtension>
        </extensions>
      </trkpt>
      <trkpt lat="1.3989170462280691" lon="103.89440342654062">
        <ele>20.62761834729463</ele>
        <time>2026-10-05T10:31:09Z</time>
        <extensions>
          <gpxtpx:TrackPointExtension>
            <gpxtpx:hr>107</gpxtpx:hr>
          </gpxtpx:TrackPointExtension>
        </extensions>
      </trkpt>
      <trkpt lat="1.3989129029322158" lon="103.89442541852806">
        <ele>20.648044284433126</ele>
        <time>2026-10-05T10:31:10Z</time>
        <extensions>
          <gpxtpx:TrackPointExtension>
            <gpxtpx:hr>107</gpxtpx:hr>
          </gpxtpx:TrackPointExtension>
        </extensions>
      </trkpt>
      <trkpt lat="1.3989076034418528" lon="103.89444928853449">
        <ele>20.67617331072688</ele>
        <time>2026-10-05T10:31:11Z</time>
        <extensions>
          <gpxtpx:TrackPointExtension>
            <gpxtpx:hr>107</gpxtpx:hr>
          </gpxtpx:TrackPointExtension>
        </extensions>
      </trkpt>
      <trkpt lat="1.3989015662004982" lon="103.89447459248665">
        <ele>20.710875005461276</ele>
        <time>2026-10-05T10:31:12Z</time>
        <extensions>
          <gpxtpx:TrackPointExtension>
            <gpxtpx:hr>107</gpxtpx:hr>
          </gpxtpx:TrackPointExtension>
        </extensions>
      </trkpt>
      <trkpt lat="1.3988950089355539" lon="103.89450084319695">
        <ele>20.74971846770495</ele>
        <time>2026-10-05T10:31:13Z</time>
        <extensions>
          <gpxtpx:TrackPointExtension>
            <gpxtpx:hr>107</gpxtpx:hr>
          </gpxtpx:TrackPointExtension>
        </extensions>
      </trkpt>
      <trkpt lat="1.398888096225343" lon="103.89452766954274">
        <ele>20.78914939519018</ele>
        <time>2026-10-05T10:31:14Z</time>
        <extensions>
          <gpxtpx:TrackPointExtension>
            <gpxtpx:hr>107</gpxtpx:hr>
          </gpxtpx:TrackPointExtension>
        </extensions>
      </trkpt>
      <trkpt lat="1.3988806266838067" lon="103.89455505366482">
        <ele>20.824943385086954</ele>
        <time>2026-10-05T10:31:15Z</time>
        <extensions>
          <gpxtpx:TrackPointExtension>
            <gpxtpx:hr>108</gpxtpx:hr>
          </gpxtpx:TrackPointExtension>
        </extensions>
      </trkpt>
      <trkpt lat="1.398871688629021" lon="103.89458312966971">
        <ele>20.852845267392695</ele>
        <time>2026-10-05T10:31:16Z</time>
        <extensions>
          <gpxtpx:TrackPointExtension>
            <gpxtpx:hr>108</gpxtpx:hr>
          </gpxtpx:TrackPointExtension>
        </extensions>
      </trkpt>
      <trkpt lat="1.3988596255182058" lon="103.8946109277955">
        <ele>20.869149001315236</ele>
        <time>2026-10-05T10:31:17Z</time>
        <extensions>
          <gpxtpx:TrackPointExtension>
            <gpxtpx:hr>108</gpxtpx:hr>
          </gpxtpx:TrackPointExtension>
        </extensions>
      </trkpt>
      <trkpt lat="1.398843154503261" lon="103.89463638163345">
        <ele>20.871261780150235</ele>
        <time>2026-10-05T10:31:18Z</time>
        <extensions>
          <gpxtpx:TrackPointExtension>
            <gpxtpx:hr>108</gpxtpx:hr>
          </gpxtpx:TrackPointExtension>
        </extensions>
      </trkpt>
      <trkpt lat="1.3988215303570706" lon="103.89465825351587">
        <ele>20.85811951570213</ele>
        <time>2026-10-05T10:31:19Z</time>
        <extensions>
          <gpxtpx:TrackPointExtension>
            <gpxtpx:hr>108</gpxtpx:hr>
          </gpxtpx:TrackPointExtension>
        </extensions>
      </trkpt>
      <trkpt lat="1.3987953448683155" lon="103.89467648942575">
        <ele>20.83009906578809</ele>
        <time>2026-10-05T10:31:20Z</time>
        <extensions>
          <gpxtpx:TrackPointExtension>
            <gpxtpx:hr>109</gpxtpx:hr>
          </gpxtpx:TrackPointExtension>
        </extensions>
      </trkpt>
      <trkpt lat="1.398766734650846" lon="103.89469165640543">
        <ele>20.788667221553624</ele>
        <time>2026-10-05T10:31:21Z</time>
        <extensions>
          <gpxtpx:TrackPointExtension>
            <gpxtpx:hr>109</gpxtpx:hr>
          </gpxtpx:TrackPointExtension>
        </extensions>
      </trkpt>
      <trkpt lat="1.3987379797267925" lon="103.89470534385767">
        <ele>20.736105371266603</ele>
        <time>2026-10-05T10:31:22Z</time>
        <extensions>
          <gpxtpx:TrackPointExtension>
            <gpxtpx:hr>109</gpxtpx:hr>
          </gpxtpx:TrackPointExtension>
        </extensions>
      </trkpt>
      <trkpt lat="1.3987114744359468" lon="103.89471883992893">
        <ele>20.675288709811866</ele>
        <time>2026-10-05T10:31:23Z</time>
        <extensions>
          <gpxtpx:TrackPointExtension>
            <gpxtpx:hr>109</gpxtpx:hr>
          </gpxtpx:TrackPointExtension>
        </extensions>
      </trkpt>
      <trkpt lat="1.3986893166697894" lon="103.89473194127879">
        <ele>20.60945310536772</ele>
        <time>2026-10-05T10:31:24Z</time>
        <extensions>
          <gpxtpx:TrackPointExtension>
            <gpxtpx:hr>109</gpxtpx:hr>
          </gpxtpx:TrackPointExtension>
        </extensions>
      </trkpt>
      <trkpt lat="1.3986721916933165" lon="103.89474475230097">
        <ele>20.541735716164112</ele>
        <time>2026-10-05T10:31:25Z</time>
        <extensions>
          <gpxtpx:TrackPointExtension>
            <gpxtpx:hr>109</gpxtpx:hr>
          </gpxtpx:TrackPointExtension>
        </extensions>
      </trkpt>
      <trkpt lat="1.3986599283933434" lon="103.89475900985855">
        <ele>20.474479381926358</ele>
        <time>2026-10-05T10:31:26Z</time>
        <extensions>
          <gpxtpx:TrackPointExtension>
            <gpxtpx:hr>109</gpxtpx:hr>
          </gpxtpx:TrackPointExtension>
        </extensions>
      </trkpt>
      <trkpt lat="1.3986531605496058" lon="103.89477671036266">
        <ele>20.4087765077129</ele>
        <time>2026-10-05T10:31:27Z</time>
        <extensions>
          <gpxtpx:TrackPointExtension>
            <gpxtpx:hr>109</gpxtpx:hr>
          </gpxtpx:TrackPointExtension>
        </extensions>
      </trkpt>
      <trkpt lat="1.3986517507794307" lon="103.89479936618875">
        <ele>20.34453559294343</ele>
        <time>2026-10-05T10:31:28Z</time>
        <extensions>
          <gpxtpx:TrackPointExtension>
            <gpxtpx:hr>109</gpxtpx:hr>
          </gpxtpx:TrackPointExtension>
        </extensions>
      </trkpt>
      <trkpt lat="1.3986539787503331" lon="103.8948266953902">
        <ele>20.280836939811707</ele>
        <time>2026-10-05T10:31:29Z</time>
        <extensions>
          <gpxtpx:TrackPointExtension>
            <gpxtpx:hr>107</gpxtpx:hr>
          </gpxtpx:TrackPointExtension>
        </extensions>
      </trkpt>
      <trkpt lat="1.3986576889189197" lon="103.8948570153547">
        <ele>20.216523616574705</ele>
        <time>2026-10-05T10:31:30Z</time>
        <extensions>
          <gpxtpx:TrackPointExtension>
            <gpxtpx:hr>107</gpxtpx:hr>
          </gpxtpx:TrackPointExtension>
        </extensions>
      </trkpt>
      <trkpt lat="1.398661693752425" lon="103.89488835872658">
        <ele>20.151084510609508</ele>
        <time>2026-10-05T10:31:31Z</time>
        <extensions>
          <gpxtpx:TrackPointExtension>
            <gpxtpx:hr>107</gpxtpx:hr>
          </gpxtpx:TrackPointExtension>
        </extensions>
      </trkpt>
      <trkpt lat="1.3986663907049937" lon="103.89491951047272">
        <ele>20.085251656360924</ele>
        <time>2026-10-05T10:31:32Z</time>
        <extensions>
          <gpxtpx:TrackPointExtension>
            <gpxtpx:hr>107</gpxtpx:hr>
          </gpxtpx:TrackPointExtension>
        </extensions>
      </trkpt>
      <trkpt lat="1.3986712381223467" lon="103.89495025260052">
        <ele>20.02080471534282</ele>
        <time>2026-10-05T10:31:33Z</time>
        <extensions>
          <gpxtpx:TrackPointExtension>
            <gpxtpx:hr>107</gpxtpx:hr>
          </gpxtpx:TrackPointExtension>
        </extensions>
      </trkpt>
      <trkpt lat="1.3986751152123928" lon="103.8949807217452">
        <ele>19.96001254580915</ele>
        <time>2026-10-05T10:31:34Z</time>
        <extensions>
          <gpxtpx:TrackPointExtension>
            <gpxtpx:hr>106</gpxtpx:hr>
          </gpxtpx:TrackPointExtension>
        </extensions>
      </trkpt>
      <trkpt lat="1.3986779370126903" lon="103.89501105774451">
        <ele>19.905118036083877</ele>
        <time>2026-10-05T10:31:35Z</time>
        <extensions>
          <gpxtpx:TrackPointExtension>
            <gpxtpx:hr>106</gpxtpx:hr>
          </gpxtpx:TrackPointExtension>
        </extensions>
      </trkpt>
      <trkpt lat="1.3986798592389083" lon="103.89504121733599">
        <ele>19.857781410217285</ele>
        <time>2026-10-05T10:31:36Z</time>
        <extensions>
          <gpxtpx:TrackPointExtension>
            <gpxtpx:hr>106</gpxtpx:hr>
          </gpxtpx:TrackPointExtension>
        </extensions>
      </trkpt>
      <trkpt lat="1.3986809638022348" lon="103.89507136021575">
        <ele>19.818704683333635</ele>
        <time>2026-10-05T10:31:37Z</time>
        <extensions>
          <gpxtpx:TrackPointExtension>
            <gpxtpx:hr>106</gpxtpx:hr>
          </gpxtpx:TrackPointExtension>
        </extensions>
      </trkpt>
      <trkpt lat="1.3986810473171165" lon="103.89510164666845">
        <ele>19.787742231041193</ele>
        <time>2026-10-05T10:31:38Z</time>
        <extensions>
          <gpxtpx:TrackPointExtension>
            <gpxtpx:hr>108</gpxtpx:hr>
          </gpxtpx:TrackPointExtension>
        </extensions>
      </trkpt>
      <trkpt lat="1.398679528167077" lon="103.8951322623446">
        <ele>19.764221005141735</ele>
        <time>2026-10-05T10:31:39Z</time>
        <extensions>
          <gpxtpx:TrackPointExtension>
            <gpxtpx:hr>108</gpxtpx:hr>
          </gpxtpx:TrackPointExtension>
        </extensions>
      </trkpt>
      <trkpt lat="1.3986759151529216" lon="103.89516319305089">
        <ele>19.747197178192437</ele>
        <time>2026-10-05T10:31:40Z</time>
        <extensions>
          <gpxtpx:TrackPointExtension>
            <gpxtpx:hr>108</gpxtpx:hr>
          </gpxtpx:TrackPointExtension>
        </extensions>
      </trkpt>
      <trkpt lat="1.3986703853446771" lon="103.89519453063372">
        <ele>19.735671282745898</ele>
        <time>2026-10-05T10:31:41Z</time>
        <extensions>
          <gpxtpx:TrackPointExtension>
            <gpxtpx:hr>108</gpxtpx:hr>
          </gpxtpx:TrackPointExtension>
        </extensions>
      </trkpt>
      <trkpt lat="1.3986633618986202" lon="103.89522602245948">
        <ele>19.728729786351323</ele>
        <time>2026-10-05T10:31:42Z</time>
        <extensions>
          <gpxtpx:TrackPointExtension>
            <gpxtpx:hr>108</gpxtpx:hr>
          </gpxtpx:TrackPointExtension>
        </extensions>
      </trkpt>
      <trkpt lat="1.3986549931503292" lon="103.89525730669176">
        <ele>19.72561103850603</ele>
        <time>2026-10-05T10:31:43Z</time>
        <extensions>
          <gpxtpx:TrackPointExtension>
            <gpxtpx:hr>108</gpxtpx:hr>
          </gpxtpx:TrackPointExtension>
        </extensions>
      </trkpt>
      <trkpt lat="1.3986450322569806" lon="103.89528847206509">
        <ele>19.725717681460083</ele>
        <time>2026-10-05T10:31:44Z</time>
        <extensions>
          <gpxtpx:TrackPointExtension>
            <gpxtpx:hr>102</gpxtpx:hr>
          </gpxtpx:TrackPointExtension>
        </extensions>
      </trkpt>
      <trkpt lat="1.3986333587742612" lon="103.89531946535949">
        <ele>19.728609832003713</ele>
        <time>2026-10-05T10:31:45Z</time>
        <extensions>
          <gpxtpx:TrackPointExtension>
            <gpxtpx:hr>102</gpxtpx:hr>
          </gpxtpx:TrackPointExtension>
        </extensions>
      </trkpt>
      <trkpt lat="1.3986205174065558" lon="103.89534986255117">
        <ele>19.734007407911122</ele>
        <time>2026-10-05T10:31:46Z</time>
        <extensions>
          <gpxtpx:TrackPointExtension>
            <gpxtpx:hr>102</gpxtpx:hr>
          </gpxtpx:TrackPointExtension>
        </extensions>
      </trkpt>
      <trkpt lat="1.3986063179787447" lon="103.89537987250766">
        <ele>19.741778296418488</ele>
        <time>2026-10-05T10:31:47Z</time>
        <extensions>
          <gpxtpx:TrackPointExtension>
            <gpxtpx:hr>102</gpxtpx:hr>
          </gpxtpx:TrackPointExtension>
        </extensions>
      </trkpt>
      <trkpt lat="1.3985908892692742" lon="103.89541003403697">
        <ele>19.751894894056022</ele>
        <time>2026-10-05T10:31:48Z</time>
        <extensions>
          <gpxtpx:TrackPointExtension>
            <gpxtpx:hr>102</gpxtpx:hr>
          </gpxtpx:TrackPointExtension>
        </extensions>
      </trkpt>
      <trkpt lat="1.3985751255770662" lon="103.89544023667234">
        <ele>19.76437014620751</ele>
        <time>2026-10-05T10:31:49Z</time>
        <extensions>
          <gpxtpx:TrackPointExtension>
            <gpxtpx:hr>102</gpxtpx:hr>
          </gpxtpx:TrackPointExtension>
        </extensions>
      </trkpt>
      <trkpt lat="1.39855946399499" lon="103.89547053925465">
        <ele>19.77917878702283</ele>
        <time>2026-10-05T10:31:50Z</time>
        <extensions>
          <gpxtpx:TrackPointExtension>
            <gpxtpx:hr>102</gpxtpx:hr>
          </gpxtpx:TrackPointExtension>
        </extensions>
      </trkpt>
      <trkpt lat="1.3985443325873996" lon="103.89550111017576">
        <ele>19.796188667416573</ele>
        <time>2026-10-05T10:31:51Z</time>
        <extensions>
          <gpxtpx:TrackPointExtension>
            <gpxtpx:hr>105</gpxtpx:hr>
          </gpxtpx:TrackPointExtension>
        </extensions>
      </trkpt>
      <trkpt lat="1.3985301549265916" lon="103.89553205797046">
        <ele>19.815092560835183</ele>
        <time>2026-10-05T10:31:52Z</time>
        <extensions>
          <gpxtpx:TrackPointExtension>
            <gpxtpx:hr>105</gpxtpx:hr>
          </gpxtpx:TrackPointExtension>
        </extensions>
      </trkpt>
      <trkpt lat="1.3985174183295324" lon="103.89556364605922">
        <ele>19.8353575123474</ele>
        <time>2026-10-05T10:31:53Z</time>
        <extensions>
          <gpxtpx:TrackPointExtension>
            <gpxtpx:hr>105</gpxtpx:hr>
          </gpxtpx:TrackPointExtension>
        </extensions>
      </trkpt>
      <trkpt lat="1.398506563229895" lon="103.89559603840443">
        <ele>19.856188191100955</ele>
        <time>2026-10-05T10:31:54Z</time>
        <extensions>
          <gpxtpx:TrackPointExtension>
            <gpxtpx:hr>105</gpxtpx:hr>
          </gpxtpx:TrackPointExtension>
        </extensions>
      </trkpt>
      <trkpt lat="1.398497673623641" lon="103.89562924154761">
        <ele>19.876526742242277</ele>
        <time>2026-10-05T10:31:55Z</time>
        <extensions>
          <gpxtpx:TrackPointExtension>
            <gpxtpx:hr>105</gpxtpx:hr>
          </gpxtpx:TrackPointExtension>
        </extensions>
      </trkpt>
      <trkpt lat="1.3984904725187512" lon="103.89566313705367">
        <ele>19.89514873176813</ele>
        <time>2026-10-05T10:31:56Z</time>
        <extensions>
          <gpxtpx:TrackPointExtension>
            <gpxtpx:hr>105</gpxtpx:hr>
          </gpxtpx:TrackPointExtension>
        </extensions>
      </trkpt>
      <trkpt lat="1.3984846121290324" lon="103.89569763902946">
        <ele>19.910794047638774</ele>
        <time>2026-10-05T10:31:57Z</time>
        <extensions>
          <gpxtpx:TrackPointExtension>
            <gpxtpx:hr>105</gpxtpx:hr>
          </gpxtpx:TrackPointExtension>
        </extensions>
      </trkpt>
      <trkpt lat="1.3984798966439735" lon="103.89573267124027">
        <ele>19.922254289500415</ele>
        <time>2026-10-05T10:31:58Z</time>
        <extensions>
          <gpxtpx:TrackPointExtension>
            <gpxtpx:hr>105</gpxtpx:hr>
          </gpxtpx:TrackPointExtension>
        </extensions>
      </trkpt>
      <trkpt lat="1.3984760131190193" lon="103.8957680027412">
        <ele>19.928450926207006</ele>
        <time>2026-10-05T10:31:59Z</time>
        <extensions>
          <gpxtpx:TrackPointExtension>
            <gpxtpx:hr>105</gpxtpx:hr>
          </gpxtpx:TrackPointExtension>
        </extensions>
      </trkpt>
      <trkpt lat="1.3984724845230854" lon="103.89580341694513">
        <ele>19.92852023243904</ele>
        <time>2026-10-05T10:32:00Z</time>
        <extensions>
          <gpxtpx:TrackPointExtension>
            <gpxtpx:hr>107</gpxtpx:hr>
          </gpxtpx:TrackPointExtension>
        </extensions>
      </trkpt>
      <trkpt lat="1.3984690083245375" lon="103.8958388303564">
        <ele>19.9218879211694</ele>
        <time>2026-10-05T10:32:01Z</time>
        <extensions>
          <gpxtpx:TrackPointExtension>
            <gpxtpx:hr>107</gpxtpx:hr>
          </gpxtpx:TrackPointExtension>
        </extensions>
      </trkpt>
      <trkpt lat="1.3984654329833186" lon="103.89587409072016">
        <ele>19.908352808095515</ele>
        <time>2026-10-05T10:32:02Z</time>
        <extensions>
          <gpxtpx:TrackPointExtension>
            <gpxtpx:hr>107</gpxtpx:hr>
          </gpxtpx:TrackPointExtension>
        </extensions>
      </trkpt>
      <trkpt lat="1.398461598134947" lon="103.89590897818749">
        <ele>19.88808821886778</ele>
        <time>2026-10-05T10:32:03Z</time>
        <extensions>
          <gpxtpx:TrackPointExtension>
            <gpxtpx:hr>107</gpxtpx:hr>
          </gpxtpx:TrackPointExtension>
        </extensions>
      </trkpt>
      <trkpt lat="1.3984574292209153" lon="103.89594352503867">
        <ele>19.861527892760932</ele>
        <time>2026-10-05T10:32:04Z</time>
        <extensions>
          <gpxtpx:TrackPointExtension>
            <gpxtpx:hr>107</gpxtpx:hr>
          </gpxtpx:TrackPointExtension>
        </extensions>
      </trkpt>
      <trkpt lat="1.398452658732535" lon="103.895977959968">
        <ele>19.8292607748881</ele>
        <time>2026-10-05T10:32:05Z</time>
        <extensions>
          <gpxtpx:TrackPointExtension>
            <gpxtpx:hr>107</gpxtpx:hr>
          </gpxtpx:TrackPointExtension>
        </extensions>
      </trkpt>
      <trkpt lat="1.3984470379847949" lon="103.89601221144775">
        <ele>19.79197296872735</ele>
        <time>2026-10-05T10:32:06Z</time>
        <extensions>
          <gpxtpx:TrackPointExtension>
            <gpxtpx:hr>105</gpxtpx:hr>
          </gpxtpx:TrackPointExtension>
        </extensions>
      </trkpt>
      <trkpt lat="1.3984407846033329" lon="103.89604613485453">
        <ele>19.75044451467693</ele>
        <time>2026-10-05T10:32:07Z</time>
        <extensions>
          <gpxtpx:TrackPointExtension>
            <gpxtpx:hr>105</gpxtpx:hr>
          </gpxtpx:TrackPointExtension>
        </extensions>
      </trkpt>
      <trkpt lat="1.3984341448477766" lon="103.89607961995833">
        <ele>19.705600205808878</ele>
        <time>2026-10-05T10:32:08Z</time>
        <extensions>
          <gpxtpx:TrackPointExtension>
            <gpxtpx:hr>105</gpxtpx:hr>
          </gpxtpx:TrackPointExtension>
        </extensions>
      </trkpt>
      <trkpt lat="1.3984271544246554" lon="103.89611209241659">
        <ele>19.65858961828053</ele>
        <time>2026-10-05T10:32:09Z</time>
        <extensions>
          <gpxtpx:TrackPointExtension>
            <gpxtpx:hr>105</gpxtpx:hr>
          </gpxtpx:TrackPointExtension>
        </extensions>
      </trkpt>
      <trkpt lat="1.3984199045864532" lon="103.89614339449368">
        <ele>19.610846056602895</ele>
        <time>2026-10-05T10:32:10Z</time>
        <extensions>
          <gpxtpx:TrackPointExtension>
            <gpxtpx:hr>105</gpxtpx:hr>
          </gpxtpx:TrackPointExtension>
        </extensions>
      </trkpt>
      <trkpt lat="1.3984124554317172" lon="103.89617389212474">
        <ele>19.56402033660561</ele>
        <time>2026-10-05T10:32:11Z</time>
        <extensions>
          <gpxtpx:TrackPointExtension>
            <gpxtpx:hr>104</gpxtpx:hr>
          </gpxtpx:TrackPointExtension>
        </extensions>
      </trkpt>
      <trkpt lat="1.3984046893177693" lon="103.89620367435923">
        <ele>19.519813642837107</ele>
        <time>2026-10-05T10:32:12Z</time>
        <extensions>
          <gpxtpx:TrackPointExtension>
            <gpxtpx:hr>104</gpxtpx:hr>
          </gpxtpx:TrackPointExtension>
        </extensions>
      </trkpt>
      <trkpt lat="1.3983964969474254" lon="103.89623255019241">
        <ele>19.47981831431389</ele>
        <time>2026-10-05T10:32:13Z</time>
        <extensions>
          <gpxtpx:TrackPointExtension>
            <gpxtpx:hr>104</gpxtpx:hr>
          </gpxtpx:TrackPointExtension>
        </extensions>
      </trkpt>
      <trkpt lat="1.398387830555457" lon="103.8962602992882">
        <ele>19.44537532608956</ele>
        <time>2026-10-05T10:32:14Z</time>
        <extensions>
          <gpxtpx:TrackPointExtension>
            <gpxtpx:hr>105</gpxtpx:hr>
          </gpxtpx:TrackPointExtension>
        </extensions>
      </trkpt>
      <trkpt lat="1.3983785814690541" lon="103.89628705293791">
        <ele>19.417453347705305</ele>
        <time>2026-10-05T10:32:15Z</time>
        <extensions>
          <gpxtpx:TrackPointExtension>
            <gpxtpx:hr>105</gpxtpx:hr>
          </gpxtpx:TrackPointExtension>
        </extensions>
      </trkpt>
      <trkpt lat="1.3983686154935482" lon="103.8963133716788">
        <ele>19.396629283204675</ele>
        <time>2026-10-05T10:32:16Z</time>
        <extensions>
          <gpxtpx:TrackPointExtension>
            <gpxtpx:hr>105</gpxtpx:hr>
          </gpxtpx:TrackPointExtension>
        </extensions>
      </trkpt>
      <trkpt lat="1.3983579462234648" lon="103.89633973898746">
        <ele>19.383114942349494</ele>
        <time>2026-10-05T10:32:17Z</time>
        <extensions>
          <gpxtpx:TrackPointExtension>
            <gpxtpx:hr>105</gpxtpx:hr>
          </gpxtpx:TrackPointExtension>
        </extensions>
      </trkpt>
      <trkpt lat="1.3983468304020066" lon="103.89636619943859">
        <ele>19.376787810586393</ele>
        <time>2026-10-05T10:32:18Z</time>
        <extensions>
          <gpxtpx:TrackPointExtension>
            <gpxtpx:hr>105</gpxtpx:hr>
          </gpxtpx:TrackPointExtension>
        </extensions>
      </trkpt>
      <trkpt lat="1.3983356963835787" lon="103.89639257968676">
        <ele>19.377269538119435</ele>
        <time>2026-10-05T10:32:19Z</time>
        <extensions>
          <gpxtpx:TrackPointExtension>
            <gpxtpx:hr>103</gpxtpx:hr>
          </gpxtpx:TrackPointExtension>
        </extensions>
      </trkpt>
      <trkpt lat="1.3983247346072842" lon="103.89641911633437">
        <ele>19.38398700207472</ele>
        <time>2026-10-05T10:32:20Z</time>
        <extensions>
          <gpxtpx:TrackPointExtension>
            <gpxtpx:hr>103</gpxtpx:hr>
          </gpxtpx:TrackPointExtension>
        </extensions>
      </trkpt>
      <trkpt lat="1.3983139865798027" lon="103.89644638534438">
        <ele>19.396208258345723</ele>
        <time>2026-10-05T10:32:21Z</time>
        <extensions>
          <gpxtpx:TrackPointExtension>
            <gpxtpx:hr>103</gpxtpx:hr>
          </gpxtpx:TrackPointExtension>
        </extensions>
      </trkpt>
      <trkpt lat="1.3983036274493705" lon="103.89647407243451">
        <ele>19.41306354664266</ele>
        <time>2026-10-05T10:32:22Z</time>
        <extensions>
          <gpxtpx:TrackPointExtension>
            <gpxtpx:hr>103</gpxtpx:hr>
          </gpxtpx:TrackPointExtension>
        </extensions>
      </trkpt>
      <trkpt lat="1.3982938442490513" lon="103.89650130844255">
        <ele>19.433557632379234</ele>
        <time>2026-10-05T10:32:23Z</time>
        <extensions>
          <gpxtpx:TrackPointExtension>
            <gpxtpx:hr>103</gpxtpx:hr>
          </gpxtpx:TrackPointExtension>
        </extensions>
      </trkpt>
      <trkpt lat="1.3982847479203497" lon="103.89652759556716">
        <ele>19.456634659320116</ele>
        <time>2026-10-05T10:32:24Z</time>
        <extensions>
          <gpxtpx:TrackPointExtension>
            <gpxtpx:hr>104</gpxtpx:hr>
          </gpxtpx:TrackPointExtension>
        </extensions>
      </trkpt>
      <trkpt lat="1.3982763634864106" lon="103.89655280300214">
        <ele>19.48124222457409</ele>
        <time>2026-10-05T10:32:25Z</time>
        <extensions>
          <gpxtpx:TrackPointExtension>
            <gpxtpx:hr>104</gpxtpx:hr>
          </gpxtpx:TrackPointExtension>
        </extensions>
      </trkpt>
      <trkpt lat="1.3982685301835407" lon="103.89657746493536">
        <ele>19.50633974093944</ele>
        <time>2026-10-05T10:32:26Z</time>
        <extensions>
          <gpxtpx:TrackPointExtension>
            <gpxtpx:hr>104</gpxtpx:hr>
          </gpxtpx:TrackPointExtension>
        </extensions>
      </trkpt>
      <trkpt lat="1.3982611380764314" lon="103.89660209282336">
        <ele>19.53087358083576</ele>
        <time>2026-10-05T10:32:27Z</time>
        <extensions>
          <gpxtpx:TrackPointExtension>
            <gpxtpx:hr>104</gpxtpx:hr>
          </gpxtpx:TrackPointExtension>
        </extensions>
      </trkpt>
      <trkpt lat="1.3982541126727446" lon="103.89662699878778">
        <ele>19.55375697929412</ele>
        <time>2026-10-05T10:32:28Z</time>
        <extensions>
          <gpxtpx:TrackPointExtension>
            <gpxtpx:hr>104</gpxtpx:hr>
          </gpxtpx:TrackPointExtension>
        </extensions>
      </trkpt>
      <trkpt lat="1.3982474951692367" lon="103.89665221665284">
        <ele>19.57389599364251</ele>
        <time>2026-10-05T10:32:29Z</time>
        <extensions>
          <gpxtpx:TrackPointExtension>
            <gpxtpx:hr>104</gpxtpx:hr>
          </gpxtpx:TrackPointExtension>
        </extensions>
      </trkpt>
      <trkpt lat="1.3982413605561255" lon="103.89667786233166">
        <ele>19.590260861441493</ele>
        <time>2026-10-05T10:32:30Z</time>
        <extensions>
          <gpxtpx:TrackPointExtension>
            <gpxtpx:hr>104</gpxtpx:hr>
          </gpxtpx:TrackPointExtension>
        </extensions>
      </trkpt>
      <trkpt lat="1.3982357050545542" lon="103.8967045663158">
        <ele>19.601977398619056</ele>
        <time>2026-10-05T10:32:31Z</time>
        <extensions>
          <gpxtpx:TrackPointExtension>
            <gpxtpx:hr>104</gpxtpx:hr>
          </gpxtpx:TrackPointExtension>
        </extensions>
      </trkpt>
      <trkpt lat="1.3982304674045851" lon="103.89673274469706">
        <ele>19.608454069122672</ele>
        <time>2026-10-05T10:32:32Z</time>
        <extensions>
          <gpxtpx:TrackPointExtension>
            <gpxtpx:hr>104</gpxtpx:hr>
          </gpxtpx:TrackPointExtension>
        </extensions>
      </trkpt>
      <trkpt lat="1.3982255871990974" lon="103.89676234655721">
        <ele>19.609504837542772</ele>
        <time>2026-10-05T10:32:33Z</time>
        <extensions>
          <gpxtpx:TrackPointExtension>
            <gpxtpx:hr>104</gpxtpx:hr>
          </gpxtpx:TrackPointExtension>
        </extensions>
      </trkpt>
      <trkpt lat="1.398221051210688" lon="103.89679309976907">
        <ele>19.60537753906101</ele>
        <time>2026-10-05T10:32:34Z</time>
        <extensions>
          <gpxtpx:TrackPointExtension>
            <gpxtpx:hr>105</gpxtpx:hr>
          </gpxtpx:TrackPointExtension>
        </extensions>
      </trkpt>
      <trkpt lat="1.3982168570619717" lon="103.89682469517938">
        <ele>19.596745242364705</ele>
        <time>2026-10-05T10:32:35Z</time>
        <extensions>
          <gpxtpx:TrackPointExtension>
            <gpxtpx:hr>105</gpxtpx:hr>
          </gpxtpx:TrackPointExtension>
        </extensions>
      </trkpt>
      <trkpt lat="1.398212839909293" lon="103.89685696996396">
        <ele>19.584685975685716</ele>
        <time>2026-10-05T10:32:36Z</time>
        <extensions>
          <gpxtpx:TrackPointExtension>
            <gpxtpx:hr>105</gpxtpx:hr>
          </gpxtpx:TrackPointExtension>
        </extensions>
      </trkpt>
      <trkpt lat="1.3982086497833284" lon="103.8968899265093">
        <ele>19.570607322268188</ele>
        <time>2026-10-05T10:32:37Z</time>
        <extensions>
          <gpxtpx:TrackPointExtension>
            <gpxtpx:hr>105</gpxtpx:hr>
          </gpxtpx:TrackPointExtension>
        </extensions>
      </trkpt>
      <trkpt lat="1.3982039254471288" lon="103.8969233070552">
        <ele>19.556148944422603</ele>
        <time>2026-10-05T10:32:38Z</time>
        <extensions>
          <gpxtpx:TrackPointExtension>
            <gpxtpx:hr>105</gpxtpx:hr>
          </gpxtpx:TrackPointExtension>
        </extensions>
      </trkpt>
      <trkpt lat="1.398198612732497" lon="103.89695650174143">
        <ele>19.543041456490755</ele>
        <time>2026-10-05T10:32:39Z</time>
        <extensions>
          <gpxtpx:TrackPointExtension>
            <gpxtpx:hr>105</gpxtpx:hr>
          </gpxtpx:TrackPointExtension>
        </extensions>
      </trkpt>
      <trkpt lat="1.398192939547892" lon="103.89698890123648">
        <ele>19.53289837576449</ele>
        <time>2026-10-05T10:32:40Z</time>
        <extensions>
          <gpxtpx:TrackPointExtension>
            <gpxtpx:hr>105</gpxtpx:hr>
          </gpxtpx:TrackPointExtension>
        </extensions>
      </trkpt>
      <trkpt lat="1.3981870393758318" lon="103.89701996773027">
        <ele>19.52696559764445</ele>
        <time>2026-10-05T10:32:41Z</time>
        <extensions>
          <gpxtpx:TrackPointExtension>
            <gpxtpx:hr>105</gpxtpx:hr>
          </gpxtpx:TrackPointExtension>
        </extensions>
      </trkpt>
      <trkpt lat="1.398180983937234" lon="103.89704954387997">
        <ele>19.52580313384533</ele>
        <time>2026-10-05T10:32:42Z</time>
        <extensions>
          <gpxtpx:TrackPointExtension>
            <gpxtpx:hr>105</gpxtpx:hr>
          </gpxtpx:TrackPointExtension>
        </extensions>
      </trkpt>
      <trkpt lat="1.398174673161158" lon="103.89707829046084">
        <ele>19.52900012768805</ele>
        <time>2026-10-05T10:32:43Z</time>
        <extensions>
          <gpxtpx:TrackPointExtension>
            <gpxtpx:hr>105</gpxtpx:hr>
          </gpxtpx:TrackPointExtension>
        </extensions>
      </trkpt>
      <trkpt lat="1.3981678785121707" lon="103.89710709659813">
        <ele>19.535168760456145</ele>
        <time>2026-10-05T10:32:44Z</time>
        <extensions>
          <gpxtpx:TrackPointExtension>
            <gpxtpx:hr>105</gpxtpx:hr>
          </gpxtpx:TrackPointExtension>
        </extensions>
      </trkpt>
      <trkpt lat="1.3981605269052222" lon="103.89713618729132">
        <ele>19.54218124318868</ele>
        <time>2026-10-05T10:32:45Z</time>
        <extensions>
          <gpxtpx:TrackPointExtension>
            <gpxtpx:hr>105</gpxtpx:hr>
          </gpxtpx:TrackPointExtension>
        </extensions>
      </trkpt>
      <trkpt lat="1.3981526355271297" lon="103.89716535176383">
        <ele>19.547491964884102</ele>
        <time>2026-10-05T10:32:46Z</time>
        <extensions>
          <gpxtpx:TrackPointExtension>
            <gpxtpx:hr>105</gpxtpx:hr>
          </gpxtpx:TrackPointExtension>
        </extensions>
      </trkpt>
      <trkpt lat="1.3981440652261297" lon="103.8971946590728">
        <ele>19.548577171750367</ele>
        <time>2026-10-05T10:32:47Z</time>
        <extensions>
          <gpxtpx:TrackPointExtension>
            <gpxtpx:hr>105</gpxtpx:hr>
          </gpxtpx:TrackPointExtension>
        </extensions>
      </trkpt>
      <trkpt lat="1.3981346262149823" lon="103.8972242083769">
        <ele>19.54339251294732</ele>
        <time>2026-10-05T10:32:48Z</time>
        <extensions>
          <gpxtpx:TrackPointExtension>
            <gpxtpx:hr>105</gpxtpx:hr>
          </gpxtpx:TrackPointExtension>
        </extensions>
      </trkpt>
      <trkpt lat="1.3981241795213064" lon="103.897253656447">
        <ele>19.530637023970485</ele>
        <time>2026-10-05T10:32:49Z</time>
        <extensions>
          <gpxtpx:TrackPointExtension>
            <gpxtpx:hr>105</gpxtpx:hr>
          </gpxtpx:TrackPointExtension>
        </extensions>
      </trkpt>
      <trkpt lat="1.398112682484301" lon="103.89728178507515">
        <ele>19.50988266337663</ele>
        <time>2026-10-05T10:32:50Z</time>
        <extensions>
          <gpxtpx:TrackPointExtension>
            <gpxtpx:hr>105</gpxtpx:hr>
          </gpxtpx:TrackPointExtension>
        </extensions>
      </trkpt>
      <trkpt lat="1.3981000551536709" lon="103.8973070842155">
        <ele>19.481599800288677</ele>
        <time>2026-10-05T10:32:51Z</time>
        <extensions>
          <gpxtpx:TrackPointExtension>
            <gpxtpx:hr>105</gpxtpx:hr>
          </gpxtpx:TrackPointExtension>
        </extensions>
      </trkpt>
      <trkpt lat="1.3980858037535642" lon="103.89732877363762">
        <ele>19.446957187727094</ele>
        <time>2026-10-05T10:32:52Z</time>
        <extensions>
          <gpxtpx:TrackPointExtension>
            <gpxtpx:hr>105</gpxtpx:hr>
          </gpxtpx:TrackPointExtension>
        </extensions>
      </trkpt>
      <trkpt lat="1.3980692005310598" lon="103.89734666818242">
        <ele>19.40754597913474</ele>
        <time>2026-10-05T10:32:53Z</time>
        <extensions>
          <gpxtpx:TrackPointExtension>
            <gpxtpx:hr>105</gpxtpx:hr>
          </gpxtpx:TrackPointExtension>
        </extensions>
      </trkpt>
      <trkpt lat="1.398049808326825" lon="103.89736069491111">
        <ele>19.365127876400948</ele>
        <time>2026-10-05T10:32:54Z</time>
        <extensions>
          <gpxtpx:TrackPointExtension>
            <gpxtpx:hr>105</gpxtpx:hr>
          </gpxtpx:TrackPointExtension>
        </extensions>
      </trkpt>
      <trkpt lat="1.3980278627504277" lon="103.8973704025168">
        <ele>19.321343895979226</ele>
        <time>2026-10-05T10:32:55Z</time>
        <extensions>
          <gpxtpx:TrackPointExtension>
            <gpxtpx:hr>105</gpxtpx:hr>
          </gpxtpx:TrackPointExtension>
        </extensions>
      </trkpt>
      <trkpt lat="1.3980043413694405" lon="103.89737522619723">
        <ele>19.27746707946062</ele>
        <time>2026-10-05T10:32:56Z</time>
        <extensions>
          <gpxtpx:TrackPointExtension>
            <gpxtpx:hr>105</gpxtpx:hr>
          </gpxtpx:TrackPointExtension>
        </extensions>
      </trkpt>
      <trkpt lat="1.3979802955691347" lon="103.89737498781057">
        <ele>19.234261388890445</ele>
        <time>2026-10-05T10:32:57Z</time>
        <extensions>
          <gpxtpx:TrackPointExtension>
            <gpxtpx:hr>105</gpxtpx:hr>
          </gpxtpx:TrackPointExtension>
        </extensions>
      </trkpt>
      <trkpt lat="1.3979558611436198" lon="103.8973697318941">
        <ele>19.191911295056343</ele>
        <time>2026-10-05T10:32:58Z</time>
        <extensions>
          <gpxtpx:TrackPointExtension>
            <gpxtpx:hr>105</gpxtpx:hr>
          </gpxtpx:TrackPointExtension>
        </extensions>
      </trkpt>
      <trkpt lat="1.3979310297805492" lon="103.89735997799326">
        <ele>19.15009762905538</ele>
        <time>2026-10-05T10:32:59Z</time>
        <extensions>
          <gpxtpx:TrackPointExtension>
            <gpxtpx:hr>107</gpxtpx:hr>
          </gpxtpx:TrackPointExtension>
        </extensions>
      </trkpt>
      <trkpt lat="1.397906148088604" lon="103.89734651501998">
        <ele>19.108280209824443</ele>
        <time>2026-10-05T10:33:00Z</time>
        <extensions>
          <gpxtpx:TrackPointExtension>
            <gpxtpx:hr>107</gpxtpx:hr>
          </gpxtpx:TrackPointExtension>
        </extensions>
      </trkpt>
      <trkpt lat="1.397881405310228" lon="103.8973296200982">
        <ele>19.066012740135193</ele>
        <time>2026-10-05T10:33:01Z</time>
        <extensions>
          <gpxtpx:TrackPointExtension>
            <gpxtpx:hr>107</gpxtpx:hr>
          </gpxtpx:TrackPointExtension>
        </extensions>
      </trkpt>
      <trkpt lat="1.3978572167104983" lon="103.89730937492335">
        <ele>19.023150512948632</ele>
        <time>2026-10-05T10:33:02Z</time>
        <extensions>
          <gpxtpx:TrackPointExtension>
            <gpxtpx:hr>107</gpxtpx:hr>
          </gpxtpx:TrackPointExtension>
        </extensions>
      </trkpt>
      <trkpt lat="1.397833958851093" lon="103.8972864248668">
        <ele>18.979983950965106</ele>
        <time>2026-10-05T10:33:03Z</time>
        <extensions>
          <gpxtpx:TrackPointExtension>
            <gpxtpx:hr>107</gpxtpx:hr>
          </gpxtpx:TrackPointExtension>
        </extensions>
      </trkpt>
      <trkpt lat="1.3978113967636079" lon="103.89726203056911">
        <ele>18.93724515940994</ele>
        <time>2026-10-05T10:33:04Z</time>
        <extensions>
          <gpxtpx:TrackPointExtension>
            <gpxtpx:hr>107</gpxtpx:hr>
          </gpxtpx:TrackPointExtension>
        </extensions>
      </trkpt>
      <trkpt lat="1.3977889015748173" lon="103.89723741720843">
        <ele>18.895912886597216</ele>
        <time>2026-10-05T10:33:05Z</time>
        <extensions>
          <gpxtpx:TrackPointExtension>
            <gpxtpx:hr>107</gpxtpx:hr>
          </gpxtpx:TrackPointExtension>
        </extensions>
      </trkpt>
      <trkpt lat="1.3977660384214574" lon="103.89721346734854">
        <ele>18.85698893852532</ele>
        <time>2026-10-05T10:33:06Z</time>
        <extensions>
          <gpxtpx:TrackPointExtension>
            <gpxtpx:hr>104</gpxtpx:hr>
          </gpxtpx:TrackPointExtension>
        </extensions>
      </trkpt>
      <trkpt lat="1.3977425950507365" lon="103.89719091386755">
        <ele>18.821431811898947</ele>
        <time>2026-10-05T10:33:07Z</time>
        <extensions>
          <gpxtpx:TrackPointExtension>
            <gpxtpx:hr>104</gpxtpx:hr>
          </gpxtpx:TrackPointExtension>
        </extensions>
      </trkpt>
      <trkpt lat="1.3977184249455628" lon="103.89717035792941">
        <ele>18.7901916410774</ele>
        <time>2026-10-05T10:33:08Z</time>
        <extensions>
          <gpxtpx:TrackPointExtension>
            <gpxtpx:hr>104</gpxtpx:hr>
          </gpxtpx:TrackPointExtension>
        </extensions>
      </trkpt>
      <trkpt lat="1.3976934828626282" lon="103.89715209078655">
        <ele>18.76423899643123</ele>
        <time>2026-10-05T10:33:09Z</time>
        <extensions>
          <gpxtpx:TrackPointExtension>
            <gpxtpx:hr>104</gpxtpx:hr>
          </gpxtpx:TrackPointExtension>
        </extensions>
      </trkpt>
      <trkpt lat="1.3976677286728065" lon="103.89713618034197">
        <ele>18.744550281204283</ele>
        <time>2026-10-05T10:33:10Z</time>
        <extensions>
          <gpxtpx:TrackPointExtension>
            <gpxtpx:hr>104</gpxtpx:hr>
          </gpxtpx:TrackPointExtension>
        </extensions>
      </trkpt>
      <trkpt lat="1.3976411341012382" lon="103.897122611913">
        <ele>18.732005116529763</ele>
        <time>2026-10-05T10:33:11Z</time>
        <extensions>
          <gpxtpx:TrackPointExtension>
            <gpxtpx:hr>104</gpxtpx:hr>
          </gpxtpx:TrackPointExtension>
        </extensions>
      </trkpt>
      <trkpt lat="1.397613868286411" lon="103.89711117767517">
        <ele>18.727154509164393</ele>
        <time>2026-10-05T10:33:12Z</time>
        <extensions>
          <gpxtpx:TrackPointExtension>
            <gpxtpx:hr>104</gpxtpx:hr>
          </gpxtpx:TrackPointExtension>
        </extensions>
      </trkpt>
      <trkpt lat="1.3975862598710556" lon="103.89710165818653">
        <ele>18.729819389991462</ele>
        <time>2026-10-05T10:33:13Z</time>
        <extensions>
          <gpxtpx:TrackPointExtension>
            <gpxtpx:hr>104</gpxtpx:hr>
          </gpxtpx:TrackPointExtension>
        </extensions>
      </trkpt>
      <trkpt lat="1.3975587349196872" lon="103.89709343278085">
        <ele>18.738816023804247</ele>
        <time>2026-10-05T10:33:14Z</time>
        <extensions>
          <gpxtpx:TrackPointExtension>
            <gpxtpx:hr>104</gpxtpx:hr>
          </gpxtpx:TrackPointExtension>
        </extensions>
      </trkpt>
      <trkpt lat="1.3975317699239422" lon="103.89708543700573">
        <ele>18.75214596837759</ele>
        <time>2026-10-05T10:33:15Z</time>
        <extensions>
          <gpxtpx:TrackPointExtension>
            <gpxtpx:hr>103</gpxtpx:hr>
          </gpxtpx:TrackPointExtension>
        </extensions>
      </trkpt>
      <trkpt lat="1.3975056242791826" lon="103.89707660233678">
        <ele>18.767359101213515</ele>
        <time>2026-10-05T10:33:16Z</time>
        <extensions>
          <gpxtpx:TrackPointExtension>
            <gpxtpx:hr>103</gpxtpx:hr>
          </gpxtpx:TrackPointExtension>
        </extensions>
      </trkpt>
      <trkpt lat="1.3974799218082836" lon="103.89706723502127">
        <ele>18.781836098991334</ele>
        <time>2026-10-05T10:33:17Z</time>
        <extensions>
          <gpxtpx:TrackPointExtension>
            <gpxtpx:hr>103</gpxtpx:hr>
          </gpxtpx:TrackPointExtension>
        </extensions>
      </trkpt>
      <trkpt lat="1.3974541958234208" lon="103.89705778618426">
        <ele>18.793066983111203</ele>
        <time>2026-10-05T10:33:18Z</time>
        <extensions>
          <gpxtpx:TrackPointExtension>
            <gpxtpx:hr>103</gpxtpx:hr>
          </gpxtpx:TrackPointExtension>
        </extensions>
      </trkpt>
      <trkpt lat="1.3974285714240529" lon="103.89704762921384">
        <ele>18.79886441770941</ele>
        <time>2026-10-05T10:33:19Z</time>
        <extensions>
          <gpxtpx:TrackPointExtension>
            <gpxtpx:hr>103</gpxtpx:hr>
          </gpxtpx:TrackPointExtension>
        </extensions>
      </trkpt>
      <trkpt lat="1.3974030721064885" lon="103.89703642166704">
        <ele>18.797441561706364</ele>
        <time>2026-10-05T10:33:20Z</time>
        <extensions>
          <gpxtpx:TrackPointExtension>
            <gpxtpx:hr>103</gpxtpx:hr>
          </gpxtpx:TrackPointExtension>
        </extensions>
      </trkpt>
      <trkpt lat="1.3973773033130714" lon="103.89702442844109">
        <ele>18.787469571456313</ele>
        <time>2026-10-05T10:33:21Z</time>
        <extensions>
          <gpxtpx:TrackPointExtension>
            <gpxtpx:hr>103</gpxtpx:hr>
          </gpxtpx:TrackPointExtension>
        </extensions>
      </trkpt>
      <trkpt lat="1.3973518725528293" lon="103.89701231942821">
        <ele>18.76817603968084</ele>
        <time>2026-10-05T10:33:22Z</time>
        <extensions>
          <gpxtpx:TrackPointExtension>
            <gpxtpx:hr>103</gpxtpx:hr>
          </gpxtpx:TrackPointExtension>
        </extensions>
      </trkpt>
      <trkpt lat="1.3973265411745566" lon="103.89700002463697">
        <ele>18.739499796181917</ele>
        <time>2026-10-05T10:33:23Z</time>
        <extensions>
          <gpxtpx:TrackPointExtension>
            <gpxtpx:hr>103</gpxtpx:hr>
          </gpxtpx:TrackPointExtension>
        </extensions>
      </trkpt>
      <trkpt lat="1.3973019394958999" lon="103.89698724335483">
        <ele>18.702233537100255</ele>
        <time>2026-10-05T10:33:24Z</time>
        <extensions>
          <gpxtpx:TrackPointExtension>
            <gpxtpx:hr>107</gpxtpx:hr>
          </gpxtpx:TrackPointExtension>
        </extensions>
      </trkpt>
      <trkpt lat="1.397278493105015" lon="103.89697379142585">
        <ele>18.657975058071315</ele>
        <time>2026-10-05T10:33:25Z</time>
        <extensions>
          <gpxtpx:TrackPointExtension>
            <gpxtpx:hr>107</gpxtpx:hr>
          </gpxtpx:TrackPointExtension>
        </extensions>
      </trkpt>
      <trkpt lat="1.3972559058563299" lon="103.8969598935419">
        <ele>18.60896904487163</ele>
        <time>2026-10-05T10:33:26Z</time>
        <extensions>
          <gpxtpx:TrackPointExtension>
            <gpxtpx:hr>107</gpxtpx:hr>
          </gpxtpx:TrackPointExtension>
        </extensions>
      </trkpt>
      <trkpt lat="1.397233542998078" lon="103.89694549699776">
        <ele>18.55785925127566</ele>
        <time>2026-10-05T10:33:27Z</time>
        <extensions>
          <gpxtpx:TrackPointExtension>
            <gpxtpx:hr>107</gpxtpx:hr>
          </gpxtpx:TrackPointExtension>
        </extensions>
      </trkpt>
      <trkpt lat="1.3972103916242482" lon="103.89693029385457">
        <ele>18.507232705131173</ele>
        <time>2026-10-05T10:33:28Z</time>
        <extensions>
          <gpxtpx:TrackPointExtension>
            <gpxtpx:hr>107</gpxtpx:hr>
          </gpxtpx:TrackPointExtension>
        </extensions>
      </trkpt>
      <trkpt lat="1.3971862893748759" lon="103.89691455929608">
        <ele>18.459187251515687</ele>
        <time>2026-10-05T10:33:29Z</time>
        <extensions>
          <gpxtpx:TrackPointExtension>
            <gpxtpx:hr>107</gpxtpx:hr>
          </gpxtpx:TrackPointExtension>
        </extensions>
      </trkpt>
      <trkpt lat="1.397161711212735" lon="103.89689909147137">
        <ele>18.415175843052566</ele>
        <time>2026-10-05T10:33:30Z</time>
        <extensions>
          <gpxtpx:TrackPointExtension>
            <gpxtpx:hr>103</gpxtpx:hr>
          </gpxtpx:TrackPointExtension>
        </extensions>
      </trkpt>
      <trkpt lat="1.397136878613006" lon="103.8968844017811">
        <ele>18.376015068031847</ele>
        <time>2026-10-05T10:33:31Z</time>
        <extensions>
          <gpxtpx:TrackPointExtension>
            <gpxtpx:hr>103</gpxtpx:hr>
          </gpxtpx:TrackPointExtension>
        </extensions>
      </trkpt>
      <trkpt lat="1.3971118748794464" lon="103.89687081644983">
        <ele>18.341955685056746</ele>
        <time>2026-10-05T10:33:32Z</time>
        <extensions>
          <gpxtpx:TrackPointExtension>
            <gpxtpx:hr>103</gpxtpx:hr>
          </gpxtpx:TrackPointExtension>
        </extensions>
      </trkpt>
      <trkpt lat="1.3970867981356683" lon="103.896858635923">
        <ele>18.31283368449658</ele>
        <time>2026-10-05T10:33:33Z</time>
        <extensions>
          <gpxtpx:TrackPointExtension>
            <gpxtpx:hr>103</gpxtpx:hr>
          </gpxtpx:TrackPointExtension>
        </extensions>
      </trkpt>
      <trkpt lat="1.3970617621565753" lon="103.89684791936384">
        <ele>18.28822496999055</ele>
        <time>2026-10-05T10:33:34Z</time>
        <extensions>
          <gpxtpx:TrackPointExtension>
            <gpxtpx:hr>103</gpxtpx:hr>
          </gpxtpx:TrackPointExtension>
        </extensions>
      </trkpt>
      <trkpt lat="1.3970371231447047" lon="103.89683869164803">
        <ele>18.267583931796253</ele>
        <time>2026-10-05T10:33:35Z</time>
        <extensions>
          <gpxtpx:TrackPointExtension>
            <gpxtpx:hr>103</gpxtpx:hr>
          </gpxtpx:TrackPointExtension>
        </extensions>
      </trkpt>
      <trkpt lat="1.397013427712096" lon="103.8968308803385">
        <ele>18.2503750519827</ele>
        <time>2026-10-05T10:33:36Z</time>
        <extensions>
          <gpxtpx:TrackPointExtension>
            <gpxtpx:hr>103</gpxtpx:hr>
          </gpxtpx:TrackPointExtension>
        </extensions>
      </trkpt>
      <trkpt lat="1.3969909448543758" lon="103.89682420609711">
        <ele>18.236123701557517</ele>
        <time>2026-10-05T10:33:37Z</time>
        <extensions>
          <gpxtpx:TrackPointExtension>
            <gpxtpx:hr>103</gpxtpx:hr>
          </gpxtpx:TrackPointExtension>
        </extensions>
      </trkpt>
      <trkpt lat="1.3969696174378334" lon="103.89681845926303">
        <ele>18.224349606782198</ele>
        <time>2026-10-05T10:33:38Z</time>
        <extensions>
          <gpxtpx:TrackPointExtension>
            <gpxtpx:hr>103</gpxtpx:hr>
          </gpxtpx:TrackPointExtension>
        </extensions>
      </trkpt>
      <trkpt lat="1.3969493344379371" lon="103.89681343770626">
        <ele>18.214442625641823</ele>
        <time>2026-10-05T10:33:39Z</time>
        <extensions>
          <gpxtpx:TrackPointExtension>
            <gpxtpx:hr>103</gpxtpx:hr>
          </gpxtpx:TrackPointExtension>
        </extensions>
      </trkpt>
      <trkpt lat="1.396930263694531" lon="103.89680898917138">
        <ele>18.20557077974081</ele>
        <time>2026-10-05T10:33:40Z</time>
        <extensions>
          <gpxtpx:TrackPointExtension>
            <gpxtpx:hr>102</gpxtpx:hr>
          </gpxtpx:TrackPointExtension>
        </extensions>
      </trkpt>
      <trkpt lat="1.3969128927175807" lon="103.89680508045569">
        <ele>18.196629071608186</ele>
        <time>2026-10-05T10:33:41Z</time>
        <extensions>
          <gpxtpx:TrackPointExtension>
            <gpxtpx:hr>102</gpxtpx:hr>
          </gpxtpx:TrackPointExtension>
        </extensions>
      </trkpt>
      <trkpt lat="1.3968977712643889" lon="103.89680174172261">
        <ele>18.18627397622913</ele>
        <time>2026-10-05T10:33:42Z</time>
        <extensions>
          <gpxtpx:TrackPointExtension>
            <gpxtpx:hr>102</gpxtpx:hr>
          </gpxtpx:TrackPointExtension>
        </extensions>
      </trkpt>
      <trkpt lat="1.3968847545365126" lon="103.89679884798122">
        <ele>18.173140575177968</ele>
        <time>2026-10-05T10:33:43Z</time>
        <extensions>
          <gpxtpx:TrackPointExtension>
            <gpxtpx:hr>102</gpxtpx:hr>
          </gpxtpx:TrackPointExtension>
        </extensions>
      </trkpt>
      <trkpt lat="1.396872816385289" lon="103.89679609750242">
        <ele>18.15615378320217</ele>
        <time>2026-10-05T10:33:44Z</time>
        <extensions>
          <gpxtpx:TrackPointExtension>
            <gpxtpx:hr>102</gpxtpx:hr>
          </gpxtpx:TrackPointExtension>
        </extensions>
      </trkpt>
      <trkpt lat="1.3968609804000385" lon="103.89679322389794">
        <ele>18.13475959841162</ele>
        <time>2026-10-05T10:33:45Z</time>
        <extensions>
          <gpxtpx:TrackPointExtension>
            <gpxtpx:hr>103</gpxtpx:hr>
          </gpxtpx:TrackPointExtension>
        </extensions>
      </trkpt>
      <trkpt lat="1.396849647285693" lon="103.89679022502622">
        <ele>18.109081383794546</ele>
        <time>2026-10-05T10:33:46Z</time>
        <extensions>
          <gpxtpx:TrackPointExtension>
            <gpxtpx:hr>103</gpxtpx:hr>
          </gpxtpx:TrackPointExtension>
        </extensions>
      </trkpt>
      <trkpt lat="1.396839866317383" lon="103.8967871451982">
        <ele>18.079986145719886</ele>
        <time>2026-10-05T10:33:47Z</time>
        <extensions>
          <gpxtpx:TrackPointExtension>
            <gpxtpx:hr>103</gpxtpx:hr>
          </gpxtpx:TrackPointExtension>
        </extensions>
      </trkpt>
      <trkpt lat="1.3968315128655908" lon="103.89678382122187">
        <ele>18.048939114436507</ele>
        <time>2026-10-05T10:33:48Z</time>
        <extensions>
          <gpxtpx:TrackPointExtension>
            <gpxtpx:hr>103</gpxtpx:hr>
          </gpxtpx:TrackPointExtension>
        </extensions>
      </trkpt>
      <trkpt lat="1.3968235514556122" lon="103.89678009077919">
        <ele>18.017737353220582</ele>
        <time>2026-10-05T10:33:49Z</time>
        <extensions>
          <gpxtpx:TrackPointExtension>
            <gpxtpx:hr>103</gpxtpx:hr>
          </gpxtpx:TrackPointExtension>
        </extensions>
      </trkpt>
      <trkpt lat="1.396814780457918" lon="103.89677582043478">
        <ele>17.988231737166643</ele>
        <time>2026-10-05T10:33:50Z</time>
        <extensions>
          <gpxtpx:TrackPointExtension>
            <gpxtpx:hr>106</gpxtpx:hr>
          </gpxtpx:TrackPointExtension>
        </extensions>
      </trkpt>
      <trkpt lat="1.3968043324254078" lon="103.89677097372322">
        <ele>17.961993067525327</ele>
        <time>2026-10-05T10:33:51Z</time>
        <extensions>
          <gpxtpx:TrackPointExtension>
            <gpxtpx:hr>106</gpxtpx:hr>
          </gpxtpx:TrackPointExtension>
        </extensions>
      </trkpt>
      <trkpt lat="1.396792205020839" lon="103.8967661530795">
        <ele>17.940079589374363</ele>
        <time>2026-10-05T10:33:52Z</time>
        <extensions>
          <gpxtpx:TrackPointExtension>
            <gpxtpx:hr>106</gpxtpx:hr>
          </gpxtpx:TrackPointExtension>
        </extensions>
      </trkpt>
      <trkpt lat="1.3967792771977139" lon="103.89676269427972">
        <ele>17.923137546516955</ele>
        <time>2026-10-05T10:33:53Z</time>
        <extensions>
          <gpxtpx:TrackPointExtension>
            <gpxtpx:hr>106</gpxtpx:hr>
          </gpxtpx:TrackPointExtension>
        </extensions>
      </trkpt>
      <trkpt lat="1.3967667028420632" lon="103.89676186155076">
        <ele>17.91170482430607</ele>
        <time>2026-10-05T10:33:54Z</time>
        <extensions>
          <gpxtpx:TrackPointExtension>
            <gpxtpx:hr>106</gpxtpx:hr>
          </gpxtpx:TrackPointExtension>
        </extensions>
      </trkpt>
      <trkpt lat="1.3967551014403112" lon="103.89676478122519">
        <ele>17.906422819942236</ele>
        <time>2026-10-05T10:33:55Z</time>
        <extensions>
          <gpxtpx:TrackPointExtension>
            <gpxtpx:hr>106</gpxtpx:hr>
          </gpxtpx:TrackPointExtension>
        </extensions>
      </trkpt>
      <trkpt lat="1.3967437845147912" lon="103.89677261992748">
        <ele>17.908088543452322</ele>
        <time>2026-10-05T10:33:56Z</time>
        <extensions>
          <gpxtpx:TrackPointExtension>
            <gpxtpx:hr>106</gpxtpx:hr>
          </gpxtpx:TrackPointExtension>
        </extensions>
      </trkpt>
      <trkpt lat="1.39673210126795" lon="103.89678500461089">
        <ele>17.917594140395522</ele>
        <time>2026-10-05T10:33:57Z</time>
        <extensions>
          <gpxtpx:TrackPointExtension>
            <gpxtpx:hr>106</gpxtpx:hr>
          </gpxtpx:TrackPointExtension>
        </extensions>
      </trkpt>
      <trkpt lat="1.396720499656201" lon="103.89680006633202">
        <ele>17.935838560573757</ele>
        <time>2026-10-05T10:33:58Z</time>
        <extensions>
          <gpxtpx:TrackPointExtension>
            <gpxtpx:hr>106</gpxtpx:hr>
          </gpxtpx:TrackPointExtension>
        </extensions>
      </trkpt>
      <trkpt lat="1.396709306501463" lon="103.89681594992679">
        <ele>17.96357804350555</ele>
        <time>2026-10-05T10:33:59Z</time>
        <extensions>
          <gpxtpx:TrackPointExtension>
            <gpxtpx:hr>106</gpxtpx:hr>
          </gpxtpx:TrackPointExtension>
        </extensions>
      </trkpt>
      <trkpt lat="1.3966986931780672" lon="103.89683095063644">
        <ele>18.001306053251028</ele>
        <time>2026-10-05T10:34:00Z</time>
        <extensions>
          <gpxtpx:TrackPointExtension>
            <gpxtpx:hr>104</gpxtpx:hr>
          </gpxtpx:TrackPointExtension>
        </extensions>
      </trkpt>
      <trkpt lat="1.3966889436810497" lon="103.89684334890018">
        <ele>18.049276697449386</ele>
        <time>2026-10-05T10:34:01Z</time>
        <extensions>
          <gpxtpx:TrackPointExtension>
            <gpxtpx:hr>104</gpxtpx:hr>
          </gpxtpx:TrackPointExtension>
        </extensions>
      </trkpt>
      <trkpt lat="1.3966805285246864" lon="103.89685077220594">
        <ele>18.1075042411685</ele>
        <time>2026-10-05T10:34:02Z</time>
        <extensions>
          <gpxtpx:TrackPointExtension>
            <gpxtpx:hr>104</gpxtpx:hr>
          </gpxtpx:TrackPointExtension>
        </extensions>
      </trkpt>
      <trkpt lat="1.3966743102433303" lon="103.89684972734345">
        <ele>18.1756247067824</ele>
        <time>2026-10-05T10:34:03Z</time>
        <extensions>
          <gpxtpx:TrackPointExtension>
            <gpxtpx:hr>104</gpxtpx:hr>
          </gpxtpx:TrackPointExtension>
        </extensions>
      </trkpt>
      <trkpt lat="1.3966697959461438" lon="103.89684019911874">
        <ele>18.252604593522847</ele>
        <time>2026-10-05T10:34:04Z</time>
        <extensions>
          <gpxtpx:TrackPointExtension>
            <gpxtpx:hr>104</gpxtpx:hr>
          </gpxtpx:TrackPointExtension>
        </extensions>
      </trkpt>
      <trkpt lat="1.39666509802326" lon="103.89682554942578">
        <ele>18.336498111486435</ele>
        <time>2026-10-05T10:34:05Z</time>
        <extensions>
          <gpxtpx:TrackPointExtension>
            <gpxtpx:hr>104</gpxtpx:hr>
          </gpxtpx:TrackPointExtension>
        </extensions>
      </trkpt>
      <trkpt lat="1.3966584259577053" lon="103.89680820003575">
        <ele>18.424518808722496</ele>
        <time>2026-10-05T10:34:06Z</time>
        <extensions>
          <gpxtpx:TrackPointExtension>
            <gpxtpx:hr>107</gpxtpx:hr>
          </gpxtpx:TrackPointExtension>
        </extensions>
      </trkpt>
      <trkpt lat="1.3966478653270897" lon="103.89679013743506">
        <ele>18.51324263960123</ele>
        <time>2026-10-05T10:34:07Z</time>
        <extensions>
          <gpxtpx:TrackPointExtension>
            <gpxtpx:hr>107</gpxtpx:hr>
          </gpxtpx:TrackPointExtension>
        </extensions>
      </trkpt>
      <trkpt lat="1.3966327653538342" lon="103.89677267167252">
        <ele>18.598835537210107</ele>
        <time>2026-10-05T10:34:08Z</time>
        <extensions>
          <gpxtpx:TrackPointExtension>
            <gpxtpx:hr>107</gpxtpx:hr>
          </gpxtpx:TrackPointExtension>
        </extensions>
      </trkpt>
      <trkpt lat="1.3966138412267854" lon="103.89675647465236">
        <ele>18.677417523227632</ele>
        <time>2026-10-05T10:34:09Z</time>
        <extensions>
          <gpxtpx:TrackPointExtension>
            <gpxtpx:hr>107</gpxtpx:hr>
          </gpxtpx:TrackPointExtension>
        </extensions>
      </trkpt>
      <trkpt lat="1.3965919105622238" lon="103.89674187833405">
        <ele>18.74548208154738</ele>
        <time>2026-10-05T10:34:10Z</time>
        <extensions>
          <gpxtpx:TrackPointExtension>
            <gpxtpx:hr>107</gpxtpx:hr>
          </gpxtpx:TrackPointExtension>
        </extensions>
      </trkpt>
      <trkpt lat="1.3965677536924725" lon="103.89672895734836">
        <ele>18.80034116189927</ele>
        <time>2026-10-05T10:34:11Z</time>
        <extensions>
          <gpxtpx:TrackPointExtension>
            <gpxtpx:hr>107</gpxtpx:hr>
          </gpxtpx:TrackPointExtension>
        </extensions>
      </trkpt>
      <trkpt lat="1.396541983897844" lon="103.89671774452049">
        <ele>18.840610897168517</ele>
        <time>2026-10-05T10:34:12Z</time>
        <extensions>
          <gpxtpx:TrackPointExtension>
            <gpxtpx:hr>107</gpxtpx:hr>
          </gpxtpx:TrackPointExtension>
        </extensions>
      </trkpt>
      <trkpt lat="1.3965155690571462" lon="103.89670765266993">
        <ele>18.86641568224877</ele>
        <time>2026-10-05T10:34:13Z</time>
        <extensions>
          <gpxtpx:TrackPointExtension>
            <gpxtpx:hr>107</gpxtpx:hr>
          </gpxtpx:TrackPointExtension>
        </extensions>
      </trkpt>
      <trkpt lat="1.3964894909734153" lon="103.89669747261726">
        <ele>18.879190392792225</ele>
        <time>2026-10-05T10:34:14Z</time>
        <extensions>
          <gpxtpx:TrackPointExtension>
            <gpxtpx:hr>107</gpxtpx:hr>
          </gpxtpx:TrackPointExtension>
        </extensions>
      </trkpt>
      <trkpt lat="1.3964640783608642" lon="103.89668616911888">
        <ele>18.8813644843176</ele>
        <time>2026-10-05T10:34:15Z</time>
        <extensions>
          <gpxtpx:TrackPointExtension>
            <gpxtpx:hr>108</gpxtpx:hr>
          </gpxtpx:TrackPointExtension>
        </extensions>
      </trkpt>
      <trkpt lat="1.3964394376930054" lon="103.89667311532517">
        <ele>18.87594742514193</ele>
        <time>2026-10-05T10:34:16Z</time>
        <extensions>
          <gpxtpx:TrackPointExtension>
            <gpxtpx:hr>108</gpxtpx:hr>
          </gpxtpx:TrackPointExtension>
        </extensions>
      </trkpt>
      <trkpt lat="1.3964154712264623" lon="103.89665807446201">
        <ele>18.8660737760365</ele>
        <time>2026-10-05T10:34:17Z</time>
        <extensions>
          <gpxtpx:TrackPointExtension>
            <gpxtpx:hr>108</gpxtpx:hr>
          </gpxtpx:TrackPointExtension>
        </extensions>
      </trkpt>
      <trkpt lat="1.3963920105575272" lon="103.896641211384">
        <ele>18.854673757217824</ele>
        <time>2026-10-05T10:34:18Z</time>
        <extensions>
          <gpxtpx:TrackPointExtension>
            <gpxtpx:hr>108</gpxtpx:hr>
          </gpxtpx:TrackPointExtension>
        </extensions>
      </trkpt>
      <trkpt lat="1.3963691715992728" lon="103.89662308253554">
        <ele>18.844233381561935</ele>
        <time>2026-10-05T10:34:19Z</time>
        <extensions>
          <gpxtpx:TrackPointExtension>
            <gpxtpx:hr>109</gpxtpx:hr>
          </gpxtpx:TrackPointExtension>
        </extensions>
      </trkpt>
      <trkpt lat="1.3963472690500387" lon="103.89660441602217">
        <ele>18.836614582687616</ele>
        <time>2026-10-05T10:34:20Z</time>
        <extensions>
          <gpxtpx:TrackPointExtension>
            <gpxtpx:hr>109</gpxtpx:hr>
          </gpxtpx:TrackPointExtension>
        </extensions>
      </trkpt>
      <trkpt lat="1.3963266141029982" lon="103.8965857793572">
        <ele>18.832951919175684</ele>
        <time>2026-10-05T10:34:21Z</time>
        <extensions>
          <gpxtpx:TrackPointExtension>
            <gpxtpx:hr>109</gpxtpx:hr>
          </gpxtpx:TrackPointExtension>
        </extensions>
      </trkpt>
      <trkpt lat="1.39630740906375" lon="103.8965675337137">
        <ele>18.833565453998744</ele>
        <time>2026-10-05T10:34:22Z</time>
        <extensions>
          <gpxtpx:TrackPointExtension>
            <gpxtpx:hr>109</gpxtpx:hr>
          </gpxtpx:TrackPointExtension>
        </extensions>
      </trkpt>
      <trkpt lat="1.3962898060444708" lon="103.89654984609658">
        <ele>18.837940976954997</ele>
        <time>2026-10-05T10:34:23Z</time>
        <extensions>
          <gpxtpx:TrackPointExtension>
            <gpxtpx:hr>109</gpxtpx:hr>
          </gpxtpx:TrackPointExtension>
        </extensions>
      </trkpt>
      <trkpt lat="1.3962737042741107" lon="103.89653263669892">
        <ele>18.844871398992836</ele>
        <time>2026-10-05T10:34:24Z</time>
        <extensions>
          <gpxtpx:TrackPointExtension>
            <gpxtpx:hr>109</gpxtpx:hr>
          </gpxtpx:TrackPointExtension>
        </extensions>
      </trkpt>
      <trkpt lat="1.396258281056579" lon="103.89651573050101">
        <ele>18.85267075803131</ele>
        <time>2026-10-05T10:34:25Z</time>
        <extensions>
          <gpxtpx:TrackPointExtension>
            <gpxtpx:hr>109</gpxtpx:hr>
          </gpxtpx:TrackPointExtension>
        </extensions>
      </trkpt>
      <trkpt lat="1.3962419833060205" lon="103.89649914999298">
        <ele>18.85946575552225</ele>
        <time>2026-10-05T10:34:26Z</time>
        <extensions>
          <gpxtpx:TrackPointExtension>
            <gpxtpx:hr>109</gpxtpx:hr>
          </gpxtpx:TrackPointExtension>
        </extensions>
      </trkpt>
      <trkpt lat="1.396224595814054" lon="103.89648281432001">
        <ele>18.86360586155206</ele>
        <time>2026-10-05T10:34:27Z</time>
        <extensions>
          <gpxtpx:TrackPointExtension>
            <gpxtpx:hr>109</gpxtpx:hr>
          </gpxtpx:TrackPointExtension>
        </extensions>
      </trkpt>
      <trkpt lat="1.3962068421970677" lon="103.89646650414474">
        <ele>18.863980810157955</ele>
        <time>2026-10-05T10:34:28Z</time>
        <extensions>
          <gpxtpx:TrackPointExtension>
            <gpxtpx:hr>110</gpxtpx:hr>
          </gpxtpx:TrackPointExtension>
        </extensions>
      </trkpt>
      <trkpt lat="1.3961860428465953" lon="103.89645038694923">
        <ele>18.860095463693142</ele>
        <time>2026-10-05T10:34:29Z</time>
        <extensions>
          <gpxtpx:TrackPointExtension>
            <gpxtpx:hr>110</gpxtpx:hr>
          </gpxtpx:TrackPointExtension>
        </extensions>
      </trkpt>
      <trkpt lat="1.3961615767091846" lon="103.89643494581688">
        <ele>18.852034462615848</ele>
        <time>2026-10-05T10:34:30Z</time>
        <extensions>
          <gpxtpx:TrackPointExtension>
            <gpxtpx:hr>110</gpxtpx:hr>
          </gpxtpx:TrackPointExtension>
        </extensions>
      </trkpt>
      <trkpt lat="1.3961365758824649" lon="103.89642108161291">
        <ele>18.840342643670738</ele>
        <time>2026-10-05T10:34:31Z</time>
        <extensions>
          <gpxtpx:TrackPointExtension>
            <gpxtpx:hr>110</gpxtpx:hr>
          </gpxtpx:TrackPointExtension>
        </extensions>
      </trkpt>
      <trkpt lat="1.3961123219621825" lon="103.8964101685118">
        <ele>18.825802366249263</ele>
        <time>2026-10-05T10:34:32Z</time>
        <extensions>
          <gpxtpx:TrackPointExtension>
            <gpxtpx:hr>110</gpxtpx:hr>
          </gpxtpx:TrackPointExtension>
        </extensions>
      </trkpt>
      <trkpt lat="1.396088902361376" lon="103.89640233393546">
        <ele>18.80921381060034</ele>
        <time>2026-10-05T10:34:33Z</time>
        <extensions>
          <gpxtpx:TrackPointExtension>
            <gpxtpx:hr>110</gpxtpx:hr>
          </gpxtpx:TrackPointExtension>
        </extensions>
      </trkpt>
      <trkpt lat="1.3960669433617527" lon="103.89639704599274">
        <ele>18.791206939145923</ele>
        <time>2026-10-05T10:34:34Z</time>
        <extensions>
          <gpxtpx:TrackPointExtension>
            <gpxtpx:hr>109</gpxtpx:hr>
          </gpxtpx:TrackPointExtension>
        </extensions>
      </trkpt>
      <trkpt lat="1.3960464934241983" lon="103.89639454063298">
        <ele>18.772104071453214</ele>
        <time>2026-10-05T10:34:35Z</time>
        <extensions>
          <gpxtpx:TrackPointExtension>
            <gpxtpx:hr>109</gpxtpx:hr>
          </gpxtpx:TrackPointExtension>
        </extensions>
      </trkpt>
      <trkpt lat="1.3960258418351588" lon="103.89639467925674">
        <ele>18.751927873119712</ele>
        <time>2026-10-05T10:34:36Z</time>
        <extensions>
          <gpxtpx:TrackPointExtension>
            <gpxtpx:hr>109</gpxtpx:hr>
          </gpxtpx:TrackPointExtension>
        </extensions>
      </trkpt>
      <trkpt lat="1.3960033695315717" lon="103.89639706164198">
        <ele>18.730575860477984</ele>
        <time>2026-10-05T10:34:37Z</time>
        <extensions>
          <gpxtpx:TrackPointExtension>
            <gpxtpx:hr>109</gpxtpx:hr>
          </gpxtpx:TrackPointExtension>
        </extensions>
      </trkpt>
      <trkpt lat="1.3959786825398857" lon="103.89640118527264">
        <ele>18.70801035594195</ele>
        <time>2026-10-05T10:34:38Z</time>
        <extensions>
          <gpxtpx:TrackPointExtension>
            <gpxtpx:hr>109</gpxtpx:hr>
          </gpxtpx:TrackPointExtension>
        </extensions>
      </trkpt>
      <trkpt lat="1.3959527800181262" lon="103.89640521698334">
        <ele>18.684341207146645</ele>
        <time>2026-10-05T10:34:39Z</time>
        <extensions>
          <gpxtpx:TrackPointExtension>
            <gpxtpx:hr>109</gpxtpx:hr>
          </gpxtpx:TrackPointExtension>
        </extensions>
      </trkpt>
      <trkpt lat="1.395926254345182" lon="103.89640719708959">
        <ele>18.659841612912714</ele>
        <time>2026-10-05T10:34:40Z</time>
        <extensions>
          <gpxtpx:TrackPointExtension>
            <gpxtpx:hr>109</gpxtpx:hr>
          </gpxtpx:TrackPointExtension>
        </extensions>
      </trkpt>
      <trkpt lat="1.3958986500772625" lon="103.89640689438667">
        <ele>18.63491257466376</ele>
        <time>2026-10-05T10:34:41Z</time>
        <extensions>
          <gpxtpx:TrackPointExtension>
            <gpxtpx:hr>109</gpxtpx:hr>
          </gpxtpx:TrackPointExtension>
        </extensions>
      </trkpt>
      <trkpt lat="1.3958702155447118" lon="103.89640421166091">
        <ele>18.609972237609327</ele>
        <time>2026-10-05T10:34:42Z</time>
        <extensions>
          <gpxtpx:TrackPointExtension>
            <gpxtpx:hr>109</gpxtpx:hr>
          </gpxtpx:TrackPointExtension>
        </extensions>
      </trkpt>
      <trkpt lat="1.3958420788489256" lon="103.89639858812944">
        <ele>18.585356041789055</ele>
        <time>2026-10-05T10:34:43Z</time>
        <extensions>
          <gpxtpx:TrackPointExtension>
            <gpxtpx:hr>109</gpxtpx:hr>
          </gpxtpx:TrackPointExtension>
        </extensions>
      </trkpt>
      <trkpt lat="1.3958152525828311" lon="103.89639017670042">
        <ele>18.561314782127738</ele>
        <time>2026-10-05T10:34:44Z</time>
        <extensions>
          <gpxtpx:TrackPointExtension>
            <gpxtpx:hr>109</gpxtpx:hr>
          </gpxtpx:TrackPointExtension>
        </extensions>
      </trkpt>
      <trkpt lat="1.3957902940951201" lon="103.89638026625386">
        <ele>18.53806955460459</ele>
        <time>2026-10-05T10:34:45Z</time>
        <extensions>
          <gpxtpx:TrackPointExtension>
            <gpxtpx:hr>109</gpxtpx:hr>
          </gpxtpx:TrackPointExtension>
        </extensions>
      </trkpt>
      <trkpt lat="1.3957672503624483" lon="103.89637082060293">
        <ele>18.51582540292293</ele>
        <time>2026-10-05T10:34:46Z</time>
        <extensions>
          <gpxtpx:TrackPointExtension>
            <gpxtpx:hr>109</gpxtpx:hr>
          </gpxtpx:TrackPointExtension>
        </extensions>
      </trkpt>
      <trkpt lat="1.3957458229459916" lon="103.89636262489063">
        <ele>18.49469679687172</ele>
        <time>2026-10-05T10:34:47Z</time>
        <extensions>
          <gpxtpx:TrackPointExtension>
            <gpxtpx:hr>109</gpxtpx:hr>
          </gpxtpx:TrackPointExtension>
        </extensions>
      </trkpt>
      <trkpt lat="1.3957253337882365" lon="103.89635541083814">
        <ele>18.47461889218539</ele>
        <time>2026-10-05T10:34:48Z</time>
        <extensions>
          <gpxtpx:TrackPointExtension>
            <gpxtpx:hr>109</gpxtpx:hr>
          </gpxtpx:TrackPointExtension>
        </extensions>
      </trkpt>
      <trkpt lat="1.395705183040758" lon="103.896350191466">
        <ele>18.455341149121523</ele>
        <time>2026-10-05T10:34:49Z</time>
        <extensions>
          <gpxtpx:TrackPointExtension>
            <gpxtpx:hr>107</gpxtpx:hr>
          </gpxtpx:TrackPointExtension>
        </extensions>
      </trkpt>
      <trkpt lat="1.3956847508618013" lon="103.89634812065773">
        <ele>18.436487847939134</ele>
        <time>2026-10-05T10:34:50Z</time>
        <extensions>
          <gpxtpx:TrackPointExtension>
            <gpxtpx:hr>107</gpxtpx:hr>
          </gpxtpx:TrackPointExtension>
        </extensions>
      </trkpt>
      <trkpt lat="1.3956637316405331" lon="103.89634926226151">
        <ele>18.417643229477108</ele>
        <time>2026-10-05T10:34:51Z</time>
        <extensions>
          <gpxtpx:TrackPointExtension>
            <gpxtpx:hr>107</gpxtpx:hr>
          </gpxtpx:TrackPointExtension>
        </extensions>
      </trkpt>
      <trkpt lat="1.3956433175028204" lon="103.89635361118805">
        <ele>18.398468519560993</ele>
        <time>2026-10-05T10:34:52Z</time>
        <extensions>
          <gpxtpx:TrackPointExtension>
            <gpxtpx:hr>107</gpxtpx:hr>
          </gpxtpx:TrackPointExtension>
        </extensions>
      </trkpt>
      <trkpt lat="1.3956243073762213" lon="103.89636147690318">
        <ele>18.378808586858213</ele>
        <time>2026-10-05T10:34:53Z</time>
        <extensions>
          <gpxtpx:TrackPointExtension>
            <gpxtpx:hr>107</gpxtpx:hr>
          </gpxtpx:TrackPointExtension>
        </extensions>
      </trkpt>
      <trkpt lat="1.3956059637400213" lon="103.89637332569555">
        <ele>18.35871066339314</ele>
        <time>2026-10-05T10:34:54Z</time>
        <extensions>
          <gpxtpx:TrackPointExtension>
            <gpxtpx:hr>107</gpxtpx:hr>
          </gpxtpx:TrackPointExtension>
        </extensions>
      </trkpt>
      <trkpt lat="1.3955883104271738" lon="103.89638878844926">
        <ele>18.33836242184043</ele>
        <time>2026-10-05T10:34:55Z</time>
        <extensions>
          <gpxtpx:TrackPointExtension>
            <gpxtpx:hr>105</gpxtpx:hr>
          </gpxtpx:TrackPointExtension>
        </extensions>
      </trkpt>
      <trkpt lat="1.3955725424410041" lon="103.89640652652868">
        <ele>18.318016215227544</ele>
        <time>2026-10-05T10:34:56Z</time>
        <extensions>
          <gpxtpx:TrackPointExtension>
            <gpxtpx:hr>105</gpxtpx:hr>
          </gpxtpx:TrackPointExtension>
        </extensions>
      </trkpt>
      <trkpt lat="1.3955592763172964" lon="103.89642492872797">
        <ele>18.297924261540174</ele>
        <time>2026-10-05T10:34:57Z</time>
        <extensions>
          <gpxtpx:TrackPointExtension>
            <gpxtpx:hr>105</gpxtpx:hr>
          </gpxtpx:TrackPointExtension>
        </extensions>
      </trkpt>
      <trkpt lat="1.3955477728199148" lon="103.8964430967793">
        <ele>18.278284896165133</ele>
        <time>2026-10-05T10:34:58Z</time>
        <extensions>
          <gpxtpx:TrackPointExtension>
            <gpxtpx:hr>105</gpxtpx:hr>
          </gpxtpx:TrackPointExtension>
        </extensions>
      </trkpt>
      <trkpt lat="1.3955367764216102" lon="103.896461393334">
        <ele>18.259216926060617</ele>
        <time>2026-10-05T10:34:59Z</time>
        <extensions>
          <gpxtpx:TrackPointExtension>
            <gpxtpx:hr>105</gpxtpx:hr>
          </gpxtpx:TrackPointExtension>
        </extensions>
      </trkpt>
      <trkpt lat="1.3955263994944733" lon="103.89647963301394">
        <ele>18.240759609267116</ele>
        <time>2026-10-05T10:35:00Z</time>
        <extensions>
          <gpxtpx:TrackPointExtension>
            <gpxtpx:hr>105</gpxtpx:hr>
          </gpxtpx:TrackPointExtension>
        </extensions>
      </trkpt>
      <trkpt lat="1.3955175206900818" lon="103.89649655363564">
        <ele>18.222850895486772</ele>
        <time>2026-10-05T10:35:01Z</time>
        <extensions>
          <gpxtpx:TrackPointExtension>
            <gpxtpx:hr>104</gpxtpx:hr>
          </gpxtpx:TrackPointExtension>
        </extensions>
      </trkpt>
      <trkpt lat="1.39551083241548" lon="103.89651148712204">
        <ele>18.205245013348758</ele>
        <time>2026-10-05T10:35:02Z</time>
        <extensions>
          <gpxtpx:TrackPointExtension>
            <gpxtpx:hr>104</gpxtpx:hr>
          </gpxtpx:TrackPointExtension>
        </extensions>
      </trkpt>
      <trkpt lat="1.3955064484559137" lon="103.89652471064176">
        <ele>18.18742704950273</ele>
        <time>2026-10-05T10:35:03Z</time>
        <extensions>
          <gpxtpx:TrackPointExtension>
            <gpxtpx:hr>104</gpxtpx:hr>
          </gpxtpx:TrackPointExtension>
        </extensions>
      </trkpt>
      <trkpt lat="1.3955033646312054" lon="103.89653666821276">
        <ele>18.16869379673153</ele>
        <time>2026-10-05T10:35:04Z</time>
        <extensions>
          <gpxtpx:TrackPointExtension>
            <gpxtpx:hr>104</gpxtpx:hr>
          </gpxtpx:TrackPointExtension>
        </extensions>
      </trkpt>
      <trkpt lat="1.3955003364838021" lon="103.89654746693152">
        <ele>18.14847616571933</ele>
        <time>2026-10-05T10:35:05Z</time>
        <extensions>
          <gpxtpx:TrackPointExtension>
            <gpxtpx:hr>104</gpxtpx:hr>
          </gpxtpx:TrackPointExtension>
        </extensions>
      </trkpt>
      <trkpt lat="1.3954963729199799" lon="103.89655751297474">
        <ele>18.126864763908088</ele>
        <time>2026-10-05T10:35:06Z</time>
        <extensions>
          <gpxtpx:TrackPointExtension>
            <gpxtpx:hr>102</gpxtpx:hr>
          </gpxtpx:TrackPointExtension>
        </extensions>
      </trkpt>
      <trkpt lat="1.3954906538569525" lon="103.89656796806287">
        <ele>18.105383393354714</ele>
        <time>2026-10-05T10:35:07Z</time>
        <extensions>
          <gpxtpx:TrackPointExtension>
            <gpxtpx:hr>102</gpxtpx:hr>
          </gpxtpx:TrackPointExtension>
        </extensions>
      </trkpt>
      <trkpt lat="1.3954825603208745" lon="103.89657957357008">
        <ele>18.08803945686668</ele>
        <time>2026-10-05T10:35:08Z</time>
        <extensions>
          <gpxtpx:TrackPointExtension>
            <gpxtpx:hr>102</gpxtpx:hr>
          </gpxtpx:TrackPointExtension>
        </extensions>
      </trkpt>
      <trkpt lat="1.395471668801595" lon="103.89659250821738">
        <ele>18.08268224261701</ele>
        <time>2026-10-05T10:35:09Z</time>
        <extensions>
          <gpxtpx:TrackPointExtension>
            <gpxtpx:hr>102</gpxtpx:hr>
          </gpxtpx:TrackPointExtension>
        </extensions>
      </trkpt>
      <trkpt lat="1.3954568039170658" lon="103.89660783443559">
        <ele>18.104624215513468</ele>
        <time>2026-10-05T10:35:10Z</time>
        <extensions>
          <gpxtpx:TrackPointExtension>
            <gpxtpx:hr>102</gpxtpx:hr>
          </gpxtpx:TrackPointExtension>
        </extensions>
      </trkpt>
      <trkpt lat="1.3954395438825098" lon="103.89662402563533">
        <ele>18.170536810532212</ele>
        <time>2026-10-05T10:35:11Z</time>
        <extensions>
          <gpxtpx:TrackPointExtension>
            <gpxtpx:hr>101</gpxtpx:hr>
          </gpxtpx:TrackPointExtension>
        </extensions>
      </trkpt>
      <trkpt lat="1.3953595614579855" lon="103.89670123108698">
        <ele>18.516259640455246</ele>
        <time>2026-10-05T10:35:15Z</time>
        <extensions>
          <gpxtpx:TrackPointExtension>
            <gpxtpx:hr>101</gpxtpx:hr>
          </gpxtpx:TrackPointExtension>
        </extensions>
      </trkpt>
      <trkpt lat="1.3953393831666183" lon="103.89672149272582">
        <ele>18.566663164645433</ele>
        <time>2026-10-05T10:35:16Z</time>
        <extensions>
          <gpxtpx:TrackPointExtension>
            <gpxtpx:hr>101</gpxtpx:hr>
          </gpxtpx:TrackPointExtension>
        </extensions>
      </trkpt>
      <trkpt lat="1.39532102878141" lon="103.8967387766956">
        <ele>18.572202142328024</ele>
        <time>2026-10-05T10:35:17Z</time>
        <extensions>
          <gpxtpx:TrackPointExtension>
            <gpxtpx:hr>101</gpxtpx:hr>
          </gpxtpx:TrackPointExtension>
        </extensions>
      </trkpt>
      <trkpt lat="1.3953044189500294" lon="103.89675274592078">
        <ele>18.553650653921068</ele>
        <time>2026-10-05T10:35:18Z</time>
        <extensions>
          <gpxtpx:TrackPointExtension>
            <gpxtpx:hr>100</gpxtpx:hr>
          </gpxtpx:TrackPointExtension>
        </extensions>
      </trkpt>
      <trkpt lat="1.3952898972059011" lon="103.89676422810146">
        <ele>18.52482554130256</ele>
        <time>2026-10-05T10:35:19Z</time>
        <extensions>
          <gpxtpx:TrackPointExtension>
            <gpxtpx:hr>100</gpxtpx:hr>
          </gpxtpx:TrackPointExtension>
        </extensions>
      </trkpt>
      <trkpt lat="1.395278298469932" lon="103.89677341824824">
        <ele>18.49392264522612</ele>
        <time>2026-10-05T10:35:20Z</time>
        <extensions>
          <gpxtpx:TrackPointExtension>
            <gpxtpx:hr>100</gpxtpx:hr>
          </gpxtpx:TrackPointExtension>
        </extensions>
      </trkpt>
      <trkpt lat="1.3952695652815208" lon="103.89678092496887">
        <ele>18.46491825580597</ele>
        <time>2026-10-05T10:35:21Z</time>
        <extensions>
          <gpxtpx:TrackPointExtension>
            <gpxtpx:hr>100</gpxtpx:hr>
          </gpxtpx:TrackPointExtension>
        </extensions>
      </trkpt>
      <trkpt lat="1.395263533615764" lon="103.89678834695333">
        <ele>18.438984466716647</ele>
        <time>2026-10-05T10:35:22Z</time>
        <extensions>
          <gpxtpx:TrackPointExtension>
            <gpxtpx:hr>100</gpxtpx:hr>
          </gpxtpx:TrackPointExtension>
        </extensions>
      </trkpt>
      <trkpt lat="1.39526020310195" lon="103.89679736195838">
        <ele>18.41770820505917</ele>
        <time>2026-10-05T10:35:23Z</time>
        <extensions>
          <gpxtpx:TrackPointExtension>
            <gpxtpx:hr>100</gpxtpx:hr>
          </gpxtpx:TrackPointExtension>
        </extensions>
      </trkpt>
      <trkpt lat="1.3952606352752646" lon="103.89681008164983">
        <ele>18.39967436529696</ele>
        <time>2026-10-05T10:35:24Z</time>
        <extensions>
          <gpxtpx:TrackPointExtension>
            <gpxtpx:hr>100</gpxtpx:hr>
          </gpxtpx:TrackPointExtension>
        </extensions>
      </trkpt>
      <trkpt lat="1.3952644771904368" lon="103.89682332246193">
        <ele>18.38592091575265</ele>
        <time>2026-10-05T10:35:25Z</time>
        <extensions>
          <gpxtpx:TrackPointExtension>
            <gpxtpx:hr>100</gpxtpx:hr>
          </gpxtpx:TrackPointExtension>
        </extensions>
      </trkpt>
      <trkpt lat="1.3952686795252902" lon="103.896834111655">
        <ele>18.37523601949215</ele>
        <time>2026-10-05T10:35:26Z</time>
        <extensions>
          <gpxtpx:TrackPointExtension>
            <gpxtpx:hr>100</gpxtpx:hr>
          </gpxtpx:TrackPointExtension>
        </extensions>
      </trkpt>
      <trkpt lat="1.395271021580179" lon="103.89684302512646">
        <ele>18.366815860383213</ele>
        <time>2026-10-05T10:35:27Z</time>
        <extensions>
          <gpxtpx:TrackPointExtension>
            <gpxtpx:hr>100</gpxtpx:hr>
          </gpxtpx:TrackPointExtension>
        </extensions>
      </trkpt>
      <trkpt lat="1.3952703179718493" lon="103.89685145378274">
        <ele>18.36014998331666</ele>
        <time>2026-10-05T10:35:28Z</time>
        <extensions>
          <gpxtpx:TrackPointExtension>
            <gpxtpx:hr>100</gpxtpx:hr>
          </gpxtpx:TrackPointExtension>
        </extensions>
      </trkpt>
      <trkpt lat="1.3952666975319745" lon="103.89686016260123">
        <ele>18.354830444790423</ele>
        <time>2026-10-05T10:35:29Z</time>
        <extensions>
          <gpxtpx:TrackPointExtension>
            <gpxtpx:hr>100</gpxtpx:hr>
          </gpxtpx:TrackPointExtension>
        </extensions>
      </trkpt>
      <trkpt lat="1.3952604417926524" lon="103.89686971768185">
        <ele>18.350371720269322</ele>
        <time>2026-10-05T10:35:30Z</time>
        <extensions>
          <gpxtpx:TrackPointExtension>
            <gpxtpx:hr>99</gpxtpx:hr>
          </gpxtpx:TrackPointExtension>
        </extensions>
      </trkpt>
      <trkpt lat="1.3952526005027197" lon="103.89688037938475">
        <ele>18.346067470498383</ele>
        <time>2026-10-05T10:35:31Z</time>
        <extensions>
          <gpxtpx:TrackPointExtension>
            <gpxtpx:hr>99</gpxtpx:hr>
          </gpxtpx:TrackPointExtension>
        </extensions>
      </trkpt>
      <trkpt lat="1.3952434559022646" lon="103.89689140018243">
        <ele>18.341036000289023</ele>
        <time>2026-10-05T10:35:32Z</time>
        <extensions>
          <gpxtpx:TrackPointExtension>
            <gpxtpx:hr>99</gpxtpx:hr>
          </gpxtpx:TrackPointExtension>
        </extensions>
      </trkpt>
      <trkpt lat="1.395232901620114" lon="103.8969018068065">
        <ele>18.334551979787648</ele>
        <time>2026-10-05T10:35:33Z</time>
        <extensions>
          <gpxtpx:TrackPointExtension>
            <gpxtpx:hr>99</gpxtpx:hr>
          </gpxtpx:TrackPointExtension>
        </extensions>
      </trkpt>
      <trkpt lat="1.3952216166655074" lon="103.89691165664892">
        <ele>18.32639556005597</ele>
        <time>2026-10-05T10:35:34Z</time>
        <extensions>
          <gpxtpx:TrackPointExtension>
            <gpxtpx:hr>99</gpxtpx:hr>
          </gpxtpx:TrackPointExtension>
        </extensions>
      </trkpt>
      <trkpt lat="1.395209846534832" lon="103.89692120138031">
        <ele>18.316939214244485</ele>
        <time>2026-10-05T10:35:35Z</time>
        <extensions>
          <gpxtpx:TrackPointExtension>
            <gpxtpx:hr>99</gpxtpx:hr>
          </gpxtpx:TrackPointExtension>
        </extensions>
      </trkpt>
      <trkpt lat="1.395197609701327" lon="103.89692929607156">
        <ele>18.30705436039716</ele>
        <time>2026-10-05T10:35:36Z</time>
        <extensions>
          <gpxtpx:TrackPointExtension>
            <gpxtpx:hr>99</gpxtpx:hr>
          </gpxtpx:TrackPointExtension>
        </extensions>
      </trkpt>
      <trkpt lat="1.3951861168348532" lon="103.89693572953531">
        <ele>18.29793015308678</ele>
        <time>2026-10-05T10:35:37Z</time>
        <extensions>
          <gpxtpx:TrackPointExtension>
            <gpxtpx:hr>99</gpxtpx:hr>
          </gpxtpx:TrackPointExtension>
        </extensions>
      </trkpt>
      <trkpt lat="1.3951762714258926" lon="103.89694328391478">
        <ele>18.290765767917037</ele>
        <time>2026-10-05T10:35:38Z</time>
        <extensions>
          <gpxtpx:TrackPointExtension>
            <gpxtpx:hr>99</gpxtpx:hr>
          </gpxtpx:TrackPointExtension>
        </extensions>
      </trkpt>
      <trkpt lat="1.3951670415850383" lon="103.89695388939319">
        <ele>18.286451327614486</ele>
        <time>2026-10-05T10:35:39Z</time>
        <extensions>
          <gpxtpx:TrackPointExtension>
            <gpxtpx:hr>99</gpxtpx:hr>
          </gpxtpx:TrackPointExtension>
        </extensions>
      </trkpt>
      <trkpt lat="1.3951569347758443" lon="103.89696731404652">
        <ele>18.2853878242895</ele>
        <time>2026-10-05T10:35:40Z</time>
        <extensions>
          <gpxtpx:TrackPointExtension>
            <gpxtpx:hr>103</gpxtpx:hr>
          </gpxtpx:TrackPointExtension>
        </extensions>
      </trkpt>
      <trkpt lat="1.395145387303629" lon="103.89698273008258">
        <ele>18.287391560152173</ele>
        <time>2026-10-05T10:35:41Z</time>
        <extensions>
          <gpxtpx:TrackPointExtension>
            <gpxtpx:hr>103</gpxtpx:hr>
          </gpxtpx:TrackPointExtension>
        </extensions>
      </trkpt>
      <trkpt lat="1.3951333082851936" lon="103.8970006569627">
        <ele>18.291691883467138</ele>
        <time>2026-10-05T10:35:42Z</time>
        <extensions>
          <gpxtpx:TrackPointExtension>
            <gpxtpx:hr>103</gpxtpx:hr>
          </gpxtpx:TrackPointExtension>
        </extensions>
      </trkpt>
      <trkpt lat="1.395122206571378" lon="103.89702192154293">
        <ele>18.29711122997105</ele>
        <time>2026-10-05T10:35:43Z</time>
        <extensions>
          <gpxtpx:TrackPointExtension>
            <gpxtpx:hr>103</gpxtpx:hr>
          </gpxtpx:TrackPointExtension>
        </extensions>
      </trkpt>
      <trkpt lat="1.395113576735284" lon="103.8970460836052">
        <ele>18.302317462861538</ele>
        <time>2026-10-05T10:35:44Z</time>
        <extensions>
          <gpxtpx:TrackPointExtension>
            <gpxtpx:hr>103</gpxtpx:hr>
          </gpxtpx:TrackPointExtension>
        </extensions>
      </trkpt>
      <trkpt lat="1.3951075542455622" lon="103.89707219418246">
        <ele>18.30607779417187</ele>
        <time>2026-10-05T10:35:45Z</time>
        <extensions>
          <gpxtpx:TrackPointExtension>
            <gpxtpx:hr>101</gpxtpx:hr>
          </gpxtpx:TrackPointExtension>
        </extensions>
      </trkpt>
      <trkpt lat="1.3951032162518342" lon="103.89710026913842">
        <ele>18.307564735412598</ele>
        <time>2026-10-05T10:35:46Z</time>
        <extensions>
          <gpxtpx:TrackPointExtension>
            <gpxtpx:hr>101</gpxtpx:hr>
          </gpxtpx:TrackPointExtension>
        </extensions>
      </trkpt>
      <trkpt lat="1.3950996260641622" lon="103.89712989176702">
        <ele>18.306552251800895</ele>
        <time>2026-10-05T10:35:47Z</time>
        <extensions>
          <gpxtpx:TrackPointExtension>
            <gpxtpx:hr>101</gpxtpx:hr>
          </gpxtpx:TrackPointExtension>
        </extensions>
      </trkpt>
      <trkpt lat="1.3950963269808876" lon="103.89715927602816">
        <ele>18.30332847032696</ele>
        <time>2026-10-05T10:35:48Z</time>
        <extensions>
          <gpxtpx:TrackPointExtension>
            <gpxtpx:hr>101</gpxtpx:hr>
          </gpxtpx:TrackPointExtension>
        </extensions>
      </trkpt>
      <trkpt lat="1.3950930607345264" lon="103.89718736681536">
        <ele>18.298493448644876</ele>
        <time>2026-10-05T10:35:49Z</time>
        <extensions>
          <gpxtpx:TrackPointExtension>
            <gpxtpx:hr>101</gpxtpx:hr>
          </gpxtpx:TrackPointExtension>
        </extensions>
      </trkpt>
      <trkpt lat="1.3950890923078683" lon="103.89721322460524">
        <ele>18.292783783748746</ele>
        <time>2026-10-05T10:35:50Z</time>
        <extensions>
          <gpxtpx:TrackPointExtension>
            <gpxtpx:hr>104</gpxtpx:hr>
          </gpxtpx:TrackPointExtension>
        </extensions>
      </trkpt>
      <trkpt lat="1.3950847840667562" lon="103.89723544508632">
        <ele>18.286898402497172</ele>
        <time>2026-10-05T10:35:51Z</time>
        <extensions>
          <gpxtpx:TrackPointExtension>
            <gpxtpx:hr>104</gpxtpx:hr>
          </gpxtpx:TrackPointExtension>
        </extensions>
      </trkpt>
      <trkpt lat="1.3950808436995423" lon="103.89725474667699">
        <ele>18.281402807682753</ele>
        <time>2026-10-05T10:35:52Z</time>
        <extensions>
          <gpxtpx:TrackPointExtension>
            <gpxtpx:hr>104</gpxtpx:hr>
          </gpxtpx:TrackPointExtension>
        </extensions>
      </trkpt>
      <trkpt lat="1.3950762023472607" lon="103.8972740649066">
        <ele>18.27679601032287</ele>
        <time>2026-10-05T10:35:53Z</time>
        <extensions>
          <gpxtpx:TrackPointExtension>
            <gpxtpx:hr>104</gpxtpx:hr>
          </gpxtpx:TrackPointExtension>
        </extensions>
      </trkpt>
      <trkpt lat="1.395070264932964" lon="103.89729448276316">
        <ele>18.273644515313208</ele>
        <time>2026-10-05T10:35:54Z</time>
        <extensions>
          <gpxtpx:TrackPointExtension>
            <gpxtpx:hr>104</gpxtpx:hr>
          </gpxtpx:TrackPointExtension>
        </extensions>
      </trkpt>
      <trkpt lat="1.3950637476522587" lon="103.89731543840746">
        <ele>18.272622311487794</ele>
        <time>2026-10-05T10:35:55Z</time>
        <extensions>
          <gpxtpx:TrackPointExtension>
            <gpxtpx:hr>104</gpxtpx:hr>
          </gpxtpx:TrackPointExtension>
        </extensions>
      </trkpt>
      <trkpt lat="1.3950570065662666" lon="103.89733606112668">
        <ele>18.274408583529294</ele>
        <time>2026-10-05T10:35:56Z</time>
        <extensions>
          <gpxtpx:TrackPointExtension>
            <gpxtpx:hr>101</gpxtpx:hr>
          </gpxtpx:TrackPointExtension>
        </extensions>
      </trkpt>
      <trkpt lat="1.3950500696409864" lon="103.8973555609237">
        <ele>18.279561889357865</ele>
        <time>2026-10-05T10:35:57Z</time>
        <extensions>
          <gpxtpx:TrackPointExtension>
            <gpxtpx:hr>101</gpxtpx:hr>
          </gpxtpx:TrackPointExtension>
        </extensions>
      </trkpt>
      <trkpt lat="1.3950428322733557" lon="103.89737359818665">
        <ele>18.288489043712616</ele>
        <time>2026-10-05T10:35:58Z</time>
        <extensions>
          <gpxtpx:TrackPointExtension>
            <gpxtpx:hr>101</gpxtpx:hr>
          </gpxtpx:TrackPointExtension>
        </extensions>
      </trkpt>
      <trkpt lat="1.3950353938000875" lon="103.89739001052644">
        <ele>18.301451331935823</ele>
        <time>2026-10-05T10:35:59Z</time>
        <extensions>
          <gpxtpx:TrackPointExtension>
            <gpxtpx:hr>101</gpxtpx:hr>
          </gpxtpx:TrackPointExtension>
        </extensions>
      </trkpt>
      <trkpt lat="1.3950280048968298" lon="103.89740493646512">
        <ele>18.31854037940502</ele>
        <time>2026-10-05T10:36:00Z</time>
        <extensions>
          <gpxtpx:TrackPointExtension>
            <gpxtpx:hr>101</gpxtpx:hr>
          </gpxtpx:TrackPointExtension>
        </extensions>
      </trkpt>
      <trkpt lat="1.395020706213261" lon="103.89741875454526">
        <ele>18.33963110204786</ele>
        <time>2026-10-05T10:36:01Z</time>
        <extensions>
          <gpxtpx:TrackPointExtension>
            <gpxtpx:hr>100</gpxtpx:hr>
          </gpxtpx:TrackPointExtension>
        </extensions>
      </trkpt>
      <trkpt lat="1.3950133928839445" lon="103.89743167181074">
        <ele>18.36423024814576</ele>
        <time>2026-10-05T10:36:02Z</time>
        <extensions>
          <gpxtpx:TrackPointExtension>
            <gpxtpx:hr>100</gpxtpx:hr>
          </gpxtpx:TrackPointExtension>
        </extensions>
      </trkpt>
      <trkpt lat="1.395006050637483" lon="103.89744374458138">
        <ele>18.391168455593288</ele>
        <time>2026-10-05T10:36:03Z</time>
        <extensions>
          <gpxtpx:TrackPointExtension>
            <gpxtpx:hr>100</gpxtpx:hr>
          </gpxtpx:TrackPointExtension>
        </extensions>
      </trkpt>
      <trkpt lat="1.3949987515091755" lon="103.8974549676003">
        <ele>18.41811113897711</ele>
        <time>2026-10-05T10:36:04Z</time>
        <extensions>
          <gpxtpx:TrackPointExtension>
            <gpxtpx:hr>100</gpxtpx:hr>
          </gpxtpx:TrackPointExtension>
        </extensions>
      </trkpt>
      <trkpt lat="1.3949916352064156" lon="103.89746527040488">
        <ele>18.440742952749133</ele>
        <time>2026-10-05T10:36:05Z</time>
        <extensions>
          <gpxtpx:TrackPointExtension>
            <gpxtpx:hr>99</gpxtpx:hr>
          </gpxtpx:TrackPointExtension>
        </extensions>
      </trkpt>
      <trkpt lat="1.3949845097736062" lon="103.89747503150043">
        <ele>18.449502479285</ele>
        <time>2026-10-05T10:36:06Z</time>
        <extensions>
          <gpxtpx:TrackPointExtension>
            <gpxtpx:hr>99</gpxtpx:hr>
          </gpxtpx:TrackPointExtension>
        </extensions>
      </trkpt>
      <trkpt lat="1.3949782645600854" lon="103.89748319450801">
        <ele>18.428086567670107</ele>
        <time>2026-10-05T10:36:07Z</time>
        <extensions>
          <gpxtpx:TrackPointExtension>
            <gpxtpx:hr>99</gpxtpx:hr>
          </gpxtpx:TrackPointExtension>
        </extensions>
      </trkpt>
      <trkpt lat="1.3949727519245685" lon="103.89749015846508">
        <ele>18.358965063467622</ele>
        <time>2026-10-05T10:36:08Z</time>
        <extensions>
          <gpxtpx:TrackPointExtension>
            <gpxtpx:hr>100</gpxtpx:hr>
          </gpxtpx:TrackPointExtension>
        </extensions>
      </trkpt>
      <trkpt lat="1.394967944821152" lon="103.89749607947799">
        <ele>18.223583122715354</ele>
        <time>2026-10-05T10:36:09Z</time>
        <extensions>
          <gpxtpx:TrackPointExtension>
            <gpxtpx:hr>100</gpxtpx:hr>
          </gpxtpx:TrackPointExtension>
        </extensions>
      </trkpt>
      <trkpt lat="1.3949637020516346" lon="103.89750122546553">
        <ele>18.027757601812482</ele>
        <time>2026-10-05T10:36:10Z</time>
        <extensions>
          <gpxtpx:TrackPointExtension>
            <gpxtpx:hr>100</gpxtpx:hr>
          </gpxtpx:TrackPointExtension>
        </extensions>
      </trkpt>
      <trkpt lat="1.3950451050989008" lon="103.89741260347625">
        <ele>27.792911175638437</ele>
        <time>2026-10-05T10:36:49Z</time>
        <extensions>
          <gpxtpx:TrackPointExtension>
            <gpxtpx:hr>104</gpxtpx:hr>
          </gpxtpx:TrackPointExtension>
        </extensions>
      </trkpt>
      <trkpt lat="1.395043516618836" lon="103.8974253951904">
        <ele>27.04602781124413</ele>
        <time>2026-10-05T10:36:50Z</time>
        <extensions>
          <gpxtpx:TrackPointExtension>
            <gpxtpx:hr>104</gpxtpx:hr>
          </gpxtpx:TrackPointExtension>
        </extensions>
      </trkpt>
      <trkpt lat="1.3950419852373206" lon="103.89743826772154">
        <ele>26.312761987559497</ele>
        <time>2026-10-05T10:36:51Z</time>
        <extensions>
          <gpxtpx:TrackPointExtension>
            <gpxtpx:hr>107</gpxtpx:hr>
          </gpxtpx:TrackPointExtension>
        </extensions>
      </trkpt>
      <trkpt lat="1.3950404944519312" lon="103.89745119760943">
        <ele>25.59839678555727</ele>
        <time>2026-10-05T10:36:52Z</time>
        <extensions>
          <gpxtpx:TrackPointExtension>
            <gpxtpx:hr>107</gpxtpx:hr>
          </gpxtpx:TrackPointExtension>
        </extensions>
      </trkpt>
      <trkpt lat="1.3950390142609577" lon="103.8974641559597">
        <ele>24.900304357521236</ele>
        <time>2026-10-05T10:36:53Z</time>
        <extensions>
          <gpxtpx:TrackPointExtension>
            <gpxtpx:hr>107</gpxtpx:hr>
          </gpxtpx:TrackPointExtension>
        </extensions>
      </trkpt>
      <trkpt lat="1.395037495731711" lon="103.89747722781497">
        <ele>24.205475823953748</ele>
        <time>2026-10-05T10:36:54Z</time>
        <extensions>
          <gpxtpx:TrackPointExtension>
            <gpxtpx:hr>107</gpxtpx:hr>
          </gpxtpx:TrackPointExtension>
        </extensions>
      </trkpt>
      <trkpt lat="1.3950359117900164" lon="103.89749036199305">
        <ele>23.506509711034596</ele>
        <time>2026-10-05T10:36:55Z</time>
        <extensions>
          <gpxtpx:TrackPointExtension>
            <gpxtpx:hr>107</gpxtpx:hr>
          </gpxtpx:TrackPointExtension>
        </extensions>
      </trkpt>
      <trkpt lat="1.395034247779452" lon="103.89750356065474">
        <ele>22.793927043676376</ele>
        <time>2026-10-05T10:36:56Z</time>
        <extensions>
          <gpxtpx:TrackPointExtension>
            <gpxtpx:hr>109</gpxtpx:hr>
          </gpxtpx:TrackPointExtension>
        </extensions>
      </trkpt>
      <trkpt lat="1.3950325170659832" lon="103.89751680913463">
        <ele>22.062691217288375</ele>
        <time>2026-10-05T10:36:57Z</time>
        <extensions>
          <gpxtpx:TrackPointExtension>
            <gpxtpx:hr>109</gpxtpx:hr>
          </gpxtpx:TrackPointExtension>
        </extensions>
      </trkpt>
      <trkpt lat="1.3950307461108338" lon="103.89753008330625">
        <ele>21.313901375047863</ele>
        <time>2026-10-05T10:36:58Z</time>
        <extensions>
          <gpxtpx:TrackPointExtension>
            <gpxtpx:hr>109</gpxtpx:hr>
          </gpxtpx:TrackPointExtension>
        </extensions>
      </trkpt>
    </trkseg>
  </trk>
</gpx>