<?xml version="1.0" encoding="UTF-8"?>
<gpx xmlns="http://www.topografix.com/GPX/1/1" xmlns:gpxtpx="http://www.garmin.com/xmlschemas/TrackPointExtension/v1" xmlns:xsi="http://www.w3.org/2001/XMLSchema-instance" xsi:schemaLocation="http://www.topografix.com/GPX/1/1 http://www.topografix.com/GPX/1/1/gpx.xsd" version="1.1" creator="gpx.py -- https://github.com/tkrajina/gpxpy">
  <trk>
    <name>gpx from keep</name>
    <type>Walk</type>
    <trkseg>
      <trkpt lat="1.4075921741004638" lon="103.90648362317228">
        <ele>0</ele>
        <time>2026-10-05T09:21:58Z</time>
        <extensions>
          <gpxtpx:TrackPointExtension>
            <gpxtpx:hr>161</gpxtpx:hr>
          </gpxtpx:TrackPointExtension>
        </extensions>
      </trkpt>
      <trkpt lat="1.4075861973144985" lon="103.90648293124052">
        <ele>0</ele>
        <time>2026-10-05T09:21:59Z</time>
        <extensions>
          <gpxtpx:TrackPointExtension>
            <gpxtpx:hr>161</gpxtpx:hr>
          </gpxtpx:TrackPointExtension>
        </extensions>
      </trkpt>
      <trkpt lat="1.4075739427202636" lon="103.90648273827814">
        <ele>0</ele>
        <time>2026-10-05T09:22:00Z</time>
        <extensions>
          <gpxtpx:TrackPointExtension>
            <gpxtpx:hr>161</gpxtpx:hr>
          </gpxtpx:TrackPointExtension>
        </extensions>
      </trkpt>
      <trkpt lat="1.4075605892649767" lon="103.9064821529908">
        <ele>0</ele>
        <time>2026-10-05T09:22:01Z</time>
        <extensions>
          <gpxtpx:TrackPointExtension>
            <gpxtpx:hr>161</gpxtpx:hr>
          </gpxtpx:TrackPointExtension>
        </extensions>
      </trkpt>
      <trkpt lat="1.4075483871567025" lon="103.90648160387327">
        <ele>0</ele>
        <time>2026-10-05T09:22:02Z</time>
        <extensions>
          <gpxtpx:TrackPointExtension>
            <gpxtpx:hr>161</gpxtpx:hr>
          </gpxtpx:TrackPointExtension>
        </extensions>
      </trkpt>
      <trkpt lat="1.407534969148812" lon="103.90648093155384">
        <ele>0</ele>
        <time>2026-10-05T09:22:03Z</time>
        <extensions>
          <gpxtpx:TrackPointExtension>
            <gpxtpx:hr>161</gpxtpx:hr>
          </gpxtpx:TrackPointExtension>
        </extensions>
      </trkpt>
      <trkpt lat="1.4075187082000766" lon="103.90647999316766">
        <ele>0</ele>
        <time>2026-10-05T09:22:04Z</time>
        <extensions>
          <gpxtpx:TrackPointExtension>
            <gpxtpx:hr>161</gpxtpx:hr>
          </gpxtpx:TrackPointExtension>
        </extensions>
      </trkpt>
      <trkpt lat="1.4075013915214163" lon="103.90647905982176">
        <ele>0</ele>
        <time>2026-10-05T09:22:05Z</time>
        <extensions>
          <gpxtpx:TrackPointExtension>
            <gpxtpx:hr>161</gpxtpx:hr>
          </gpxtpx:TrackPointExtension>
        </extensions>
      </trkpt>
      <trkpt lat="1.4074856110778013" lon="103.9064782926701">
        <ele>0</ele>
        <time>2026-10-05T09:22:06Z</time>
        <extensions>
          <gpxtpx:TrackPointExtension>
            <gpxtpx:hr>161</gpxtpx:hr>
          </gpxtpx:TrackPointExtension>
        </extensions>
      </trkpt>
      <trkpt lat="1.4074719528209805" lon="103.90647780978216">
        <ele>0</ele>
        <time>2026-10-05T09:22:07Z</time>
        <extensions>
          <gpxtpx:TrackPointExtension>
            <gpxtpx:hr>161</gpxtpx:hr>
          </gpxtpx:TrackPointExtension>
        </extensions>
      </trkpt>
      <trkpt lat="1.4074583157320233" lon="103.90647741921056">
        <ele>0</ele>
        <time>2026-10-05T09:22:08Z</time>
        <extensions>
          <gpxtpx:TrackPointExtension>
            <gpxtpx:hr>160</gpxtpx:hr>
          </gpxtpx:TrackPointExtension>
        </extensions>
      </trkpt>
      <trkpt lat="1.4074441745128428" lon="103.90647708091328">
        <ele>0</ele>
        <time>2026-10-05T09:22:09Z</time>
        <extensions>
          <gpxtpx:TrackPointExtension>
            <gpxtpx:hr>160</gpxtpx:hr>
          </gpxtpx:TrackPointExtension>
        </extensions>
      </trkpt>
      <trkpt lat="1.4074299501618441" lon="103.90647691885928">
        <ele>0</ele>
        <time>2026-10-05T09:22:10Z</time>
        <extensions>
          <gpxtpx:TrackPointExtension>
            <gpxtpx:hr>160</gpxtpx:hr>
          </gpxtpx:TrackPointExtension>
        </extensions>
      </trkpt>
      <trkpt lat="1.407415523493682" lon="103.90647690970012">
        <ele>0</ele>
        <time>2026-10-05T09:22:11Z</time>
        <extensions>
          <gpxtpx:TrackPointExtension>
            <gpxtpx:hr>159</gpxtpx:hr>
          </gpxtpx:TrackPointExtension>
        </extensions>
      </trkpt>
      <trkpt lat="1.407400175110934" lon="103.90647680854919">
        <ele>0</ele>
        <time>2026-10-05T09:22:12Z</time>
        <extensions>
          <gpxtpx:TrackPointExtension>
            <gpxtpx:hr>159</gpxtpx:hr>
          </gpxtpx:TrackPointExtension>
        </extensions>
      </trkpt>
      <trkpt lat="1.4073841310296047" lon="103.90647661375947">
        <ele>0</ele>
        <time>2026-10-05T09:22:13Z</time>
        <extensions>
          <gpxtpx:TrackPointExtension>
            <gpxtpx:hr>159</gpxtpx:hr>
          </gpxtpx:TrackPointExtension>
        </extensions>
      </trkpt>
      <trkpt lat="1.4073683542136592" lon="103.90647651655493">
        <ele>0</ele>
        <time>2026-10-05T09:22:14Z</time>
        <extensions>
          <gpxtpx:TrackPointExtension>
            <gpxtpx:hr>159</gpxtpx:hr>
          </gpxtpx:TrackPointExtension>
        </extensions>
      </trkpt>
      <trkpt lat="1.4073462905198102" lon="103.90647650115329">
        <ele>0</ele>
        <time>2026-10-05T09:22:15Z</time>
        <extensions>
          <gpxtpx:TrackPointExtension>
            <gpxtpx:hr>159</gpxtpx:hr>
          </gpxtpx:TrackPointExtension>
        </extensions>
      </trkpt>
      <trkpt lat="1.4073316975623897" lon="103.90647630708129">
        <ele>0</ele>
        <time>2026-10-05T09:22:16Z</time>
        <extensions>
          <gpxtpx:TrackPointExtension>
            <gpxtpx:hr>156</gpxtpx:hr>
          </gpxtpx:TrackPointExtension>
        </extensions>
      </trkpt>
      <trkpt lat="1.4073174695750055" lon="103.90647593626699">
        <ele>0</ele>
        <time>2026-10-05T09:22:17Z</time>
        <extensions>
          <gpxtpx:TrackPointExtension>
            <gpxtpx:hr>156</gpxtpx:hr>
          </gpxtpx:TrackPointExtension>
        </extensions>
      </trkpt>
      <trkpt lat="1.407304099183638" lon="103.90647561412507">
        <ele>0</ele>
        <time>2026-10-05T09:22:18Z</time>
        <extensions>
          <gpxtpx:TrackPointExtension>
            <gpxtpx:hr>156</gpxtpx:hr>
          </gpxtpx:TrackPointExtension>
        </extensions>
      </trkpt>
      <trkpt lat="1.4072904686228542" lon="103.90647531249742">
        <ele>0</ele>
        <time>2026-10-05T09:22:19Z</time>
        <extensions>
          <gpxtpx:TrackPointExtension>
            <gpxtpx:hr>156</gpxtpx:hr>
          </gpxtpx:TrackPointExtension>
        </extensions>
      </trkpt>
      <trkpt lat="1.4072774281179006" lon="103.906475047601">
        <ele>0</ele>
        <time>2026-10-05T09:22:20Z</time>
        <extensions>
          <gpxtpx:TrackPointExtension>
            <gpxtpx:hr>156</gpxtpx:hr>
          </gpxtpx:TrackPointExtension>
        </extensions>
      </trkpt>
      <trkpt lat="1.407265231979788" lon="103.90647482100215">
        <ele>0</ele>
        <time>2026-10-05T09:22:21Z</time>
        <extensions>
          <gpxtpx:TrackPointExtension>
            <gpxtpx:hr>155</gpxtpx:hr>
          </gpxtpx:TrackPointExtension>
        </extensions>
      </trkpt>
      <trkpt lat="1.407252997100986" lon="103.90647460429413">
        <ele>0</ele>
        <time>2026-10-05T09:22:22Z</time>
        <extensions>
          <gpxtpx:TrackPointExtension>
            <gpxtpx:hr>155</gpxtpx:hr>
          </gpxtpx:TrackPointExtension>
        </extensions>
      </trkpt>
      <trkpt lat="1.407240924670137" lon="103.90647438789766">
        <ele>0</ele>
        <time>2026-10-05T09:22:23Z</time>
        <extensions>
          <gpxtpx:TrackPointExtension>
            <gpxtpx:hr>155</gpxtpx:hr>
          </gpxtpx:TrackPointExtension>
        </extensions>
      </trkpt>
      <trkpt lat="1.4072294853195055" lon="103.90647418791981">
        <ele>0</ele>
        <time>2026-10-05T09:22:24Z</time>
        <extensions>
          <gpxtpx:TrackPointExtension>
            <gpxtpx:hr>155</gpxtpx:hr>
          </gpxtpx:TrackPointExtension>
        </extensions>
      </trkpt>
      <trkpt lat="1.4072186253908034" lon="103.90647400027068">
        <ele>0</ele>
        <time>2026-10-05T09:22:25Z</time>
        <extensions>
          <gpxtpx:TrackPointExtension>
            <gpxtpx:hr>153</gpxtpx:hr>
          </gpxtpx:TrackPointExtension>
        </extensions>
      </trkpt>
      <trkpt lat="1.4072079342891644" lon="103.90647382746448">
        <ele>0</ele>
        <time>2026-10-05T09:22:26Z</time>
        <extensions>
          <gpxtpx:TrackPointExtension>
            <gpxtpx:hr>153</gpxtpx:hr>
          </gpxtpx:TrackPointExtension>
        </extensions>
      </trkpt>
      <trkpt lat="1.4071972471261678" lon="103.90647365773732">
        <ele>0</ele>
        <time>2026-10-05T09:22:27Z</time>
        <extensions>
          <gpxtpx:TrackPointExtension>
            <gpxtpx:hr>153</gpxtpx:hr>
          </gpxtpx:TrackPointExtension>
        </extensions>
      </trkpt>
      <trkpt lat="1.40718655181218" lon="103.9064734902116">
        <ele>0</ele>
        <time>2026-10-05T09:22:28Z</time>
        <extensions>
          <gpxtpx:TrackPointExtension>
            <gpxtpx:hr>153</gpxtpx:hr>
          </gpxtpx:TrackPointExtension>
        </extensions>
      </trkpt>
      <trkpt lat="1.4071758074694083" lon="103.90647332219565">
        <ele>0</ele>
        <time>2026-10-05T09:22:29Z</time>
        <extensions>
          <gpxtpx:TrackPointExtension>
            <gpxtpx:hr>153</gpxtpx:hr>
          </gpxtpx:TrackPointExtension>
        </extensions>
      </trkpt>
      <trkpt lat="1.4071654951413533" lon="103.90647317277305">
        <ele>0</ele>
        <time>2026-10-05T09:22:30Z</time>
        <extensions>
          <gpxtpx:TrackPointExtension>
            <gpxtpx:hr>150</gpxtpx:hr>
          </gpxtpx:TrackPointExtension>
        </extensions>
      </trkpt>
      <trkpt lat="1.407156049791324" lon="103.90647304702254">
        <ele>0</ele>
        <time>2026-10-05T09:22:31Z</time>
        <extensions>
          <gpxtpx:TrackPointExtension>
            <gpxtpx:hr>150</gpxtpx:hr>
          </gpxtpx:TrackPointExtension>
        </extensions>
      </trkpt>
      <trkpt lat="1.4071463320182078" lon="103.90647292797637">
        <ele>0</ele>
        <time>2026-10-05T09:22:32Z</time>
        <extensions>
          <gpxtpx:TrackPointExtension>
            <gpxtpx:hr>150</gpxtpx:hr>
          </gpxtpx:TrackPointExtension>
        </extensions>
      </trkpt>
      <trkpt lat="1.4071404302778097" lon="103.90647281767367">
        <ele>0</ele>
        <time>2026-10-05T09:22:33Z</time>
        <extensions>
          <gpxtpx:TrackPointExtension>
            <gpxtpx:hr>150</gpxtpx:hr>
          </gpxtpx:TrackPointExtension>
        </extensions>
      </trkpt>
      <trkpt lat="1.4071399283702086" lon="103.90647276225236">
        <ele>0</ele>
        <time>2026-10-05T09:22:34Z</time>
        <extensions>
          <gpxtpx:TrackPointExtension>
            <gpxtpx:hr>150</gpxtpx:hr>
          </gpxtpx:TrackPointExtension>
        </extensions>
      </trkpt>
      <trkpt lat="1.4071440963220816" lon="103.90647291913075">
        <ele>0</ele>
        <time>2026-10-05T09:22:35Z</time>
        <extensions>
          <gpxtpx:TrackPointExtension>
            <gpxtpx:hr>148</gpxtpx:hr>
          </gpxtpx:TrackPointExtension>
        </extensions>
      </trkpt>
      <trkpt lat="1.4071484683463595" lon="103.9064730877186">
        <ele>0</ele>
        <time>2026-10-05T09:22:36Z</time>
        <extensions>
          <gpxtpx:TrackPointExtension>
            <gpxtpx:hr>148</gpxtpx:hr>
          </gpxtpx:TrackPointExtension>
        </extensions>
      </trkpt>
      <trkpt lat="1.4071489767742582" lon="103.9064730608964">
        <ele>0</ele>
        <time>2026-10-05T09:22:37Z</time>
        <extensions>
          <gpxtpx:TrackPointExtension>
            <gpxtpx:hr>148</gpxtpx:hr>
          </gpxtpx:TrackPointExtension>
        </extensions>
      </trkpt>
      <trkpt lat="1.4071494697857108" lon="103.90647303325625">
        <ele>0</ele>
        <time>2026-10-05T09:22:38Z</time>
        <extensions>
          <gpxtpx:TrackPointExtension>
            <gpxtpx:hr>148</gpxtpx:hr>
          </gpxtpx:TrackPointExtension>
        </extensions>
      </trkpt>
      <trkpt lat="1.4071558011554601" lon="103.90647329493672">
        <ele>0</ele>
        <time>2026-10-05T09:22:39Z</time>
        <extensions>
          <gpxtpx:TrackPointExtension>
            <gpxtpx:hr>148</gpxtpx:hr>
          </gpxtpx:TrackPointExtension>
        </extensions>
      </trkpt>
      <trkpt lat="1.407167792419155" lon="103.90647383719285">
        <ele>0</ele>
        <time>2026-10-05T09:22:40Z</time>
        <extensions>
          <gpxtpx:TrackPointExtension>
            <gpxtpx:hr>146</gpxtpx:hr>
          </gpxtpx:TrackPointExtension>
        </extensions>
      </trkpt>
      <trkpt lat="1.407180186388132" lon="103.90647438534958">
        <ele>0</ele>
        <time>2026-10-05T09:22:41Z</time>
        <extensions>
          <gpxtpx:TrackPointExtension>
            <gpxtpx:hr>146</gpxtpx:hr>
          </gpxtpx:TrackPointExtension>
        </extensions>
      </trkpt>
      <trkpt lat="1.4071932499793731" lon="103.90647471250743">
        <ele>0</ele>
        <time>2026-10-05T09:22:42Z</time>
        <extensions>
          <gpxtpx:TrackPointExtension>
            <gpxtpx:hr>146</gpxtpx:hr>
          </gpxtpx:TrackPointExtension>
        </extensions>
      </trkpt>
      <trkpt lat="1.4072066881890393" lon="103.90647480735244">
        <ele>0</ele>
        <time>2026-10-05T09:22:43Z</time>
        <extensions>
          <gpxtpx:TrackPointExtension>
            <gpxtpx:hr>146</gpxtpx:hr>
          </gpxtpx:TrackPointExtension>
        </extensions>
      </trkpt>
      <trkpt lat="1.4072198383353622" lon="103.90647488427035">
        <ele>0</ele>
        <time>2026-10-05T09:22:44Z</time>
        <extensions>
          <gpxtpx:TrackPointExtension>
            <gpxtpx:hr>146</gpxtpx:hr>
          </gpxtpx:TrackPointExtension>
        </extensions>
      </trkpt>
      <trkpt lat="1.4072328702597627" lon="103.90647495088402">
        <ele>0</ele>
        <time>2026-10-05T09:22:45Z</time>
        <extensions>
          <gpxtpx:TrackPointExtension>
            <gpxtpx:hr>146</gpxtpx:hr>
          </gpxtpx:TrackPointExtension>
        </extensions>
      </trkpt>
      <trkpt lat="1.407246319978062" lon="103.90647502090323">
        <ele>0</ele>
        <time>2026-10-05T09:22:46Z</time>
        <extensions>
          <gpxtpx:TrackPointExtension>
            <gpxtpx:hr>146</gpxtpx:hr>
          </gpxtpx:TrackPointExtension>
        </extensions>
      </trkpt>
      <trkpt lat="1.4072601509184894" lon="103.90647509418208">
        <ele>0</ele>
        <time>2026-10-05T09:22:47Z</time>
        <extensions>
          <gpxtpx:TrackPointExtension>
            <gpxtpx:hr>146</gpxtpx:hr>
          </gpxtpx:TrackPointExtension>
        </extensions>
      </trkpt>
      <trkpt lat="1.4072738753805338" lon="103.90647516699833">
        <ele>0</ele>
        <time>2026-10-05T09:22:48Z</time>
        <extensions>
          <gpxtpx:TrackPointExtension>
            <gpxtpx:hr>146</gpxtpx:hr>
          </gpxtpx:TrackPointExtension>
        </extensions>
      </trkpt>
      <trkpt lat="1.4072873523012122" lon="103.9064752382062">
        <ele>0</ele>
        <time>2026-10-05T09:22:49Z</time>
        <extensions>
          <gpxtpx:TrackPointExtension>
            <gpxtpx:hr>146</gpxtpx:hr>
          </gpxtpx:TrackPointExtension>
        </extensions>
      </trkpt>
      <trkpt lat="1.4073008160292073" lon="103.90647530960389">
        <ele>0</ele>
        <time>2026-10-05T09:22:50Z</time>
        <extensions>
          <gpxtpx:TrackPointExtension>
            <gpxtpx:hr>146</gpxtpx:hr>
          </gpxtpx:TrackPointExtension>
        </extensions>
      </trkpt>
      <trkpt lat="1.4073142492358806" lon="103.90647538094042">
        <ele>0</ele>
        <time>2026-10-05T09:22:51Z</time>
        <extensions>
          <gpxtpx:TrackPointExtension>
            <gpxtpx:hr>146</gpxtpx:hr>
          </gpxtpx:TrackPointExtension>
        </extensions>
      </trkpt>
      <trkpt lat="1.4073273608862364" lon="103.90647544386835">
        <ele>0</ele>
        <time>2026-10-05T09:22:52Z</time>
        <extensions>
          <gpxtpx:TrackPointExtension>
            <gpxtpx:hr>146</gpxtpx:hr>
          </gpxtpx:TrackPointExtension>
        </extensions>
      </trkpt>
      <trkpt lat="1.4073400718603302" lon="103.90647550324549">
        <ele>0</ele>
        <time>2026-10-05T09:22:53Z</time>
        <extensions>
          <gpxtpx:TrackPointExtension>
            <gpxtpx:hr>146</gpxtpx:hr>
          </gpxtpx:TrackPointExtension>
        </extensions>
      </trkpt>
      <trkpt lat="1.407352448387989" lon="103.90647554748746">
        <ele>0</ele>
        <time>2026-10-05T09:22:54Z</time>
        <extensions>
          <gpxtpx:TrackPointExtension>
            <gpxtpx:hr>146</gpxtpx:hr>
          </gpxtpx:TrackPointExtension>
        </extensions>
      </trkpt>
      <trkpt lat="1.4073649942328048" lon="103.90647535184378">
        <ele>0</ele>
        <time>2026-10-05T09:22:55Z</time>
        <extensions>
          <gpxtpx:TrackPointExtension>
            <gpxtpx:hr>146</gpxtpx:hr>
          </gpxtpx:TrackPointExtension>
        </extensions>
      </trkpt>
      <trkpt lat="1.4073781208367604" lon="103.90647490800075">
        <ele>0</ele>
        <time>2026-10-05T09:22:56Z</time>
        <extensions>
          <gpxtpx:TrackPointExtension>
            <gpxtpx:hr>145</gpxtpx:hr>
          </gpxtpx:TrackPointExtension>
        </extensions>
      </trkpt>
      <trkpt lat="1.4073915747048085" lon="103.90647444094462">
        <ele>0</ele>
        <time>2026-10-05T09:22:57Z</time>
        <extensions>
          <gpxtpx:TrackPointExtension>
            <gpxtpx:hr>145</gpxtpx:hr>
          </gpxtpx:TrackPointExtension>
        </extensions>
      </trkpt>
      <trkpt lat="1.407405004337324" lon="103.90647397419539">
        <ele>0</ele>
        <time>2026-10-05T09:22:58Z</time>
        <extensions>
          <gpxtpx:TrackPointExtension>
            <gpxtpx:hr>145</gpxtpx:hr>
          </gpxtpx:TrackPointExtension>
        </extensions>
      </trkpt>
      <trkpt lat="1.407418142510947" lon="103.90647351686677">
        <ele>0</ele>
        <time>2026-10-05T09:22:59Z</time>
        <extensions>
          <gpxtpx:TrackPointExtension>
            <gpxtpx:hr>145</gpxtpx:hr>
          </gpxtpx:TrackPointExtension>
        </extensions>
      </trkpt>
      <trkpt lat="1.407430899318312" lon="103.90647307134041">
        <ele>0</ele>
        <time>2026-10-05T09:23:00Z</time>
        <extensions>
          <gpxtpx:TrackPointExtension>
            <gpxtpx:hr>145</gpxtpx:hr>
          </gpxtpx:TrackPointExtension>
        </extensions>
      </trkpt>
      <trkpt lat="1.4074433841947054" lon="103.90647262483284">
        <ele>0</ele>
        <time>2026-10-05T09:23:01Z</time>
        <extensions>
          <gpxtpx:TrackPointExtension>
            <gpxtpx:hr>145</gpxtpx:hr>
          </gpxtpx:TrackPointExtension>
        </extensions>
      </trkpt>
      <trkpt lat="1.407455873710029" lon="103.90647199352831">
        <ele>0</ele>
        <time>2026-10-05T09:23:02Z</time>
        <extensions>
          <gpxtpx:TrackPointExtension>
            <gpxtpx:hr>145</gpxtpx:hr>
          </gpxtpx:TrackPointExtension>
        </extensions>
      </trkpt>
      <trkpt lat="1.4074687308772518" lon="103.90647115826205">
        <ele>0</ele>
        <time>2026-10-05T09:23:03Z</time>
        <extensions>
          <gpxtpx:TrackPointExtension>
            <gpxtpx:hr>143</gpxtpx:hr>
          </gpxtpx:TrackPointExtension>
        </extensions>
      </trkpt>
      <trkpt lat="1.4074819731824972" lon="103.90647029021876">
        <ele>0</ele>
        <time>2026-10-05T09:23:04Z</time>
        <extensions>
          <gpxtpx:TrackPointExtension>
            <gpxtpx:hr>143</gpxtpx:hr>
          </gpxtpx:TrackPointExtension>
        </extensions>
      </trkpt>
      <trkpt lat="1.4074955183193274" lon="103.90646940407339">
        <ele>0</ele>
        <time>2026-10-05T09:23:05Z</time>
        <extensions>
          <gpxtpx:TrackPointExtension>
            <gpxtpx:hr>143</gpxtpx:hr>
          </gpxtpx:TrackPointExtension>
        </extensions>
      </trkpt>
      <trkpt lat="1.407509402506965" lon="103.90646849640203">
        <ele>0</ele>
        <time>2026-10-05T09:23:06Z</time>
        <extensions>
          <gpxtpx:TrackPointExtension>
            <gpxtpx:hr>143</gpxtpx:hr>
          </gpxtpx:TrackPointExtension>
        </extensions>
      </trkpt>
      <trkpt lat="1.4075236797578132" lon="103.90646756479924">
        <ele>0</ele>
        <time>2026-10-05T09:23:07Z</time>
        <extensions>
          <gpxtpx:TrackPointExtension>
            <gpxtpx:hr>142</gpxtpx:hr>
          </gpxtpx:TrackPointExtension>
        </extensions>
      </trkpt>
      <trkpt lat="1.4075382791044122" lon="103.90646661270519">
        <ele>0</ele>
        <time>2026-10-05T09:23:08Z</time>
        <extensions>
          <gpxtpx:TrackPointExtension>
            <gpxtpx:hr>142</gpxtpx:hr>
          </gpxtpx:TrackPointExtension>
        </extensions>
      </trkpt>
      <trkpt lat="1.4075531389273352" lon="103.90646564446651">
        <ele>0</ele>
        <time>2026-10-05T09:23:09Z</time>
        <extensions>
          <gpxtpx:TrackPointExtension>
            <gpxtpx:hr>142</gpxtpx:hr>
          </gpxtpx:TrackPointExtension>
        </extensions>
      </trkpt>
      <trkpt lat="1.4075680262367944" lon="103.9064646743502">
        <ele>0</ele>
        <time>2026-10-05T09:23:10Z</time>
        <extensions>
          <gpxtpx:TrackPointExtension>
            <gpxtpx:hr>142</gpxtpx:hr>
          </gpxtpx:TrackPointExtension>
        </extensions>
      </trkpt>
      <trkpt lat="1.407582671468517" lon="103.90646372121985">
        <ele>0</ele>
        <time>2026-10-05T09:23:11Z</time>
        <extensions>
          <gpxtpx:TrackPointExtension>
            <gpxtpx:hr>142</gpxtpx:hr>
          </gpxtpx:TrackPointExtension>
        </extensions>
      </trkpt>
      <trkpt lat="1.4075969701258295" lon="103.90646280374416">
        <ele>0</ele>
        <time>2026-10-05T09:23:12Z</time>
        <extensions>
          <gpxtpx:TrackPointExtension>
            <gpxtpx:hr>140</gpxtpx:hr>
          </gpxtpx:TrackPointExtension>
        </extensions>
      </trkpt>
      <trkpt lat="1.407610785816042" lon="103.90646212230065">
        <ele>0</ele>
        <time>2026-10-05T09:23:13Z</time>
        <extensions>
          <gpxtpx:TrackPointExtension>
            <gpxtpx:hr>140</gpxtpx:hr>
          </gpxtpx:TrackPointExtension>
        </extensions>
      </trkpt>
      <trkpt lat="1.4076237727639642" lon="103.90646168153069">
        <ele>0</ele>
        <time>2026-10-05T09:23:14Z</time>
        <extensions>
          <gpxtpx:TrackPointExtension>
            <gpxtpx:hr>140</gpxtpx:hr>
          </gpxtpx:TrackPointExtension>
        </extensions>
      </trkpt>
      <trkpt lat="1.4076353477375088" lon="103.9064612954237">
        <ele>0</ele>
        <time>2026-10-05T09:23:15Z</time>
        <extensions>
          <gpxtpx:TrackPointExtension>
            <gpxtpx:hr>140</gpxtpx:hr>
          </gpxtpx:TrackPointExtension>
        </extensions>
      </trkpt>
      <trkpt lat="1.4076475407855318" lon="103.90646089466833">
        <ele>0</ele>
        <time>2026-10-05T09:23:16Z</time>
        <extensions>
          <gpxtpx:TrackPointExtension>
            <gpxtpx:hr>140</gpxtpx:hr>
          </gpxtpx:TrackPointExtension>
        </extensions>
      </trkpt>
      <trkpt lat="1.407661380603311" lon="103.90646044597408">
        <ele>0</ele>
        <time>2026-10-05T09:23:17Z</time>
        <extensions>
          <gpxtpx:TrackPointExtension>
            <gpxtpx:hr>140</gpxtpx:hr>
          </gpxtpx:TrackPointExtension>
        </extensions>
      </trkpt>
      <trkpt lat="1.4076757162810676" lon="103.9064599831861">
        <ele>0</ele>
        <time>2026-10-05T09:23:18Z</time>
        <extensions>
          <gpxtpx:TrackPointExtension>
            <gpxtpx:hr>140</gpxtpx:hr>
          </gpxtpx:TrackPointExtension>
        </extensions>
      </trkpt>
      <trkpt lat="1.4076902544364491" lon="103.90645951524046">
        <ele>0</ele>
        <time>2026-10-05T09:23:19Z</time>
        <extensions>
          <gpxtpx:TrackPointExtension>
            <gpxtpx:hr>140</gpxtpx:hr>
          </gpxtpx:TrackPointExtension>
        </extensions>
      </trkpt>
      <trkpt lat="1.407704975700626" lon="103.90645904867282">
        <ele>0</ele>
        <time>2026-10-05T09:23:20Z</time>
        <extensions>
          <gpxtpx:TrackPointExtension>
            <gpxtpx:hr>140</gpxtpx:hr>
          </gpxtpx:TrackPointExtension>
        </extensions>
      </trkpt>
      <trkpt lat="1.4077200043162301" lon="103.90645868646605">
        <ele>0</ele>
        <time>2026-10-05T09:23:21Z</time>
        <extensions>
          <gpxtpx:TrackPointExtension>
            <gpxtpx:hr>140</gpxtpx:hr>
          </gpxtpx:TrackPointExtension>
        </extensions>
      </trkpt>
      <trkpt lat="1.407734515080523" lon="103.90645844457583">
        <ele>0</ele>
        <time>2026-10-05T09:23:22Z</time>
        <extensions>
          <gpxtpx:TrackPointExtension>
            <gpxtpx:hr>140</gpxtpx:hr>
          </gpxtpx:TrackPointExtension>
        </extensions>
      </trkpt>
      <trkpt lat="1.4077476407058658" lon="103.90645822879875">
        <ele>0</ele>
        <time>2026-10-05T09:23:23Z</time>
        <extensions>
          <gpxtpx:TrackPointExtension>
            <gpxtpx:hr>140</gpxtpx:hr>
          </gpxtpx:TrackPointExtension>
        </extensions>
      </trkpt>
      <trkpt lat="1.4077592722673187" lon="103.90645803260298">
        <ele>0</ele>
        <time>2026-10-05T09:23:24Z</time>
        <extensions>
          <gpxtpx:TrackPointExtension>
            <gpxtpx:hr>140</gpxtpx:hr>
          </gpxtpx:TrackPointExtension>
        </extensions>
      </trkpt>
      <trkpt lat="1.4077702640948486" lon="103.90645784378015">
        <ele>0</ele>
        <time>2026-10-05T09:23:25Z</time>
        <extensions>
          <gpxtpx:TrackPointExtension>
            <gpxtpx:hr>140</gpxtpx:hr>
          </gpxtpx:TrackPointExtension>
        </extensions>
      </trkpt>
      <trkpt lat="1.4077760296491233" lon="103.90645770699577">
        <ele>0</ele>
        <time>2026-10-05T09:23:26Z</time>
        <extensions>
          <gpxtpx:TrackPointExtension>
            <gpxtpx:hr>140</gpxtpx:hr>
          </gpxtpx:TrackPointExtension>
        </extensions>
      </trkpt>
      <trkpt lat="1.4077762241716165" lon="103.90645762593783">
        <ele>0</ele>
        <time>2026-10-05T09:23:27Z</time>
        <extensions>
          <gpxtpx:TrackPointExtension>
            <gpxtpx:hr>140</gpxtpx:hr>
          </gpxtpx:TrackPointExtension>
        </extensions>
      </trkpt>
      <trkpt lat="1.4077759526533398" lon="103.90645754930955">
        <ele>0</ele>
        <time>2026-10-05T09:23:28Z</time>
        <extensions>
          <gpxtpx:TrackPointExtension>
            <gpxtpx:hr>140</gpxtpx:hr>
          </gpxtpx:TrackPointExtension>
        </extensions>
      </trkpt>
      <trkpt lat="1.407776132883384" lon="103.90645746770574">
        <ele>0</ele>
        <time>2026-10-05T09:23:29Z</time>
        <extensions>
          <gpxtpx:TrackPointExtension>
            <gpxtpx:hr>140</gpxtpx:hr>
          </gpxtpx:TrackPointExtension>
        </extensions>
      </trkpt>
      <trkpt lat="1.4077827038823325" lon="103.90645731930668">
        <ele>0</ele>
        <time>2026-10-05T09:23:30Z</time>
        <extensions>
          <gpxtpx:TrackPointExtension>
            <gpxtpx:hr>140</gpxtpx:hr>
          </gpxtpx:TrackPointExtension>
        </extensions>
      </trkpt>
      <trkpt lat="1.4077928616974826" lon="103.90645713905153">
        <ele>0</ele>
        <time>2026-10-05T09:23:31Z</time>
        <extensions>
          <gpxtpx:TrackPointExtension>
            <gpxtpx:hr>140</gpxtpx:hr>
          </gpxtpx:TrackPointExtension>
        </extensions>
      </trkpt>
      <trkpt lat="1.4078016548050118" lon="103.90645697758525">
        <ele>0</ele>
        <time>2026-10-05T09:23:32Z</time>
        <extensions>
          <gpxtpx:TrackPointExtension>
            <gpxtpx:hr>140</gpxtpx:hr>
          </gpxtpx:TrackPointExtension>
        </extensions>
      </trkpt>
      <trkpt lat="1.4078126955587242" lon="103.90645680243023">
        <ele>0</ele>
        <time>2026-10-05T09:23:33Z</time>
        <extensions>
          <gpxtpx:TrackPointExtension>
            <gpxtpx:hr>140</gpxtpx:hr>
          </gpxtpx:TrackPointExtension>
        </extensions>
      </trkpt>
      <trkpt lat="1.4078253645300134" lon="103.90645660711431">
        <ele>0</ele>
        <time>2026-10-05T09:23:34Z</time>
        <extensions>
          <gpxtpx:TrackPointExtension>
            <gpxtpx:hr>140</gpxtpx:hr>
          </gpxtpx:TrackPointExtension>
        </extensions>
      </trkpt>
      <trkpt lat="1.4078384605278065" lon="103.90645640684261">
        <ele>0</ele>
        <time>2026-10-05T09:23:35Z</time>
        <extensions>
          <gpxtpx:TrackPointExtension>
            <gpxtpx:hr>140</gpxtpx:hr>
          </gpxtpx:TrackPointExtension>
        </extensions>
      </trkpt>
      <trkpt lat="1.407851943119743" lon="103.90645620168407">
        <ele>0</ele>
        <time>2026-10-05T09:23:36Z</time>
        <extensions>
          <gpxtpx:TrackPointExtension>
            <gpxtpx:hr>137</gpxtpx:hr>
          </gpxtpx:TrackPointExtension>
        </extensions>
      </trkpt>
      <trkpt lat="1.4078656746723086" lon="103.90645596506546">
        <ele>0</ele>
        <time>2026-10-05T09:23:37Z</time>
        <extensions>
          <gpxtpx:TrackPointExtension>
            <gpxtpx:hr>137</gpxtpx:hr>
          </gpxtpx:TrackPointExtension>
        </extensions>
      </trkpt>
      <trkpt lat="1.407879023469326" lon="103.90645568642653">
        <ele>0</ele>
        <time>2026-10-05T09:23:38Z</time>
        <extensions>
          <gpxtpx:TrackPointExtension>
            <gpxtpx:hr>137</gpxtpx:hr>
          </gpxtpx:TrackPointExtension>
        </extensions>
      </trkpt>
      <trkpt lat="1.4078918638560118" lon="103.90645539148136">
        <ele>0</ele>
        <time>2026-10-05T09:23:39Z</time>
        <extensions>
          <gpxtpx:TrackPointExtension>
            <gpxtpx:hr>137</gpxtpx:hr>
          </gpxtpx:TrackPointExtension>
        </extensions>
      </trkpt>
      <trkpt lat="1.4079047365517439" lon="103.90645509354529">
        <ele>0</ele>
        <time>2026-10-05T09:23:40Z</time>
        <extensions>
          <gpxtpx:TrackPointExtension>
            <gpxtpx:hr>137</gpxtpx:hr>
          </gpxtpx:TrackPointExtension>
        </extensions>
      </trkpt>
      <trkpt lat="1.4079178933085534" lon="103.90645479479119">
        <ele>0</ele>
        <time>2026-10-05T09:23:41Z</time>
        <extensions>
          <gpxtpx:TrackPointExtension>
            <gpxtpx:hr>137</gpxtpx:hr>
          </gpxtpx:TrackPointExtension>
        </extensions>
      </trkpt>
      <trkpt lat="1.4079309362962222" lon="103.90645448652555">
        <ele>0</ele>
        <time>2026-10-05T09:23:42Z</time>
        <extensions>
          <gpxtpx:TrackPointExtension>
            <gpxtpx:hr>137</gpxtpx:hr>
          </gpxtpx:TrackPointExtension>
        </extensions>
      </trkpt>
      <trkpt lat="1.4079438879592714" lon="103.90645393285922">
        <ele>0</ele>
        <time>2026-10-05T09:23:43Z</time>
        <extensions>
          <gpxtpx:TrackPointExtension>
            <gpxtpx:hr>137</gpxtpx:hr>
          </gpxtpx:TrackPointExtension>
        </extensions>
      </trkpt>
      <trkpt lat="1.4079566312471226" lon="103.90645313704427">
        <ele>0</ele>
        <time>2026-10-05T09:23:44Z</time>
        <extensions>
          <gpxtpx:TrackPointExtension>
            <gpxtpx:hr>137</gpxtpx:hr>
          </gpxtpx:TrackPointExtension>
        </extensions>
      </trkpt>
      <trkpt lat="1.4079695671950658" lon="103.90645232073663">
        <ele>0</ele>
        <time>2026-10-05T09:23:45Z</time>
        <extensions>
          <gpxtpx:TrackPointExtension>
            <gpxtpx:hr>137</gpxtpx:hr>
          </gpxtpx:TrackPointExtension>
        </extensions>
      </trkpt>
      <trkpt lat="1.4079826722007862" lon="103.90645149870566">
        <ele>0</ele>
        <time>2026-10-05T09:23:46Z</time>
        <extensions>
          <gpxtpx:TrackPointExtension>
            <gpxtpx:hr>138</gpxtpx:hr>
          </gpxtpx:TrackPointExtension>
        </extensions>
      </trkpt>
      <trkpt lat="1.4079959369536756" lon="103.90645067501929">
        <ele>0</ele>
        <time>2026-10-05T09:23:47Z</time>
        <extensions>
          <gpxtpx:TrackPointExtension>
            <gpxtpx:hr>138</gpxtpx:hr>
          </gpxtpx:TrackPointExtension>
        </extensions>
      </trkpt>
      <trkpt lat="1.4080092897762466" lon="103.90644985155525">
        <ele>0</ele>
        <time>2026-10-05T09:23:48Z</time>
        <extensions>
          <gpxtpx:TrackPointExtension>
            <gpxtpx:hr>138</gpxtpx:hr>
          </gpxtpx:TrackPointExtension>
        </extensions>
      </trkpt>
      <trkpt lat="1.4080226128286826" lon="103.90644904554998">
        <ele>0</ele>
        <time>2026-10-05T09:23:49Z</time>
        <extensions>
          <gpxtpx:TrackPointExtension>
            <gpxtpx:hr>138</gpxtpx:hr>
          </gpxtpx:TrackPointExtension>
        </extensions>
      </trkpt>
      <trkpt lat="1.408036131948438" lon="103.9064482473155">
        <ele>0</ele>
        <time>2026-10-05T09:23:50Z</time>
        <extensions>
          <gpxtpx:TrackPointExtension>
            <gpxtpx:hr>138</gpxtpx:hr>
          </gpxtpx:TrackPointExtension>
        </extensions>
      </trkpt>
      <trkpt lat="1.4080498925778862" lon="103.90644744671407">
        <ele>0</ele>
        <time>2026-10-05T09:23:51Z</time>
        <extensions>
          <gpxtpx:TrackPointExtension>
            <gpxtpx:hr>138</gpxtpx:hr>
          </gpxtpx:TrackPointExtension>
        </extensions>
      </trkpt>
      <trkpt lat="1.408063215817953" lon="103.90644670849446">
        <ele>0</ele>
        <time>2026-10-05T09:23:52Z</time>
        <extensions>
          <gpxtpx:TrackPointExtension>
            <gpxtpx:hr>137</gpxtpx:hr>
          </gpxtpx:TrackPointExtension>
        </extensions>
      </trkpt>
      <trkpt lat="1.4080704071827752" lon="103.9064462753274">
        <ele>0</ele>
        <time>2026-10-05T09:23:53Z</time>
        <extensions>
          <gpxtpx:TrackPointExtension>
            <gpxtpx:hr>137</gpxtpx:hr>
          </gpxtpx:TrackPointExtension>
        </extensions>
      </trkpt>
      <trkpt lat="1.4080773204402028" lon="103.9064458545522">
        <ele>0</ele>
        <time>2026-10-05T09:23:54Z</time>
        <extensions>
          <gpxtpx:TrackPointExtension>
            <gpxtpx:hr>137</gpxtpx:hr>
          </gpxtpx:TrackPointExtension>
        </extensions>
      </trkpt>
      <trkpt lat="1.4080901044742575" lon="103.90644514595432">
        <ele>0</ele>
        <time>2026-10-05T09:23:55Z</time>
        <extensions>
          <gpxtpx:TrackPointExtension>
            <gpxtpx:hr>137</gpxtpx:hr>
          </gpxtpx:TrackPointExtension>
        </extensions>
      </trkpt>
      <trkpt lat="1.4081034806286241" lon="103.90644440009598">
        <ele>0</ele>
        <time>2026-10-05T09:23:56Z</time>
        <extensions>
          <gpxtpx:TrackPointExtension>
            <gpxtpx:hr>137</gpxtpx:hr>
          </gpxtpx:TrackPointExtension>
        </extensions>
      </trkpt>
      <trkpt lat="1.408117024858359" lon="103.9064435229736">
        <ele>0</ele>
        <time>2026-10-05T09:23:57Z</time>
        <extensions>
          <gpxtpx:TrackPointExtension>
            <gpxtpx:hr>137</gpxtpx:hr>
          </gpxtpx:TrackPointExtension>
        </extensions>
      </trkpt>
      <trkpt lat="1.408130751387612" lon="103.90644251217162">
        <ele>0</ele>
        <time>2026-10-05T09:23:58Z</time>
        <extensions>
          <gpxtpx:TrackPointExtension>
            <gpxtpx:hr>137</gpxtpx:hr>
          </gpxtpx:TrackPointExtension>
        </extensions>
      </trkpt>
      <trkpt lat="1.4081446385274345" lon="103.90644147885875">
        <ele>0</ele>
        <time>2026-10-05T09:23:59Z</time>
        <extensions>
          <gpxtpx:TrackPointExtension>
            <gpxtpx:hr>137</gpxtpx:hr>
          </gpxtpx:TrackPointExtension>
        </extensions>
      </trkpt>
      <trkpt lat="1.4081584313841329" lon="103.90644044786143">
        <ele>0</ele>
        <time>2026-10-05T09:24:00Z</time>
        <extensions>
          <gpxtpx:TrackPointExtension>
            <gpxtpx:hr>137</gpxtpx:hr>
          </gpxtpx:TrackPointExtension>
        </extensions>
      </trkpt>
      <trkpt lat="1.4081718672856753" lon="103.9064394361055">
        <ele>0</ele>
        <time>2026-10-05T09:24:01Z</time>
        <extensions>
          <gpxtpx:TrackPointExtension>
            <gpxtpx:hr>137</gpxtpx:hr>
          </gpxtpx:TrackPointExtension>
        </extensions>
      </trkpt>
      <trkpt lat="1.4081849741411265" lon="103.90643843822392">
        <ele>0</ele>
        <time>2026-10-05T09:24:02Z</time>
        <extensions>
          <gpxtpx:TrackPointExtension>
            <gpxtpx:hr>137</gpxtpx:hr>
          </gpxtpx:TrackPointExtension>
        </extensions>
      </trkpt>
      <trkpt lat="1.408198247354285" lon="103.90643764832157">
        <ele>0</ele>
        <time>2026-10-05T09:24:03Z</time>
        <extensions>
          <gpxtpx:TrackPointExtension>
            <gpxtpx:hr>137</gpxtpx:hr>
          </gpxtpx:TrackPointExtension>
        </extensions>
      </trkpt>
      <trkpt lat="1.4082118633096135" lon="103.90643662449754">
        <ele>0</ele>
        <time>2026-10-05T09:24:04Z</time>
        <extensions>
          <gpxtpx:TrackPointExtension>
            <gpxtpx:hr>137</gpxtpx:hr>
          </gpxtpx:TrackPointExtension>
        </extensions>
      </trkpt>
      <trkpt lat="1.4082256604157755" lon="103.90643537336395">
        <ele>0</ele>
        <time>2026-10-05T09:24:05Z</time>
        <extensions>
          <gpxtpx:TrackPointExtension>
            <gpxtpx:hr>138</gpxtpx:hr>
          </gpxtpx:TrackPointExtension>
        </extensions>
      </trkpt>
      <trkpt lat="1.4082398647125909" lon="103.90643399547557">
        <ele>0</ele>
        <time>2026-10-05T09:24:06Z</time>
        <extensions>
          <gpxtpx:TrackPointExtension>
            <gpxtpx:hr>138</gpxtpx:hr>
          </gpxtpx:TrackPointExtension>
        </extensions>
      </trkpt>
      <trkpt lat="1.4082543179761668" lon="103.9064326921449">
        <ele>0</ele>
        <time>2026-10-05T09:24:07Z</time>
        <extensions>
          <gpxtpx:TrackPointExtension>
            <gpxtpx:hr>138</gpxtpx:hr>
          </gpxtpx:TrackPointExtension>
        </extensions>
      </trkpt>
      <trkpt lat="1.4082689340080057" lon="103.90643130131461">
        <ele>0</ele>
        <time>2026-10-05T09:24:08Z</time>
        <extensions>
          <gpxtpx:TrackPointExtension>
            <gpxtpx:hr>138</gpxtpx:hr>
          </gpxtpx:TrackPointExtension>
        </extensions>
      </trkpt>
      <trkpt lat="1.408283903758124" lon="103.90642976313836">
        <ele>0</ele>
        <time>2026-10-05T09:24:09Z</time>
        <extensions>
          <gpxtpx:TrackPointExtension>
            <gpxtpx:hr>138</gpxtpx:hr>
          </gpxtpx:TrackPointExtension>
        </extensions>
      </trkpt>
      <trkpt lat="1.408299063350736" lon="103.9064282108204">
        <ele>0</ele>
        <time>2026-10-05T09:24:10Z</time>
        <extensions>
          <gpxtpx:TrackPointExtension>
            <gpxtpx:hr>138</gpxtpx:hr>
          </gpxtpx:TrackPointExtension>
        </extensions>
      </trkpt>
      <trkpt lat="1.408314371176389" lon="103.90642664571735">
        <ele>0</ele>
        <time>2026-10-05T09:24:11Z</time>
        <extensions>
          <gpxtpx:TrackPointExtension>
            <gpxtpx:hr>138</gpxtpx:hr>
          </gpxtpx:TrackPointExtension>
        </extensions>
      </trkpt>
      <trkpt lat="1.4083295626090677" lon="103.90642509499894">
        <ele>0</ele>
        <time>2026-10-05T09:24:12Z</time>
        <extensions>
          <gpxtpx:TrackPointExtension>
            <gpxtpx:hr>137</gpxtpx:hr>
          </gpxtpx:TrackPointExtension>
        </extensions>
      </trkpt>
      <trkpt lat="1.4083441861506343" lon="103.90642318764833">
        <ele>0</ele>
        <time>2026-10-05T09:24:13Z</time>
        <extensions>
          <gpxtpx:TrackPointExtension>
            <gpxtpx:hr>137</gpxtpx:hr>
          </gpxtpx:TrackPointExtension>
        </extensions>
      </trkpt>
      <trkpt lat="1.4083584160656808" lon="103.90642089589987">
        <ele>0</ele>
        <time>2026-10-05T09:24:14Z</time>
        <extensions>
          <gpxtpx:TrackPointExtension>
            <gpxtpx:hr>137</gpxtpx:hr>
          </gpxtpx:TrackPointExtension>
        </extensions>
      </trkpt>
      <trkpt lat="1.4083730592872459" lon="103.90641851130293">
        <ele>0</ele>
        <time>2026-10-05T09:24:15Z</time>
        <extensions>
          <gpxtpx:TrackPointExtension>
            <gpxtpx:hr>137</gpxtpx:hr>
          </gpxtpx:TrackPointExtension>
        </extensions>
      </trkpt>
      <trkpt lat="1.4083879578986056" lon="103.90641609313745">
        <ele>0</ele>
        <time>2026-10-05T09:24:16Z</time>
        <extensions>
          <gpxtpx:TrackPointExtension>
            <gpxtpx:hr>137</gpxtpx:hr>
          </gpxtpx:TrackPointExtension>
        </extensions>
      </trkpt>
      <trkpt lat="1.4084027647961168" lon="103.90641370425324">
        <ele>0</ele>
        <time>2026-10-05T09:24:17Z</time>
        <extensions>
          <gpxtpx:TrackPointExtension>
            <gpxtpx:hr>137</gpxtpx:hr>
          </gpxtpx:TrackPointExtension>
        </extensions>
      </trkpt>
      <trkpt lat="1.4084171195707633" lon="103.90641139754415">
        <ele>0</ele>
        <time>2026-10-05T09:24:18Z</time>
        <extensions>
          <gpxtpx:TrackPointExtension>
            <gpxtpx:hr>137</gpxtpx:hr>
          </gpxtpx:TrackPointExtension>
        </extensions>
      </trkpt>
      <trkpt lat="1.4084247359032975" lon="103.90641012546179">
        <ele>0</ele>
        <time>2026-10-05T09:24:19Z</time>
        <extensions>
          <gpxtpx:TrackPointExtension>
            <gpxtpx:hr>137</gpxtpx:hr>
          </gpxtpx:TrackPointExtension>
        </extensions>
      </trkpt>
      <trkpt lat="1.4084195359408074" lon="103.90641081170442">
        <ele>0</ele>
        <time>2026-10-05T09:24:20Z</time>
        <extensions>
          <gpxtpx:TrackPointExtension>
            <gpxtpx:hr>137</gpxtpx:hr>
          </gpxtpx:TrackPointExtension>
        </extensions>
      </trkpt>
      <trkpt lat="1.4084197705390697" lon="103.90641066064076">
        <ele>0</ele>
        <time>2026-10-05T09:24:21Z</time>
        <extensions>
          <gpxtpx:TrackPointExtension>
            <gpxtpx:hr>136</gpxtpx:hr>
          </gpxtpx:TrackPointExtension>
        </extensions>
      </trkpt>
      <trkpt lat="1.4084326600549957" lon="103.90640827829203">
        <ele>0</ele>
        <time>2026-10-05T09:24:22Z</time>
        <extensions>
          <gpxtpx:TrackPointExtension>
            <gpxtpx:hr>136</gpxtpx:hr>
          </gpxtpx:TrackPointExtension>
        </extensions>
      </trkpt>
      <trkpt lat="1.4084463415115518" lon="103.90640545749943">
        <ele>0</ele>
        <time>2026-10-05T09:24:23Z</time>
        <extensions>
          <gpxtpx:TrackPointExtension>
            <gpxtpx:hr>136</gpxtpx:hr>
          </gpxtpx:TrackPointExtension>
        </extensions>
      </trkpt>
      <trkpt lat="1.4084602345853605" lon="103.90640257865277">
        <ele>0</ele>
        <time>2026-10-05T09:24:24Z</time>
        <extensions>
          <gpxtpx:TrackPointExtension>
            <gpxtpx:hr>136</gpxtpx:hr>
          </gpxtpx:TrackPointExtension>
        </extensions>
      </trkpt>
      <trkpt lat="1.4084741883326426" lon="103.90639968874156">
        <ele>0</ele>
        <time>2026-10-05T09:24:25Z</time>
        <extensions>
          <gpxtpx:TrackPointExtension>
            <gpxtpx:hr>136</gpxtpx:hr>
          </gpxtpx:TrackPointExtension>
        </extensions>
      </trkpt>
      <trkpt lat="1.4084880651179899" lon="103.90639681695059">
        <ele>0</ele>
        <time>2026-10-05T09:24:26Z</time>
        <extensions>
          <gpxtpx:TrackPointExtension>
            <gpxtpx:hr>135</gpxtpx:hr>
          </gpxtpx:TrackPointExtension>
        </extensions>
      </trkpt>
      <trkpt lat="1.4085022684650954" lon="103.90639387924124">
        <ele>0</ele>
        <time>2026-10-05T09:24:27Z</time>
        <extensions>
          <gpxtpx:TrackPointExtension>
            <gpxtpx:hr>135</gpxtpx:hr>
          </gpxtpx:TrackPointExtension>
        </extensions>
      </trkpt>
      <trkpt lat="1.4085170231902773" lon="103.90639082945764">
        <ele>0</ele>
        <time>2026-10-05T09:24:28Z</time>
        <extensions>
          <gpxtpx:TrackPointExtension>
            <gpxtpx:hr>135</gpxtpx:hr>
          </gpxtpx:TrackPointExtension>
        </extensions>
      </trkpt>
      <trkpt lat="1.4085321354938145" lon="103.90638770731813">
        <ele>0</ele>
        <time>2026-10-05T09:24:29Z</time>
        <extensions>
          <gpxtpx:TrackPointExtension>
            <gpxtpx:hr>135</gpxtpx:hr>
          </gpxtpx:TrackPointExtension>
        </extensions>
      </trkpt>
      <trkpt lat="1.408547169200053" lon="103.90638461585456">
        <ele>0</ele>
        <time>2026-10-05T09:24:30Z</time>
        <extensions>
          <gpxtpx:TrackPointExtension>
            <gpxtpx:hr>135</gpxtpx:hr>
          </gpxtpx:TrackPointExtension>
        </extensions>
      </trkpt>
      <trkpt lat="1.4085618203660522" lon="103.90638157879378">
        <ele>0</ele>
        <time>2026-10-05T09:24:31Z</time>
        <extensions>
          <gpxtpx:TrackPointExtension>
            <gpxtpx:hr>135</gpxtpx:hr>
          </gpxtpx:TrackPointExtension>
        </extensions>
      </trkpt>
      <trkpt lat="1.4085764123293787" lon="103.90637817432565">
        <ele>0</ele>
        <time>2026-10-05T09:24:32Z</time>
        <extensions>
          <gpxtpx:TrackPointExtension>
            <gpxtpx:hr>134</gpxtpx:hr>
          </gpxtpx:TrackPointExtension>
        </extensions>
      </trkpt>
      <trkpt lat="1.40859066372714" lon="103.90637448411748">
        <ele>0</ele>
        <time>2026-10-05T09:24:33Z</time>
        <extensions>
          <gpxtpx:TrackPointExtension>
            <gpxtpx:hr>134</gpxtpx:hr>
          </gpxtpx:TrackPointExtension>
        </extensions>
      </trkpt>
      <trkpt lat="1.408604177136412" lon="103.90637096023069">
        <ele>0</ele>
        <time>2026-10-05T09:24:34Z</time>
        <extensions>
          <gpxtpx:TrackPointExtension>
            <gpxtpx:hr>134</gpxtpx:hr>
          </gpxtpx:TrackPointExtension>
        </extensions>
      </trkpt>
      <trkpt lat="1.4086177353711864" lon="103.9063674238694">
        <ele>0</ele>
        <time>2026-10-05T09:24:35Z</time>
        <extensions>
          <gpxtpx:TrackPointExtension>
            <gpxtpx:hr>134</gpxtpx:hr>
          </gpxtpx:TrackPointExtension>
        </extensions>
      </trkpt>
      <trkpt lat="1.4086319405897776" lon="103.90636371973959">
        <ele>0</ele>
        <time>2026-10-05T09:24:36Z</time>
        <extensions>
          <gpxtpx:TrackPointExtension>
            <gpxtpx:hr>134</gpxtpx:hr>
          </gpxtpx:TrackPointExtension>
        </extensions>
      </trkpt>
      <trkpt lat="1.4086461251776026" lon="103.9063600217654">
        <ele>0</ele>
        <time>2026-10-05T09:24:37Z</time>
        <extensions>
          <gpxtpx:TrackPointExtension>
            <gpxtpx:hr>133</gpxtpx:hr>
          </gpxtpx:TrackPointExtension>
        </extensions>
      </trkpt>
      <trkpt lat="1.4086597359502007" lon="103.90635647346818">
        <ele>0</ele>
        <time>2026-10-05T09:24:38Z</time>
        <extensions>
          <gpxtpx:TrackPointExtension>
            <gpxtpx:hr>133</gpxtpx:hr>
          </gpxtpx:TrackPointExtension>
        </extensions>
      </trkpt>
      <trkpt lat="1.4086730571193626" lon="103.90635301539656">
        <ele>0</ele>
        <time>2026-10-05T09:24:39Z</time>
        <extensions>
          <gpxtpx:TrackPointExtension>
            <gpxtpx:hr>133</gpxtpx:hr>
          </gpxtpx:TrackPointExtension>
        </extensions>
      </trkpt>
      <trkpt lat="1.408685955496069" lon="103.90634941090975">
        <ele>0</ele>
        <time>2026-10-05T09:24:40Z</time>
        <extensions>
          <gpxtpx:TrackPointExtension>
            <gpxtpx:hr>133</gpxtpx:hr>
          </gpxtpx:TrackPointExtension>
        </extensions>
      </trkpt>
      <trkpt lat="1.4086984355039485" lon="103.90634566601486">
        <ele>0</ele>
        <time>2026-10-05T09:24:41Z</time>
        <extensions>
          <gpxtpx:TrackPointExtension>
            <gpxtpx:hr>133</gpxtpx:hr>
          </gpxtpx:TrackPointExtension>
        </extensions>
      </trkpt>
      <trkpt lat="1.408710818826933" lon="103.90634193674327">
        <ele>0</ele>
        <time>2026-10-05T09:24:42Z</time>
        <extensions>
          <gpxtpx:TrackPointExtension>
            <gpxtpx:hr>133</gpxtpx:hr>
          </gpxtpx:TrackPointExtension>
        </extensions>
      </trkpt>
      <trkpt lat="1.4087232387591113" lon="103.90633819593462">
        <ele>0</ele>
        <time>2026-10-05T09:24:43Z</time>
        <extensions>
          <gpxtpx:TrackPointExtension>
            <gpxtpx:hr>133</gpxtpx:hr>
          </gpxtpx:TrackPointExtension>
        </extensions>
      </trkpt>
      <trkpt lat="1.4087352085280647" lon="103.90633459293579">
        <ele>0</ele>
        <time>2026-10-05T09:24:44Z</time>
        <extensions>
          <gpxtpx:TrackPointExtension>
            <gpxtpx:hr>133</gpxtpx:hr>
          </gpxtpx:TrackPointExtension>
        </extensions>
      </trkpt>
      <trkpt lat="1.4087468686577294" lon="103.90633108527814">
        <ele>0</ele>
        <time>2026-10-05T09:24:45Z</time>
        <extensions>
          <gpxtpx:TrackPointExtension>
            <gpxtpx:hr>133</gpxtpx:hr>
          </gpxtpx:TrackPointExtension>
        </extensions>
      </trkpt>
      <trkpt lat="1.4087593477459255" lon="103.90632732968922">
        <ele>0</ele>
        <time>2026-10-05T09:24:46Z</time>
        <extensions>
          <gpxtpx:TrackPointExtension>
            <gpxtpx:hr>134</gpxtpx:hr>
          </gpxtpx:TrackPointExtension>
        </extensions>
      </trkpt>
      <trkpt lat="1.4087728735679763" lon="103.90632327224328">
        <ele>0</ele>
        <time>2026-10-05T09:24:47Z</time>
        <extensions>
          <gpxtpx:TrackPointExtension>
            <gpxtpx:hr>134</gpxtpx:hr>
          </gpxtpx:TrackPointExtension>
        </extensions>
      </trkpt>
      <trkpt lat="1.4087868757900797" lon="103.90631904320657">
        <ele>0</ele>
        <time>2026-10-05T09:24:48Z</time>
        <extensions>
          <gpxtpx:TrackPointExtension>
            <gpxtpx:hr>134</gpxtpx:hr>
          </gpxtpx:TrackPointExtension>
        </extensions>
      </trkpt>
      <trkpt lat="1.4088007534441165" lon="103.90631442094602">
        <ele>0</ele>
        <time>2026-10-05T09:24:49Z</time>
        <extensions>
          <gpxtpx:TrackPointExtension>
            <gpxtpx:hr>134</gpxtpx:hr>
          </gpxtpx:TrackPointExtension>
        </extensions>
      </trkpt>
      <trkpt lat="1.4088142293604815" lon="103.90630949569629">
        <ele>0</ele>
        <time>2026-10-05T09:24:50Z</time>
        <extensions>
          <gpxtpx:TrackPointExtension>
            <gpxtpx:hr>134</gpxtpx:hr>
          </gpxtpx:TrackPointExtension>
        </extensions>
      </trkpt>
      <trkpt lat="1.4088278400441545" lon="103.90630449524157">
        <ele>0</ele>
        <time>2026-10-05T09:24:51Z</time>
        <extensions>
          <gpxtpx:TrackPointExtension>
            <gpxtpx:hr>134</gpxtpx:hr>
          </gpxtpx:TrackPointExtension>
        </extensions>
      </trkpt>
      <trkpt lat="1.408841636775459" lon="103.9062992616799">
        <ele>0</ele>
        <time>2026-10-05T09:24:52Z</time>
        <extensions>
          <gpxtpx:TrackPointExtension>
            <gpxtpx:hr>134</gpxtpx:hr>
          </gpxtpx:TrackPointExtension>
        </extensions>
      </trkpt>
      <trkpt lat="1.4088550562071642" lon="103.90629396544374">
        <ele>0</ele>
        <time>2026-10-05T09:24:53Z</time>
        <extensions>
          <gpxtpx:TrackPointExtension>
            <gpxtpx:hr>134</gpxtpx:hr>
          </gpxtpx:TrackPointExtension>
        </extensions>
      </trkpt>
      <trkpt lat="1.4088680955289112" lon="103.90628856362248">
        <ele>0</ele>
        <time>2026-10-05T09:24:54Z</time>
        <extensions>
          <gpxtpx:TrackPointExtension>
            <gpxtpx:hr>134</gpxtpx:hr>
          </gpxtpx:TrackPointExtension>
        </extensions>
      </trkpt>
      <trkpt lat="1.4088812662355625" lon="103.90628281735222">
        <ele>0</ele>
        <time>2026-10-05T09:24:55Z</time>
        <extensions>
          <gpxtpx:TrackPointExtension>
            <gpxtpx:hr>134</gpxtpx:hr>
          </gpxtpx:TrackPointExtension>
        </extensions>
      </trkpt>
      <trkpt lat="1.4088943674434042" lon="103.90627672832255">
        <ele>0</ele>
        <time>2026-10-05T09:24:56Z</time>
        <extensions>
          <gpxtpx:TrackPointExtension>
            <gpxtpx:hr>133</gpxtpx:hr>
          </gpxtpx:TrackPointExtension>
        </extensions>
      </trkpt>
      <trkpt lat="1.4089071107932643" lon="103.90626998247618">
        <ele>0</ele>
        <time>2026-10-05T09:24:57Z</time>
        <extensions>
          <gpxtpx:TrackPointExtension>
            <gpxtpx:hr>133</gpxtpx:hr>
          </gpxtpx:TrackPointExtension>
        </extensions>
      </trkpt>
      <trkpt lat="1.4089196692302843" lon="103.90626230546673">
        <ele>0</ele>
        <time>2026-10-05T09:24:58Z</time>
        <extensions>
          <gpxtpx:TrackPointExtension>
            <gpxtpx:hr>133</gpxtpx:hr>
          </gpxtpx:TrackPointExtension>
        </extensions>
      </trkpt>
      <trkpt lat="1.4089320918549484" lon="103.90625475517065">
        <ele>0</ele>
        <time>2026-10-05T09:24:59Z</time>
        <extensions>
          <gpxtpx:TrackPointExtension>
            <gpxtpx:hr>133</gpxtpx:hr>
          </gpxtpx:TrackPointExtension>
        </extensions>
      </trkpt>
      <trkpt lat="1.408944514754228" lon="103.90624758827477">
        <ele>0</ele>
        <time>2026-10-05T09:25:00Z</time>
        <extensions>
          <gpxtpx:TrackPointExtension>
            <gpxtpx:hr>133</gpxtpx:hr>
          </gpxtpx:TrackPointExtension>
        </extensions>
      </trkpt>
      <trkpt lat="1.4089573601801408" lon="103.90624165818316">
        <ele>0</ele>
        <time>2026-10-05T09:25:01Z</time>
        <extensions>
          <gpxtpx:TrackPointExtension>
            <gpxtpx:hr>134</gpxtpx:hr>
          </gpxtpx:TrackPointExtension>
        </extensions>
      </trkpt>
      <trkpt lat="1.4089713684893037" lon="103.90623623810447">
        <ele>0</ele>
        <time>2026-10-05T09:25:02Z</time>
        <extensions>
          <gpxtpx:TrackPointExtension>
            <gpxtpx:hr>134</gpxtpx:hr>
          </gpxtpx:TrackPointExtension>
        </extensions>
      </trkpt>
      <trkpt lat="1.4089856205868907" lon="103.9062307441755">
        <ele>0</ele>
        <time>2026-10-05T09:25:03Z</time>
        <extensions>
          <gpxtpx:TrackPointExtension>
            <gpxtpx:hr>134</gpxtpx:hr>
          </gpxtpx:TrackPointExtension>
        </extensions>
      </trkpt>
      <trkpt lat="1.4089996921882821" lon="103.90622482970907">
        <ele>0</ele>
        <time>2026-10-05T09:25:04Z</time>
        <extensions>
          <gpxtpx:TrackPointExtension>
            <gpxtpx:hr>134</gpxtpx:hr>
          </gpxtpx:TrackPointExtension>
        </extensions>
      </trkpt>
      <trkpt lat="1.4090130219000674" lon="103.90621910507411">
        <ele>0</ele>
        <time>2026-10-05T09:25:05Z</time>
        <extensions>
          <gpxtpx:TrackPointExtension>
            <gpxtpx:hr>134</gpxtpx:hr>
          </gpxtpx:TrackPointExtension>
        </extensions>
      </trkpt>
      <trkpt lat="1.409023527140618" lon="103.90621027949337">
        <ele>0</ele>
        <time>2026-10-05T09:25:06Z</time>
        <extensions>
          <gpxtpx:TrackPointExtension>
            <gpxtpx:hr>134</gpxtpx:hr>
          </gpxtpx:TrackPointExtension>
        </extensions>
      </trkpt>
      <trkpt lat="1.4090341985142305" lon="103.90620269600764">
        <ele>0</ele>
        <time>2026-10-05T09:25:07Z</time>
        <extensions>
          <gpxtpx:TrackPointExtension>
            <gpxtpx:hr>134</gpxtpx:hr>
          </gpxtpx:TrackPointExtension>
        </extensions>
      </trkpt>
      <trkpt lat="1.4090447462028863" lon="103.90619554288983">
        <ele>0</ele>
        <time>2026-10-05T09:25:08Z</time>
        <extensions>
          <gpxtpx:TrackPointExtension>
            <gpxtpx:hr>134</gpxtpx:hr>
          </gpxtpx:TrackPointExtension>
        </extensions>
      </trkpt>
      <trkpt lat="1.4090554377299096" lon="103.90618862765082">
        <ele>0</ele>
        <time>2026-10-05T09:25:09Z</time>
        <extensions>
          <gpxtpx:TrackPointExtension>
            <gpxtpx:hr>134</gpxtpx:hr>
          </gpxtpx:TrackPointExtension>
        </extensions>
      </trkpt>
      <trkpt lat="1.4090655394694493" lon="103.90618388385032">
        <ele>0</ele>
        <time>2026-10-05T09:25:10Z</time>
        <extensions>
          <gpxtpx:TrackPointExtension>
            <gpxtpx:hr>134</gpxtpx:hr>
          </gpxtpx:TrackPointExtension>
        </extensions>
      </trkpt>
      <trkpt lat="1.4090749536326195" lon="103.90617943148308">
        <ele>0</ele>
        <time>2026-10-05T09:25:11Z</time>
        <extensions>
          <gpxtpx:TrackPointExtension>
            <gpxtpx:hr>134</gpxtpx:hr>
          </gpxtpx:TrackPointExtension>
        </extensions>
      </trkpt>
      <trkpt lat="1.4090854020944623" lon="103.90617430274813">
        <ele>0</ele>
        <time>2026-10-05T09:25:12Z</time>
        <extensions>
          <gpxtpx:TrackPointExtension>
            <gpxtpx:hr>134</gpxtpx:hr>
          </gpxtpx:TrackPointExtension>
        </extensions>
      </trkpt>
      <trkpt lat="1.409095375054551" lon="103.90616932398957">
        <ele>0</ele>
        <time>2026-10-05T09:25:13Z</time>
        <extensions>
          <gpxtpx:TrackPointExtension>
            <gpxtpx:hr>134</gpxtpx:hr>
          </gpxtpx:TrackPointExtension>
        </extensions>
      </trkpt>
      <trkpt lat="1.4091045845988206" lon="103.9061643278933">
        <ele>0</ele>
        <time>2026-10-05T09:25:14Z</time>
        <extensions>
          <gpxtpx:TrackPointExtension>
            <gpxtpx:hr>134</gpxtpx:hr>
          </gpxtpx:TrackPointExtension>
        </extensions>
      </trkpt>
      <trkpt lat="1.4091132043846921" lon="103.90615928562539">
        <ele>0</ele>
        <time>2026-10-05T09:25:15Z</time>
        <extensions>
          <gpxtpx:TrackPointExtension>
            <gpxtpx:hr>134</gpxtpx:hr>
          </gpxtpx:TrackPointExtension>
        </extensions>
      </trkpt>
      <trkpt lat="1.4091209698648426" lon="103.90615488463513">
        <ele>0</ele>
        <time>2026-10-05T09:25:16Z</time>
        <extensions>
          <gpxtpx:TrackPointExtension>
            <gpxtpx:hr>134</gpxtpx:hr>
          </gpxtpx:TrackPointExtension>
        </extensions>
      </trkpt>
      <trkpt lat="1.4091241561308625" lon="103.90615042518978">
        <ele>0</ele>
        <time>2026-10-05T09:25:17Z</time>
      </trkpt>
      <trkpt lat="1.4091297035910897" lon="103.9061363487584">
        <ele>0</ele>
        <time>2026-10-05T09:25:18Z</time>
      </trkpt>
      <trkpt lat="1.409143076847828" lon="103.90611825772592">
        <ele>0</ele>
        <time>2026-10-05T09:25:19Z</time>
      </trkpt>
      <trkpt lat="1.4091585167434657" lon="103.90610688442392">
        <ele>0</ele>
        <time>2026-10-05T09:25:20Z</time>
      </trkpt>
      <trkpt lat="1.40917499846015" lon="103.90609735956482">
        <ele>0</ele>
        <time>2026-10-05T09:25:21Z</time>
      </trkpt>
      <trkpt lat="1.4091915066681275" lon="103.90608798796828">
        <ele>0</ele>
        <time>2026-10-05T09:25:22Z</time>
      </trkpt>
      <trkpt lat="1.4092076501897774" lon="103.90607851472893">
        <ele>0</ele>
        <time>2026-10-05T09:25:23Z</time>
      </trkpt>
      <trkpt lat="1.4092233057103878" lon="103.90606925090542">
        <ele>0</ele>
        <time>2026-10-05T09:25:24Z</time>
      </trkpt>
      <trkpt lat="1.4092387308311305" lon="103.90606007978927">
        <ele>0</ele>
        <time>2026-10-05T09:25:25Z</time>
      </trkpt>
      <trkpt lat="1.4092543479392792" lon="103.9060507618623">
        <ele>0</ele>
        <time>2026-10-05T09:25:26Z</time>
      </trkpt>
      <trkpt lat="1.4092700565970577" lon="103.90604136293767">
        <ele>0</ele>
        <time>2026-10-05T09:25:27Z</time>
      </trkpt>
      <trkpt lat="1.409285785601275" lon="103.90603192710964">
        <ele>0</ele>
        <time>2026-10-05T09:25:28Z</time>
      </trkpt>
      <trkpt lat="1.4093014341320342" lon="103.90602251869723">
        <ele>0</ele>
        <time>2026-10-05T09:25:29Z</time>
      </trkpt>
      <trkpt lat="1.4093168211424674" lon="103.90601325220244">
        <ele>0</ele>
        <time>2026-10-05T09:25:30Z</time>
      </trkpt>
      <trkpt lat="1.4093319851828516" lon="103.90600410557838">
        <ele>0</ele>
        <time>2026-10-05T09:25:31Z</time>
      </trkpt>
      <trkpt lat="1.4093469703250088" lon="103.90599501269178">
        <ele>0</ele>
        <time>2026-10-05T09:25:32Z</time>
      </trkpt>
      <trkpt lat="1.4093614200085298" lon="103.90598579155515">
        <ele>0</ele>
        <time>2026-10-05T09:25:33Z</time>
      </trkpt>
      <trkpt lat="1.4093752847377878" lon="103.90597647558162">
        <ele>0</ele>
        <time>2026-10-05T09:25:34Z</time>
      </trkpt>
      <trkpt lat="1.409389215265474" lon="103.90596705902459">
        <ele>0</ele>
        <time>2026-10-05T09:25:35Z</time>
      </trkpt>
      <trkpt lat="1.4094038525379862" lon="103.90595714175961">
        <ele>0</ele>
        <time>2026-10-05T09:25:36Z</time>
      </trkpt>
      <trkpt lat="1.4094190949674419" lon="103.90594680126357">
        <ele>0</ele>
        <time>2026-10-05T09:25:37Z</time>
      </trkpt>
      <trkpt lat="1.4094342387703744" lon="103.90593652533154">
        <ele>0</ele>
        <time>2026-10-05T09:25:38Z</time>
      </trkpt>
      <trkpt lat="1.4094484976883999" lon="103.90592685959436">
        <ele>0</ele>
        <time>2026-10-05T09:25:39Z</time>
      </trkpt>
      <trkpt lat="1.4094637212903531" lon="103.90591650388578">
        <ele>0</ele>
        <time>2026-10-05T09:25:40Z</time>
      </trkpt>
      <trkpt lat="1.4094815026686032" lon="103.90590437532326">
        <ele>0</ele>
        <time>2026-10-05T09:25:41Z</time>
      </trkpt>
      <trkpt lat="1.409499315824714" lon="103.90589220730787">
        <ele>0</ele>
        <time>2026-10-05T09:25:42Z</time>
      </trkpt>
      <trkpt lat="1.4095157005455021" lon="103.90588095591899">
        <ele>0</ele>
        <time>2026-10-05T09:25:43Z</time>
      </trkpt>
      <trkpt lat="1.4095314567814057" lon="103.90586983938246">
        <ele>0</ele>
        <time>2026-10-05T09:25:44Z</time>
      </trkpt>
      <trkpt lat="1.4095468221432066" lon="103.9058586823277">
        <ele>0</ele>
        <time>2026-10-05T09:25:45Z</time>
      </trkpt>
      <trkpt lat="1.4095619683573821" lon="103.90584756703217">
        <ele>0</ele>
        <time>2026-10-05T09:25:46Z</time>
      </trkpt>
      <trkpt lat="1.4095768801923956" lon="103.90583653837035">
        <ele>0</ele>
        <time>2026-10-05T09:25:47Z</time>
      </trkpt>
      <trkpt lat="1.4095915442891527" lon="103.90582562363791">
        <ele>0</ele>
        <time>2026-10-05T09:25:48Z</time>
      </trkpt>
      <trkpt lat="1.4096056259189256" lon="103.90581509678552">
        <ele>0</ele>
        <time>2026-10-05T09:25:49Z</time>
      </trkpt>
      <trkpt lat="1.4096134732185805" lon="103.90580931820676">
        <ele>0</ele>
        <time>2026-10-05T09:25:50Z</time>
      </trkpt>
      <trkpt lat="1.409615729019847" lon="103.90580860298796">
        <ele>0</ele>
        <time>2026-10-05T09:25:51Z</time>
      </trkpt>
      <trkpt lat="1.409618124248763" lon="103.90580897230241">
        <ele>0</ele>
        <time>2026-10-05T09:25:52Z</time>
      </trkpt>
      <trkpt lat="1.4096204212378205" lon="103.90580995906518">
        <ele>0</ele>
        <time>2026-10-05T09:25:53Z</time>
      </trkpt>
      <trkpt lat="1.4096225287585942" lon="103.90581120763773">
        <ele>0</ele>
        <time>2026-10-05T09:25:54Z</time>
      </trkpt>
      <trkpt lat="1.4096230319858105" lon="103.90581371924374">
        <ele>0</ele>
        <time>2026-10-05T09:25:55Z</time>
      </trkpt>
      <trkpt lat="1.409624340703977" lon="103.90581521125705">
        <ele>0</ele>
        <time>2026-10-05T09:25:56Z</time>
      </trkpt>
      <trkpt lat="1.4096256003444256" lon="103.90581639247314">
        <ele>0</ele>
        <time>2026-10-05T09:25:57Z</time>
      </trkpt>
      <trkpt lat="1.4096269401839672" lon="103.90581714280499">
        <ele>0</ele>
        <time>2026-10-05T09:25:58Z</time>
      </trkpt>
      <trkpt lat="1.4096285667858313" lon="103.90581730505892">
        <ele>0</ele>
        <time>2026-10-05T09:25:59Z</time>
      </trkpt>
      <trkpt lat="1.4096307638254848" lon="103.90581666269748">
        <ele>0</ele>
        <time>2026-10-05T09:26:00Z</time>
      </trkpt>
      <trkpt lat="1.4096339668323252" lon="103.9058148892087">
        <ele>0</ele>
        <time>2026-10-05T09:26:01Z</time>
      </trkpt>
      <trkpt lat="1.4096387911156498" lon="103.90581151029652">
        <ele>0</ele>
        <time>2026-10-05T09:26:02Z</time>
      </trkpt>
      <trkpt lat="1.409646115455833" lon="103.90580582818095">
        <ele>0</ele>
        <time>2026-10-05T09:26:03Z</time>
      </trkpt>
      <trkpt lat="1.4096571549223085" lon="103.9057968665988">
        <ele>0</ele>
        <time>2026-10-05T09:26:04Z</time>
      </trkpt>
      <trkpt lat="1.4096593256713825" lon="103.90579499124628">
        <ele>0</ele>
        <time>2026-10-05T09:26:04Z</time>
      </trkpt>
      <trkpt lat="1.4096731070133117" lon="103.905783613208">
        <ele>0</ele>
        <time>2026-10-05T09:26:05Z</time>
      </trkpt>
      <trkpt lat="1.4096868062072883" lon="103.9057722786155">
        <ele>0</ele>
        <time>2026-10-05T09:26:06Z</time>
      </trkpt>
      <trkpt lat="1.4097003508783432" lon="103.90576105673405">
        <ele>0</ele>
        <time>2026-10-05T09:26:07Z</time>
      </trkpt>
      <trkpt lat="1.4097137910764588" lon="103.90574989289819">
        <ele>0</ele>
        <time>2026-10-05T09:26:08Z</time>
      </trkpt>
      <trkpt lat="1.4097276044449454" lon="103.90573797700262">
        <ele>0</ele>
        <time>2026-10-05T09:26:09Z</time>
      </trkpt>
      <trkpt lat="1.4097414637576648" lon="103.90572571500068">
        <ele>0</ele>
        <time>2026-10-05T09:26:10Z</time>
      </trkpt>
      <trkpt lat="1.4097557447004674" lon="103.90571302695069">
        <ele>0</ele>
        <time>2026-10-05T09:26:11Z</time>
      </trkpt>
      <trkpt lat="1.4097700087829368" lon="103.9057004237014">
        <ele>0</ele>
        <time>2026-10-05T09:26:12Z</time>
      </trkpt>
      <trkpt lat="1.4097840263853574" lon="103.90568804313062">
        <ele>0</ele>
        <time>2026-10-05T09:26:13Z</time>
      </trkpt>
      <trkpt lat="1.4097974913944575" lon="103.90567587330386">
        <ele>0</ele>
        <time>2026-10-05T09:26:14Z</time>
      </trkpt>
      <trkpt lat="1.4098099464466651" lon="103.90566436307392">
        <ele>0</ele>
        <time>2026-10-05T09:26:15Z</time>
      </trkpt>
      <trkpt lat="1.4098218462804712" lon="103.9056533348168">
        <ele>0</ele>
        <time>2026-10-05T09:26:16Z</time>
      </trkpt>
      <trkpt lat="1.4098336490199417" lon="103.90564237894667">
        <ele>0</ele>
        <time>2026-10-05T09:26:17Z</time>
      </trkpt>
      <trkpt lat="1.4098470671015009" lon="103.90562987257935">
        <ele>0</ele>
        <time>2026-10-05T09:26:18Z</time>
      </trkpt>
      <trkpt lat="1.4098590248752354" lon="103.90561825819509">
        <ele>0</ele>
        <time>2026-10-05T09:26:19Z</time>
      </trkpt>
      <trkpt lat="1.4098678146420993" lon="103.9056091586992">
        <ele>0</ele>
        <time>2026-10-05T09:26:20Z</time>
      </trkpt>
      <trkpt lat="1.4098740579465483" lon="103.90560265146249">
        <ele>0</ele>
        <time>2026-10-05T09:26:21Z</time>
      </trkpt>
      <trkpt lat="1.40987654951047" lon="103.90559999830738">
        <ele>0</ele>
        <time>2026-10-05T09:26:22Z</time>
      </trkpt>
      <trkpt lat="1.4098775459767505" lon="103.90559887130989">
        <ele>0</ele>
        <time>2026-10-05T09:26:23Z</time>
      </trkpt>
      <trkpt lat="1.4098787969626865" lon="103.90559748635053">
        <ele>0</ele>
        <time>2026-10-05T09:26:24Z</time>
      </trkpt>
      <trkpt lat="1.4098848072376322" lon="103.90559120946699">
        <ele>0</ele>
        <time>2026-10-05T09:26:25Z</time>
      </trkpt>
      <trkpt lat="1.4098952043109636" lon="103.90558037154668">
        <ele>0</ele>
        <time>2026-10-05T09:26:26Z</time>
      </trkpt>
      <trkpt lat="1.4099050863544897" lon="103.90556930401196">
        <ele>0</ele>
        <time>2026-10-05T09:26:27Z</time>
      </trkpt>
      <trkpt lat="1.409914652329984" lon="103.90555776832409">
        <ele>0</ele>
        <time>2026-10-05T09:26:28Z</time>
      </trkpt>
      <trkpt lat="1.4099240502669514" lon="103.90554637829405">
        <ele>0</ele>
        <time>2026-10-05T09:26:29Z</time>
      </trkpt>
      <trkpt lat="1.409932813141408" lon="103.90553572214613">
        <ele>0</ele>
        <time>2026-10-05T09:26:30Z</time>
      </trkpt>
      <trkpt lat="1.409940871232135" lon="103.90552541100368">
        <ele>0</ele>
        <time>2026-10-05T09:26:31Z</time>
      </trkpt>
      <trkpt lat="1.4099483653690124" lon="103.90551529640275">
        <ele>0</ele>
        <time>2026-10-05T09:26:32Z</time>
      </trkpt>
      <trkpt lat="1.4099556779086502" lon="103.90550539733593">
        <ele>0</ele>
        <time>2026-10-05T09:26:33Z</time>
      </trkpt>
      <trkpt lat="1.4099631108008917" lon="103.9054953364182">
        <ele>0</ele>
        <time>2026-10-05T09:26:34Z</time>
      </trkpt>
      <trkpt lat="1.4099708323263633" lon="103.90548488876505">
        <ele>0</ele>
        <time>2026-10-05T09:26:35Z</time>
      </trkpt>
      <trkpt lat="1.409978808374551" lon="103.90547410004332">
        <ele>0</ele>
        <time>2026-10-05T09:26:36Z</time>
      </trkpt>
      <trkpt lat="1.4099869188336698" lon="103.90546313074954">
        <ele>0</ele>
        <time>2026-10-05T09:26:37Z</time>
      </trkpt>
      <trkpt lat="1.4099950689344798" lon="103.90545209386192">
        <ele>0</ele>
        <time>2026-10-05T09:26:38Z</time>
      </trkpt>
      <trkpt lat="1.410003036791585" lon="103.90544104946528">
        <ele>0</ele>
        <time>2026-10-05T09:26:39Z</time>
      </trkpt>
      <trkpt lat="1.4100107640620505" lon="103.90543007942773">
        <ele>0</ele>
        <time>2026-10-05T09:26:40Z</time>
      </trkpt>
      <trkpt lat="1.4100182725530452" lon="103.90541940338859">
        <ele>0</ele>
        <time>2026-10-05T09:26:41Z</time>
      </trkpt>
      <trkpt lat="1.4100255198920875" lon="103.90540909683135">
        <ele>0</ele>
        <time>2026-10-05T09:26:42Z</time>
      </trkpt>
      <trkpt lat="1.4100332023426" lon="103.90539817622616">
        <ele>0</ele>
        <time>2026-10-05T09:26:43Z</time>
      </trkpt>
      <trkpt lat="1.4100413804785685" lon="103.90538655462724">
        <ele>0</ele>
        <time>2026-10-05T09:26:44Z</time>
      </trkpt>
      <trkpt lat="1.410049358691536" lon="103.90537521519752">
        <ele>0</ele>
        <time>2026-10-05T09:26:45Z</time>
      </trkpt>
      <trkpt lat="1.4100570052979664" lon="103.90536434433652">
        <ele>0</ele>
        <time>2026-10-05T09:26:46Z</time>
      </trkpt>
      <trkpt lat="1.410064383666466" lon="103.90535382323263">
        <ele>0</ele>
        <time>2026-10-05T09:26:47Z</time>
      </trkpt>
      <trkpt lat="1.410071533233462" lon="103.90534317324376">
        <ele>0</ele>
        <time>2026-10-05T09:26:48Z</time>
      </trkpt>
      <trkpt lat="1.410078593201146" lon="103.90533219290724">
        <ele>0</ele>
        <time>2026-10-05T09:26:49Z</time>
      </trkpt>
      <trkpt lat="1.410085440766602" lon="103.90532151620475">
        <ele>0</ele>
        <time>2026-10-05T09:26:50Z</time>
      </trkpt>
      <trkpt lat="1.4100921853537876" lon="103.90531100082742">
        <ele>0</ele>
        <time>2026-10-05T09:26:51Z</time>
      </trkpt>
      <trkpt lat="1.4100994118661443" lon="103.90529973873517">
        <ele>0</ele>
        <time>2026-10-05T09:26:52Z</time>
      </trkpt>
      <trkpt lat="1.4101070610502462" lon="103.90528782198406">
        <ele>0</ele>
        <time>2026-10-05T09:26:53Z</time>
      </trkpt>
      <trkpt lat="1.410114581843094" lon="103.90527610320008">
        <ele>0</ele>
        <time>2026-10-05T09:26:54Z</time>
      </trkpt>
      <trkpt lat="1.4101215818934862" lon="103.90526518237222">
        <ele>0</ele>
        <time>2026-10-05T09:26:55Z</time>
      </trkpt>
      <trkpt lat="1.4101277298834507" lon="103.9052554300837">
        <ele>0</ele>
        <time>2026-10-05T09:26:56Z</time>
      </trkpt>
      <trkpt lat="1.4101309691930495" lon="103.90525013603585">
        <ele>0</ele>
        <time>2026-10-05T09:26:57Z</time>
      </trkpt>
      <trkpt lat="1.4101317710532617" lon="103.90524871626891">
        <ele>0</ele>
        <time>2026-10-05T09:26:58Z</time>
      </trkpt>
      <trkpt lat="1.410132477024611" lon="103.90524744729048">
        <ele>0</ele>
        <time>2026-10-05T09:26:59Z</time>
      </trkpt>
      <trkpt lat="1.4101334086935418" lon="103.90524581701078">
        <ele>0</ele>
        <time>2026-10-05T09:27:00Z</time>
      </trkpt>
      <trkpt lat="1.4101374048106283" lon="103.90523929680074">
        <ele>0</ele>
        <time>2026-10-05T09:27:01Z</time>
      </trkpt>
      <trkpt lat="1.4101440333954578" lon="103.90522857959101">
        <ele>0</ele>
        <time>2026-10-05T09:27:02Z</time>
      </trkpt>
      <trkpt lat="1.4101504481801568" lon="103.90521820676622">
        <ele>0</ele>
        <time>2026-10-05T09:27:03Z</time>
      </trkpt>
      <trkpt lat="1.4101568331761407" lon="103.90520788136223">
        <ele>0</ele>
        <time>2026-10-05T09:27:04Z</time>
      </trkpt>
      <trkpt lat="1.4101631812302797" lon="103.90519761471927">
        <ele>0</ele>
        <time>2026-10-05T09:27:05Z</time>
      </trkpt>
      <trkpt lat="1.4101695905283673" lon="103.90518724943597">
        <ele>0</ele>
        <time>2026-10-05T09:27:06Z</time>
      </trkpt>
      <trkpt lat="1.4101761496897787" lon="103.90517664331362">
        <ele>0</ele>
        <time>2026-10-05T09:27:07Z</time>
      </trkpt>
      <trkpt lat="1.410182832306514" lon="103.90516583849615">
        <ele>0</ele>
        <time>2026-10-05T09:27:08Z</time>
      </trkpt>
      <trkpt lat="1.4101895334980374" lon="103.90515500298689">
        <ele>0</ele>
        <time>2026-10-05T09:27:09Z</time>
      </trkpt>
      <trkpt lat="1.4101961650044146" lon="103.90514427820824">
        <ele>0</ele>
        <time>2026-10-05T09:27:10Z</time>
      </trkpt>
      <trkpt lat="1.4102027769439265" lon="103.90513358403076">
        <ele>0</ele>
        <time>2026-10-05T09:27:11Z</time>
      </trkpt>
      <trkpt lat="1.4102094194235553" lon="103.90512284357185">
        <ele>0</ele>
        <time>2026-10-05T09:27:12Z</time>
      </trkpt>
      <trkpt lat="1.4102160713357494" lon="103.90511215353732">
        <ele>0</ele>
        <time>2026-10-05T09:27:13Z</time>
      </trkpt>
      <trkpt lat="1.4102227574287876" lon="103.9051014748668">
        <ele>0</ele>
        <time>2026-10-05T09:27:14Z</time>
      </trkpt>
      <trkpt lat="1.410229443220464" lon="103.90509079934503">
        <ele>0</ele>
        <time>2026-10-05T09:27:15Z</time>
      </trkpt>
      <trkpt lat="1.4102360862918095" lon="103.90508019069796">
        <ele>0</ele>
        <time>2026-10-05T09:27:16Z</time>
      </trkpt>
      <trkpt lat="1.4102427636495902" lon="103.90506952682848">
        <ele>0</ele>
        <time>2026-10-05T09:27:17Z</time>
      </trkpt>
      <trkpt lat="1.4102495313848507" lon="103.90505871477745">
        <ele>0</ele>
        <time>2026-10-05T09:27:18Z</time>
      </trkpt>
      <trkpt lat="1.410256374910363" lon="103.90504778022446">
        <ele>0</ele>
        <time>2026-10-05T09:27:19Z</time>
      </trkpt>
      <trkpt lat="1.4102633454582354" lon="103.90503664309954">
        <ele>0</ele>
        <time>2026-10-05T09:27:20Z</time>
      </trkpt>
      <trkpt lat="1.410270384535492" lon="103.90502539585289">
        <ele>0</ele>
        <time>2026-10-05T09:27:21Z</time>
      </trkpt>
      <trkpt lat="1.4102772766862042" lon="103.90501437915458">
        <ele>0</ele>
        <time>2026-10-05T09:27:22Z</time>
        <extensions>
          <gpxtpx:TrackPointExtension>
            <gpxtpx:hr>135</gpxtpx:hr>
          </gpxtpx:TrackPointExtension>
        </extensions>
      </trkpt>
      <trkpt lat="1.4102838797247148" lon="103.90500381797838">
        <ele>0</ele>
        <time>2026-10-05T09:27:23Z</time>
        <extensions>
          <gpxtpx:TrackPointExtension>
            <gpxtpx:hr>135</gpxtpx:hr>
          </gpxtpx:TrackPointExtension>
        </extensions>
      </trkpt>
      <trkpt lat="1.4102902176222798" lon="103.90499367335654">
        <ele>0</ele>
        <time>2026-10-05T09:27:24Z</time>
        <extensions>
          <gpxtpx:TrackPointExtension>
            <gpxtpx:hr>135</gpxtpx:hr>
          </gpxtpx:TrackPointExtension>
        </extensions>
      </trkpt>
      <trkpt lat="1.4102964821272448" lon="103.90498364206596">
        <ele>0</ele>
        <time>2026-10-05T09:27:25Z</time>
        <extensions>
          <gpxtpx:TrackPointExtension>
            <gpxtpx:hr>135</gpxtpx:hr>
          </gpxtpx:TrackPointExtension>
        </extensions>
      </trkpt>
      <trkpt lat="1.4103028062520802" lon="103.90497351474721">
        <ele>0</ele>
        <time>2026-10-05T09:27:26Z</time>
        <extensions>
          <gpxtpx:TrackPointExtension>
            <gpxtpx:hr>135</gpxtpx:hr>
          </gpxtpx:TrackPointExtension>
        </extensions>
      </trkpt>
      <trkpt lat="1.4103092861354407" lon="103.9049631703931">
        <ele>0</ele>
        <time>2026-10-05T09:27:27Z</time>
        <extensions>
          <gpxtpx:TrackPointExtension>
            <gpxtpx:hr>135</gpxtpx:hr>
          </gpxtpx:TrackPointExtension>
        </extensions>
      </trkpt>
      <trkpt lat="1.410316142844718" lon="103.90495282594836">
        <ele>0</ele>
        <time>2026-10-05T09:27:28Z</time>
        <extensions>
          <gpxtpx:TrackPointExtension>
            <gpxtpx:hr>135</gpxtpx:hr>
          </gpxtpx:TrackPointExtension>
        </extensions>
      </trkpt>
      <trkpt lat="1.4103231861730634" lon="103.90494276574944">
        <ele>0</ele>
        <time>2026-10-05T09:27:29Z</time>
        <extensions>
          <gpxtpx:TrackPointExtension>
            <gpxtpx:hr>135</gpxtpx:hr>
          </gpxtpx:TrackPointExtension>
        </extensions>
      </trkpt>
      <trkpt lat="1.4103301493649834" lon="103.90493284647103">
        <ele>0</ele>
        <time>2026-10-05T09:27:30Z</time>
        <extensions>
          <gpxtpx:TrackPointExtension>
            <gpxtpx:hr>135</gpxtpx:hr>
          </gpxtpx:TrackPointExtension>
        </extensions>
      </trkpt>
      <trkpt lat="1.4103370930614771" lon="103.90492295462164">
        <ele>0</ele>
        <time>2026-10-05T09:27:31Z</time>
        <extensions>
          <gpxtpx:TrackPointExtension>
            <gpxtpx:hr>135</gpxtpx:hr>
          </gpxtpx:TrackPointExtension>
        </extensions>
      </trkpt>
      <trkpt lat="1.4103441216411434" lon="103.90491294168383">
        <ele>0</ele>
        <time>2026-10-05T09:27:32Z</time>
        <extensions>
          <gpxtpx:TrackPointExtension>
            <gpxtpx:hr>135</gpxtpx:hr>
          </gpxtpx:TrackPointExtension>
        </extensions>
      </trkpt>
      <trkpt lat="1.410351443604784" lon="103.9049025136027">
        <ele>0</ele>
        <time>2026-10-05T09:27:33Z</time>
        <extensions>
          <gpxtpx:TrackPointExtension>
            <gpxtpx:hr>135</gpxtpx:hr>
          </gpxtpx:TrackPointExtension>
        </extensions>
      </trkpt>
      <trkpt lat="1.4103595612124131" lon="103.90489096165877">
        <ele>0</ele>
        <time>2026-10-05T09:27:34Z</time>
        <extensions>
          <gpxtpx:TrackPointExtension>
            <gpxtpx:hr>135</gpxtpx:hr>
          </gpxtpx:TrackPointExtension>
        </extensions>
      </trkpt>
      <trkpt lat="1.4103687908996192" lon="103.9048778380809">
        <ele>0</ele>
        <time>2026-10-05T09:27:35Z</time>
        <extensions>
          <gpxtpx:TrackPointExtension>
            <gpxtpx:hr>135</gpxtpx:hr>
          </gpxtpx:TrackPointExtension>
        </extensions>
      </trkpt>
      <trkpt lat="1.4103790002310748" lon="103.90486332805686">
        <ele>0</ele>
        <time>2026-10-05T09:27:36Z</time>
        <extensions>
          <gpxtpx:TrackPointExtension>
            <gpxtpx:hr>135</gpxtpx:hr>
          </gpxtpx:TrackPointExtension>
        </extensions>
      </trkpt>
      <trkpt lat="1.4103897212519894" lon="103.9048480910673">
        <ele>0</ele>
        <time>2026-10-05T09:27:37Z</time>
        <extensions>
          <gpxtpx:TrackPointExtension>
            <gpxtpx:hr>135</gpxtpx:hr>
          </gpxtpx:TrackPointExtension>
        </extensions>
      </trkpt>
      <trkpt lat="1.4104000490147977" lon="103.90483340488865">
        <ele>0</ele>
        <time>2026-10-05T09:27:38Z</time>
        <extensions>
          <gpxtpx:TrackPointExtension>
            <gpxtpx:hr>135</gpxtpx:hr>
          </gpxtpx:TrackPointExtension>
        </extensions>
      </trkpt>
      <trkpt lat="1.4104094985004771" lon="103.9048199546766">
        <ele>0</ele>
        <time>2026-10-05T09:27:39Z</time>
        <extensions>
          <gpxtpx:TrackPointExtension>
            <gpxtpx:hr>135</gpxtpx:hr>
          </gpxtpx:TrackPointExtension>
        </extensions>
      </trkpt>
      <trkpt lat="1.4104181378011142" lon="103.90480764480243">
        <ele>0</ele>
        <time>2026-10-05T09:27:40Z</time>
        <extensions>
          <gpxtpx:TrackPointExtension>
            <gpxtpx:hr>135</gpxtpx:hr>
          </gpxtpx:TrackPointExtension>
        </extensions>
      </trkpt>
      <trkpt lat="1.4104262992477032" lon="103.90479600697725">
        <ele>0</ele>
        <time>2026-10-05T09:27:41Z</time>
        <extensions>
          <gpxtpx:TrackPointExtension>
            <gpxtpx:hr>135</gpxtpx:hr>
          </gpxtpx:TrackPointExtension>
        </extensions>
      </trkpt>
      <trkpt lat="1.4104342129295473" lon="103.90478471654053">
        <ele>0</ele>
        <time>2026-10-05T09:27:42Z</time>
      </trkpt>
      <trkpt lat="1.4104418595896642" lon="103.90477380071665">
        <ele>0</ele>
        <time>2026-10-05T09:27:43Z</time>
      </trkpt>
      <trkpt lat="1.4104493123611177" lon="103.90476315618464">
        <ele>0</ele>
        <time>2026-10-05T09:27:44Z</time>
      </trkpt>
      <trkpt lat="1.4104567942745112" lon="103.90475246792626">
        <ele>0</ele>
        <time>2026-10-05T09:27:45Z</time>
      </trkpt>
      <trkpt lat="1.4104643708748712" lon="103.9047416433862">
        <ele>0</ele>
        <time>2026-10-05T09:27:46Z</time>
      </trkpt>
      <trkpt lat="1.4104718456637206" lon="103.90473095989022">
        <ele>0</ele>
        <time>2026-10-05T09:27:47Z</time>
      </trkpt>
      <trkpt lat="1.4104788965334942" lon="103.90472086456761">
        <ele>0</ele>
        <time>2026-10-05T09:27:48Z</time>
      </trkpt>
      <trkpt lat="1.4104854008600654" lon="103.90471157554327">
        <ele>0</ele>
        <time>2026-10-05T09:27:49Z</time>
      </trkpt>
      <trkpt lat="1.4104916374415295" lon="103.9047026977508">
        <ele>0</ele>
        <time>2026-10-05T09:27:50Z</time>
      </trkpt>
      <trkpt lat="1.4104979612185438" lon="103.90469369413623">
        <ele>0</ele>
        <time>2026-10-05T09:27:51Z</time>
      </trkpt>
      <trkpt lat="1.4105044111651843" lon="103.90468451198122">
        <ele>0</ele>
        <time>2026-10-05T09:27:52Z</time>
      </trkpt>
      <trkpt lat="1.4105109630603379" lon="103.90467517813819">
        <ele>0</ele>
        <time>2026-10-05T09:27:53Z</time>
      </trkpt>
      <trkpt lat="1.410518315485368" lon="103.90466475034164">
        <ele>0</ele>
        <time>2026-10-05T09:27:54Z</time>
      </trkpt>
      <trkpt lat="1.4105262121419642" lon="103.90465355726357">
        <ele>0</ele>
        <time>2026-10-05T09:27:55Z</time>
      </trkpt>
      <trkpt lat="1.4105338391069646" lon="103.90464273932768">
        <ele>0</ele>
        <time>2026-10-05T09:27:56Z</time>
      </trkpt>
      <trkpt lat="1.4105415819330478" lon="103.9046318010063">
        <ele>0</ele>
        <time>2026-10-05T09:27:57Z</time>
      </trkpt>
      <trkpt lat="1.4105500813679184" lon="103.90462050624929">
        <ele>0</ele>
        <time>2026-10-05T09:27:58Z</time>
      </trkpt>
      <trkpt lat="1.4105593292194656" lon="103.9046089947273">
        <ele>0</ele>
        <time>2026-10-05T09:27:59Z</time>
      </trkpt>
      <trkpt lat="1.410569161756063" lon="103.90459747817172">
        <ele>0</ele>
        <time>2026-10-05T09:28:00Z</time>
      </trkpt>
      <trkpt lat="1.4105791888234034" lon="103.90458632436075">
        <ele>0</ele>
        <time>2026-10-05T09:28:01Z</time>
      </trkpt>
      <trkpt lat="1.410588845684168" lon="103.9045756840734">
        <ele>0</ele>
        <time>2026-10-05T09:28:02Z</time>
      </trkpt>
      <trkpt lat="1.4105983521743395" lon="103.90456610950733">
        <ele>0</ele>
        <time>2026-10-05T09:28:03Z</time>
      </trkpt>
      <trkpt lat="1.4106077578412008" lon="103.90455753688647">
        <ele>0</ele>
        <time>2026-10-05T09:28:04Z</time>
      </trkpt>
      <trkpt lat="1.410617027248688" lon="103.90454913784318">
        <ele>0</ele>
        <time>2026-10-05T09:28:05Z</time>
      </trkpt>
      <trkpt lat="1.4106262660408153" lon="103.90454077376793">
        <ele>0</ele>
        <time>2026-10-05T09:28:06Z</time>
      </trkpt>
      <trkpt lat="1.4106353635583877" lon="103.90453253519132">
        <ele>0</ele>
        <time>2026-10-05T09:28:07Z</time>
      </trkpt>
      <trkpt lat="1.4106441506640994" lon="103.90452447195133">
        <ele>0</ele>
        <time>2026-10-05T09:28:08Z</time>
      </trkpt>
      <trkpt lat="1.4106513717145575" lon="103.9045156243978">
        <ele>0</ele>
        <time>2026-10-05T09:28:09Z</time>
      </trkpt>
      <trkpt lat="1.4106572049244686" lon="103.90450579129403">
        <ele>0</ele>
        <time>2026-10-05T09:28:10Z</time>
      </trkpt>
      <trkpt lat="1.4106631436989694" lon="103.9044956235487">
        <ele>0</ele>
        <time>2026-10-05T09:28:11Z</time>
      </trkpt>
      <trkpt lat="1.410669288344111" lon="103.90448509319833">
        <ele>0</ele>
        <time>2026-10-05T09:28:12Z</time>
      </trkpt>
      <trkpt lat="1.4106754790836915" lon="103.90447440772064">
        <ele>0</ele>
        <time>2026-10-05T09:28:13Z</time>
      </trkpt>
      <trkpt lat="1.4106810739801086" lon="103.90446344019144">
        <ele>0</ele>
        <time>2026-10-05T09:28:14Z</time>
      </trkpt>
      <trkpt lat="1.4106860404453376" lon="103.90445225530729">
        <ele>0</ele>
        <time>2026-10-05T09:28:15Z</time>
      </trkpt>
      <trkpt lat="1.4106910424378796" lon="103.904440892667">
        <ele>0</ele>
        <time>2026-10-05T09:28:16Z</time>
      </trkpt>
      <trkpt lat="1.4106961385821972" lon="103.90442913899065">
        <ele>0</ele>
        <time>2026-10-05T09:28:17Z</time>
      </trkpt>
      <trkpt lat="1.4107014319847908" lon="103.90441689064359">
        <ele>0</ele>
        <time>2026-10-05T09:28:18Z</time>
      </trkpt>
      <trkpt lat="1.4107068676995604" lon="103.90440430769803">
        <ele>0</ele>
        <time>2026-10-05T09:28:19Z</time>
      </trkpt>
      <trkpt lat="1.4107126046454177" lon="103.9043916682049">
        <ele>0</ele>
        <time>2026-10-05T09:28:20Z</time>
      </trkpt>
      <trkpt lat="1.4107185745243311" lon="103.90437885991761">
        <ele>0</ele>
        <time>2026-10-05T09:28:21Z</time>
      </trkpt>
      <trkpt lat="1.4107245479534416" lon="103.90436586119658">
        <ele>0</ele>
        <time>2026-10-05T09:28:22Z</time>
      </trkpt>
      <trkpt lat="1.4107304073983624" lon="103.90435317409701">
        <ele>0</ele>
        <time>2026-10-05T09:28:23Z</time>
      </trkpt>
      <trkpt lat="1.4107359839918665" lon="103.90434111476078">
        <ele>0</ele>
        <time>2026-10-05T09:28:24Z</time>
      </trkpt>
      <trkpt lat="1.4107413926493166" lon="103.9043294491204">
        <ele>0</ele>
        <time>2026-10-05T09:28:25Z</time>
      </trkpt>
      <trkpt lat="1.410747221764942" lon="103.90431723380598">
        <ele>0</ele>
        <time>2026-10-05T09:28:26Z</time>
      </trkpt>
      <trkpt lat="1.4107552126339096" lon="103.90430507375335">
        <ele>0</ele>
        <time>2026-10-05T09:28:27Z</time>
      </trkpt>
      <trkpt lat="1.4107623968460248" lon="103.90429153917172">
        <ele>0</ele>
        <time>2026-10-05T09:28:28Z</time>
      </trkpt>
      <trkpt lat="1.4107667699540525" lon="103.90427628195901">
        <ele>0</ele>
        <time>2026-10-05T09:28:29Z</time>
      </trkpt>
      <trkpt lat="1.410771119907406" lon="103.90426030312263">
        <ele>0</ele>
        <time>2026-10-05T09:28:30Z</time>
      </trkpt>
      <trkpt lat="1.4107759418652137" lon="103.90424262482317">
        <ele>0</ele>
        <time>2026-10-05T09:28:31Z</time>
      </trkpt>
      <trkpt lat="1.4107810390877695" lon="103.90422416872067">
        <ele>0</ele>
        <time>2026-10-05T09:28:32Z</time>
      </trkpt>
      <trkpt lat="1.410786209272463" lon="103.90420617867484">
        <ele>0</ele>
        <time>2026-10-05T09:28:33Z</time>
      </trkpt>
      <trkpt lat="1.4107915364031698" lon="103.9041883734528">
        <ele>0</ele>
        <time>2026-10-05T09:28:34Z</time>
      </trkpt>
      <trkpt lat="1.410796814530363" lon="103.90417093297731">
        <ele>0</ele>
        <time>2026-10-05T09:28:35Z</time>
      </trkpt>
      <trkpt lat="1.4108019238373402" lon="103.90415421094661">
        <ele>0</ele>
        <time>2026-10-05T09:28:36Z</time>
      </trkpt>
      <trkpt lat="1.4108069172843338" lon="103.90413797916197">
        <ele>0</ele>
        <time>2026-10-05T09:28:37Z</time>
      </trkpt>
      <trkpt lat="1.4108118213431902" lon="103.90412208038121">
        <ele>0</ele>
        <time>2026-10-05T09:28:38Z</time>
      </trkpt>
      <trkpt lat="1.410816608782752" lon="103.90410664740227">
        <ele>0</ele>
        <time>2026-10-05T09:28:39Z</time>
      </trkpt>
      <trkpt lat="1.4108214618055002" lon="103.90409169104014">
        <ele>0</ele>
        <time>2026-10-05T09:28:40Z</time>
      </trkpt>
      <trkpt lat="1.4108266045694196" lon="103.90407655317557">
        <ele>0</ele>
        <time>2026-10-05T09:28:41Z</time>
      </trkpt>
      <trkpt lat="1.4108319385428243" lon="103.90406098544162">
        <ele>0</ele>
        <time>2026-10-05T09:28:42Z</time>
      </trkpt>
      <trkpt lat="1.4108377120834705" lon="103.9040452205148">
        <ele>0</ele>
        <time>2026-10-05T09:28:43Z</time>
      </trkpt>
      <trkpt lat="1.4108439044208914" lon="103.90402934812833">
        <ele>0</ele>
        <time>2026-10-05T09:28:44Z</time>
      </trkpt>
      <trkpt lat="1.4108500716536025" lon="103.90401362936674">
        <ele>0</ele>
        <time>2026-10-05T09:28:45Z</time>
      </trkpt>
      <trkpt lat="1.4108560376003845" lon="103.90399843566033">
        <ele>0</ele>
        <time>2026-10-05T09:28:46Z</time>
      </trkpt>
      <trkpt lat="1.4108618063475227" lon="103.90398374693785">
        <ele>0</ele>
        <time>2026-10-05T09:28:47Z</time>
      </trkpt>
      <trkpt lat="1.4108674671531396" lon="103.90396933116145">
        <ele>0</ele>
        <time>2026-10-05T09:28:48Z</time>
      </trkpt>
      <trkpt lat="1.4108731049068493" lon="103.90395496862484">
        <ele>0</ele>
        <time>2026-10-05T09:28:49Z</time>
      </trkpt>
      <trkpt lat="1.4108789978717133" lon="103.9039399463773">
        <ele>0</ele>
        <time>2026-10-05T09:28:50Z</time>
      </trkpt>
      <trkpt lat="1.410882811707155" lon="103.90393038948226">
        <ele>0</ele>
        <time>2026-10-05T09:28:51Z</time>
      </trkpt>
      <trkpt lat="1.4108846196700355" lon="103.90392608987584">
        <ele>0</ele>
        <time>2026-10-05T09:28:52Z</time>
      </trkpt>
      <trkpt lat="1.4108891684748808" lon="103.90391461103489">
        <ele>0</ele>
        <time>2026-10-05T09:28:53Z</time>
      </trkpt>
      <trkpt lat="1.4108955424015244" lon="103.90389833520405">
        <ele>0</ele>
        <time>2026-10-05T09:28:54Z</time>
      </trkpt>
      <trkpt lat="1.4109012704734674" lon="103.90388372508076">
        <ele>0</ele>
        <time>2026-10-05T09:28:55Z</time>
      </trkpt>
      <trkpt lat="1.410907123934687" lon="103.90386878942242">
        <ele>0</ele>
        <time>2026-10-05T09:28:56Z</time>
      </trkpt>
      <trkpt lat="1.4109130817114894" lon="103.90385358521057">
        <ele>0</ele>
        <time>2026-10-05T09:28:57Z</time>
      </trkpt>
      <trkpt lat="1.4109189688344272" lon="103.90383856726663">
        <ele>0</ele>
        <time>2026-10-05T09:28:58Z</time>
      </trkpt>
      <trkpt lat="1.4109247882574687" lon="103.90382372869205">
        <ele>0</ele>
        <time>2026-10-05T09:28:59Z</time>
      </trkpt>
      <trkpt lat="1.4109304899182171" lon="103.9038092057222">
        <ele>0</ele>
        <time>2026-10-05T09:29:00Z</time>
        <extensions>
          <gpxtpx:TrackPointExtension>
            <gpxtpx:hr>131</gpxtpx:hr>
          </gpxtpx:TrackPointExtension>
        </extensions>
      </trkpt>
      <trkpt lat="1.4109359859976314" lon="103.90379522081277">
        <ele>0</ele>
        <time>2026-10-05T09:29:01Z</time>
        <extensions>
          <gpxtpx:TrackPointExtension>
            <gpxtpx:hr>131</gpxtpx:hr>
          </gpxtpx:TrackPointExtension>
        </extensions>
      </trkpt>
      <trkpt lat="1.4109414296878187" lon="103.9037813810693">
        <ele>0</ele>
        <time>2026-10-05T09:29:02Z</time>
        <extensions>
          <gpxtpx:TrackPointExtension>
            <gpxtpx:hr>131</gpxtpx:hr>
          </gpxtpx:TrackPointExtension>
        </extensions>
      </trkpt>
      <trkpt lat="1.4109470182816843" lon="103.90376717680051">
        <ele>0</ele>
        <time>2026-10-05T09:29:03Z</time>
        <extensions>
          <gpxtpx:TrackPointExtension>
            <gpxtpx:hr>131</gpxtpx:hr>
          </gpxtpx:TrackPointExtension>
        </extensions>
      </trkpt>
      <trkpt lat="1.410952864551206" lon="103.90375232214869">
        <ele>0</ele>
        <time>2026-10-05T09:29:04Z</time>
        <extensions>
          <gpxtpx:TrackPointExtension>
            <gpxtpx:hr>131</gpxtpx:hr>
          </gpxtpx:TrackPointExtension>
        </extensions>
      </trkpt>
      <trkpt lat="1.410958957740762" lon="103.90373686092525">
        <ele>0</ele>
        <time>2026-10-05T09:29:05Z</time>
        <extensions>
          <gpxtpx:TrackPointExtension>
            <gpxtpx:hr>131</gpxtpx:hr>
          </gpxtpx:TrackPointExtension>
        </extensions>
      </trkpt>
      <trkpt lat="1.4109650743314466" lon="103.90372137155451">
        <ele>0</ele>
        <time>2026-10-05T09:29:06Z</time>
        <extensions>
          <gpxtpx:TrackPointExtension>
            <gpxtpx:hr>131</gpxtpx:hr>
          </gpxtpx:TrackPointExtension>
        </extensions>
      </trkpt>
      <trkpt lat="1.41097106520907" lon="103.90370633378316">
        <ele>0</ele>
        <time>2026-10-05T09:29:07Z</time>
        <extensions>
          <gpxtpx:TrackPointExtension>
            <gpxtpx:hr>131</gpxtpx:hr>
          </gpxtpx:TrackPointExtension>
        </extensions>
      </trkpt>
      <trkpt lat="1.4109769825796965" lon="103.90369153974511">
        <ele>0</ele>
        <time>2026-10-05T09:29:08Z</time>
        <extensions>
          <gpxtpx:TrackPointExtension>
            <gpxtpx:hr>131</gpxtpx:hr>
          </gpxtpx:TrackPointExtension>
        </extensions>
      </trkpt>
      <trkpt lat="1.4109826209543659" lon="103.90367733148504">
        <ele>0</ele>
        <time>2026-10-05T09:29:09Z</time>
        <extensions>
          <gpxtpx:TrackPointExtension>
            <gpxtpx:hr>131</gpxtpx:hr>
          </gpxtpx:TrackPointExtension>
        </extensions>
      </trkpt>
      <trkpt lat="1.4109879726318544" lon="103.90366323376381">
        <ele>0</ele>
        <time>2026-10-05T09:29:10Z</time>
        <extensions>
          <gpxtpx:TrackPointExtension>
            <gpxtpx:hr>131</gpxtpx:hr>
          </gpxtpx:TrackPointExtension>
        </extensions>
      </trkpt>
      <trkpt lat="1.4109933314173893" lon="103.90364840122915">
        <ele>0</ele>
        <time>2026-10-05T09:29:11Z</time>
        <extensions>
          <gpxtpx:TrackPointExtension>
            <gpxtpx:hr>131</gpxtpx:hr>
          </gpxtpx:TrackPointExtension>
        </extensions>
      </trkpt>
      <trkpt lat="1.4109988304647672" lon="103.90363302888971">
        <ele>0</ele>
        <time>2026-10-05T09:29:12Z</time>
        <extensions>
          <gpxtpx:TrackPointExtension>
            <gpxtpx:hr>130</gpxtpx:hr>
          </gpxtpx:TrackPointExtension>
        </extensions>
      </trkpt>
      <trkpt lat="1.4110042113776604" lon="103.90361796847675">
        <ele>0</ele>
        <time>2026-10-05T09:29:13Z</time>
        <extensions>
          <gpxtpx:TrackPointExtension>
            <gpxtpx:hr>130</gpxtpx:hr>
          </gpxtpx:TrackPointExtension>
        </extensions>
      </trkpt>
      <trkpt lat="1.4110093981734395" lon="103.90360338793394">
        <ele>0</ele>
        <time>2026-10-05T09:29:14Z</time>
        <extensions>
          <gpxtpx:TrackPointExtension>
            <gpxtpx:hr>130</gpxtpx:hr>
          </gpxtpx:TrackPointExtension>
        </extensions>
      </trkpt>
      <trkpt lat="1.4110143691817776" lon="103.9035889497652">
        <ele>0</ele>
        <time>2026-10-05T09:29:15Z</time>
        <extensions>
          <gpxtpx:TrackPointExtension>
            <gpxtpx:hr>130</gpxtpx:hr>
          </gpxtpx:TrackPointExtension>
        </extensions>
      </trkpt>
      <trkpt lat="1.4110192848274727" lon="103.90357422883943">
        <ele>0</ele>
        <time>2026-10-05T09:29:16Z</time>
        <extensions>
          <gpxtpx:TrackPointExtension>
            <gpxtpx:hr>130</gpxtpx:hr>
          </gpxtpx:TrackPointExtension>
        </extensions>
      </trkpt>
      <trkpt lat="1.4110256543306159" lon="103.9035550683412">
        <ele>0</ele>
        <time>2026-10-05T09:29:17Z</time>
        <extensions>
          <gpxtpx:TrackPointExtension>
            <gpxtpx:hr>129</gpxtpx:hr>
          </gpxtpx:TrackPointExtension>
        </extensions>
      </trkpt>
      <trkpt lat="1.4110314929769803" lon="103.90353747824841">
        <ele>0</ele>
        <time>2026-10-05T09:29:18Z</time>
        <extensions>
          <gpxtpx:TrackPointExtension>
            <gpxtpx:hr>129</gpxtpx:hr>
          </gpxtpx:TrackPointExtension>
        </extensions>
      </trkpt>
      <trkpt lat="1.411035325177476" lon="103.90352592708882">
        <ele>0</ele>
        <time>2026-10-05T09:29:19Z</time>
        <extensions>
          <gpxtpx:TrackPointExtension>
            <gpxtpx:hr>129</gpxtpx:hr>
          </gpxtpx:TrackPointExtension>
        </extensions>
      </trkpt>
      <trkpt lat="1.411039106091936" lon="103.90351453742574">
        <ele>0</ele>
        <time>2026-10-05T09:29:20Z</time>
        <extensions>
          <gpxtpx:TrackPointExtension>
            <gpxtpx:hr>129</gpxtpx:hr>
          </gpxtpx:TrackPointExtension>
        </extensions>
      </trkpt>
      <trkpt lat="1.4110427604614832" lon="103.90350350518455">
        <ele>0</ele>
        <time>2026-10-05T09:29:21Z</time>
        <extensions>
          <gpxtpx:TrackPointExtension>
            <gpxtpx:hr>129</gpxtpx:hr>
          </gpxtpx:TrackPointExtension>
        </extensions>
      </trkpt>
      <trkpt lat="1.4110462131739445" lon="103.90349305939283">
        <ele>0</ele>
        <time>2026-10-05T09:29:22Z</time>
        <extensions>
          <gpxtpx:TrackPointExtension>
            <gpxtpx:hr>129</gpxtpx:hr>
          </gpxtpx:TrackPointExtension>
        </extensions>
      </trkpt>
      <trkpt lat="1.4110500178852006" lon="103.90348151867987">
        <ele>0</ele>
        <time>2026-10-05T09:29:23Z</time>
        <extensions>
          <gpxtpx:TrackPointExtension>
            <gpxtpx:hr>129</gpxtpx:hr>
          </gpxtpx:TrackPointExtension>
        </extensions>
      </trkpt>
      <trkpt lat="1.4110541014660276" lon="103.90346910976646">
        <ele>0</ele>
        <time>2026-10-05T09:29:24Z</time>
        <extensions>
          <gpxtpx:TrackPointExtension>
            <gpxtpx:hr>129</gpxtpx:hr>
          </gpxtpx:TrackPointExtension>
        </extensions>
      </trkpt>
      <trkpt lat="1.4110581036344794" lon="103.90345693035326">
        <ele>0</ele>
        <time>2026-10-05T09:29:25Z</time>
        <extensions>
          <gpxtpx:TrackPointExtension>
            <gpxtpx:hr>127</gpxtpx:hr>
          </gpxtpx:TrackPointExtension>
        </extensions>
      </trkpt>
      <trkpt lat="1.4110621815634148" lon="103.90344450080207">
        <ele>0</ele>
        <time>2026-10-05T09:29:26Z</time>
        <extensions>
          <gpxtpx:TrackPointExtension>
            <gpxtpx:hr>127</gpxtpx:hr>
          </gpxtpx:TrackPointExtension>
        </extensions>
      </trkpt>
      <trkpt lat="1.4110660564994926" lon="103.90343267710804">
        <ele>0</ele>
        <time>2026-10-05T09:29:27Z</time>
        <extensions>
          <gpxtpx:TrackPointExtension>
            <gpxtpx:hr>127</gpxtpx:hr>
          </gpxtpx:TrackPointExtension>
        </extensions>
      </trkpt>
      <trkpt lat="1.411069657048926" lon="103.9034216802055">
        <ele>0</ele>
        <time>2026-10-05T09:29:28Z</time>
        <extensions>
          <gpxtpx:TrackPointExtension>
            <gpxtpx:hr>127</gpxtpx:hr>
          </gpxtpx:TrackPointExtension>
        </extensions>
      </trkpt>
      <trkpt lat="1.4110733731142113" lon="103.9034103223574">
        <ele>0</ele>
        <time>2026-10-05T09:29:29Z</time>
        <extensions>
          <gpxtpx:TrackPointExtension>
            <gpxtpx:hr>127</gpxtpx:hr>
          </gpxtpx:TrackPointExtension>
        </extensions>
      </trkpt>
      <trkpt lat="1.4110775475722073" lon="103.90339755692291">
        <ele>0</ele>
        <time>2026-10-05T09:29:30Z</time>
        <extensions>
          <gpxtpx:TrackPointExtension>
            <gpxtpx:hr>127</gpxtpx:hr>
          </gpxtpx:TrackPointExtension>
        </extensions>
      </trkpt>
      <trkpt lat="1.4110822760491677" lon="103.90338309572674">
        <ele>0</ele>
        <time>2026-10-05T09:29:31Z</time>
        <extensions>
          <gpxtpx:TrackPointExtension>
            <gpxtpx:hr>128</gpxtpx:hr>
          </gpxtpx:TrackPointExtension>
        </extensions>
      </trkpt>
      <trkpt lat="1.4110875863665564" lon="103.90336685031347">
        <ele>0</ele>
        <time>2026-10-05T09:29:32Z</time>
        <extensions>
          <gpxtpx:TrackPointExtension>
            <gpxtpx:hr>128</gpxtpx:hr>
          </gpxtpx:TrackPointExtension>
        </extensions>
      </trkpt>
      <trkpt lat="1.4110935362566925" lon="103.90334864571761">
        <ele>0</ele>
        <time>2026-10-05T09:29:33Z</time>
        <extensions>
          <gpxtpx:TrackPointExtension>
            <gpxtpx:hr>128</gpxtpx:hr>
          </gpxtpx:TrackPointExtension>
        </extensions>
      </trkpt>
      <trkpt lat="1.4110995286466186" lon="103.90333029892">
        <ele>0</ele>
        <time>2026-10-05T09:29:34Z</time>
        <extensions>
          <gpxtpx:TrackPointExtension>
            <gpxtpx:hr>128</gpxtpx:hr>
          </gpxtpx:TrackPointExtension>
        </extensions>
      </trkpt>
      <trkpt lat="1.411104988565723" lon="103.90331356976323">
        <ele>0</ele>
        <time>2026-10-05T09:29:35Z</time>
        <extensions>
          <gpxtpx:TrackPointExtension>
            <gpxtpx:hr>128</gpxtpx:hr>
          </gpxtpx:TrackPointExtension>
        </extensions>
      </trkpt>
      <trkpt lat="1.4111100051362002" lon="103.90329818785186">
        <ele>0</ele>
        <time>2026-10-05T09:29:36Z</time>
        <extensions>
          <gpxtpx:TrackPointExtension>
            <gpxtpx:hr>128</gpxtpx:hr>
          </gpxtpx:TrackPointExtension>
        </extensions>
      </trkpt>
      <trkpt lat="1.4111143476984542" lon="103.90328475478924">
        <ele>0</ele>
        <time>2026-10-05T09:29:37Z</time>
        <extensions>
          <gpxtpx:TrackPointExtension>
            <gpxtpx:hr>128</gpxtpx:hr>
          </gpxtpx:TrackPointExtension>
        </extensions>
      </trkpt>
      <trkpt lat="1.411118215160071" lon="103.90327255488315">
        <ele>0</ele>
        <time>2026-10-05T09:29:38Z</time>
        <extensions>
          <gpxtpx:TrackPointExtension>
            <gpxtpx:hr>128</gpxtpx:hr>
          </gpxtpx:TrackPointExtension>
        </extensions>
      </trkpt>
      <trkpt lat="1.4111220035604528" lon="103.90326038313907">
        <ele>0</ele>
        <time>2026-10-05T09:29:39Z</time>
        <extensions>
          <gpxtpx:TrackPointExtension>
            <gpxtpx:hr>128</gpxtpx:hr>
          </gpxtpx:TrackPointExtension>
        </extensions>
      </trkpt>
      <trkpt lat="1.4111257239566348" lon="103.9032481504979">
        <ele>0</ele>
        <time>2026-10-05T09:29:40Z</time>
        <extensions>
          <gpxtpx:TrackPointExtension>
            <gpxtpx:hr>129</gpxtpx:hr>
          </gpxtpx:TrackPointExtension>
        </extensions>
      </trkpt>
      <trkpt lat="1.4111295185713644" lon="103.90323558360777">
        <ele>0</ele>
        <time>2026-10-05T09:29:41Z</time>
        <extensions>
          <gpxtpx:TrackPointExtension>
            <gpxtpx:hr>129</gpxtpx:hr>
          </gpxtpx:TrackPointExtension>
        </extensions>
      </trkpt>
      <trkpt lat="1.4111332418635112" lon="103.90322314468236">
        <ele>0</ele>
        <time>2026-10-05T09:29:42Z</time>
        <extensions>
          <gpxtpx:TrackPointExtension>
            <gpxtpx:hr>129</gpxtpx:hr>
          </gpxtpx:TrackPointExtension>
        </extensions>
      </trkpt>
      <trkpt lat="1.411136802824887" lon="103.90321133933202">
        <ele>0</ele>
        <time>2026-10-05T09:29:43Z</time>
        <extensions>
          <gpxtpx:TrackPointExtension>
            <gpxtpx:hr>129</gpxtpx:hr>
          </gpxtpx:TrackPointExtension>
        </extensions>
      </trkpt>
      <trkpt lat="1.4111401659644112" lon="103.90320033798925">
        <ele>0</ele>
        <time>2026-10-05T09:29:44Z</time>
        <extensions>
          <gpxtpx:TrackPointExtension>
            <gpxtpx:hr>129</gpxtpx:hr>
          </gpxtpx:TrackPointExtension>
        </extensions>
      </trkpt>
      <trkpt lat="1.411143617858125" lon="103.9031893629609">
        <ele>0</ele>
        <time>2026-10-05T09:29:45Z</time>
        <extensions>
          <gpxtpx:TrackPointExtension>
            <gpxtpx:hr>129</gpxtpx:hr>
          </gpxtpx:TrackPointExtension>
        </extensions>
      </trkpt>
      <trkpt lat="1.4111471027187734" lon="103.90317854784482">
        <ele>0</ele>
        <time>2026-10-05T09:29:46Z</time>
        <extensions>
          <gpxtpx:TrackPointExtension>
            <gpxtpx:hr>129</gpxtpx:hr>
          </gpxtpx:TrackPointExtension>
        </extensions>
      </trkpt>
      <trkpt lat="1.4111498331888737" lon="103.90316784288572">
        <ele>0</ele>
        <time>2026-10-05T09:29:47Z</time>
        <extensions>
          <gpxtpx:TrackPointExtension>
            <gpxtpx:hr>129</gpxtpx:hr>
          </gpxtpx:TrackPointExtension>
        </extensions>
      </trkpt>
      <trkpt lat="1.4111517888137446" lon="103.90315768009809">
        <ele>0</ele>
        <time>2026-10-05T09:29:48Z</time>
        <extensions>
          <gpxtpx:TrackPointExtension>
            <gpxtpx:hr>129</gpxtpx:hr>
          </gpxtpx:TrackPointExtension>
        </extensions>
      </trkpt>
      <trkpt lat="1.4111538456978427" lon="103.90314672467204">
        <ele>0</ele>
        <time>2026-10-05T09:29:49Z</time>
        <extensions>
          <gpxtpx:TrackPointExtension>
            <gpxtpx:hr>129</gpxtpx:hr>
          </gpxtpx:TrackPointExtension>
        </extensions>
      </trkpt>
      <trkpt lat="1.4111561875238545" lon="103.90313416676263">
        <ele>0</ele>
        <time>2026-10-05T09:29:50Z</time>
        <extensions>
          <gpxtpx:TrackPointExtension>
            <gpxtpx:hr>128</gpxtpx:hr>
          </gpxtpx:TrackPointExtension>
        </extensions>
      </trkpt>
      <trkpt lat="1.4111586756343366" lon="103.90312091223097">
        <ele>0</ele>
        <time>2026-10-05T09:29:51Z</time>
        <extensions>
          <gpxtpx:TrackPointExtension>
            <gpxtpx:hr>128</gpxtpx:hr>
          </gpxtpx:TrackPointExtension>
        </extensions>
      </trkpt>
      <trkpt lat="1.4111612412947552" lon="103.90310709906399">
        <ele>0</ele>
        <time>2026-10-05T09:29:52Z</time>
        <extensions>
          <gpxtpx:TrackPointExtension>
            <gpxtpx:hr>128</gpxtpx:hr>
          </gpxtpx:TrackPointExtension>
        </extensions>
      </trkpt>
      <trkpt lat="1.411163954670097" lon="103.90309235506983">
        <ele>0</ele>
        <time>2026-10-05T09:29:53Z</time>
        <extensions>
          <gpxtpx:TrackPointExtension>
            <gpxtpx:hr>128</gpxtpx:hr>
          </gpxtpx:TrackPointExtension>
        </extensions>
      </trkpt>
      <trkpt lat="1.4111664266759525" lon="103.90307816486856">
        <ele>0</ele>
        <time>2026-10-05T09:29:54Z</time>
        <extensions>
          <gpxtpx:TrackPointExtension>
            <gpxtpx:hr>128</gpxtpx:hr>
          </gpxtpx:TrackPointExtension>
        </extensions>
      </trkpt>
      <trkpt lat="1.4111684828143791" lon="103.90306560114658">
        <ele>0</ele>
        <time>2026-10-05T09:29:55Z</time>
        <extensions>
          <gpxtpx:TrackPointExtension>
            <gpxtpx:hr>127</gpxtpx:hr>
          </gpxtpx:TrackPointExtension>
        </extensions>
      </trkpt>
      <trkpt lat="1.4111703685464863" lon="103.90305340968682">
        <ele>0</ele>
        <time>2026-10-05T09:29:56Z</time>
        <extensions>
          <gpxtpx:TrackPointExtension>
            <gpxtpx:hr>127</gpxtpx:hr>
          </gpxtpx:TrackPointExtension>
        </extensions>
      </trkpt>
      <trkpt lat="1.4111722141405771" lon="103.90304137876407">
        <ele>0</ele>
        <time>2026-10-05T09:29:57Z</time>
        <extensions>
          <gpxtpx:TrackPointExtension>
            <gpxtpx:hr>127</gpxtpx:hr>
          </gpxtpx:TrackPointExtension>
        </extensions>
      </trkpt>
      <trkpt lat="1.411174118589792" lon="103.90302863377761">
        <ele>0</ele>
        <time>2026-10-05T09:29:58Z</time>
        <extensions>
          <gpxtpx:TrackPointExtension>
            <gpxtpx:hr>127</gpxtpx:hr>
          </gpxtpx:TrackPointExtension>
        </extensions>
      </trkpt>
      <trkpt lat="1.4111759227872147" lon="103.90301528768342">
        <ele>0</ele>
        <time>2026-10-05T09:29:59Z</time>
        <extensions>
          <gpxtpx:TrackPointExtension>
            <gpxtpx:hr>127</gpxtpx:hr>
          </gpxtpx:TrackPointExtension>
        </extensions>
      </trkpt>
      <trkpt lat="1.4111775740284347" lon="103.90300180132418">
        <ele>0</ele>
        <time>2026-10-05T09:30:00Z</time>
        <extensions>
          <gpxtpx:TrackPointExtension>
            <gpxtpx:hr>127</gpxtpx:hr>
          </gpxtpx:TrackPointExtension>
        </extensions>
      </trkpt>
      <trkpt lat="1.4111790360475782" lon="103.90298898575399">
        <ele>0</ele>
        <time>2026-10-05T09:30:01Z</time>
        <extensions>
          <gpxtpx:TrackPointExtension>
            <gpxtpx:hr>127</gpxtpx:hr>
          </gpxtpx:TrackPointExtension>
        </extensions>
      </trkpt>
      <trkpt lat="1.4111801979991028" lon="103.90297696551787">
        <ele>0</ele>
        <time>2026-10-05T09:30:02Z</time>
        <extensions>
          <gpxtpx:TrackPointExtension>
            <gpxtpx:hr>125</gpxtpx:hr>
          </gpxtpx:TrackPointExtension>
        </extensions>
      </trkpt>
      <trkpt lat="1.4111814054520926" lon="103.90296470998425">
        <ele>0</ele>
        <time>2026-10-05T09:30:03Z</time>
        <extensions>
          <gpxtpx:TrackPointExtension>
            <gpxtpx:hr>125</gpxtpx:hr>
          </gpxtpx:TrackPointExtension>
        </extensions>
      </trkpt>
      <trkpt lat="1.411182692580617" lon="103.90295274959041">
        <ele>0</ele>
        <time>2026-10-05T09:30:04Z</time>
        <extensions>
          <gpxtpx:TrackPointExtension>
            <gpxtpx:hr>125</gpxtpx:hr>
          </gpxtpx:TrackPointExtension>
        </extensions>
      </trkpt>
      <trkpt lat="1.411183994466757" lon="103.90294099523825">
        <ele>0</ele>
        <time>2026-10-05T09:30:05Z</time>
        <extensions>
          <gpxtpx:TrackPointExtension>
            <gpxtpx:hr>125</gpxtpx:hr>
          </gpxtpx:TrackPointExtension>
        </extensions>
      </trkpt>
      <trkpt lat="1.411185500616156" lon="103.90292863154149">
        <ele>0</ele>
        <time>2026-10-05T09:30:06Z</time>
        <extensions>
          <gpxtpx:TrackPointExtension>
            <gpxtpx:hr>125</gpxtpx:hr>
          </gpxtpx:TrackPointExtension>
        </extensions>
      </trkpt>
      <trkpt lat="1.4111871644930682" lon="103.90291620170558">
        <ele>0</ele>
        <time>2026-10-05T09:30:07Z</time>
        <extensions>
          <gpxtpx:TrackPointExtension>
            <gpxtpx:hr>124</gpxtpx:hr>
          </gpxtpx:TrackPointExtension>
        </extensions>
      </trkpt>
      <trkpt lat="1.4111889107107691" lon="103.90290388453052">
        <ele>0</ele>
        <time>2026-10-05T09:30:08Z</time>
        <extensions>
          <gpxtpx:TrackPointExtension>
            <gpxtpx:hr>124</gpxtpx:hr>
          </gpxtpx:TrackPointExtension>
        </extensions>
      </trkpt>
      <trkpt lat="1.4111908047263502" lon="103.9028912531134">
        <ele>0</ele>
        <time>2026-10-05T09:30:09Z</time>
        <extensions>
          <gpxtpx:TrackPointExtension>
            <gpxtpx:hr>124</gpxtpx:hr>
          </gpxtpx:TrackPointExtension>
        </extensions>
      </trkpt>
      <trkpt lat="1.411192918027152" lon="103.90287809403961">
        <ele>0</ele>
        <time>2026-10-05T09:30:10Z</time>
        <extensions>
          <gpxtpx:TrackPointExtension>
            <gpxtpx:hr>124</gpxtpx:hr>
          </gpxtpx:TrackPointExtension>
        </extensions>
      </trkpt>
      <trkpt lat="1.4111953048562813" lon="103.90286475943724">
        <ele>0</ele>
        <time>2026-10-05T09:30:11Z</time>
        <extensions>
          <gpxtpx:TrackPointExtension>
            <gpxtpx:hr>124</gpxtpx:hr>
          </gpxtpx:TrackPointExtension>
        </extensions>
      </trkpt>
      <trkpt lat="1.4111975643515555" lon="103.90285049422657">
        <ele>0</ele>
        <time>2026-10-05T09:30:12Z</time>
        <extensions>
          <gpxtpx:TrackPointExtension>
            <gpxtpx:hr>124</gpxtpx:hr>
          </gpxtpx:TrackPointExtension>
        </extensions>
      </trkpt>
      <trkpt lat="1.4111996176875514" lon="103.9028358594876">
        <ele>0</ele>
        <time>2026-10-05T09:30:13Z</time>
        <extensions>
          <gpxtpx:TrackPointExtension>
            <gpxtpx:hr>124</gpxtpx:hr>
          </gpxtpx:TrackPointExtension>
        </extensions>
      </trkpt>
      <trkpt lat="1.4112017400408203" lon="103.9028220888437">
        <ele>0</ele>
        <time>2026-10-05T09:30:14Z</time>
        <extensions>
          <gpxtpx:TrackPointExtension>
            <gpxtpx:hr>124</gpxtpx:hr>
          </gpxtpx:TrackPointExtension>
        </extensions>
      </trkpt>
      <trkpt lat="1.4112041637849646" lon="103.90280708141154">
        <ele>0</ele>
        <time>2026-10-05T09:30:15Z</time>
        <extensions>
          <gpxtpx:TrackPointExtension>
            <gpxtpx:hr>124</gpxtpx:hr>
          </gpxtpx:TrackPointExtension>
        </extensions>
      </trkpt>
      <trkpt lat="1.4112066298224435" lon="103.90279221309883">
        <ele>0</ele>
        <time>2026-10-05T09:30:16Z</time>
        <extensions>
          <gpxtpx:TrackPointExtension>
            <gpxtpx:hr>124</gpxtpx:hr>
          </gpxtpx:TrackPointExtension>
        </extensions>
      </trkpt>
      <trkpt lat="1.4112090386348703" lon="103.90277852959044">
        <ele>0</ele>
        <time>2026-10-05T09:30:17Z</time>
        <extensions>
          <gpxtpx:TrackPointExtension>
            <gpxtpx:hr>124</gpxtpx:hr>
          </gpxtpx:TrackPointExtension>
        </extensions>
      </trkpt>
      <trkpt lat="1.4112117713933927" lon="103.90276347306839">
        <ele>0</ele>
        <time>2026-10-05T09:30:18Z</time>
        <extensions>
          <gpxtpx:TrackPointExtension>
            <gpxtpx:hr>124</gpxtpx:hr>
          </gpxtpx:TrackPointExtension>
        </extensions>
      </trkpt>
      <trkpt lat="1.411214401265299" lon="103.9027489300159">
        <ele>0</ele>
        <time>2026-10-05T09:30:19Z</time>
        <extensions>
          <gpxtpx:TrackPointExtension>
            <gpxtpx:hr>124</gpxtpx:hr>
          </gpxtpx:TrackPointExtension>
        </extensions>
      </trkpt>
      <trkpt lat="1.4112167279216605" lon="103.90273610507293">
        <ele>0</ele>
        <time>2026-10-05T09:30:20Z</time>
        <extensions>
          <gpxtpx:TrackPointExtension>
            <gpxtpx:hr>124</gpxtpx:hr>
          </gpxtpx:TrackPointExtension>
        </extensions>
      </trkpt>
      <trkpt lat="1.4112191663699847" lon="103.90272254475732">
        <ele>0</ele>
        <time>2026-10-05T09:30:21Z</time>
        <extensions>
          <gpxtpx:TrackPointExtension>
            <gpxtpx:hr>124</gpxtpx:hr>
          </gpxtpx:TrackPointExtension>
        </extensions>
      </trkpt>
      <trkpt lat="1.411221631059501" lon="103.90270848123973">
        <ele>0</ele>
        <time>2026-10-05T09:30:22Z</time>
        <extensions>
          <gpxtpx:TrackPointExtension>
            <gpxtpx:hr>124</gpxtpx:hr>
          </gpxtpx:TrackPointExtension>
        </extensions>
      </trkpt>
      <trkpt lat="1.4112240481185014" lon="103.9026946416677">
        <ele>0</ele>
        <time>2026-10-05T09:30:23Z</time>
        <extensions>
          <gpxtpx:TrackPointExtension>
            <gpxtpx:hr>124</gpxtpx:hr>
          </gpxtpx:TrackPointExtension>
        </extensions>
      </trkpt>
      <trkpt lat="1.411226676617215" lon="103.90267963760846">
        <ele>0</ele>
        <time>2026-10-05T09:30:24Z</time>
        <extensions>
          <gpxtpx:TrackPointExtension>
            <gpxtpx:hr>124</gpxtpx:hr>
          </gpxtpx:TrackPointExtension>
        </extensions>
      </trkpt>
      <trkpt lat="1.4112290628999729" lon="103.9026656934129">
        <ele>0</ele>
        <time>2026-10-05T09:30:25Z</time>
        <extensions>
          <gpxtpx:TrackPointExtension>
            <gpxtpx:hr>125</gpxtpx:hr>
          </gpxtpx:TrackPointExtension>
        </extensions>
      </trkpt>
      <trkpt lat="1.4112310078966093" lon="103.902653380393">
        <ele>0</ele>
        <time>2026-10-05T09:30:26Z</time>
        <extensions>
          <gpxtpx:TrackPointExtension>
            <gpxtpx:hr>125</gpxtpx:hr>
          </gpxtpx:TrackPointExtension>
        </extensions>
      </trkpt>
      <trkpt lat="1.4112324772964528" lon="103.90263969655723">
        <ele>0</ele>
        <time>2026-10-05T09:30:27Z</time>
        <extensions>
          <gpxtpx:TrackPointExtension>
            <gpxtpx:hr>125</gpxtpx:hr>
          </gpxtpx:TrackPointExtension>
        </extensions>
      </trkpt>
      <trkpt lat="1.4112333521136533" lon="103.90262543454408">
        <ele>0</ele>
        <time>2026-10-05T09:30:28Z</time>
        <extensions>
          <gpxtpx:TrackPointExtension>
            <gpxtpx:hr>125</gpxtpx:hr>
          </gpxtpx:TrackPointExtension>
        </extensions>
      </trkpt>
      <trkpt lat="1.4112341374939452" lon="103.90261209158176">
        <ele>0</ele>
        <time>2026-10-05T09:30:29Z</time>
        <extensions>
          <gpxtpx:TrackPointExtension>
            <gpxtpx:hr>125</gpxtpx:hr>
          </gpxtpx:TrackPointExtension>
        </extensions>
      </trkpt>
      <trkpt lat="1.41123496946594" lon="103.90259805483711">
        <ele>0</ele>
        <time>2026-10-05T09:30:30Z</time>
        <extensions>
          <gpxtpx:TrackPointExtension>
            <gpxtpx:hr>125</gpxtpx:hr>
          </gpxtpx:TrackPointExtension>
        </extensions>
      </trkpt>
      <trkpt lat="1.4112357130950999" lon="103.90258324533015">
        <ele>0</ele>
        <time>2026-10-05T09:30:31Z</time>
        <extensions>
          <gpxtpx:TrackPointExtension>
            <gpxtpx:hr>125</gpxtpx:hr>
          </gpxtpx:TrackPointExtension>
        </extensions>
      </trkpt>
      <trkpt lat="1.4112363041218174" lon="103.90256828876836">
        <ele>0</ele>
        <time>2026-10-05T09:30:32Z</time>
        <extensions>
          <gpxtpx:TrackPointExtension>
            <gpxtpx:hr>125</gpxtpx:hr>
          </gpxtpx:TrackPointExtension>
        </extensions>
      </trkpt>
      <trkpt lat="1.4112368638039214" lon="103.90255161659938">
        <ele>0</ele>
        <time>2026-10-05T09:30:33Z</time>
        <extensions>
          <gpxtpx:TrackPointExtension>
            <gpxtpx:hr>125</gpxtpx:hr>
          </gpxtpx:TrackPointExtension>
        </extensions>
      </trkpt>
      <trkpt lat="1.4112367042424399" lon="103.90253332766989">
        <ele>0</ele>
        <time>2026-10-05T09:30:34Z</time>
        <extensions>
          <gpxtpx:TrackPointExtension>
            <gpxtpx:hr>125</gpxtpx:hr>
          </gpxtpx:TrackPointExtension>
        </extensions>
      </trkpt>
      <trkpt lat="1.4112356512240034" lon="103.90251468212833">
        <ele>0</ele>
        <time>2026-10-05T09:30:35Z</time>
        <extensions>
          <gpxtpx:TrackPointExtension>
            <gpxtpx:hr>125</gpxtpx:hr>
          </gpxtpx:TrackPointExtension>
        </extensions>
      </trkpt>
      <trkpt lat="1.4112336996488402" lon="103.90249720474085">
        <ele>0</ele>
        <time>2026-10-05T09:30:36Z</time>
        <extensions>
          <gpxtpx:TrackPointExtension>
            <gpxtpx:hr>125</gpxtpx:hr>
          </gpxtpx:TrackPointExtension>
        </extensions>
      </trkpt>
      <trkpt lat="1.4112299043530259" lon="103.9024818596249">
        <ele>0</ele>
        <time>2026-10-05T09:30:37Z</time>
        <extensions>
          <gpxtpx:TrackPointExtension>
            <gpxtpx:hr>125</gpxtpx:hr>
          </gpxtpx:TrackPointExtension>
        </extensions>
      </trkpt>
      <trkpt lat="1.4112235417851686" lon="103.9024672542758">
        <ele>0</ele>
        <time>2026-10-05T09:30:38Z</time>
        <extensions>
          <gpxtpx:TrackPointExtension>
            <gpxtpx:hr>125</gpxtpx:hr>
          </gpxtpx:TrackPointExtension>
        </extensions>
      </trkpt>
      <trkpt lat="1.4112159907938833" lon="103.90245351647727">
        <ele>0</ele>
        <time>2026-10-05T09:30:39Z</time>
        <extensions>
          <gpxtpx:TrackPointExtension>
            <gpxtpx:hr>125</gpxtpx:hr>
          </gpxtpx:TrackPointExtension>
        </extensions>
      </trkpt>
      <trkpt lat="1.4112085825527272" lon="103.90244037982802">
        <ele>0</ele>
        <time>2026-10-05T09:30:40Z</time>
        <extensions>
          <gpxtpx:TrackPointExtension>
            <gpxtpx:hr>125</gpxtpx:hr>
          </gpxtpx:TrackPointExtension>
        </extensions>
      </trkpt>
      <trkpt lat="1.4112010942935798" lon="103.90242716994815">
        <ele>0</ele>
        <time>2026-10-05T09:30:41Z</time>
        <extensions>
          <gpxtpx:TrackPointExtension>
            <gpxtpx:hr>125</gpxtpx:hr>
          </gpxtpx:TrackPointExtension>
        </extensions>
      </trkpt>
      <trkpt lat="1.4111938398234307" lon="103.9024144103553">
        <ele>0</ele>
        <time>2026-10-05T09:30:42Z</time>
        <extensions>
          <gpxtpx:TrackPointExtension>
            <gpxtpx:hr>125</gpxtpx:hr>
          </gpxtpx:TrackPointExtension>
        </extensions>
      </trkpt>
      <trkpt lat="1.4111871145451937" lon="103.90240260760376">
        <ele>0</ele>
        <time>2026-10-05T09:30:43Z</time>
        <extensions>
          <gpxtpx:TrackPointExtension>
            <gpxtpx:hr>125</gpxtpx:hr>
          </gpxtpx:TrackPointExtension>
        </extensions>
      </trkpt>
      <trkpt lat="1.4111807523787583" lon="103.9023914393839">
        <ele>0</ele>
        <time>2026-10-05T09:30:44Z</time>
        <extensions>
          <gpxtpx:TrackPointExtension>
            <gpxtpx:hr>125</gpxtpx:hr>
          </gpxtpx:TrackPointExtension>
        </extensions>
      </trkpt>
      <trkpt lat="1.4111744217927251" lon="103.90237991294238">
        <ele>0</ele>
        <time>2026-10-05T09:30:45Z</time>
        <extensions>
          <gpxtpx:TrackPointExtension>
            <gpxtpx:hr>125</gpxtpx:hr>
          </gpxtpx:TrackPointExtension>
        </extensions>
      </trkpt>
      <trkpt lat="1.4111682128507645" lon="103.902368184795">
        <ele>0</ele>
        <time>2026-10-05T09:30:46Z</time>
        <extensions>
          <gpxtpx:TrackPointExtension>
            <gpxtpx:hr>125</gpxtpx:hr>
          </gpxtpx:TrackPointExtension>
        </extensions>
      </trkpt>
      <trkpt lat="1.4111622455088757" lon="103.9023569239036">
        <ele>0</ele>
        <time>2026-10-05T09:30:47Z</time>
        <extensions>
          <gpxtpx:TrackPointExtension>
            <gpxtpx:hr>125</gpxtpx:hr>
          </gpxtpx:TrackPointExtension>
        </extensions>
      </trkpt>
      <trkpt lat="1.4111563664752433" lon="103.90234593804409">
        <ele>0</ele>
        <time>2026-10-05T09:30:48Z</time>
        <extensions>
          <gpxtpx:TrackPointExtension>
            <gpxtpx:hr>125</gpxtpx:hr>
          </gpxtpx:TrackPointExtension>
        </extensions>
      </trkpt>
      <trkpt lat="1.4111502813757963" lon="103.90233471109708">
        <ele>0</ele>
        <time>2026-10-05T09:30:49Z</time>
        <extensions>
          <gpxtpx:TrackPointExtension>
            <gpxtpx:hr>125</gpxtpx:hr>
          </gpxtpx:TrackPointExtension>
        </extensions>
      </trkpt>
      <trkpt lat="1.4111441324120841" lon="103.90232337839834">
        <ele>0</ele>
        <time>2026-10-05T09:30:50Z</time>
      </trkpt>
      <trkpt lat="1.4111379830518511" lon="103.90231212394984">
        <ele>0</ele>
        <time>2026-10-05T09:30:51Z</time>
      </trkpt>
      <trkpt lat="1.411131799746899" lon="103.9023008160671">
        <ele>0</ele>
        <time>2026-10-05T09:30:52Z</time>
      </trkpt>
      <trkpt lat="1.4111254827735378" lon="103.90228927013503">
        <ele>0</ele>
        <time>2026-10-05T09:30:53Z</time>
      </trkpt>
      <trkpt lat="1.4111188571977877" lon="103.90227728180518">
        <ele>0</ele>
        <time>2026-10-05T09:30:54Z</time>
      </trkpt>
      <trkpt lat="1.411111398553524" lon="103.90226531474724">
        <ele>0</ele>
        <time>2026-10-05T09:30:55Z</time>
      </trkpt>
      <trkpt lat="1.4111033990367363" lon="103.90225392644258">
        <ele>0</ele>
        <time>2026-10-05T09:30:56Z</time>
      </trkpt>
      <trkpt lat="1.4110951558326847" lon="103.9022435143482">
        <ele>0</ele>
        <time>2026-10-05T09:30:57Z</time>
      </trkpt>
      <trkpt lat="1.411085811360221" lon="103.90223464572807">
        <ele>0</ele>
        <time>2026-10-05T09:30:58Z</time>
      </trkpt>
      <trkpt lat="1.4110751078956927" lon="103.90222771056978">
        <ele>0</ele>
        <time>2026-10-05T09:30:59Z</time>
      </trkpt>
      <trkpt lat="1.4110638509033355" lon="103.90222188346686">
        <ele>0</ele>
        <time>2026-10-05T09:31:00Z</time>
      </trkpt>
      <trkpt lat="1.4110520867431637" lon="103.90221662327468">
        <ele>0</ele>
        <time>2026-10-05T09:31:01Z</time>
      </trkpt>
      <trkpt lat="1.4110396298331924" lon="103.90221179678566">
        <ele>0</ele>
        <time>2026-10-05T09:31:02Z</time>
      </trkpt>
      <trkpt lat="1.4110265354160887" lon="103.90220688756322">
        <ele>0</ele>
        <time>2026-10-05T09:31:03Z</time>
      </trkpt>
      <trkpt lat="1.4110127504486567" lon="103.90220221070189">
        <ele>0</ele>
        <time>2026-10-05T09:31:04Z</time>
      </trkpt>
      <trkpt lat="1.4109986323271713" lon="103.90219788945475">
        <ele>0</ele>
        <time>2026-10-05T09:31:05Z</time>
      </trkpt>
      <trkpt lat="1.4109856499075686" lon="103.90219412551716">
        <ele>0</ele>
        <time>2026-10-05T09:31:06Z</time>
      </trkpt>
      <trkpt lat="1.410978117963586" lon="103.90219229011912">
        <ele>0</ele>
        <time>2026-10-05T09:31:07Z</time>
      </trkpt>
      <trkpt lat="1.4109755529965489" lon="103.90219211712355">
        <ele>0</ele>
        <time>2026-10-05T09:31:08Z</time>
      </trkpt>
      <trkpt lat="1.4109731857762053" lon="103.90219192430384">
        <ele>0</ele>
        <time>2026-10-05T09:31:09Z</time>
      </trkpt>
      <trkpt lat="1.4109649413092737" lon="103.90218959533122">
        <ele>0</ele>
        <time>2026-10-05T09:31:10Z</time>
      </trkpt>
      <trkpt lat="1.4109509300110923" lon="103.90218514370952">
        <ele>0</ele>
        <time>2026-10-05T09:31:11Z</time>
      </trkpt>
      <trkpt lat="1.410936782599632" lon="103.9021805522829">
        <ele>0</ele>
        <time>2026-10-05T09:31:12Z</time>
      </trkpt>
      <trkpt lat="1.4109227340354404" lon="103.90217589897098">
        <ele>0</ele>
        <time>2026-10-05T09:31:13Z</time>
      </trkpt>
      <trkpt lat="1.4109085159474113" lon="103.90217100036516">
        <ele>0</ele>
        <time>2026-10-05T09:31:14Z</time>
      </trkpt>
      <trkpt lat="1.4108948601228" lon="103.902164895772">
        <ele>0</ele>
        <time>2026-10-05T09:31:15Z</time>
      </trkpt>
      <trkpt lat="1.410881174801355" lon="103.9021610491389">
        <ele>0</ele>
        <time>2026-10-05T09:31:16Z</time>
      </trkpt>
      <trkpt lat="1.410866657865523" lon="103.90216045661309">
        <ele>0</ele>
        <time>2026-10-05T09:31:17Z</time>
      </trkpt>
      <trkpt lat="1.4108516405777418" lon="103.90216015361469">
        <ele>0</ele>
        <time>2026-10-05T09:31:18Z</time>
      </trkpt>
      <trkpt lat="1.4108361393428601" lon="103.90216015149788">
        <ele>0</ele>
        <time>2026-10-05T09:31:19Z</time>
      </trkpt>
      <trkpt lat="1.4108208252170669" lon="103.90216015353236">
        <ele>0</ele>
        <time>2026-10-05T09:31:20Z</time>
      </trkpt>
      <trkpt lat="1.4108061770138252" lon="103.9021601242557">
        <ele>0</ele>
        <time>2026-10-05T09:31:21Z</time>
      </trkpt>
      <trkpt lat="1.4107913305341846" lon="103.90216004789077">
        <ele>0</ele>
        <time>2026-10-05T09:31:22Z</time>
      </trkpt>
      <trkpt lat="1.4107756306656085" lon="103.90215965242434">
        <ele>0</ele>
        <time>2026-10-05T09:31:23Z</time>
      </trkpt>
      <trkpt lat="1.4107595897893097" lon="103.90215892970798">
        <ele>0</ele>
        <time>2026-10-05T09:31:24Z</time>
      </trkpt>
      <trkpt lat="1.4107438471864653" lon="103.90215819078969">
        <ele>0</ele>
        <time>2026-10-05T09:31:25Z</time>
      </trkpt>
      <trkpt lat="1.4107285015721018" lon="103.90215746177171">
        <ele>0</ele>
        <time>2026-10-05T09:31:26Z</time>
      </trkpt>
      <trkpt lat="1.4107133870018875" lon="103.9021567409183">
        <ele>0</ele>
        <time>2026-10-05T09:31:27Z</time>
      </trkpt>
      <trkpt lat="1.4106984587830884" lon="103.9021560281259">
        <ele>0</ele>
        <time>2026-10-05T09:31:28Z</time>
      </trkpt>
      <trkpt lat="1.410683513916397" lon="103.90215529180837">
        <ele>0</ele>
        <time>2026-10-05T09:31:29Z</time>
      </trkpt>
      <trkpt lat="1.410668171651954" lon="103.90215413014006">
        <ele>0</ele>
        <time>2026-10-05T09:31:30Z</time>
      </trkpt>
      <trkpt lat="1.410652419994704" lon="103.90215264840373">
        <ele>0</ele>
        <time>2026-10-05T09:31:31Z</time>
      </trkpt>
      <trkpt lat="1.4106367261937205" lon="103.90215287775665">
        <ele>0</ele>
        <time>2026-10-05T09:31:32Z</time>
      </trkpt>
      <trkpt lat="1.4106212343110818" lon="103.90215485267791">
        <ele>0</ele>
        <time>2026-10-05T09:31:33Z</time>
      </trkpt>
      <trkpt lat="1.4106059426191992" lon="103.90215700826744">
        <ele>0</ele>
        <time>2026-10-05T09:31:34Z</time>
      </trkpt>
      <trkpt lat="1.410591214546988" lon="103.90215959221243">
        <ele>0</ele>
        <time>2026-10-05T09:31:35Z</time>
      </trkpt>
      <trkpt lat="1.410576976828319" lon="103.90216260024619">
        <ele>0</ele>
        <time>2026-10-05T09:31:36Z</time>
      </trkpt>
      <trkpt lat="1.4105628025640673" lon="103.9021656990123">
        <ele>0</ele>
        <time>2026-10-05T09:31:37Z</time>
      </trkpt>
      <trkpt lat="1.4105486913275633" lon="103.9021688631448">
        <ele>0</ele>
        <time>2026-10-05T09:31:38Z</time>
      </trkpt>
      <trkpt lat="1.410534787501612" lon="103.90217205805051">
        <ele>0</ele>
        <time>2026-10-05T09:31:39Z</time>
      </trkpt>
      <trkpt lat="1.4105213017713052" lon="103.90217526540171">
        <ele>0</ele>
        <time>2026-10-05T09:31:40Z</time>
      </trkpt>
      <trkpt lat="1.4105079189926868" lon="103.90217835415663">
        <ele>0</ele>
        <time>2026-10-05T09:31:41Z</time>
      </trkpt>
      <trkpt lat="1.4104948434195295" lon="103.90218127321324">
        <ele>0</ele>
        <time>2026-10-05T09:31:42Z</time>
      </trkpt>
      <trkpt lat="1.4104818989696675" lon="103.90218407701445">
        <ele>0</ele>
        <time>2026-10-05T09:31:43Z</time>
      </trkpt>
      <trkpt lat="1.410468133606832" lon="103.90218699567096">
        <ele>0</ele>
        <time>2026-10-05T09:31:44Z</time>
      </trkpt>
      <trkpt lat="1.4104537391531267" lon="103.90219005098359">
        <ele>0</ele>
        <time>2026-10-05T09:31:45Z</time>
      </trkpt>
      <trkpt lat="1.4104397979632004" lon="103.90219300173983">
        <ele>0</ele>
        <time>2026-10-05T09:31:46Z</time>
      </trkpt>
      <trkpt lat="1.4104260783982197" lon="103.90219611885891">
        <ele>0</ele>
        <time>2026-10-05T09:31:47Z</time>
      </trkpt>
      <trkpt lat="1.4104124863759728" lon="103.90219941335512">
        <ele>0</ele>
        <time>2026-10-05T09:31:48Z</time>
      </trkpt>
      <trkpt lat="1.410399300173227" lon="103.9022025656662">
        <ele>0</ele>
        <time>2026-10-05T09:31:49Z</time>
      </trkpt>
      <trkpt lat="1.4103861936783024" lon="103.90220515635872">
        <ele>0</ele>
        <time>2026-10-05T09:31:50Z</time>
      </trkpt>
      <trkpt lat="1.4103727673618047" lon="103.90220727082806">
        <ele>0</ele>
        <time>2026-10-05T09:31:51Z</time>
      </trkpt>
      <trkpt lat="1.4103590094181409" lon="103.90220939095919">
        <ele>0</ele>
        <time>2026-10-05T09:31:52Z</time>
      </trkpt>
      <trkpt lat="1.410345341165757" lon="103.90221146752327">
        <ele>0</ele>
        <time>2026-10-05T09:31:53Z</time>
      </trkpt>
      <trkpt lat="1.4103319633772842" lon="103.90221346727245">
        <ele>0</ele>
        <time>2026-10-05T09:31:54Z</time>
      </trkpt>
      <trkpt lat="1.4103185009469663" lon="103.90221545964013">
        <ele>0</ele>
        <time>2026-10-05T09:31:55Z</time>
      </trkpt>
      <trkpt lat="1.410304560298448" lon="103.90221751420884">
        <ele>0</ele>
        <time>2026-10-05T09:31:56Z</time>
      </trkpt>
      <trkpt lat="1.4102904236765899" lon="103.90221958887047">
        <ele>0</ele>
        <time>2026-10-05T09:31:57Z</time>
      </trkpt>
      <trkpt lat="1.4102760337909963" lon="103.90222169570805">
        <ele>0</ele>
        <time>2026-10-05T09:31:58Z</time>
      </trkpt>
      <trkpt lat="1.4102608792127742" lon="103.9022239239469">
        <ele>0</ele>
        <time>2026-10-05T09:31:59Z</time>
      </trkpt>
      <trkpt lat="1.4102453220106639" lon="103.90222625083413">
        <ele>0</ele>
        <time>2026-10-05T09:32:00Z</time>
      </trkpt>
      <trkpt lat="1.4102301464595826" lon="103.90222852044032">
        <ele>0</ele>
        <time>2026-10-05T09:32:01Z</time>
      </trkpt>
      <trkpt lat="1.4102157216638609" lon="103.90223060173113">
        <ele>0</ele>
        <time>2026-10-05T09:32:02Z</time>
      </trkpt>
      <trkpt lat="1.4102017060199754" lon="103.90223254001378">
        <ele>0</ele>
        <time>2026-10-05T09:32:03Z</time>
      </trkpt>
      <trkpt lat="1.4101885693644987" lon="103.90223423936048">
        <ele>0</ele>
        <time>2026-10-05T09:32:04Z</time>
      </trkpt>
      <trkpt lat="1.4101765116648979" lon="103.90223568522383">
        <ele>0</ele>
        <time>2026-10-05T09:32:05Z</time>
      </trkpt>
      <trkpt lat="1.410168739446994" lon="103.9022362675363">
        <ele>0</ele>
        <time>2026-10-05T09:32:06Z</time>
      </trkpt>
      <trkpt lat="1.4101661570529278" lon="103.9022357036953">
        <ele>0</ele>
        <time>2026-10-05T09:32:07Z</time>
      </trkpt>
      <trkpt lat="1.4101644419328405" lon="103.90223490284194">
        <ele>0</ele>
        <time>2026-10-05T09:32:08Z</time>
      </trkpt>
      <trkpt lat="1.4101626306541535" lon="103.90223424835153">
        <ele>0</ele>
        <time>2026-10-05T09:32:09Z</time>
      </trkpt>
      <trkpt lat="1.4101553203373747" lon="103.90223481074192">
        <ele>0</ele>
        <time>2026-10-05T09:32:10Z</time>
      </trkpt>
      <trkpt lat="1.4101421222595703" lon="103.90223683795534">
        <ele>0</ele>
        <time>2026-10-05T09:32:11Z</time>
      </trkpt>
      <trkpt lat="1.4101279940299607" lon="103.90223921148439">
        <ele>0</ele>
        <time>2026-10-05T09:32:12Z</time>
      </trkpt>
      <trkpt lat="1.4101139711048591" lon="103.90224165284948">
        <ele>0</ele>
        <time>2026-10-05T09:32:13Z</time>
      </trkpt>
      <trkpt lat="1.4100996730705722" lon="103.90224415476287">
        <ele>0</ele>
        <time>2026-10-05T09:32:14Z</time>
      </trkpt>
      <trkpt lat="1.4100838801650577" lon="103.90224654789337">
        <ele>0</ele>
        <time>2026-10-05T09:32:15Z</time>
      </trkpt>
      <trkpt lat="1.4100658398443482" lon="103.90224887937251">
        <ele>0</ele>
        <time>2026-10-05T09:32:16Z</time>
      </trkpt>
      <trkpt lat="1.4100445255008494" lon="103.90225162004832">
        <ele>0</ele>
        <time>2026-10-05T09:32:17Z</time>
      </trkpt>
      <trkpt lat="1.4100230628921082" lon="103.9022543949975">
        <ele>0</ele>
        <time>2026-10-05T09:32:18Z</time>
      </trkpt>
      <trkpt lat="1.410004153140724" lon="103.9022567134827">
        <ele>0</ele>
        <time>2026-10-05T09:32:19Z</time>
      </trkpt>
      <trkpt lat="1.4099841837575369" lon="103.90225900467726">
        <ele>0</ele>
        <time>2026-10-05T09:32:20Z</time>
      </trkpt>
      <trkpt lat="1.4099651833501252" lon="103.90226120286586">
        <ele>0</ele>
        <time>2026-10-05T09:32:21Z</time>
      </trkpt>
      <trkpt lat="1.4099486436539193" lon="103.90226311425346">
        <ele>0</ele>
        <time>2026-10-05T09:32:22Z</time>
      </trkpt>
      <trkpt lat="1.409932580039082" lon="103.90226450586817">
        <ele>0</ele>
        <time>2026-10-05T09:32:23Z</time>
      </trkpt>
      <trkpt lat="1.409922223746799" lon="103.9022650374991">
        <ele>0</ele>
        <time>2026-10-05T09:32:24Z</time>
      </trkpt>
      <trkpt lat="1.4099119434938634" lon="103.90226553247415">
        <ele>0</ele>
        <time>2026-10-05T09:32:25Z</time>
      </trkpt>
      <trkpt lat="1.4098959722300641" lon="103.90226636557165">
        <ele>0</ele>
        <time>2026-10-05T09:32:26Z</time>
      </trkpt>
      <trkpt lat="1.4098795488581666" lon="103.90226681441527">
        <ele>0</ele>
        <time>2026-10-05T09:32:27Z</time>
      </trkpt>
      <trkpt lat="1.4098631978091802" lon="103.90226684856842">
        <ele>0</ele>
        <time>2026-10-05T09:32:28Z</time>
      </trkpt>
      <trkpt lat="1.4098469690920123" lon="103.90226685377003">
        <ele>0</ele>
        <time>2026-10-05T09:32:29Z</time>
      </trkpt>
      <trkpt lat="1.409830733259383" lon="103.90226686225053">
        <ele>0</ele>
        <time>2026-10-05T09:32:30Z</time>
      </trkpt>
      <trkpt lat="1.4098143652961195" lon="103.9022668762173">
        <ele>0</ele>
        <time>2026-10-05T09:32:31Z</time>
      </trkpt>
      <trkpt lat="1.4097978794442003" lon="103.90226689541021">
        <ele>0</ele>
        <time>2026-10-05T09:32:32Z</time>
      </trkpt>
      <trkpt lat="1.4097813921564644" lon="103.90226691930704">
        <ele>0</ele>
        <time>2026-10-05T09:32:33Z</time>
      </trkpt>
      <trkpt lat="1.4097656813164583" lon="103.90226694414287">
        <ele>0</ele>
        <time>2026-10-05T09:32:34Z</time>
      </trkpt>
      <trkpt lat="1.4097518807898517" lon="103.90226696396438">
        <ele>0</ele>
        <time>2026-10-05T09:32:35Z</time>
      </trkpt>
      <trkpt lat="1.4097392904297386" lon="103.90226697229365">
        <ele>0</ele>
        <time>2026-10-05T09:32:36Z</time>
      </trkpt>
      <trkpt lat="1.4097267448147843" lon="103.9022667875906">
        <ele>0</ele>
        <time>2026-10-05T09:32:37Z</time>
      </trkpt>
      <trkpt lat="1.4097142753887046" lon="103.90226641140572">
        <ele>0</ele>
        <time>2026-10-05T09:32:38Z</time>
      </trkpt>
      <trkpt lat="1.4097019065960752" lon="103.90226603022076">
        <ele>0</ele>
        <time>2026-10-05T09:32:39Z</time>
      </trkpt>
      <trkpt lat="1.4096894463655063" lon="103.90226564859367">
        <ele>0</ele>
        <time>2026-10-05T09:32:40Z</time>
      </trkpt>
      <trkpt lat="1.4096770513335715" lon="103.90226527112767">
        <ele>0</ele>
        <time>2026-10-05T09:32:41Z</time>
      </trkpt>
      <trkpt lat="1.4096643322281965" lon="103.90226488725074">
        <ele>0</ele>
        <time>2026-10-05T09:32:42Z</time>
      </trkpt>
      <trkpt lat="1.4096503842867625" lon="103.9022644721642">
        <ele>0</ele>
        <time>2026-10-05T09:32:43Z</time>
      </trkpt>
      <trkpt lat="1.4096351726499279" lon="103.90226402438601">
        <ele>0</ele>
        <time>2026-10-05T09:32:44Z</time>
      </trkpt>
      <trkpt lat="1.4096197979013738" lon="103.90226357350396">
        <ele>0</ele>
        <time>2026-10-05T09:32:45Z</time>
      </trkpt>
      <trkpt lat="1.4096050291715831" lon="103.90226314031703">
        <ele>0</ele>
        <time>2026-10-05T09:32:46Z</time>
      </trkpt>
      <trkpt lat="1.409590631165764" lon="103.90226271735656">
        <ele>0</ele>
        <time>2026-10-05T09:32:47Z</time>
      </trkpt>
      <trkpt lat="1.409580728721189" lon="103.9022624007462">
        <ele>0</ele>
        <time>2026-10-05T09:32:48Z</time>
      </trkpt>
      <trkpt lat="1.4095705118578428" lon="103.90226207681563">
        <ele>0</ele>
        <time>2026-10-05T09:32:49Z</time>
      </trkpt>
      <trkpt lat="1.4095549291485165" lon="103.90226162542807">
        <ele>0</ele>
        <time>2026-10-05T09:32:50Z</time>
        <extensions>
          <gpxtpx:TrackPointExtension>
            <gpxtpx:hr>120</gpxtpx:hr>
          </gpxtpx:TrackPointExtension>
        </extensions>
      </trkpt>
      <trkpt lat="1.4095388359566845" lon="103.9022611624451">
        <ele>0</ele>
        <time>2026-10-05T09:32:51Z</time>
        <extensions>
          <gpxtpx:TrackPointExtension>
            <gpxtpx:hr>120</gpxtpx:hr>
          </gpxtpx:TrackPointExtension>
        </extensions>
      </trkpt>
      <trkpt lat="1.4095226377766343" lon="103.90226069753164">
        <ele>0</ele>
        <time>2026-10-05T09:32:52Z</time>
        <extensions>
          <gpxtpx:TrackPointExtension>
            <gpxtpx:hr>120</gpxtpx:hr>
          </gpxtpx:TrackPointExtension>
        </extensions>
      </trkpt>
      <trkpt lat="1.4095064517425255" lon="103.90226023832743">
        <ele>0</ele>
        <time>2026-10-05T09:32:53Z</time>
        <extensions>
          <gpxtpx:TrackPointExtension>
            <gpxtpx:hr>120</gpxtpx:hr>
          </gpxtpx:TrackPointExtension>
        </extensions>
      </trkpt>
      <trkpt lat="1.409490660096333" lon="103.90225979124723">
        <ele>0</ele>
        <time>2026-10-05T09:32:54Z</time>
        <extensions>
          <gpxtpx:TrackPointExtension>
            <gpxtpx:hr>120</gpxtpx:hr>
          </gpxtpx:TrackPointExtension>
        </extensions>
      </trkpt>
      <trkpt lat="1.4094754384929822" lon="103.90225935924049">
        <ele>0</ele>
        <time>2026-10-05T09:32:55Z</time>
        <extensions>
          <gpxtpx:TrackPointExtension>
            <gpxtpx:hr>120</gpxtpx:hr>
          </gpxtpx:TrackPointExtension>
        </extensions>
      </trkpt>
      <trkpt lat="1.4094613928771387" lon="103.90225895881493">
        <ele>0</ele>
        <time>2026-10-05T09:32:56Z</time>
        <extensions>
          <gpxtpx:TrackPointExtension>
            <gpxtpx:hr>120</gpxtpx:hr>
          </gpxtpx:TrackPointExtension>
        </extensions>
      </trkpt>
      <trkpt lat="1.409448300280587" lon="103.90225869081611">
        <ele>0</ele>
        <time>2026-10-05T09:32:57Z</time>
        <extensions>
          <gpxtpx:TrackPointExtension>
            <gpxtpx:hr>120</gpxtpx:hr>
          </gpxtpx:TrackPointExtension>
        </extensions>
      </trkpt>
      <trkpt lat="1.4094394561475767" lon="103.90225863395976">
        <ele>0</ele>
        <time>2026-10-05T09:32:58Z</time>
        <extensions>
          <gpxtpx:TrackPointExtension>
            <gpxtpx:hr>120</gpxtpx:hr>
          </gpxtpx:TrackPointExtension>
        </extensions>
      </trkpt>
      <trkpt lat="1.409429907229633" lon="103.90225867533734">
        <ele>0</ele>
        <time>2026-10-05T09:32:59Z</time>
        <extensions>
          <gpxtpx:TrackPointExtension>
            <gpxtpx:hr>120</gpxtpx:hr>
          </gpxtpx:TrackPointExtension>
        </extensions>
      </trkpt>
      <trkpt lat="1.409415621315426" lon="103.90225872328278">
        <ele>0</ele>
        <time>2026-10-05T09:33:00Z</time>
        <extensions>
          <gpxtpx:TrackPointExtension>
            <gpxtpx:hr>120</gpxtpx:hr>
          </gpxtpx:TrackPointExtension>
        </extensions>
      </trkpt>
      <trkpt lat="1.4094007943077802" lon="103.90225888010004">
        <ele>0</ele>
        <time>2026-10-05T09:33:01Z</time>
        <extensions>
          <gpxtpx:TrackPointExtension>
            <gpxtpx:hr>120</gpxtpx:hr>
          </gpxtpx:TrackPointExtension>
        </extensions>
      </trkpt>
      <trkpt lat="1.4093845890391385" lon="103.90225916675683">
        <ele>0</ele>
        <time>2026-10-05T09:33:02Z</time>
        <extensions>
          <gpxtpx:TrackPointExtension>
            <gpxtpx:hr>120</gpxtpx:hr>
          </gpxtpx:TrackPointExtension>
        </extensions>
      </trkpt>
      <trkpt lat="1.4093680800018964" lon="103.90225959739381">
        <ele>0</ele>
        <time>2026-10-05T09:33:03Z</time>
        <extensions>
          <gpxtpx:TrackPointExtension>
            <gpxtpx:hr>120</gpxtpx:hr>
          </gpxtpx:TrackPointExtension>
        </extensions>
      </trkpt>
      <trkpt lat="1.4093522003556" lon="103.90226016492214">
        <ele>0</ele>
        <time>2026-10-05T09:33:04Z</time>
        <extensions>
          <gpxtpx:TrackPointExtension>
            <gpxtpx:hr>120</gpxtpx:hr>
          </gpxtpx:TrackPointExtension>
        </extensions>
      </trkpt>
      <trkpt lat="1.4093363824104854" lon="103.90226058817669">
        <ele>0</ele>
        <time>2026-10-05T09:33:05Z</time>
        <extensions>
          <gpxtpx:TrackPointExtension>
            <gpxtpx:hr>120</gpxtpx:hr>
          </gpxtpx:TrackPointExtension>
        </extensions>
      </trkpt>
      <trkpt lat="1.4093202116267143" lon="103.90226084932769">
        <ele>0</ele>
        <time>2026-10-05T09:33:06Z</time>
        <extensions>
          <gpxtpx:TrackPointExtension>
            <gpxtpx:hr>120</gpxtpx:hr>
          </gpxtpx:TrackPointExtension>
        </extensions>
      </trkpt>
      <trkpt lat="1.4093038767554087" lon="103.90226111412504">
        <ele>0</ele>
        <time>2026-10-05T09:33:07Z</time>
        <extensions>
          <gpxtpx:TrackPointExtension>
            <gpxtpx:hr>120</gpxtpx:hr>
          </gpxtpx:TrackPointExtension>
        </extensions>
      </trkpt>
      <trkpt lat="1.4092874849756458" lon="103.90226137743029">
        <ele>0</ele>
        <time>2026-10-05T09:33:08Z</time>
        <extensions>
          <gpxtpx:TrackPointExtension>
            <gpxtpx:hr>120</gpxtpx:hr>
          </gpxtpx:TrackPointExtension>
        </extensions>
      </trkpt>
      <trkpt lat="1.4092711696818343" lon="103.90226163119955">
        <ele>0</ele>
        <time>2026-10-05T09:33:09Z</time>
        <extensions>
          <gpxtpx:TrackPointExtension>
            <gpxtpx:hr>120</gpxtpx:hr>
          </gpxtpx:TrackPointExtension>
        </extensions>
      </trkpt>
      <trkpt lat="1.4092551814277134" lon="103.90226186584464">
        <ele>0</ele>
        <time>2026-10-05T09:33:10Z</time>
        <extensions>
          <gpxtpx:TrackPointExtension>
            <gpxtpx:hr>120</gpxtpx:hr>
          </gpxtpx:TrackPointExtension>
        </extensions>
      </trkpt>
      <trkpt lat="1.4092402148873377" lon="103.90226207096484">
        <ele>0</ele>
        <time>2026-10-05T09:33:11Z</time>
      </trkpt>
      <trkpt lat="1.4092267087843182" lon="103.90226227422195">
        <ele>0</ele>
        <time>2026-10-05T09:33:12Z</time>
      </trkpt>
      <trkpt lat="1.409214027732151" lon="103.9022624910884">
        <ele>0</ele>
        <time>2026-10-05T09:33:13Z</time>
      </trkpt>
      <trkpt lat="1.4092013513367652" lon="103.9022627001959">
        <ele>0</ele>
        <time>2026-10-05T09:33:14Z</time>
      </trkpt>
      <trkpt lat="1.4091885940352533" lon="103.9022629046902">
        <ele>0</ele>
        <time>2026-10-05T09:33:15Z</time>
      </trkpt>
      <trkpt lat="1.4091761223478403" lon="103.90226309985631">
        <ele>0</ele>
        <time>2026-10-05T09:33:16Z</time>
      </trkpt>
      <trkpt lat="1.4091653035308842" lon="103.90226325917466">
        <ele>0</ele>
        <time>2026-10-05T09:33:17Z</time>
      </trkpt>
      <trkpt lat="1.409154387583945" lon="103.90226343453169">
        <ele>0</ele>
        <time>2026-10-05T09:33:18Z</time>
      </trkpt>
      <trkpt lat="1.4091411415575859" lon="103.90226365755903">
        <ele>0</ele>
        <time>2026-10-05T09:33:19Z</time>
      </trkpt>
      <trkpt lat="1.4091274613910347" lon="103.90226387444106">
        <ele>0</ele>
        <time>2026-10-05T09:33:20Z</time>
      </trkpt>
      <trkpt lat="1.409114048105169" lon="103.90226383256852">
        <ele>0</ele>
        <time>2026-10-05T09:33:21Z</time>
      </trkpt>
      <trkpt lat="1.4091005403813563" lon="103.90226353595884">
        <ele>0</ele>
        <time>2026-10-05T09:33:22Z</time>
      </trkpt>
      <trkpt lat="1.4090871366112812" lon="103.90226325790975">
        <ele>0</ele>
        <time>2026-10-05T09:33:23Z</time>
      </trkpt>
      <trkpt lat="1.4090736716243217" lon="103.90226297267033">
        <ele>0</ele>
        <time>2026-10-05T09:33:24Z</time>
      </trkpt>
      <trkpt lat="1.4090600148891075" lon="103.90226268407488">
        <ele>0</ele>
        <time>2026-10-05T09:33:25Z</time>
      </trkpt>
      <trkpt lat="1.4090462842695126" lon="103.90226240072795">
        <ele>0</ele>
        <time>2026-10-05T09:33:26Z</time>
      </trkpt>
      <trkpt lat="1.4090327072447326" lon="103.90226207586886">
        <ele>0</ele>
        <time>2026-10-05T09:33:27Z</time>
      </trkpt>
      <trkpt lat="1.4090198863414465" lon="103.90226134206391">
        <ele>0</ele>
        <time>2026-10-05T09:33:28Z</time>
      </trkpt>
      <trkpt lat="1.409008082682532" lon="103.90226025182004">
        <ele>0</ele>
        <time>2026-10-05T09:33:29Z</time>
      </trkpt>
      <trkpt lat="1.408996485347904" lon="103.90225915733609">
        <ele>0</ele>
        <time>2026-10-05T09:33:30Z</time>
      </trkpt>
      <trkpt lat="1.4089843928196664" lon="103.90225801964411">
        <ele>0</ele>
        <time>2026-10-05T09:33:31Z</time>
      </trkpt>
      <trkpt lat="1.4089717131340236" lon="103.90225680744457">
        <ele>0</ele>
        <time>2026-10-05T09:33:32Z</time>
      </trkpt>
      <trkpt lat="1.4089590723410645" lon="103.9022551604492">
        <ele>0</ele>
        <time>2026-10-05T09:33:33Z</time>
      </trkpt>
      <trkpt lat="1.4089480963187984" lon="103.90225331616001">
        <ele>0</ele>
        <time>2026-10-05T09:33:34Z</time>
      </trkpt>
      <trkpt lat="1.4089390766436423" lon="103.90225175807021">
        <ele>0</ele>
        <time>2026-10-05T09:33:35Z</time>
      </trkpt>
      <trkpt lat="1.408928975712872" lon="103.90225002931746">
        <ele>0</ele>
        <time>2026-10-05T09:33:36Z</time>
      </trkpt>
      <trkpt lat="1.4089218142649031" lon="103.90224874968887">
        <ele>0</ele>
        <time>2026-10-05T09:33:37Z</time>
      </trkpt>
      <trkpt lat="1.4089198637025182" lon="103.90224827982105">
        <ele>0</ele>
        <time>2026-10-05T09:33:38Z</time>
      </trkpt>
      <trkpt lat="1.408913084549499" lon="103.9022470851102">
        <ele>0</ele>
        <time>2026-10-05T09:33:39Z</time>
      </trkpt>
      <trkpt lat="1.408901329069582" lon="103.90224512626256">
        <ele>0</ele>
        <time>2026-10-05T09:33:40Z</time>
      </trkpt>
      <trkpt lat="1.4088940119242293" lon="103.90224386073739">
        <ele>0</ele>
        <time>2026-10-05T09:33:41Z</time>
      </trkpt>
      <trkpt lat="1.4088907532334618" lon="103.9022432250514">
        <ele>0</ele>
        <time>2026-10-05T09:33:42Z</time>
      </trkpt>
      <trkpt lat="1.4088827291211745" lon="103.90224185021405">
        <ele>0</ele>
        <time>2026-10-05T09:33:43Z</time>
      </trkpt>
      <trkpt lat="1.408869563576198" lon="103.90223965206752">
        <ele>0</ele>
        <time>2026-10-05T09:33:44Z</time>
      </trkpt>
      <trkpt lat="1.4088565758084823" lon="103.9022370967795">
        <ele>0</ele>
        <time>2026-10-05T09:33:45Z</time>
      </trkpt>
      <trkpt lat="1.4088438568804245" lon="103.90223416920507">
        <ele>0</ele>
        <time>2026-10-05T09:33:46Z</time>
      </trkpt>
      <trkpt lat="1.408831471735247" lon="103.90223128965448">
        <ele>0</ele>
        <time>2026-10-05T09:33:47Z</time>
      </trkpt>
      <trkpt lat="1.4088196239113682" lon="103.90222852318462">
        <ele>0</ele>
        <time>2026-10-05T09:33:48Z</time>
      </trkpt>
      <trkpt lat="1.4088081966804844" lon="103.90222567511111">
        <ele>0</ele>
        <time>2026-10-05T09:33:49Z</time>
      </trkpt>
      <trkpt lat="1.408796733547032" lon="103.90222263668228">
        <ele>0</ele>
        <time>2026-10-05T09:33:50Z</time>
      </trkpt>
      <trkpt lat="1.4087849411106297" lon="103.90221950600544">
        <ele>0</ele>
        <time>2026-10-05T09:33:51Z</time>
      </trkpt>
      <trkpt lat="1.4087730994537337" lon="103.90221636381877">
        <ele>0</ele>
        <time>2026-10-05T09:33:52Z</time>
      </trkpt>
      <trkpt lat="1.4087613687277805" lon="103.90221324998183">
        <ele>0</ele>
        <time>2026-10-05T09:33:53Z</time>
      </trkpt>
      <trkpt lat="1.408749239853362" lon="103.902210012841">
        <ele>0</ele>
        <time>2026-10-05T09:33:54Z</time>
      </trkpt>
      <trkpt lat="1.4087366899226694" lon="103.9022063358001">
        <ele>0</ele>
        <time>2026-10-05T09:33:55Z</time>
      </trkpt>
      <trkpt lat="1.4087245290785402" lon="103.90220244552226">
        <ele>0</ele>
        <time>2026-10-05T09:33:56Z</time>
      </trkpt>
      <trkpt lat="1.4087131072198718" lon="103.90219875887341">
        <ele>0</ele>
        <time>2026-10-05T09:33:57Z</time>
        <extensions>
          <gpxtpx:TrackPointExtension>
            <gpxtpx:hr>122</gpxtpx:hr>
          </gpxtpx:TrackPointExtension>
        </extensions>
      </trkpt>
      <trkpt lat="1.4087014130100597" lon="103.90219498436281">
        <ele>0</ele>
        <time>2026-10-05T09:33:58Z</time>
        <extensions>
          <gpxtpx:TrackPointExtension>
            <gpxtpx:hr>122</gpxtpx:hr>
          </gpxtpx:TrackPointExtension>
        </extensions>
      </trkpt>
      <trkpt lat="1.4086889404665894" lon="103.90219096497476">
        <ele>0</ele>
        <time>2026-10-05T09:33:59Z</time>
        <extensions>
          <gpxtpx:TrackPointExtension>
            <gpxtpx:hr>122</gpxtpx:hr>
          </gpxtpx:TrackPointExtension>
        </extensions>
      </trkpt>
      <trkpt lat="1.4086763895998304" lon="103.90218691552279">
        <ele>0</ele>
        <time>2026-10-05T09:34:00Z</time>
        <extensions>
          <gpxtpx:TrackPointExtension>
            <gpxtpx:hr>122</gpxtpx:hr>
          </gpxtpx:TrackPointExtension>
        </extensions>
      </trkpt>
      <trkpt lat="1.4086641461135754" lon="103.9021829535998">
        <ele>0</ele>
        <time>2026-10-05T09:34:01Z</time>
        <extensions>
          <gpxtpx:TrackPointExtension>
            <gpxtpx:hr>122</gpxtpx:hr>
          </gpxtpx:TrackPointExtension>
        </extensions>
      </trkpt>
      <trkpt lat="1.4086521333909305" lon="103.9021790530699">
        <ele>0</ele>
        <time>2026-10-05T09:34:02Z</time>
        <extensions>
          <gpxtpx:TrackPointExtension>
            <gpxtpx:hr>122</gpxtpx:hr>
          </gpxtpx:TrackPointExtension>
        </extensions>
      </trkpt>
      <trkpt lat="1.4086401631072842" lon="103.90217515263119">
        <ele>0</ele>
        <time>2026-10-05T09:34:03Z</time>
        <extensions>
          <gpxtpx:TrackPointExtension>
            <gpxtpx:hr>122</gpxtpx:hr>
          </gpxtpx:TrackPointExtension>
        </extensions>
      </trkpt>
      <trkpt lat="1.4086288145422448" lon="103.90217142367268">
        <ele>0</ele>
        <time>2026-10-05T09:34:04Z</time>
        <extensions>
          <gpxtpx:TrackPointExtension>
            <gpxtpx:hr>122</gpxtpx:hr>
          </gpxtpx:TrackPointExtension>
        </extensions>
      </trkpt>
      <trkpt lat="1.4086177536586861" lon="103.9021677516383">
        <ele>0</ele>
        <time>2026-10-05T09:34:05Z</time>
        <extensions>
          <gpxtpx:TrackPointExtension>
            <gpxtpx:hr>122</gpxtpx:hr>
          </gpxtpx:TrackPointExtension>
        </extensions>
      </trkpt>
      <trkpt lat="1.4086064263909885" lon="103.90216400775344">
        <ele>0</ele>
        <time>2026-10-05T09:34:06Z</time>
        <extensions>
          <gpxtpx:TrackPointExtension>
            <gpxtpx:hr>122</gpxtpx:hr>
          </gpxtpx:TrackPointExtension>
        </extensions>
      </trkpt>
      <trkpt lat="1.4085953760671899" lon="103.90216034622924">
        <ele>0</ele>
        <time>2026-10-05T09:34:07Z</time>
        <extensions>
          <gpxtpx:TrackPointExtension>
            <gpxtpx:hr>122</gpxtpx:hr>
          </gpxtpx:TrackPointExtension>
        </extensions>
      </trkpt>
      <trkpt lat="1.4085844527048008" lon="103.9021567265647">
        <ele>0</ele>
        <time>2026-10-05T09:34:08Z</time>
        <extensions>
          <gpxtpx:TrackPointExtension>
            <gpxtpx:hr>122</gpxtpx:hr>
          </gpxtpx:TrackPointExtension>
        </extensions>
      </trkpt>
      <trkpt lat="1.4085733268807485" lon="103.90215308444769">
        <ele>0</ele>
        <time>2026-10-05T09:34:09Z</time>
        <extensions>
          <gpxtpx:TrackPointExtension>
            <gpxtpx:hr>124</gpxtpx:hr>
          </gpxtpx:TrackPointExtension>
        </extensions>
      </trkpt>
      <trkpt lat="1.4085623306477177" lon="103.9021494945545">
        <ele>0</ele>
        <time>2026-10-05T09:34:10Z</time>
        <extensions>
          <gpxtpx:TrackPointExtension>
            <gpxtpx:hr>124</gpxtpx:hr>
          </gpxtpx:TrackPointExtension>
        </extensions>
      </trkpt>
      <trkpt lat="1.4085513544320116" lon="103.90214594061354">
        <ele>0</ele>
        <time>2026-10-05T09:34:11Z</time>
        <extensions>
          <gpxtpx:TrackPointExtension>
            <gpxtpx:hr>124</gpxtpx:hr>
          </gpxtpx:TrackPointExtension>
        </extensions>
      </trkpt>
      <trkpt lat="1.4085399914929022" lon="103.9021423011054">
        <ele>0</ele>
        <time>2026-10-05T09:34:12Z</time>
        <extensions>
          <gpxtpx:TrackPointExtension>
            <gpxtpx:hr>124</gpxtpx:hr>
          </gpxtpx:TrackPointExtension>
        </extensions>
      </trkpt>
      <trkpt lat="1.4085281864773125" lon="103.90213853336083">
        <ele>0</ele>
        <time>2026-10-05T09:34:13Z</time>
        <extensions>
          <gpxtpx:TrackPointExtension>
            <gpxtpx:hr>123</gpxtpx:hr>
          </gpxtpx:TrackPointExtension>
        </extensions>
      </trkpt>
      <trkpt lat="1.4085134425707861" lon="103.90213385856273">
        <ele>0</ele>
        <time>2026-10-05T09:34:14Z</time>
        <extensions>
          <gpxtpx:TrackPointExtension>
            <gpxtpx:hr>123</gpxtpx:hr>
          </gpxtpx:TrackPointExtension>
        </extensions>
      </trkpt>
      <trkpt lat="1.4084988679505435" lon="103.902129260064">
        <ele>0</ele>
        <time>2026-10-05T09:34:15Z</time>
        <extensions>
          <gpxtpx:TrackPointExtension>
            <gpxtpx:hr>123</gpxtpx:hr>
          </gpxtpx:TrackPointExtension>
        </extensions>
      </trkpt>
      <trkpt lat="1.4084872413712068" lon="103.90212559661222">
        <ele>0</ele>
        <time>2026-10-05T09:34:16Z</time>
        <extensions>
          <gpxtpx:TrackPointExtension>
            <gpxtpx:hr>123</gpxtpx:hr>
          </gpxtpx:TrackPointExtension>
        </extensions>
      </trkpt>
      <trkpt lat="1.4084725752631362" lon="103.90212101018545">
        <ele>0</ele>
        <time>2026-10-05T09:34:17Z</time>
        <extensions>
          <gpxtpx:TrackPointExtension>
            <gpxtpx:hr>122</gpxtpx:hr>
          </gpxtpx:TrackPointExtension>
        </extensions>
      </trkpt>
      <trkpt lat="1.4084578331166235" lon="103.90211638488437">
        <ele>0</ele>
        <time>2026-10-05T09:34:18Z</time>
        <extensions>
          <gpxtpx:TrackPointExtension>
            <gpxtpx:hr>122</gpxtpx:hr>
          </gpxtpx:TrackPointExtension>
        </extensions>
      </trkpt>
      <trkpt lat="1.408445872442457" lon="103.90211264448054">
        <ele>0</ele>
        <time>2026-10-05T09:34:19Z</time>
        <extensions>
          <gpxtpx:TrackPointExtension>
            <gpxtpx:hr>122</gpxtpx:hr>
          </gpxtpx:TrackPointExtension>
        </extensions>
      </trkpt>
      <trkpt lat="1.4084329947359693" lon="103.90210893570523">
        <ele>0</ele>
        <time>2026-10-05T09:34:20Z</time>
        <extensions>
          <gpxtpx:TrackPointExtension>
            <gpxtpx:hr>122</gpxtpx:hr>
          </gpxtpx:TrackPointExtension>
        </extensions>
      </trkpt>
      <trkpt lat="1.40842041101558" lon="103.90210550152186">
        <ele>0</ele>
        <time>2026-10-05T09:34:21Z</time>
        <extensions>
          <gpxtpx:TrackPointExtension>
            <gpxtpx:hr>122</gpxtpx:hr>
          </gpxtpx:TrackPointExtension>
        </extensions>
      </trkpt>
      <trkpt lat="1.4084091873911413" lon="103.90210245965757">
        <ele>0</ele>
        <time>2026-10-05T09:34:22Z</time>
        <extensions>
          <gpxtpx:TrackPointExtension>
            <gpxtpx:hr>123</gpxtpx:hr>
          </gpxtpx:TrackPointExtension>
        </extensions>
      </trkpt>
      <trkpt lat="1.40839802033394" lon="103.90209943755445">
        <ele>0</ele>
        <time>2026-10-05T09:34:23Z</time>
        <extensions>
          <gpxtpx:TrackPointExtension>
            <gpxtpx:hr>123</gpxtpx:hr>
          </gpxtpx:TrackPointExtension>
        </extensions>
      </trkpt>
      <trkpt lat="1.4083867570465074" lon="103.90209639109761">
        <ele>0</ele>
        <time>2026-10-05T09:34:24Z</time>
        <extensions>
          <gpxtpx:TrackPointExtension>
            <gpxtpx:hr>123</gpxtpx:hr>
          </gpxtpx:TrackPointExtension>
        </extensions>
      </trkpt>
      <trkpt lat="1.4083754636853887" lon="103.90209333956518">
        <ele>0</ele>
        <time>2026-10-05T09:34:25Z</time>
        <extensions>
          <gpxtpx:TrackPointExtension>
            <gpxtpx:hr>123</gpxtpx:hr>
          </gpxtpx:TrackPointExtension>
        </extensions>
      </trkpt>
      <trkpt lat="1.4083641099593822" lon="103.90209030555066">
        <ele>0</ele>
        <time>2026-10-05T09:34:26Z</time>
        <extensions>
          <gpxtpx:TrackPointExtension>
            <gpxtpx:hr>123</gpxtpx:hr>
          </gpxtpx:TrackPointExtension>
        </extensions>
      </trkpt>
      <trkpt lat="1.4083537048559542" lon="103.9020877682198">
        <ele>0</ele>
        <time>2026-10-05T09:34:27Z</time>
        <extensions>
          <gpxtpx:TrackPointExtension>
            <gpxtpx:hr>124</gpxtpx:hr>
          </gpxtpx:TrackPointExtension>
        </extensions>
      </trkpt>
      <trkpt lat="1.408344163313241" lon="103.90208546560864">
        <ele>0</ele>
        <time>2026-10-05T09:34:28Z</time>
        <extensions>
          <gpxtpx:TrackPointExtension>
            <gpxtpx:hr>124</gpxtpx:hr>
          </gpxtpx:TrackPointExtension>
        </extensions>
      </trkpt>
      <trkpt lat="1.4083345463662378" lon="103.90208292316969">
        <ele>0</ele>
        <time>2026-10-05T09:34:29Z</time>
        <extensions>
          <gpxtpx:TrackPointExtension>
            <gpxtpx:hr>124</gpxtpx:hr>
          </gpxtpx:TrackPointExtension>
        </extensions>
      </trkpt>
      <trkpt lat="1.408324401416048" lon="103.90208049636438">
        <ele>0</ele>
        <time>2026-10-05T09:34:30Z</time>
        <extensions>
          <gpxtpx:TrackPointExtension>
            <gpxtpx:hr>124</gpxtpx:hr>
          </gpxtpx:TrackPointExtension>
        </extensions>
      </trkpt>
      <trkpt lat="1.4083136542504076" lon="103.902078185788">
        <ele>0</ele>
        <time>2026-10-05T09:34:31Z</time>
        <extensions>
          <gpxtpx:TrackPointExtension>
            <gpxtpx:hr>124</gpxtpx:hr>
          </gpxtpx:TrackPointExtension>
        </extensions>
      </trkpt>
      <trkpt lat="1.408302555693532" lon="103.90207580907389">
        <ele>0</ele>
        <time>2026-10-05T09:34:32Z</time>
        <extensions>
          <gpxtpx:TrackPointExtension>
            <gpxtpx:hr>124</gpxtpx:hr>
          </gpxtpx:TrackPointExtension>
        </extensions>
      </trkpt>
      <trkpt lat="1.4082913902170175" lon="103.90207341569169">
        <ele>0</ele>
        <time>2026-10-05T09:34:33Z</time>
        <extensions>
          <gpxtpx:TrackPointExtension>
            <gpxtpx:hr>124</gpxtpx:hr>
          </gpxtpx:TrackPointExtension>
        </extensions>
      </trkpt>
      <trkpt lat="1.4082803370657593" lon="103.90207104775888">
        <ele>0</ele>
        <time>2026-10-05T09:34:34Z</time>
        <extensions>
          <gpxtpx:TrackPointExtension>
            <gpxtpx:hr>124</gpxtpx:hr>
          </gpxtpx:TrackPointExtension>
        </extensions>
      </trkpt>
      <trkpt lat="1.4082688231108589" lon="103.90206859873032">
        <ele>0</ele>
        <time>2026-10-05T09:34:35Z</time>
        <extensions>
          <gpxtpx:TrackPointExtension>
            <gpxtpx:hr>124</gpxtpx:hr>
          </gpxtpx:TrackPointExtension>
        </extensions>
      </trkpt>
      <trkpt lat="1.4082565439644228" lon="103.90206628492915">
        <ele>0</ele>
        <time>2026-10-05T09:34:36Z</time>
        <extensions>
          <gpxtpx:TrackPointExtension>
            <gpxtpx:hr>121</gpxtpx:hr>
          </gpxtpx:TrackPointExtension>
        </extensions>
      </trkpt>
      <trkpt lat="1.4082441187105663" lon="103.90206423081487">
        <ele>0</ele>
        <time>2026-10-05T09:34:37Z</time>
        <extensions>
          <gpxtpx:TrackPointExtension>
            <gpxtpx:hr>121</gpxtpx:hr>
          </gpxtpx:TrackPointExtension>
        </extensions>
      </trkpt>
      <trkpt lat="1.4082320757916047" lon="103.90206229868025">
        <ele>0</ele>
        <time>2026-10-05T09:34:38Z</time>
        <extensions>
          <gpxtpx:TrackPointExtension>
            <gpxtpx:hr>121</gpxtpx:hr>
          </gpxtpx:TrackPointExtension>
        </extensions>
      </trkpt>
      <trkpt lat="1.408220778188134" lon="103.9020604797734">
        <ele>0</ele>
        <time>2026-10-05T09:34:39Z</time>
        <extensions>
          <gpxtpx:TrackPointExtension>
            <gpxtpx:hr>121</gpxtpx:hr>
          </gpxtpx:TrackPointExtension>
        </extensions>
      </trkpt>
      <trkpt lat="1.4082096763713714" lon="103.90205877563066">
        <ele>0</ele>
        <time>2026-10-05T09:34:40Z</time>
        <extensions>
          <gpxtpx:TrackPointExtension>
            <gpxtpx:hr>121</gpxtpx:hr>
          </gpxtpx:TrackPointExtension>
        </extensions>
      </trkpt>
      <trkpt lat="1.408197569350304" lon="103.9020568975148">
        <ele>0</ele>
        <time>2026-10-05T09:34:41Z</time>
        <extensions>
          <gpxtpx:TrackPointExtension>
            <gpxtpx:hr>121</gpxtpx:hr>
          </gpxtpx:TrackPointExtension>
        </extensions>
      </trkpt>
      <trkpt lat="1.4081845912504811" lon="103.90205486912939">
        <ele>0</ele>
        <time>2026-10-05T09:34:42Z</time>
        <extensions>
          <gpxtpx:TrackPointExtension>
            <gpxtpx:hr>121</gpxtpx:hr>
          </gpxtpx:TrackPointExtension>
        </extensions>
      </trkpt>
      <trkpt lat="1.4081712644326978" lon="103.90205279144699">
        <ele>0</ele>
        <time>2026-10-05T09:34:43Z</time>
        <extensions>
          <gpxtpx:TrackPointExtension>
            <gpxtpx:hr>121</gpxtpx:hr>
          </gpxtpx:TrackPointExtension>
        </extensions>
      </trkpt>
      <trkpt lat="1.408157813254599" lon="103.90205068737724">
        <ele>0</ele>
        <time>2026-10-05T09:34:44Z</time>
        <extensions>
          <gpxtpx:TrackPointExtension>
            <gpxtpx:hr>121</gpxtpx:hr>
          </gpxtpx:TrackPointExtension>
        </extensions>
      </trkpt>
      <trkpt lat="1.4081444951093298" lon="103.90204862712476">
        <ele>0</ele>
        <time>2026-10-05T09:34:45Z</time>
        <extensions>
          <gpxtpx:TrackPointExtension>
            <gpxtpx:hr>121</gpxtpx:hr>
          </gpxtpx:TrackPointExtension>
        </extensions>
      </trkpt>
      <trkpt lat="1.4081312196137825" lon="103.9020465826472">
        <ele>0</ele>
        <time>2026-10-05T09:34:46Z</time>
        <extensions>
          <gpxtpx:TrackPointExtension>
            <gpxtpx:hr>121</gpxtpx:hr>
          </gpxtpx:TrackPointExtension>
        </extensions>
      </trkpt>
      <trkpt lat="1.4081167239907646" lon="103.90204429760063">
        <ele>0</ele>
        <time>2026-10-05T09:34:47Z</time>
        <extensions>
          <gpxtpx:TrackPointExtension>
            <gpxtpx:hr>121</gpxtpx:hr>
          </gpxtpx:TrackPointExtension>
        </extensions>
      </trkpt>
      <trkpt lat="1.4081018709701085" lon="103.90204145458978">
        <ele>0</ele>
        <time>2026-10-05T09:34:48Z</time>
        <extensions>
          <gpxtpx:TrackPointExtension>
            <gpxtpx:hr>121</gpxtpx:hr>
          </gpxtpx:TrackPointExtension>
        </extensions>
      </trkpt>
      <trkpt lat="1.4080872413799177" lon="103.90203809278248">
        <ele>0</ele>
        <time>2026-10-05T09:34:49Z</time>
        <extensions>
          <gpxtpx:TrackPointExtension>
            <gpxtpx:hr>121</gpxtpx:hr>
          </gpxtpx:TrackPointExtension>
        </extensions>
      </trkpt>
      <trkpt lat="1.4080717155163023" lon="103.90203404512441">
        <ele>0</ele>
        <time>2026-10-05T09:34:50Z</time>
        <extensions>
          <gpxtpx:TrackPointExtension>
            <gpxtpx:hr>121</gpxtpx:hr>
          </gpxtpx:TrackPointExtension>
        </extensions>
      </trkpt>
      <trkpt lat="1.4080571521192309" lon="103.90202984642191">
        <ele>0</ele>
        <time>2026-10-05T09:34:51Z</time>
        <extensions>
          <gpxtpx:TrackPointExtension>
            <gpxtpx:hr>121</gpxtpx:hr>
          </gpxtpx:TrackPointExtension>
        </extensions>
      </trkpt>
      <trkpt lat="1.40804399872242" lon="103.90202600850945">
        <ele>0</ele>
        <time>2026-10-05T09:34:52Z</time>
        <extensions>
          <gpxtpx:TrackPointExtension>
            <gpxtpx:hr>121</gpxtpx:hr>
          </gpxtpx:TrackPointExtension>
        </extensions>
      </trkpt>
      <trkpt lat="1.4080308978047187" lon="103.90202211458829">
        <ele>0</ele>
        <time>2026-10-05T09:34:53Z</time>
        <extensions>
          <gpxtpx:TrackPointExtension>
            <gpxtpx:hr>121</gpxtpx:hr>
          </gpxtpx:TrackPointExtension>
        </extensions>
      </trkpt>
      <trkpt lat="1.4080174672730037" lon="103.90201804443713">
        <ele>0</ele>
        <time>2026-10-05T09:34:54Z</time>
        <extensions>
          <gpxtpx:TrackPointExtension>
            <gpxtpx:hr>121</gpxtpx:hr>
          </gpxtpx:TrackPointExtension>
        </extensions>
      </trkpt>
      <trkpt lat="1.408004779117488" lon="103.90201380081537">
        <ele>0</ele>
        <time>2026-10-05T09:34:55Z</time>
        <extensions>
          <gpxtpx:TrackPointExtension>
            <gpxtpx:hr>121</gpxtpx:hr>
          </gpxtpx:TrackPointExtension>
        </extensions>
      </trkpt>
      <trkpt lat="1.4079932871075094" lon="103.90200967543387">
        <ele>0</ele>
        <time>2026-10-05T09:34:56Z</time>
        <extensions>
          <gpxtpx:TrackPointExtension>
            <gpxtpx:hr>121</gpxtpx:hr>
          </gpxtpx:TrackPointExtension>
        </extensions>
      </trkpt>
      <trkpt lat="1.407981930786376" lon="103.90200570205889">
        <ele>0</ele>
        <time>2026-10-05T09:34:57Z</time>
        <extensions>
          <gpxtpx:TrackPointExtension>
            <gpxtpx:hr>123</gpxtpx:hr>
          </gpxtpx:TrackPointExtension>
        </extensions>
      </trkpt>
      <trkpt lat="1.40797053221211" lon="103.90200164882849">
        <ele>0</ele>
        <time>2026-10-05T09:34:58Z</time>
        <extensions>
          <gpxtpx:TrackPointExtension>
            <gpxtpx:hr>123</gpxtpx:hr>
          </gpxtpx:TrackPointExtension>
        </extensions>
      </trkpt>
      <trkpt lat="1.4079586818254883" lon="103.90199737077495">
        <ele>0</ele>
        <time>2026-10-05T09:34:59Z</time>
        <extensions>
          <gpxtpx:TrackPointExtension>
            <gpxtpx:hr>123</gpxtpx:hr>
          </gpxtpx:TrackPointExtension>
        </extensions>
      </trkpt>
      <trkpt lat="1.4079470617529581" lon="103.9019932338894">
        <ele>0</ele>
        <time>2026-10-05T09:35:00Z</time>
        <extensions>
          <gpxtpx:TrackPointExtension>
            <gpxtpx:hr>123</gpxtpx:hr>
          </gpxtpx:TrackPointExtension>
        </extensions>
      </trkpt>
      <trkpt lat="1.4079361856807724" lon="103.9019893511491">
        <ele>0</ele>
        <time>2026-10-05T09:35:01Z</time>
        <extensions>
          <gpxtpx:TrackPointExtension>
            <gpxtpx:hr>123</gpxtpx:hr>
          </gpxtpx:TrackPointExtension>
        </extensions>
      </trkpt>
      <trkpt lat="1.4079252239680917" lon="103.9019850897169">
        <ele>0</ele>
        <time>2026-10-05T09:35:02Z</time>
        <extensions>
          <gpxtpx:TrackPointExtension>
            <gpxtpx:hr>123</gpxtpx:hr>
          </gpxtpx:TrackPointExtension>
        </extensions>
      </trkpt>
      <trkpt lat="1.4079148673915238" lon="103.90198077584085">
        <ele>0</ele>
        <time>2026-10-05T09:35:03Z</time>
        <extensions>
          <gpxtpx:TrackPointExtension>
            <gpxtpx:hr>123</gpxtpx:hr>
          </gpxtpx:TrackPointExtension>
        </extensions>
      </trkpt>
      <trkpt lat="1.407904586031948" lon="103.9019764886322">
        <ele>0</ele>
        <time>2026-10-05T09:35:04Z</time>
        <extensions>
          <gpxtpx:TrackPointExtension>
            <gpxtpx:hr>122</gpxtpx:hr>
          </gpxtpx:TrackPointExtension>
        </extensions>
      </trkpt>
      <trkpt lat="1.407892863535182" lon="103.90197158815403">
        <ele>0</ele>
        <time>2026-10-05T09:35:05Z</time>
        <extensions>
          <gpxtpx:TrackPointExtension>
            <gpxtpx:hr>122</gpxtpx:hr>
          </gpxtpx:TrackPointExtension>
        </extensions>
      </trkpt>
      <trkpt lat="1.4078808328244359" lon="103.9019665812675">
        <ele>0</ele>
        <time>2026-10-05T09:35:06Z</time>
        <extensions>
          <gpxtpx:TrackPointExtension>
            <gpxtpx:hr>122</gpxtpx:hr>
          </gpxtpx:TrackPointExtension>
        </extensions>
      </trkpt>
      <trkpt lat="1.4078684993508122" lon="103.90196179847958">
        <ele>0</ele>
        <time>2026-10-05T09:35:07Z</time>
        <extensions>
          <gpxtpx:TrackPointExtension>
            <gpxtpx:hr>122</gpxtpx:hr>
          </gpxtpx:TrackPointExtension>
        </extensions>
      </trkpt>
      <trkpt lat="1.407855193775882" lon="103.90195660971595">
        <ele>0</ele>
        <time>2026-10-05T09:35:08Z</time>
        <extensions>
          <gpxtpx:TrackPointExtension>
            <gpxtpx:hr>122</gpxtpx:hr>
          </gpxtpx:TrackPointExtension>
        </extensions>
      </trkpt>
      <trkpt lat="1.4078423462282623" lon="103.90195125862815">
        <ele>0</ele>
        <time>2026-10-05T09:35:09Z</time>
        <extensions>
          <gpxtpx:TrackPointExtension>
            <gpxtpx:hr>122</gpxtpx:hr>
          </gpxtpx:TrackPointExtension>
        </extensions>
      </trkpt>
      <trkpt lat="1.4078303868506603" lon="103.90194625241676">
        <ele>0</ele>
        <time>2026-10-05T09:35:10Z</time>
        <extensions>
          <gpxtpx:TrackPointExtension>
            <gpxtpx:hr>122</gpxtpx:hr>
          </gpxtpx:TrackPointExtension>
        </extensions>
      </trkpt>
      <trkpt lat="1.4078186344059591" lon="103.90194132234097">
        <ele>0</ele>
        <time>2026-10-05T09:35:11Z</time>
        <extensions>
          <gpxtpx:TrackPointExtension>
            <gpxtpx:hr>120</gpxtpx:hr>
          </gpxtpx:TrackPointExtension>
        </extensions>
      </trkpt>
      <trkpt lat="1.4078067729108141" lon="103.90193633653217">
        <ele>0</ele>
        <time>2026-10-05T09:35:12Z</time>
        <extensions>
          <gpxtpx:TrackPointExtension>
            <gpxtpx:hr>120</gpxtpx:hr>
          </gpxtpx:TrackPointExtension>
        </extensions>
      </trkpt>
      <trkpt lat="1.4077949014894322" lon="103.90193134220753">
        <ele>0</ele>
        <time>2026-10-05T09:35:13Z</time>
        <extensions>
          <gpxtpx:TrackPointExtension>
            <gpxtpx:hr>120</gpxtpx:hr>
          </gpxtpx:TrackPointExtension>
        </extensions>
      </trkpt>
      <trkpt lat="1.4077832587134977" lon="103.90192641028119">
        <ele>0</ele>
        <time>2026-10-05T09:35:14Z</time>
        <extensions>
          <gpxtpx:TrackPointExtension>
            <gpxtpx:hr>120</gpxtpx:hr>
          </gpxtpx:TrackPointExtension>
        </extensions>
      </trkpt>
      <trkpt lat="1.4077718468129032" lon="103.9019213277137">
        <ele>0</ele>
        <time>2026-10-05T09:35:15Z</time>
        <extensions>
          <gpxtpx:TrackPointExtension>
            <gpxtpx:hr>120</gpxtpx:hr>
          </gpxtpx:TrackPointExtension>
        </extensions>
      </trkpt>
      <trkpt lat="1.40776042739942" lon="103.90191602005572">
        <ele>0</ele>
        <time>2026-10-05T09:35:16Z</time>
        <extensions>
          <gpxtpx:TrackPointExtension>
            <gpxtpx:hr>120</gpxtpx:hr>
          </gpxtpx:TrackPointExtension>
        </extensions>
      </trkpt>
      <trkpt lat="1.4077486786469506" lon="103.9019105147453">
        <ele>0</ele>
        <time>2026-10-05T09:35:17Z</time>
        <extensions>
          <gpxtpx:TrackPointExtension>
            <gpxtpx:hr>122</gpxtpx:hr>
          </gpxtpx:TrackPointExtension>
        </extensions>
      </trkpt>
      <trkpt lat="1.407737084545121" lon="103.9019050053662">
        <ele>0</ele>
        <time>2026-10-05T09:35:18Z</time>
        <extensions>
          <gpxtpx:TrackPointExtension>
            <gpxtpx:hr>122</gpxtpx:hr>
          </gpxtpx:TrackPointExtension>
        </extensions>
      </trkpt>
      <trkpt lat="1.4077256846373019" lon="103.90189953457606">
        <ele>0</ele>
        <time>2026-10-05T09:35:19Z</time>
        <extensions>
          <gpxtpx:TrackPointExtension>
            <gpxtpx:hr>122</gpxtpx:hr>
          </gpxtpx:TrackPointExtension>
        </extensions>
      </trkpt>
      <trkpt lat="1.4077140027365853" lon="103.9018938761537">
        <ele>0</ele>
        <time>2026-10-05T09:35:20Z</time>
        <extensions>
          <gpxtpx:TrackPointExtension>
            <gpxtpx:hr>122</gpxtpx:hr>
          </gpxtpx:TrackPointExtension>
        </extensions>
      </trkpt>
      <trkpt lat="1.4077022506431476" lon="103.90188815625677">
        <ele>0</ele>
        <time>2026-10-05T09:35:21Z</time>
        <extensions>
          <gpxtpx:TrackPointExtension>
            <gpxtpx:hr>122</gpxtpx:hr>
          </gpxtpx:TrackPointExtension>
        </extensions>
      </trkpt>
      <trkpt lat="1.4076906910616398" lon="103.90188245132055">
        <ele>0</ele>
        <time>2026-10-05T09:35:22Z</time>
        <extensions>
          <gpxtpx:TrackPointExtension>
            <gpxtpx:hr>123</gpxtpx:hr>
          </gpxtpx:TrackPointExtension>
        </extensions>
      </trkpt>
      <trkpt lat="1.4076791531125543" lon="103.90187670929923">
        <ele>0</ele>
        <time>2026-10-05T09:35:23Z</time>
        <extensions>
          <gpxtpx:TrackPointExtension>
            <gpxtpx:hr>123</gpxtpx:hr>
          </gpxtpx:TrackPointExtension>
        </extensions>
      </trkpt>
      <trkpt lat="1.4076676487953572" lon="103.90187103845386">
        <ele>0</ele>
        <time>2026-10-05T09:35:24Z</time>
        <extensions>
          <gpxtpx:TrackPointExtension>
            <gpxtpx:hr>123</gpxtpx:hr>
          </gpxtpx:TrackPointExtension>
        </extensions>
      </trkpt>
      <trkpt lat="1.4076558048331043" lon="103.9018652596627">
        <ele>0</ele>
        <time>2026-10-05T09:35:25Z</time>
        <extensions>
          <gpxtpx:TrackPointExtension>
            <gpxtpx:hr>123</gpxtpx:hr>
          </gpxtpx:TrackPointExtension>
        </extensions>
      </trkpt>
      <trkpt lat="1.4076427093654549" lon="103.90185890336514">
        <ele>0</ele>
        <time>2026-10-05T09:35:26Z</time>
        <extensions>
          <gpxtpx:TrackPointExtension>
            <gpxtpx:hr>123</gpxtpx:hr>
          </gpxtpx:TrackPointExtension>
        </extensions>
      </trkpt>
      <trkpt lat="1.4076294946517314" lon="103.90185248015635">
        <ele>0</ele>
        <time>2026-10-05T09:35:27Z</time>
        <extensions>
          <gpxtpx:TrackPointExtension>
            <gpxtpx:hr>126</gpxtpx:hr>
          </gpxtpx:TrackPointExtension>
        </extensions>
      </trkpt>
      <trkpt lat="1.407617086152947" lon="103.90184643503414">
        <ele>0</ele>
        <time>2026-10-05T09:35:28Z</time>
        <extensions>
          <gpxtpx:TrackPointExtension>
            <gpxtpx:hr>126</gpxtpx:hr>
          </gpxtpx:TrackPointExtension>
        </extensions>
      </trkpt>
      <trkpt lat="1.4076043691605569" lon="103.90184021619713">
        <ele>0</ele>
        <time>2026-10-05T09:35:29Z</time>
        <extensions>
          <gpxtpx:TrackPointExtension>
            <gpxtpx:hr>126</gpxtpx:hr>
          </gpxtpx:TrackPointExtension>
        </extensions>
      </trkpt>
      <trkpt lat="1.4075919853242977" lon="103.90183415198204">
        <ele>0</ele>
        <time>2026-10-05T09:35:30Z</time>
        <extensions>
          <gpxtpx:TrackPointExtension>
            <gpxtpx:hr>126</gpxtpx:hr>
          </gpxtpx:TrackPointExtension>
        </extensions>
      </trkpt>
      <trkpt lat="1.4075803293812745" lon="103.90182843355728">
        <ele>0</ele>
        <time>2026-10-05T09:35:31Z</time>
        <extensions>
          <gpxtpx:TrackPointExtension>
            <gpxtpx:hr>126</gpxtpx:hr>
          </gpxtpx:TrackPointExtension>
        </extensions>
      </trkpt>
      <trkpt lat="1.4075680937787267" lon="103.90182243093538">
        <ele>0</ele>
        <time>2026-10-05T09:35:32Z</time>
        <extensions>
          <gpxtpx:TrackPointExtension>
            <gpxtpx:hr>126</gpxtpx:hr>
          </gpxtpx:TrackPointExtension>
        </extensions>
      </trkpt>
      <trkpt lat="1.4075559129276447" lon="103.90181648033679">
        <ele>0</ele>
        <time>2026-10-05T09:35:33Z</time>
        <extensions>
          <gpxtpx:TrackPointExtension>
            <gpxtpx:hr>126</gpxtpx:hr>
          </gpxtpx:TrackPointExtension>
        </extensions>
      </trkpt>
      <trkpt lat="1.4075441300254565" lon="103.90181074015396">
        <ele>0</ele>
        <time>2026-10-05T09:35:34Z</time>
        <extensions>
          <gpxtpx:TrackPointExtension>
            <gpxtpx:hr>126</gpxtpx:hr>
          </gpxtpx:TrackPointExtension>
        </extensions>
      </trkpt>
      <trkpt lat="1.4075320224847236" lon="103.90180486173605">
        <ele>0</ele>
        <time>2026-10-05T09:35:35Z</time>
        <extensions>
          <gpxtpx:TrackPointExtension>
            <gpxtpx:hr>126</gpxtpx:hr>
          </gpxtpx:TrackPointExtension>
        </extensions>
      </trkpt>
      <trkpt lat="1.4075203570988888" lon="103.9017992043754">
        <ele>0</ele>
        <time>2026-10-05T09:35:36Z</time>
        <extensions>
          <gpxtpx:TrackPointExtension>
            <gpxtpx:hr>126</gpxtpx:hr>
          </gpxtpx:TrackPointExtension>
        </extensions>
      </trkpt>
      <trkpt lat="1.4075090582311471" lon="103.90179372308178">
        <ele>0</ele>
        <time>2026-10-05T09:35:37Z</time>
        <extensions>
          <gpxtpx:TrackPointExtension>
            <gpxtpx:hr>125</gpxtpx:hr>
          </gpxtpx:TrackPointExtension>
        </extensions>
      </trkpt>
      <trkpt lat="1.4074969521767022" lon="103.90178785248106">
        <ele>0</ele>
        <time>2026-10-05T09:35:38Z</time>
        <extensions>
          <gpxtpx:TrackPointExtension>
            <gpxtpx:hr>125</gpxtpx:hr>
          </gpxtpx:TrackPointExtension>
        </extensions>
      </trkpt>
      <trkpt lat="1.4074847187766764" lon="103.90178191965184">
        <ele>0</ele>
        <time>2026-10-05T09:35:39Z</time>
        <extensions>
          <gpxtpx:TrackPointExtension>
            <gpxtpx:hr>125</gpxtpx:hr>
          </gpxtpx:TrackPointExtension>
        </extensions>
      </trkpt>
      <trkpt lat="1.407472999281421" lon="103.90177623634449">
        <ele>0</ele>
        <time>2026-10-05T09:35:40Z</time>
        <extensions>
          <gpxtpx:TrackPointExtension>
            <gpxtpx:hr>125</gpxtpx:hr>
          </gpxtpx:TrackPointExtension>
        </extensions>
      </trkpt>
      <trkpt lat="1.4074607839688047" lon="103.90177033534927">
        <ele>0</ele>
        <time>2026-10-05T09:35:41Z</time>
        <extensions>
          <gpxtpx:TrackPointExtension>
            <gpxtpx:hr>125</gpxtpx:hr>
          </gpxtpx:TrackPointExtension>
        </extensions>
      </trkpt>
      <trkpt lat="1.4074480588844824" lon="103.90176445485994">
        <ele>0</ele>
        <time>2026-10-05T09:35:42Z</time>
        <extensions>
          <gpxtpx:TrackPointExtension>
            <gpxtpx:hr>125</gpxtpx:hr>
          </gpxtpx:TrackPointExtension>
        </extensions>
      </trkpt>
      <trkpt lat="1.4074351866220667" lon="103.90175877583778">
        <ele>0</ele>
        <time>2026-10-05T09:35:43Z</time>
        <extensions>
          <gpxtpx:TrackPointExtension>
            <gpxtpx:hr>125</gpxtpx:hr>
          </gpxtpx:TrackPointExtension>
        </extensions>
      </trkpt>
      <trkpt lat="1.4074219776709838" lon="103.90175297196943">
        <ele>0</ele>
        <time>2026-10-05T09:35:44Z</time>
        <extensions>
          <gpxtpx:TrackPointExtension>
            <gpxtpx:hr>125</gpxtpx:hr>
          </gpxtpx:TrackPointExtension>
        </extensions>
      </trkpt>
      <trkpt lat="1.407409296743241" lon="103.90174741033563">
        <ele>0</ele>
        <time>2026-10-05T09:35:45Z</time>
        <extensions>
          <gpxtpx:TrackPointExtension>
            <gpxtpx:hr>123</gpxtpx:hr>
          </gpxtpx:TrackPointExtension>
        </extensions>
      </trkpt>
      <trkpt lat="1.407396989231987" lon="103.90174201942811">
        <ele>0</ele>
        <time>2026-10-05T09:35:46Z</time>
        <extensions>
          <gpxtpx:TrackPointExtension>
            <gpxtpx:hr>123</gpxtpx:hr>
          </gpxtpx:TrackPointExtension>
        </extensions>
      </trkpt>
      <trkpt lat="1.4073839503474634" lon="103.90173628252964">
        <ele>0</ele>
        <time>2026-10-05T09:35:47Z</time>
        <extensions>
          <gpxtpx:TrackPointExtension>
            <gpxtpx:hr>123</gpxtpx:hr>
          </gpxtpx:TrackPointExtension>
        </extensions>
      </trkpt>
      <trkpt lat="1.4073711710290917" lon="103.90173074578608">
        <ele>0</ele>
        <time>2026-10-05T09:35:48Z</time>
        <extensions>
          <gpxtpx:TrackPointExtension>
            <gpxtpx:hr>123</gpxtpx:hr>
          </gpxtpx:TrackPointExtension>
        </extensions>
      </trkpt>
      <trkpt lat="1.4073590554240125" lon="103.9017256783248">
        <ele>0</ele>
        <time>2026-10-05T09:35:49Z</time>
        <extensions>
          <gpxtpx:TrackPointExtension>
            <gpxtpx:hr>123</gpxtpx:hr>
          </gpxtpx:TrackPointExtension>
        </extensions>
      </trkpt>
      <trkpt lat="1.4073462628131994" lon="103.90172029651373">
        <ele>0</ele>
        <time>2026-10-05T09:35:50Z</time>
        <extensions>
          <gpxtpx:TrackPointExtension>
            <gpxtpx:hr>123</gpxtpx:hr>
          </gpxtpx:TrackPointExtension>
        </extensions>
      </trkpt>
      <trkpt lat="1.4073330783839977" lon="103.90171475091495">
        <ele>0</ele>
        <time>2026-10-05T09:35:51Z</time>
        <extensions>
          <gpxtpx:TrackPointExtension>
            <gpxtpx:hr>123</gpxtpx:hr>
          </gpxtpx:TrackPointExtension>
        </extensions>
      </trkpt>
      <trkpt lat="1.4073197595512565" lon="103.90170916224368">
        <ele>0</ele>
        <time>2026-10-05T09:35:52Z</time>
        <extensions>
          <gpxtpx:TrackPointExtension>
            <gpxtpx:hr>121</gpxtpx:hr>
          </gpxtpx:TrackPointExtension>
        </extensions>
      </trkpt>
      <trkpt lat="1.4073056090383036" lon="103.90170320763062">
        <ele>0</ele>
        <time>2026-10-05T09:35:53Z</time>
        <extensions>
          <gpxtpx:TrackPointExtension>
            <gpxtpx:hr>121</gpxtpx:hr>
          </gpxtpx:TrackPointExtension>
        </extensions>
      </trkpt>
      <trkpt lat="1.4072918738383196" lon="103.90169743654732">
        <ele>0</ele>
        <time>2026-10-05T09:35:54Z</time>
        <extensions>
          <gpxtpx:TrackPointExtension>
            <gpxtpx:hr>121</gpxtpx:hr>
          </gpxtpx:TrackPointExtension>
        </extensions>
      </trkpt>
      <trkpt lat="1.4072787495404742" lon="103.90169190866132">
        <ele>0</ele>
        <time>2026-10-05T09:35:55Z</time>
        <extensions>
          <gpxtpx:TrackPointExtension>
            <gpxtpx:hr>121</gpxtpx:hr>
          </gpxtpx:TrackPointExtension>
        </extensions>
      </trkpt>
      <trkpt lat="1.4072649203363223" lon="103.90168607749239">
        <ele>0</ele>
        <time>2026-10-05T09:35:56Z</time>
        <extensions>
          <gpxtpx:TrackPointExtension>
            <gpxtpx:hr>121</gpxtpx:hr>
          </gpxtpx:TrackPointExtension>
        </extensions>
      </trkpt>
      <trkpt lat="1.407251224963935" lon="103.90168004245837">
        <ele>0</ele>
        <time>2026-10-05T09:35:57Z</time>
        <extensions>
          <gpxtpx:TrackPointExtension>
            <gpxtpx:hr>121</gpxtpx:hr>
          </gpxtpx:TrackPointExtension>
        </extensions>
      </trkpt>
      <trkpt lat="1.4072375643423694" lon="103.9016737446192">
        <ele>0</ele>
        <time>2026-10-05T09:35:58Z</time>
        <extensions>
          <gpxtpx:TrackPointExtension>
            <gpxtpx:hr>121</gpxtpx:hr>
          </gpxtpx:TrackPointExtension>
        </extensions>
      </trkpt>
      <trkpt lat="1.407222270386001" lon="103.90166683066745">
        <ele>0</ele>
        <time>2026-10-05T09:35:59Z</time>
        <extensions>
          <gpxtpx:TrackPointExtension>
            <gpxtpx:hr>121</gpxtpx:hr>
          </gpxtpx:TrackPointExtension>
        </extensions>
      </trkpt>
      <trkpt lat="1.4072068560722082" lon="103.90165946254774">
        <ele>0</ele>
        <time>2026-10-05T09:36:00Z</time>
        <extensions>
          <gpxtpx:TrackPointExtension>
            <gpxtpx:hr>121</gpxtpx:hr>
          </gpxtpx:TrackPointExtension>
        </extensions>
      </trkpt>
      <trkpt lat="1.4071934164651563" lon="103.90165271356881">
        <ele>0</ele>
        <time>2026-10-05T09:36:01Z</time>
        <extensions>
          <gpxtpx:TrackPointExtension>
            <gpxtpx:hr>121</gpxtpx:hr>
          </gpxtpx:TrackPointExtension>
        </extensions>
      </trkpt>
      <trkpt lat="1.4071798380490672" lon="103.90164582990275">
        <ele>0</ele>
        <time>2026-10-05T09:36:02Z</time>
        <extensions>
          <gpxtpx:TrackPointExtension>
            <gpxtpx:hr>121</gpxtpx:hr>
          </gpxtpx:TrackPointExtension>
        </extensions>
      </trkpt>
      <trkpt lat="1.4071666100761762" lon="103.90163859751597">
        <ele>0</ele>
        <time>2026-10-05T09:36:03Z</time>
        <extensions>
          <gpxtpx:TrackPointExtension>
            <gpxtpx:hr>121</gpxtpx:hr>
          </gpxtpx:TrackPointExtension>
        </extensions>
      </trkpt>
      <trkpt lat="1.4071544516982628" lon="103.9016314409174">
        <ele>0</ele>
        <time>2026-10-05T09:36:04Z</time>
        <extensions>
          <gpxtpx:TrackPointExtension>
            <gpxtpx:hr>121</gpxtpx:hr>
          </gpxtpx:TrackPointExtension>
        </extensions>
      </trkpt>
      <trkpt lat="1.40714638787738" lon="103.90162685141331">
        <ele>0</ele>
        <time>2026-10-05T09:36:05Z</time>
        <extensions>
          <gpxtpx:TrackPointExtension>
            <gpxtpx:hr>121</gpxtpx:hr>
          </gpxtpx:TrackPointExtension>
        </extensions>
      </trkpt>
      <trkpt lat="1.407139753713161" lon="103.90162396416788">
        <ele>0</ele>
        <time>2026-10-05T09:36:06Z</time>
        <extensions>
          <gpxtpx:TrackPointExtension>
            <gpxtpx:hr>121</gpxtpx:hr>
          </gpxtpx:TrackPointExtension>
        </extensions>
      </trkpt>
      <trkpt lat="1.4071287967872763" lon="103.90161948112647">
        <ele>0</ele>
        <time>2026-10-05T09:36:07Z</time>
        <extensions>
          <gpxtpx:TrackPointExtension>
            <gpxtpx:hr>121</gpxtpx:hr>
          </gpxtpx:TrackPointExtension>
        </extensions>
      </trkpt>
      <trkpt lat="1.407113723326519" lon="103.90161297929565">
        <ele>0</ele>
        <time>2026-10-05T09:36:08Z</time>
        <extensions>
          <gpxtpx:TrackPointExtension>
            <gpxtpx:hr>123</gpxtpx:hr>
          </gpxtpx:TrackPointExtension>
        </extensions>
      </trkpt>
      <trkpt lat="1.407103012239787" lon="103.90160700424684">
        <ele>0</ele>
        <time>2026-10-05T09:36:09Z</time>
        <extensions>
          <gpxtpx:TrackPointExtension>
            <gpxtpx:hr>123</gpxtpx:hr>
          </gpxtpx:TrackPointExtension>
        </extensions>
      </trkpt>
      <trkpt lat="1.407084251766405" lon="103.90159516546964">
        <ele>0</ele>
        <time>2026-10-05T09:36:10Z</time>
        <extensions>
          <gpxtpx:TrackPointExtension>
            <gpxtpx:hr>123</gpxtpx:hr>
          </gpxtpx:TrackPointExtension>
        </extensions>
      </trkpt>
      <trkpt lat="1.4070733219743716" lon="103.90158791988313">
        <ele>0</ele>
        <time>2026-10-05T09:36:11Z</time>
        <extensions>
          <gpxtpx:TrackPointExtension>
            <gpxtpx:hr>123</gpxtpx:hr>
          </gpxtpx:TrackPointExtension>
        </extensions>
      </trkpt>
      <trkpt lat="1.407062565578989" lon="103.90158035964029">
        <ele>0</ele>
        <time>2026-10-05T09:36:12Z</time>
        <extensions>
          <gpxtpx:TrackPointExtension>
            <gpxtpx:hr>123</gpxtpx:hr>
          </gpxtpx:TrackPointExtension>
        </extensions>
      </trkpt>
      <trkpt lat="1.4070524494319538" lon="103.90157284484688">
        <ele>0</ele>
        <time>2026-10-05T09:36:13Z</time>
        <extensions>
          <gpxtpx:TrackPointExtension>
            <gpxtpx:hr>123</gpxtpx:hr>
          </gpxtpx:TrackPointExtension>
        </extensions>
      </trkpt>
      <trkpt lat="1.4070420016214498" lon="103.90156493963306">
        <ele>0</ele>
        <time>2026-10-05T09:36:14Z</time>
        <extensions>
          <gpxtpx:TrackPointExtension>
            <gpxtpx:hr>124</gpxtpx:hr>
          </gpxtpx:TrackPointExtension>
        </extensions>
      </trkpt>
      <trkpt lat="1.4070317617865993" lon="103.90155721145857">
        <ele>0</ele>
        <time>2026-10-05T09:36:15Z</time>
        <extensions>
          <gpxtpx:TrackPointExtension>
            <gpxtpx:hr>124</gpxtpx:hr>
          </gpxtpx:TrackPointExtension>
        </extensions>
      </trkpt>
      <trkpt lat="1.4070219274298195" lon="103.90154976219615">
        <ele>0</ele>
        <time>2026-10-05T09:36:16Z</time>
        <extensions>
          <gpxtpx:TrackPointExtension>
            <gpxtpx:hr>124</gpxtpx:hr>
          </gpxtpx:TrackPointExtension>
        </extensions>
      </trkpt>
      <trkpt lat="1.4070116413391307" lon="103.90154172770393">
        <ele>0</ele>
        <time>2026-10-05T09:36:17Z</time>
        <extensions>
          <gpxtpx:TrackPointExtension>
            <gpxtpx:hr>124</gpxtpx:hr>
          </gpxtpx:TrackPointExtension>
        </extensions>
      </trkpt>
      <trkpt lat="1.407001013571328" lon="103.90153399789438">
        <ele>0</ele>
        <time>2026-10-05T09:36:18Z</time>
        <extensions>
          <gpxtpx:TrackPointExtension>
            <gpxtpx:hr>123</gpxtpx:hr>
          </gpxtpx:TrackPointExtension>
        </extensions>
      </trkpt>
      <trkpt lat="1.4069908016370134" lon="103.9015265362464">
        <ele>0</ele>
        <time>2026-10-05T09:36:19Z</time>
        <extensions>
          <gpxtpx:TrackPointExtension>
            <gpxtpx:hr>123</gpxtpx:hr>
          </gpxtpx:TrackPointExtension>
        </extensions>
      </trkpt>
      <trkpt lat="1.406980715852053" lon="103.90151826310445">
        <ele>0</ele>
        <time>2026-10-05T09:36:20Z</time>
        <extensions>
          <gpxtpx:TrackPointExtension>
            <gpxtpx:hr>123</gpxtpx:hr>
          </gpxtpx:TrackPointExtension>
        </extensions>
      </trkpt>
      <trkpt lat="1.4069705791269547" lon="103.9015099058425">
        <ele>0</ele>
        <time>2026-10-05T09:36:21Z</time>
        <extensions>
          <gpxtpx:TrackPointExtension>
            <gpxtpx:hr>123</gpxtpx:hr>
          </gpxtpx:TrackPointExtension>
        </extensions>
      </trkpt>
      <trkpt lat="1.4069606839325137" lon="103.90150173603766">
        <ele>0</ele>
        <time>2026-10-05T09:36:22Z</time>
        <extensions>
          <gpxtpx:TrackPointExtension>
            <gpxtpx:hr>123</gpxtpx:hr>
          </gpxtpx:TrackPointExtension>
        </extensions>
      </trkpt>
      <trkpt lat="1.406950655450595" lon="103.90149346095606">
        <ele>0</ele>
        <time>2026-10-05T09:36:23Z</time>
        <extensions>
          <gpxtpx:TrackPointExtension>
            <gpxtpx:hr>123</gpxtpx:hr>
          </gpxtpx:TrackPointExtension>
        </extensions>
      </trkpt>
      <trkpt lat="1.4069412274859683" lon="103.9014856918647">
        <ele>0</ele>
        <time>2026-10-05T09:36:24Z</time>
        <extensions>
          <gpxtpx:TrackPointExtension>
            <gpxtpx:hr>123</gpxtpx:hr>
          </gpxtpx:TrackPointExtension>
        </extensions>
      </trkpt>
      <trkpt lat="1.4069324208104976" lon="103.90147844523392">
        <ele>0</ele>
        <time>2026-10-05T09:36:25Z</time>
        <extensions>
          <gpxtpx:TrackPointExtension>
            <gpxtpx:hr>123</gpxtpx:hr>
          </gpxtpx:TrackPointExtension>
        </extensions>
      </trkpt>
      <trkpt lat="1.406923223008791" lon="103.90147090040479">
        <ele>0</ele>
        <time>2026-10-05T09:36:26Z</time>
        <extensions>
          <gpxtpx:TrackPointExtension>
            <gpxtpx:hr>123</gpxtpx:hr>
          </gpxtpx:TrackPointExtension>
        </extensions>
      </trkpt>
      <trkpt lat="1.4069136879967687" lon="103.9014630990062">
        <ele>0</ele>
        <time>2026-10-05T09:36:27Z</time>
        <extensions>
          <gpxtpx:TrackPointExtension>
            <gpxtpx:hr>123</gpxtpx:hr>
          </gpxtpx:TrackPointExtension>
        </extensions>
      </trkpt>
      <trkpt lat="1.4069044080809627" lon="103.90145552363461">
        <ele>0</ele>
        <time>2026-10-05T09:36:28Z</time>
        <extensions>
          <gpxtpx:TrackPointExtension>
            <gpxtpx:hr>123</gpxtpx:hr>
          </gpxtpx:TrackPointExtension>
        </extensions>
      </trkpt>
      <trkpt lat="1.4068950538562937" lon="103.901447912251">
        <ele>0</ele>
        <time>2026-10-05T09:36:29Z</time>
        <extensions>
          <gpxtpx:TrackPointExtension>
            <gpxtpx:hr>123</gpxtpx:hr>
          </gpxtpx:TrackPointExtension>
        </extensions>
      </trkpt>
      <trkpt lat="1.4068854683219867" lon="103.90144011744655">
        <ele>0</ele>
        <time>2026-10-05T09:36:30Z</time>
        <extensions>
          <gpxtpx:TrackPointExtension>
            <gpxtpx:hr>123</gpxtpx:hr>
          </gpxtpx:TrackPointExtension>
        </extensions>
      </trkpt>
      <trkpt lat="1.4068758562711308" lon="103.90143205606729">
        <ele>0</ele>
        <time>2026-10-05T09:36:31Z</time>
        <extensions>
          <gpxtpx:TrackPointExtension>
            <gpxtpx:hr>122</gpxtpx:hr>
          </gpxtpx:TrackPointExtension>
        </extensions>
      </trkpt>
      <trkpt lat="1.406865593809334" lon="103.90142319401271">
        <ele>0</ele>
        <time>2026-10-05T09:36:32Z</time>
        <extensions>
          <gpxtpx:TrackPointExtension>
            <gpxtpx:hr>122</gpxtpx:hr>
          </gpxtpx:TrackPointExtension>
        </extensions>
      </trkpt>
      <trkpt lat="1.4068547374757496" lon="103.90141381903999">
        <ele>0</ele>
        <time>2026-10-05T09:36:33Z</time>
        <extensions>
          <gpxtpx:TrackPointExtension>
            <gpxtpx:hr>122</gpxtpx:hr>
          </gpxtpx:TrackPointExtension>
        </extensions>
      </trkpt>
      <trkpt lat="1.4068435473556942" lon="103.90140416324888">
        <ele>0</ele>
        <time>2026-10-05T09:36:34Z</time>
        <extensions>
          <gpxtpx:TrackPointExtension>
            <gpxtpx:hr>122</gpxtpx:hr>
          </gpxtpx:TrackPointExtension>
        </extensions>
      </trkpt>
      <trkpt lat="1.4068321394641796" lon="103.90139432842011">
        <ele>0</ele>
        <time>2026-10-05T09:36:35Z</time>
        <extensions>
          <gpxtpx:TrackPointExtension>
            <gpxtpx:hr>122</gpxtpx:hr>
          </gpxtpx:TrackPointExtension>
        </extensions>
      </trkpt>
      <trkpt lat="1.4068211133611823" lon="103.9013848278197">
        <ele>0</ele>
        <time>2026-10-05T09:36:36Z</time>
        <extensions>
          <gpxtpx:TrackPointExtension>
            <gpxtpx:hr>122</gpxtpx:hr>
          </gpxtpx:TrackPointExtension>
        </extensions>
      </trkpt>
      <trkpt lat="1.4068149966790453" lon="103.90137947137272">
        <ele>0</ele>
        <time>2026-10-05T09:36:37Z</time>
        <extensions>
          <gpxtpx:TrackPointExtension>
            <gpxtpx:hr>122</gpxtpx:hr>
          </gpxtpx:TrackPointExtension>
        </extensions>
      </trkpt>
      <trkpt lat="1.4068132871168704" lon="103.90137783805953">
        <ele>0</ele>
        <time>2026-10-05T09:36:38Z</time>
        <extensions>
          <gpxtpx:TrackPointExtension>
            <gpxtpx:hr>122</gpxtpx:hr>
          </gpxtpx:TrackPointExtension>
        </extensions>
      </trkpt>
      <trkpt lat="1.4068074470631027" lon="103.90137272014238">
        <ele>0</ele>
        <time>2026-10-05T09:36:39Z</time>
        <extensions>
          <gpxtpx:TrackPointExtension>
            <gpxtpx:hr>122</gpxtpx:hr>
          </gpxtpx:TrackPointExtension>
        </extensions>
      </trkpt>
      <trkpt lat="1.4067975520478402" lon="103.90136413047871">
        <ele>0</ele>
        <time>2026-10-05T09:36:40Z</time>
        <extensions>
          <gpxtpx:TrackPointExtension>
            <gpxtpx:hr>122</gpxtpx:hr>
          </gpxtpx:TrackPointExtension>
        </extensions>
      </trkpt>
      <trkpt lat="1.4067878033787853" lon="103.90135567108288">
        <ele>0</ele>
        <time>2026-10-05T09:36:41Z</time>
        <extensions>
          <gpxtpx:TrackPointExtension>
            <gpxtpx:hr>122</gpxtpx:hr>
          </gpxtpx:TrackPointExtension>
        </extensions>
      </trkpt>
      <trkpt lat="1.406779196052519" lon="103.9013481932985">
        <ele>0</ele>
        <time>2026-10-05T09:36:42Z</time>
        <extensions>
          <gpxtpx:TrackPointExtension>
            <gpxtpx:hr>121</gpxtpx:hr>
          </gpxtpx:TrackPointExtension>
        </extensions>
      </trkpt>
      <trkpt lat="1.406771470389689" lon="103.90134147080013">
        <ele>0</ele>
        <time>2026-10-05T09:36:43Z</time>
        <extensions>
          <gpxtpx:TrackPointExtension>
            <gpxtpx:hr>121</gpxtpx:hr>
          </gpxtpx:TrackPointExtension>
        </extensions>
      </trkpt>
      <trkpt lat="1.4067636264517065" lon="103.90133465930494">
        <ele>0</ele>
        <time>2026-10-05T09:36:44Z</time>
        <extensions>
          <gpxtpx:TrackPointExtension>
            <gpxtpx:hr>121</gpxtpx:hr>
          </gpxtpx:TrackPointExtension>
        </extensions>
      </trkpt>
      <trkpt lat="1.4067554317924036" lon="103.90132756925357">
        <ele>0</ele>
        <time>2026-10-05T09:36:45Z</time>
        <extensions>
          <gpxtpx:TrackPointExtension>
            <gpxtpx:hr>121</gpxtpx:hr>
          </gpxtpx:TrackPointExtension>
        </extensions>
      </trkpt>
      <trkpt lat="1.406746980189761" lon="103.90132027367827">
        <ele>0</ele>
        <time>2026-10-05T09:36:46Z</time>
        <extensions>
          <gpxtpx:TrackPointExtension>
            <gpxtpx:hr>120</gpxtpx:hr>
          </gpxtpx:TrackPointExtension>
        </extensions>
      </trkpt>
      <trkpt lat="1.4067384107075755" lon="103.90131289659533">
        <ele>0</ele>
        <time>2026-10-05T09:36:47Z</time>
        <extensions>
          <gpxtpx:TrackPointExtension>
            <gpxtpx:hr>120</gpxtpx:hr>
          </gpxtpx:TrackPointExtension>
        </extensions>
      </trkpt>
      <trkpt lat="1.4067305014065323" lon="103.90130611269358">
        <ele>0</ele>
        <time>2026-10-05T09:36:48Z</time>
        <extensions>
          <gpxtpx:TrackPointExtension>
            <gpxtpx:hr>120</gpxtpx:hr>
          </gpxtpx:TrackPointExtension>
        </extensions>
      </trkpt>
      <trkpt lat="1.4067236502911018" lon="103.90129977785757">
        <ele>0</ele>
        <time>2026-10-05T09:36:49Z</time>
        <extensions>
          <gpxtpx:TrackPointExtension>
            <gpxtpx:hr>120</gpxtpx:hr>
          </gpxtpx:TrackPointExtension>
        </extensions>
      </trkpt>
      <trkpt lat="1.4067172577763434" lon="103.90129325199707">
        <ele>0</ele>
        <time>2026-10-05T09:36:50Z</time>
        <extensions>
          <gpxtpx:TrackPointExtension>
            <gpxtpx:hr>120</gpxtpx:hr>
          </gpxtpx:TrackPointExtension>
        </extensions>
      </trkpt>
      <trkpt lat="1.4067135412608287" lon="103.90128630001279">
        <ele>0</ele>
        <time>2026-10-05T09:36:51Z</time>
        <extensions>
          <gpxtpx:TrackPointExtension>
            <gpxtpx:hr>120</gpxtpx:hr>
          </gpxtpx:TrackPointExtension>
        </extensions>
      </trkpt>
      <trkpt lat="1.4067125368338496" lon="103.90127898914959">
        <ele>0</ele>
        <time>2026-10-05T09:36:52Z</time>
        <extensions>
          <gpxtpx:TrackPointExtension>
            <gpxtpx:hr>118</gpxtpx:hr>
          </gpxtpx:TrackPointExtension>
        </extensions>
      </trkpt>
      <trkpt lat="1.4067117041839714" lon="103.901271917071">
        <ele>0</ele>
        <time>2026-10-05T09:36:53Z</time>
        <extensions>
          <gpxtpx:TrackPointExtension>
            <gpxtpx:hr>118</gpxtpx:hr>
          </gpxtpx:TrackPointExtension>
        </extensions>
      </trkpt>
      <trkpt lat="1.4067090077042241" lon="103.90126406624894">
        <ele>0</ele>
        <time>2026-10-05T09:36:54Z</time>
        <extensions>
          <gpxtpx:TrackPointExtension>
            <gpxtpx:hr>118</gpxtpx:hr>
          </gpxtpx:TrackPointExtension>
        </extensions>
      </trkpt>
      <trkpt lat="1.4067043282012683" lon="103.90125638147586">
        <ele>0</ele>
        <time>2026-10-05T09:36:55Z</time>
        <extensions>
          <gpxtpx:TrackPointExtension>
            <gpxtpx:hr>118</gpxtpx:hr>
          </gpxtpx:TrackPointExtension>
        </extensions>
      </trkpt>
      <trkpt lat="1.4066994296123736" lon="103.90124972524227">
        <ele>0</ele>
        <time>2026-10-05T09:36:56Z</time>
        <extensions>
          <gpxtpx:TrackPointExtension>
            <gpxtpx:hr>118</gpxtpx:hr>
          </gpxtpx:TrackPointExtension>
        </extensions>
      </trkpt>
      <trkpt lat="1.4066940443797273" lon="103.90124260472759">
        <ele>0</ele>
        <time>2026-10-05T09:36:57Z</time>
        <extensions>
          <gpxtpx:TrackPointExtension>
            <gpxtpx:hr>118</gpxtpx:hr>
          </gpxtpx:TrackPointExtension>
        </extensions>
      </trkpt>
      <trkpt lat="1.4066857334226284" lon="103.90122895277759">
        <ele>9.847257716581225</ele>
        <time>2026-10-05T09:36:59Z</time>
        <extensions>
          <gpxtpx:TrackPointExtension>
            <gpxtpx:hr>117</gpxtpx:hr>
          </gpxtpx:TrackPointExtension>
        </extensions>
      </trkpt>
      <trkpt lat="1.4066812394312525" lon="103.90121976903664">
        <ele>9.767468998208642</ele>
        <time>2026-10-05T09:37:00Z</time>
        <extensions>
          <gpxtpx:TrackPointExtension>
            <gpxtpx:hr>117</gpxtpx:hr>
          </gpxtpx:TrackPointExtension>
        </extensions>
      </trkpt>
      <trkpt lat="1.4066772249754167" lon="103.90121048152835">
        <ele>9.660490103065968</ele>
        <time>2026-10-05T09:37:01Z</time>
        <extensions>
          <gpxtpx:TrackPointExtension>
            <gpxtpx:hr>117</gpxtpx:hr>
          </gpxtpx:TrackPointExtension>
        </extensions>
      </trkpt>
      <trkpt lat="1.4066735020915497" lon="103.90120121457426">
        <ele>9.548265690915287</ele>
        <time>2026-10-05T09:37:02Z</time>
        <extensions>
          <gpxtpx:TrackPointExtension>
            <gpxtpx:hr>117</gpxtpx:hr>
          </gpxtpx:TrackPointExtension>
        </extensions>
      </trkpt>
      <trkpt lat="1.4066696256724696" lon="103.90119236463912">
        <ele>9.444776941090822</ele>
        <time>2026-10-05T09:37:03Z</time>
        <extensions>
          <gpxtpx:TrackPointExtension>
            <gpxtpx:hr>117</gpxtpx:hr>
          </gpxtpx:TrackPointExtension>
        </extensions>
      </trkpt>
      <trkpt lat="1.406665203142708" lon="103.90118383329019">
        <ele>9.358031388372183</ele>
        <time>2026-10-05T09:37:04Z</time>
        <extensions>
          <gpxtpx:TrackPointExtension>
            <gpxtpx:hr>117</gpxtpx:hr>
          </gpxtpx:TrackPointExtension>
        </extensions>
      </trkpt>
      <trkpt lat="1.4066603013630166" lon="103.90117521919757">
        <ele>9.291664781048894</ele>
        <time>2026-10-05T09:37:05Z</time>
        <extensions>
          <gpxtpx:TrackPointExtension>
            <gpxtpx:hr>117</gpxtpx:hr>
          </gpxtpx:TrackPointExtension>
        </extensions>
      </trkpt>
      <trkpt lat="1.4066550481604612" lon="103.90116648268283">
        <ele>9.245419030077755</ele>
        <time>2026-10-05T09:37:06Z</time>
        <extensions>
          <gpxtpx:TrackPointExtension>
            <gpxtpx:hr>118</gpxtpx:hr>
          </gpxtpx:TrackPointExtension>
        </extensions>
      </trkpt>
      <trkpt lat="1.4066490718376976" lon="103.90115788305364">
        <ele>9.216727268882096</ele>
        <time>2026-10-05T09:37:07Z</time>
        <extensions>
          <gpxtpx:TrackPointExtension>
            <gpxtpx:hr>118</gpxtpx:hr>
          </gpxtpx:TrackPointExtension>
        </extensions>
      </trkpt>
      <trkpt lat="1.4066425964617038" lon="103.9011495257795">
        <ele>9.201956500299275</ele>
        <time>2026-10-05T09:37:08Z</time>
        <extensions>
          <gpxtpx:TrackPointExtension>
            <gpxtpx:hr>118</gpxtpx:hr>
          </gpxtpx:TrackPointExtension>
        </extensions>
      </trkpt>
      <trkpt lat="1.4066357382131933" lon="103.901141301386">
        <ele>9.197090884670615</ele>
        <time>2026-10-05T09:37:09Z</time>
        <extensions>
          <gpxtpx:TrackPointExtension>
            <gpxtpx:hr>118</gpxtpx:hr>
          </gpxtpx:TrackPointExtension>
        </extensions>
      </trkpt>
      <trkpt lat="1.406629004454875" lon="103.90113286222909">
        <ele>9.198280403390527</ele>
        <time>2026-10-05T09:37:10Z</time>
        <extensions>
          <gpxtpx:TrackPointExtension>
            <gpxtpx:hr>118</gpxtpx:hr>
          </gpxtpx:TrackPointExtension>
        </extensions>
      </trkpt>
      <trkpt lat="1.406622957506682" lon="103.90112398259048">
        <ele>9.202175193466246</ele>
        <time>2026-10-05T09:37:11Z</time>
        <extensions>
          <gpxtpx:TrackPointExtension>
            <gpxtpx:hr>118</gpxtpx:hr>
          </gpxtpx:TrackPointExtension>
        </extensions>
      </trkpt>
      <trkpt lat="1.4066173295032391" lon="103.901114718234">
        <ele>9.205839298665524</ele>
        <time>2026-10-05T09:37:12Z</time>
        <extensions>
          <gpxtpx:TrackPointExtension>
            <gpxtpx:hr>119</gpxtpx:hr>
          </gpxtpx:TrackPointExtension>
        </extensions>
      </trkpt>
      <trkpt lat="1.406612248144317" lon="103.90110509414204">
        <ele>9.206394076347351</ele>
        <time>2026-10-05T09:37:13Z</time>
        <extensions>
          <gpxtpx:TrackPointExtension>
            <gpxtpx:hr>119</gpxtpx:hr>
          </gpxtpx:TrackPointExtension>
        </extensions>
      </trkpt>
      <trkpt lat="1.4066074241651276" lon="103.90109536362735">
        <ele>9.203582681715488</ele>
        <time>2026-10-05T09:37:14Z</time>
        <extensions>
          <gpxtpx:TrackPointExtension>
            <gpxtpx:hr>119</gpxtpx:hr>
          </gpxtpx:TrackPointExtension>
        </extensions>
      </trkpt>
      <trkpt lat="1.4066018309747286" lon="103.90108613076661">
        <ele>9.19764107838273</ele>
        <time>2026-10-05T09:37:15Z</time>
        <extensions>
          <gpxtpx:TrackPointExtension>
            <gpxtpx:hr>119</gpxtpx:hr>
          </gpxtpx:TrackPointExtension>
        </extensions>
      </trkpt>
      <trkpt lat="1.406594968685005" lon="103.90107730075869">
        <ele>9.190517514944077</ele>
        <time>2026-10-05T09:37:16Z</time>
        <extensions>
          <gpxtpx:TrackPointExtension>
            <gpxtpx:hr>119</gpxtpx:hr>
          </gpxtpx:TrackPointExtension>
        </extensions>
      </trkpt>
      <trkpt lat="1.4065868897400575" lon="103.90106902771137">
        <ele>9.185941386036575</ele>
        <time>2026-10-05T09:37:17Z</time>
        <extensions>
          <gpxtpx:TrackPointExtension>
            <gpxtpx:hr>119</gpxtpx:hr>
          </gpxtpx:TrackPointExtension>
        </extensions>
      </trkpt>
      <trkpt lat="1.406577725309824" lon="103.90106180532771">
        <ele>9.189096285961568</ele>
        <time>2026-10-05T09:37:18Z</time>
        <extensions>
          <gpxtpx:TrackPointExtension>
            <gpxtpx:hr>119</gpxtpx:hr>
          </gpxtpx:TrackPointExtension>
        </extensions>
      </trkpt>
      <trkpt lat="1.406567659536684" lon="103.90105584325094">
        <ele>9.205245966091752</ele>
        <time>2026-10-05T09:37:19Z</time>
        <extensions>
          <gpxtpx:TrackPointExtension>
            <gpxtpx:hr>119</gpxtpx:hr>
          </gpxtpx:TrackPointExtension>
        </extensions>
      </trkpt>
      <trkpt lat="1.4065569982954627" lon="103.90105111500621">
        <ele>9.240743024274707</ele>
        <time>2026-10-05T09:37:20Z</time>
        <extensions>
          <gpxtpx:TrackPointExtension>
            <gpxtpx:hr>119</gpxtpx:hr>
          </gpxtpx:TrackPointExtension>
        </extensions>
      </trkpt>
      <trkpt lat="1.4065460824988192" lon="103.90104724051037">
        <ele>9.301337548531592</ele>
        <time>2026-10-05T09:37:21Z</time>
        <extensions>
          <gpxtpx:TrackPointExtension>
            <gpxtpx:hr>119</gpxtpx:hr>
          </gpxtpx:TrackPointExtension>
        </extensions>
      </trkpt>
      <trkpt lat="1.4065337240434672" lon="103.9010412631991">
        <ele>9.390623432584107</ele>
        <time>2026-10-05T09:37:22Z</time>
        <extensions>
          <gpxtpx:TrackPointExtension>
            <gpxtpx:hr>118</gpxtpx:hr>
          </gpxtpx:TrackPointExtension>
        </extensions>
      </trkpt>
      <trkpt lat="1.406521096974797" lon="103.90103646202455">
        <ele>9.509867454878986</ele>
        <time>2026-10-05T09:37:23Z</time>
        <extensions>
          <gpxtpx:TrackPointExtension>
            <gpxtpx:hr>118</gpxtpx:hr>
          </gpxtpx:TrackPointExtension>
        </extensions>
      </trkpt>
      <trkpt lat="1.406509085294595" lon="103.90103280291103">
        <ele>9.656473404727876</ele>
        <time>2026-10-05T09:37:24Z</time>
        <extensions>
          <gpxtpx:TrackPointExtension>
            <gpxtpx:hr>118</gpxtpx:hr>
          </gpxtpx:TrackPointExtension>
        </extensions>
      </trkpt>
      <trkpt lat="1.4064968540554124" lon="103.90102962669636">
        <ele>9.82443985529244</ele>
        <time>2026-10-05T09:37:25Z</time>
        <extensions>
          <gpxtpx:TrackPointExtension>
            <gpxtpx:hr>118</gpxtpx:hr>
          </gpxtpx:TrackPointExtension>
        </extensions>
      </trkpt>
      <trkpt lat="1.4064847752962617" lon="103.90102754978551">
        <ele>10.004933557473123</ele>
        <time>2026-10-05T09:37:26Z</time>
        <extensions>
          <gpxtpx:TrackPointExtension>
            <gpxtpx:hr>118</gpxtpx:hr>
          </gpxtpx:TrackPointExtension>
        </extensions>
      </trkpt>
      <trkpt lat="1.4064728176703503" lon="103.90102654813163">
        <ele>10.187333531677723</ele>
        <time>2026-10-05T09:37:27Z</time>
        <extensions>
          <gpxtpx:TrackPointExtension>
            <gpxtpx:hr>121</gpxtpx:hr>
          </gpxtpx:TrackPointExtension>
        </extensions>
      </trkpt>
      <trkpt lat="1.4064609792625613" lon="103.90102672575375">
        <ele>10.361079855822027</ele>
        <time>2026-10-05T09:37:28Z</time>
        <extensions>
          <gpxtpx:TrackPointExtension>
            <gpxtpx:hr>121</gpxtpx:hr>
          </gpxtpx:TrackPointExtension>
        </extensions>
      </trkpt>
      <trkpt lat="1.4064494412090185" lon="103.90102707964151">
        <ele>10.517357043921947</ele>
        <time>2026-10-05T09:37:29Z</time>
        <extensions>
          <gpxtpx:TrackPointExtension>
            <gpxtpx:hr>121</gpxtpx:hr>
          </gpxtpx:TrackPointExtension>
        </extensions>
      </trkpt>
      <trkpt lat="1.4064381693557622" lon="103.90102623105636">
        <ele>10.650033133104444</ele>
        <time>2026-10-05T09:37:30Z</time>
        <extensions>
          <gpxtpx:TrackPointExtension>
            <gpxtpx:hr>121</gpxtpx:hr>
          </gpxtpx:TrackPointExtension>
        </extensions>
      </trkpt>
      <trkpt lat="1.406427178340752" lon="103.90102420391754">
        <ele>10.756311823613942</ele>
        <time>2026-10-05T09:37:31Z</time>
        <extensions>
          <gpxtpx:TrackPointExtension>
            <gpxtpx:hr>121</gpxtpx:hr>
          </gpxtpx:TrackPointExtension>
        </extensions>
      </trkpt>
      <trkpt lat="1.4064173009294123" lon="103.90102170962976">
        <ele>10.836662359535694</ele>
        <time>2026-10-05T09:37:32Z</time>
        <extensions>
          <gpxtpx:TrackPointExtension>
            <gpxtpx:hr>121</gpxtpx:hr>
          </gpxtpx:TrackPointExtension>
        </extensions>
      </trkpt>
      <trkpt lat="1.4064086057090506" lon="103.90101898394995">
        <ele>10.893736007623374</ele>
        <time>2026-10-05T09:37:33Z</time>
        <extensions>
          <gpxtpx:TrackPointExtension>
            <gpxtpx:hr>127</gpxtpx:hr>
          </gpxtpx:TrackPointExtension>
        </extensions>
      </trkpt>
      <trkpt lat="1.4064011625640855" lon="103.90101697644378">
        <ele>10.931294302456081</ele>
        <time>2026-10-05T09:37:34Z</time>
        <extensions>
          <gpxtpx:TrackPointExtension>
            <gpxtpx:hr>127</gpxtpx:hr>
          </gpxtpx:TrackPointExtension>
        </extensions>
      </trkpt>
      <trkpt lat="1.4063959458132627" lon="103.90101592250163">
        <ele>10.953506039455533</ele>
        <time>2026-10-05T09:37:35Z</time>
        <extensions>
          <gpxtpx:TrackPointExtension>
            <gpxtpx:hr>127</gpxtpx:hr>
          </gpxtpx:TrackPointExtension>
        </extensions>
      </trkpt>
      <trkpt lat="1.4063923480245608" lon="103.90101550983039">
        <ele>10.964465116150677</ele>
        <time>2026-10-05T09:37:36Z</time>
        <extensions>
          <gpxtpx:TrackPointExtension>
            <gpxtpx:hr>127</gpxtpx:hr>
          </gpxtpx:TrackPointExtension>
        </extensions>
      </trkpt>
      <trkpt lat="1.4063904158777585" lon="103.9010160061643">
        <ele>10.967809946276248</ele>
        <time>2026-10-05T09:37:37Z</time>
        <extensions>
          <gpxtpx:TrackPointExtension>
            <gpxtpx:hr>127</gpxtpx:hr>
          </gpxtpx:TrackPointExtension>
        </extensions>
      </trkpt>
      <trkpt lat="1.4063897461785382" lon="103.90101818828803">
        <ele>10.966527338139713</ele>
        <time>2026-10-05T09:37:38Z</time>
        <extensions>
          <gpxtpx:TrackPointExtension>
            <gpxtpx:hr>127</gpxtpx:hr>
          </gpxtpx:TrackPointExtension>
        </extensions>
      </trkpt>
      <trkpt lat="1.4063898509365078" lon="103.90102208341932">
        <ele>10.962892810814083</ele>
        <time>2026-10-05T09:37:39Z</time>
        <extensions>
          <gpxtpx:TrackPointExtension>
            <gpxtpx:hr>127</gpxtpx:hr>
          </gpxtpx:TrackPointExtension>
        </extensions>
      </trkpt>
      <trkpt lat="1.4063910284780088" lon="103.90102717787356">
        <ele>10.958454331383109</ele>
        <time>2026-10-05T09:37:40Z</time>
        <extensions>
          <gpxtpx:TrackPointExtension>
            <gpxtpx:hr>126</gpxtpx:hr>
          </gpxtpx:TrackPointExtension>
        </extensions>
      </trkpt>
      <trkpt lat="1.4063938911436216" lon="103.90103280893231">
        <ele>10.954031215980649</ele>
        <time>2026-10-05T09:37:41Z</time>
        <extensions>
          <gpxtpx:TrackPointExtension>
            <gpxtpx:hr>126</gpxtpx:hr>
          </gpxtpx:TrackPointExtension>
        </extensions>
      </trkpt>
      <trkpt lat="1.406398010048981" lon="103.90103891681592">
        <ele>10.950011397711933</ele>
        <time>2026-10-05T09:37:42Z</time>
        <extensions>
          <gpxtpx:TrackPointExtension>
            <gpxtpx:hr>126</gpxtpx:hr>
          </gpxtpx:TrackPointExtension>
        </extensions>
      </trkpt>
      <trkpt lat="1.4064036705480751" lon="103.90104524102377">
        <ele>10.946519827470183</ele>
        <time>2026-10-05T09:37:43Z</time>
        <extensions>
          <gpxtpx:TrackPointExtension>
            <gpxtpx:hr>126</gpxtpx:hr>
          </gpxtpx:TrackPointExtension>
        </extensions>
      </trkpt>
      <trkpt lat="1.4064092142589562" lon="103.90105133155754">
        <ele>10.94354367442429</ele>
        <time>2026-10-05T09:37:44Z</time>
        <extensions>
          <gpxtpx:TrackPointExtension>
            <gpxtpx:hr>126</gpxtpx:hr>
          </gpxtpx:TrackPointExtension>
        </extensions>
      </trkpt>
      <trkpt lat="1.4064137277134687" lon="103.90105710878566">
        <ele>10.94103433843702</ele>
        <time>2026-10-05T09:37:45Z</time>
        <extensions>
          <gpxtpx:TrackPointExtension>
            <gpxtpx:hr>125</gpxtpx:hr>
          </gpxtpx:TrackPointExtension>
        </extensions>
      </trkpt>
      <trkpt lat="1.4064164117888711" lon="103.90106270832332">
        <ele>10.939112178049982</ele>
        <time>2026-10-05T09:37:46Z</time>
        <extensions>
          <gpxtpx:TrackPointExtension>
            <gpxtpx:hr>125</gpxtpx:hr>
          </gpxtpx:TrackPointExtension>
        </extensions>
      </trkpt>
      <trkpt lat="1.4064166060398733" lon="103.90106860108706">
        <ele>10.937810780480504</ele>
        <time>2026-10-05T09:37:47Z</time>
        <extensions>
          <gpxtpx:TrackPointExtension>
            <gpxtpx:hr>125</gpxtpx:hr>
          </gpxtpx:TrackPointExtension>
        </extensions>
      </trkpt>
      <trkpt lat="1.4064140122860826" lon="103.90107513203793">
        <ele>10.937142207287252</ele>
        <time>2026-10-05T09:37:48Z</time>
        <extensions>
          <gpxtpx:TrackPointExtension>
            <gpxtpx:hr>124</gpxtpx:hr>
          </gpxtpx:TrackPointExtension>
        </extensions>
      </trkpt>
      <trkpt lat="1.406408246669372" lon="103.90108188627643">
        <ele>10.93700051214546</ele>
        <time>2026-10-05T09:37:49Z</time>
        <extensions>
          <gpxtpx:TrackPointExtension>
            <gpxtpx:hr>124</gpxtpx:hr>
          </gpxtpx:TrackPointExtension>
        </extensions>
      </trkpt>
      <trkpt lat="1.406399352158014" lon="103.90108854883134">
        <ele>10.937110695056617</ele>
        <time>2026-10-05T09:37:50Z</time>
        <extensions>
          <gpxtpx:TrackPointExtension>
            <gpxtpx:hr>124</gpxtpx:hr>
          </gpxtpx:TrackPointExtension>
        </extensions>
      </trkpt>
      <trkpt lat="1.4063872459442714" lon="103.90109461009898">
        <ele>10.937000603415072</ele>
        <time>2026-10-05T09:37:51Z</time>
        <extensions>
          <gpxtpx:TrackPointExtension>
            <gpxtpx:hr>124</gpxtpx:hr>
          </gpxtpx:TrackPointExtension>
        </extensions>
      </trkpt>
      <trkpt lat="1.406373712838666" lon="103.90109931268036">
        <ele>10.935307607986033</ele>
        <time>2026-10-05T09:37:52Z</time>
        <extensions>
          <gpxtpx:TrackPointExtension>
            <gpxtpx:hr>124</gpxtpx:hr>
          </gpxtpx:TrackPointExtension>
        </extensions>
      </trkpt>
      <trkpt lat="1.4063594705134912" lon="103.90110139301122">
        <ele>10.939455434679985</ele>
        <time>2026-10-05T09:37:53Z</time>
        <extensions>
          <gpxtpx:TrackPointExtension>
            <gpxtpx:hr>124</gpxtpx:hr>
          </gpxtpx:TrackPointExtension>
        </extensions>
      </trkpt>
      <trkpt lat="1.40634320815967" lon="103.90109897347062">
        <ele>10.924584968946874</ele>
        <time>2026-10-05T09:37:54Z</time>
        <extensions>
          <gpxtpx:TrackPointExtension>
            <gpxtpx:hr>124</gpxtpx:hr>
          </gpxtpx:TrackPointExtension>
        </extensions>
      </trkpt>
      <trkpt lat="1.4063252408689184" lon="103.90109204628433">
        <ele>10.8929248098284</ele>
        <time>2026-10-05T09:37:55Z</time>
        <extensions>
          <gpxtpx:TrackPointExtension>
            <gpxtpx:hr>124</gpxtpx:hr>
          </gpxtpx:TrackPointExtension>
        </extensions>
      </trkpt>
      <trkpt lat="1.4063067454949776" lon="103.90108296509297">
        <ele>10.837071081623435</ele>
        <time>2026-10-05T09:37:56Z</time>
        <extensions>
          <gpxtpx:TrackPointExtension>
            <gpxtpx:hr>124</gpxtpx:hr>
          </gpxtpx:TrackPointExtension>
        </extensions>
      </trkpt>
      <trkpt lat="1.406288359374918" lon="103.90107362510663">
        <ele>10.747970040887594</ele>
        <time>2026-10-05T09:37:57Z</time>
        <extensions>
          <gpxtpx:TrackPointExtension>
            <gpxtpx:hr>124</gpxtpx:hr>
          </gpxtpx:TrackPointExtension>
        </extensions>
      </trkpt>
      <trkpt lat="1.4062708541559081" lon="103.9010656953087">
        <ele>10.615066515281796</ele>
        <time>2026-10-05T09:37:58Z</time>
        <extensions>
          <gpxtpx:TrackPointExtension>
            <gpxtpx:hr>123</gpxtpx:hr>
          </gpxtpx:TrackPointExtension>
        </extensions>
      </trkpt>
      <trkpt lat="1.4062553901618429" lon="103.9010599372721">
        <ele>10.426993827335536</ele>
        <time>2026-10-05T09:37:59Z</time>
        <extensions>
          <gpxtpx:TrackPointExtension>
            <gpxtpx:hr>123</gpxtpx:hr>
          </gpxtpx:TrackPointExtension>
        </extensions>
      </trkpt>
      <trkpt lat="1.406241208493333" lon="103.90105595255429">
        <ele>10.173201926983893</ele>
        <time>2026-10-05T09:38:00Z</time>
        <extensions>
          <gpxtpx:TrackPointExtension>
            <gpxtpx:hr>123</gpxtpx:hr>
          </gpxtpx:TrackPointExtension>
        </extensions>
      </trkpt>
      <trkpt lat="1.4062268938522333" lon="103.90105285734562">
        <ele>9.846916375681758</ele>
        <time>2026-10-05T09:38:01Z</time>
        <extensions>
          <gpxtpx:TrackPointExtension>
            <gpxtpx:hr>123</gpxtpx:hr>
          </gpxtpx:TrackPointExtension>
        </extensions>
      </trkpt>
      <trkpt lat="1.406211770665086" lon="103.90104990050303">
        <ele>9.42315642721951</ele>
        <time>2026-10-05T09:38:02Z</time>
        <extensions>
          <gpxtpx:TrackPointExtension>
            <gpxtpx:hr>123</gpxtpx:hr>
          </gpxtpx:TrackPointExtension>
        </extensions>
      </trkpt>
      <trkpt lat="1.4061975725280857" lon="103.9010471962397">
        <ele>8.96246087178588</ele>
        <time>2026-10-05T09:38:03Z</time>
        <extensions>
          <gpxtpx:TrackPointExtension>
            <gpxtpx:hr>123</gpxtpx:hr>
          </gpxtpx:TrackPointExtension>
        </extensions>
      </trkpt>
      <trkpt lat="1.4066919857946178" lon="103.90114753153529">
        <ele>12.337697422131896</ele>
        <time>2026-10-05T09:47:51Z</time>
        <extensions>
          <gpxtpx:TrackPointExtension>
            <gpxtpx:hr>111</gpxtpx:hr>
          </gpxtpx:TrackPointExtension>
        </extensions>
      </trkpt>
      <trkpt lat="1.406677618190467" lon="103.90115133910044">
        <ele>11.79592273849994</ele>
        <time>2026-10-05T09:47:52Z</time>
        <extensions>
          <gpxtpx:TrackPointExtension>
            <gpxtpx:hr>111</gpxtpx:hr>
          </gpxtpx:TrackPointExtension>
        </extensions>
      </trkpt>
      <trkpt lat="1.4066684547235173" lon="103.90115617356325">
        <ele>11.336762396618724</ele>
        <time>2026-10-05T09:47:53Z</time>
        <extensions>
          <gpxtpx:TrackPointExtension>
            <gpxtpx:hr>111</gpxtpx:hr>
          </gpxtpx:TrackPointExtension>
        </extensions>
      </trkpt>
      <trkpt lat="1.406662526482865" lon="103.90116144378148">
        <ele>10.969353100284934</ele>
        <time>2026-10-05T09:47:54Z</time>
        <extensions>
          <gpxtpx:TrackPointExtension>
            <gpxtpx:hr>111</gpxtpx:hr>
          </gpxtpx:TrackPointExtension>
        </extensions>
      </trkpt>
      <trkpt lat="1.4066566833164365" lon="103.90116253993156">
        <ele>10.689230408519506</ele>
        <time>2026-10-05T09:47:55Z</time>
        <extensions>
          <gpxtpx:TrackPointExtension>
            <gpxtpx:hr>111</gpxtpx:hr>
          </gpxtpx:TrackPointExtension>
        </extensions>
      </trkpt>
      <trkpt lat="1.4066492809578475" lon="103.90115775108521">
        <ele>10.484516427852213</ele>
        <time>2026-10-05T09:47:56Z</time>
        <extensions>
          <gpxtpx:TrackPointExtension>
            <gpxtpx:hr>111</gpxtpx:hr>
          </gpxtpx:TrackPointExtension>
        </extensions>
      </trkpt>
      <trkpt lat="1.406639767211972" lon="103.90114700179909">
        <ele>10.34082774631679</ele>
        <time>2026-10-05T09:47:57Z</time>
        <extensions>
          <gpxtpx:TrackPointExtension>
            <gpxtpx:hr>111</gpxtpx:hr>
          </gpxtpx:TrackPointExtension>
        </extensions>
      </trkpt>
      <trkpt lat="1.4066279753290187" lon="103.90113206660807">
        <ele>10.244031175039709</ele>
        <time>2026-10-05T09:47:58Z</time>
        <extensions>
          <gpxtpx:TrackPointExtension>
            <gpxtpx:hr>111</gpxtpx:hr>
          </gpxtpx:TrackPointExtension>
        </extensions>
      </trkpt>
      <trkpt lat="1.4066137522154543" lon="103.90111390600113">
        <ele>10.181408223696053</ele>
        <time>2026-10-05T09:47:59Z</time>
        <extensions>
          <gpxtpx:TrackPointExtension>
            <gpxtpx:hr>110</gpxtpx:hr>
          </gpxtpx:TrackPointExtension>
        </extensions>
      </trkpt>
      <trkpt lat="1.4065980066046904" lon="103.90109579218372">
        <ele>10.142234537750483</ele>
        <time>2026-10-05T09:48:00Z</time>
        <extensions>
          <gpxtpx:TrackPointExtension>
            <gpxtpx:hr>110</gpxtpx:hr>
          </gpxtpx:TrackPointExtension>
        </extensions>
      </trkpt>
      <trkpt lat="1.4065832905889855" lon="103.9010789112204">
        <ele>10.119094583205879</ele>
        <time>2026-10-05T09:48:01Z</time>
        <extensions>
          <gpxtpx:TrackPointExtension>
            <gpxtpx:hr>110</gpxtpx:hr>
          </gpxtpx:TrackPointExtension>
        </extensions>
      </trkpt>
      <trkpt lat="1.4065704389795652" lon="103.9010625534878">
        <ele>10.104710664600134</ele>
        <time>2026-10-05T09:48:02Z</time>
        <extensions>
          <gpxtpx:TrackPointExtension>
            <gpxtpx:hr>110</gpxtpx:hr>
          </gpxtpx:TrackPointExtension>
        </extensions>
      </trkpt>
      <trkpt lat="1.4065601712134017" lon="103.90104736880531">
        <ele>10.095198716036975</ele>
        <time>2026-10-05T09:48:03Z</time>
        <extensions>
          <gpxtpx:TrackPointExtension>
            <gpxtpx:hr>110</gpxtpx:hr>
          </gpxtpx:TrackPointExtension>
        </extensions>
      </trkpt>
      <trkpt lat="1.4065525620982755" lon="103.90103431636183">
        <ele>10.087093081325293</ele>
        <time>2026-10-05T09:48:04Z</time>
        <extensions>
          <gpxtpx:TrackPointExtension>
            <gpxtpx:hr>110</gpxtpx:hr>
          </gpxtpx:TrackPointExtension>
        </extensions>
      </trkpt>
      <trkpt lat="1.4065464639002323" lon="103.90102238654578">
        <ele>10.077428944408894</ele>
        <time>2026-10-05T09:48:05Z</time>
        <extensions>
          <gpxtpx:TrackPointExtension>
            <gpxtpx:hr>108</gpxtpx:hr>
          </gpxtpx:TrackPointExtension>
        </extensions>
      </trkpt>
      <trkpt lat="1.4065421066023218" lon="103.90101211156453">
        <ele>10.063939749263227</ele>
        <time>2026-10-05T09:48:06Z</time>
        <extensions>
          <gpxtpx:TrackPointExtension>
            <gpxtpx:hr>108</gpxtpx:hr>
          </gpxtpx:TrackPointExtension>
        </extensions>
      </trkpt>
      <trkpt lat="1.4065385468264382" lon="103.90100284699761">
        <ele>10.04360983427614</ele>
        <time>2026-10-05T09:48:07Z</time>
        <extensions>
          <gpxtpx:TrackPointExtension>
            <gpxtpx:hr>108</gpxtpx:hr>
          </gpxtpx:TrackPointExtension>
        </extensions>
      </trkpt>
      <trkpt lat="1.4065355800670978" lon="103.90099454993953">
        <ele>10.013431184925139</ele>
        <time>2026-10-05T09:48:08Z</time>
        <extensions>
          <gpxtpx:TrackPointExtension>
            <gpxtpx:hr>109</gpxtpx:hr>
          </gpxtpx:TrackPointExtension>
        </extensions>
      </trkpt>
      <trkpt lat="1.4065328692616372" lon="103.90098753698659">
        <ele>9.970111547037959</ele>
        <time>2026-10-05T09:48:09Z</time>
        <extensions>
          <gpxtpx:TrackPointExtension>
            <gpxtpx:hr>109</gpxtpx:hr>
          </gpxtpx:TrackPointExtension>
        </extensions>
      </trkpt>
      <trkpt lat="1.4065301827982852" lon="103.90098118366551">
        <ele>9.910166427493095</ele>
        <time>2026-10-05T09:48:10Z</time>
        <extensions>
          <gpxtpx:TrackPointExtension>
            <gpxtpx:hr>109</gpxtpx:hr>
          </gpxtpx:TrackPointExtension>
        </extensions>
      </trkpt>
      <trkpt lat="1.4065280511087208" lon="103.90097490284057">
        <ele>9.830570180900395</ele>
        <time>2026-10-05T09:48:11Z</time>
        <extensions>
          <gpxtpx:TrackPointExtension>
            <gpxtpx:hr>110</gpxtpx:hr>
          </gpxtpx:TrackPointExtension>
        </extensions>
      </trkpt>
      <trkpt lat="1.406526786094293" lon="103.90096901741484">
        <ele>9.73018832039088</ele>
        <time>2026-10-05T09:48:12Z</time>
        <extensions>
          <gpxtpx:TrackPointExtension>
            <gpxtpx:hr>110</gpxtpx:hr>
          </gpxtpx:TrackPointExtension>
        </extensions>
      </trkpt>
      <trkpt lat="1.4065259554679852" lon="103.90096333033905">
        <ele>9.608725001104176</ele>
        <time>2026-10-05T09:48:13Z</time>
        <extensions>
          <gpxtpx:TrackPointExtension>
            <gpxtpx:hr>110</gpxtpx:hr>
          </gpxtpx:TrackPointExtension>
        </extensions>
      </trkpt>
      <trkpt lat="1.4065258586422045" lon="103.90095787594635">
        <ele>9.46851714514196</ele>
        <time>2026-10-05T09:48:14Z</time>
        <extensions>
          <gpxtpx:TrackPointExtension>
            <gpxtpx:hr>110</gpxtpx:hr>
          </gpxtpx:TrackPointExtension>
        </extensions>
      </trkpt>
      <trkpt lat="1.4065271290556491" lon="103.90095255772192">
        <ele>9.31388693396002</ele>
        <time>2026-10-05T09:48:15Z</time>
        <extensions>
          <gpxtpx:TrackPointExtension>
            <gpxtpx:hr>110</gpxtpx:hr>
          </gpxtpx:TrackPointExtension>
        </extensions>
      </trkpt>
      <trkpt lat="1.406530142616755" lon="103.9009473894516">
        <ele>9.150439077056944</ele>
        <time>2026-10-05T09:48:16Z</time>
        <extensions>
          <gpxtpx:TrackPointExtension>
            <gpxtpx:hr>110</gpxtpx:hr>
          </gpxtpx:TrackPointExtension>
        </extensions>
      </trkpt>
      <trkpt lat="1.406534652268991" lon="103.90094226631736">
        <ele>8.984791660681367</ele>
        <time>2026-10-05T09:48:17Z</time>
        <extensions>
          <gpxtpx:TrackPointExtension>
            <gpxtpx:hr>110</gpxtpx:hr>
          </gpxtpx:TrackPointExtension>
        </extensions>
      </trkpt>
      <trkpt lat="1.4065401372117592" lon="103.90093689983401">
        <ele>8.824371014721692</ele>
        <time>2026-10-05T09:48:18Z</time>
        <extensions>
          <gpxtpx:TrackPointExtension>
            <gpxtpx:hr>112</gpxtpx:hr>
          </gpxtpx:TrackPointExtension>
        </extensions>
      </trkpt>
      <trkpt lat="1.4065460135769128" lon="103.90093119648735">
        <ele>8.676504569128156</ele>
        <time>2026-10-05T09:48:19Z</time>
        <extensions>
          <gpxtpx:TrackPointExtension>
            <gpxtpx:hr>112</gpxtpx:hr>
          </gpxtpx:TrackPointExtension>
        </extensions>
      </trkpt>
      <trkpt lat="1.4065517833955603" lon="103.90092503960736">
        <ele>8.54762156587094</ele>
        <time>2026-10-05T09:48:20Z</time>
        <extensions>
          <gpxtpx:TrackPointExtension>
            <gpxtpx:hr>112</gpxtpx:hr>
          </gpxtpx:TrackPointExtension>
        </extensions>
      </trkpt>
      <trkpt lat="1.4065569629890045" lon="103.90091802376567">
        <ele>8.442344009876251</ele>
        <time>2026-10-05T09:48:21Z</time>
        <extensions>
          <gpxtpx:TrackPointExtension>
            <gpxtpx:hr>112</gpxtpx:hr>
          </gpxtpx:TrackPointExtension>
        </extensions>
      </trkpt>
      <trkpt lat="1.40656114118997" lon="103.90090974646094">
        <ele>8.362758756615222</ele>
        <time>2026-10-05T09:48:22Z</time>
        <extensions>
          <gpxtpx:TrackPointExtension>
            <gpxtpx:hr>112</gpxtpx:hr>
          </gpxtpx:TrackPointExtension>
        </extensions>
      </trkpt>
      <trkpt lat="1.4065649993319707" lon="103.90090088016187">
        <ele>8.308442689478397</ele>
        <time>2026-10-05T09:48:23Z</time>
        <extensions>
          <gpxtpx:TrackPointExtension>
            <gpxtpx:hr>112</gpxtpx:hr>
          </gpxtpx:TrackPointExtension>
        </extensions>
      </trkpt>
      <trkpt lat="1.406568949351955" lon="103.90089176222502">
        <ele>8.276450486853719</ele>
        <time>2026-10-05T09:48:24Z</time>
        <extensions>
          <gpxtpx:TrackPointExtension>
            <gpxtpx:hr>112</gpxtpx:hr>
          </gpxtpx:TrackPointExtension>
        </extensions>
      </trkpt>
      <trkpt lat="1.406572068268651" lon="103.90088118334059">
        <ele>8.262116186320782</ele>
        <time>2026-10-05T09:48:25Z</time>
        <extensions>
          <gpxtpx:TrackPointExtension>
            <gpxtpx:hr>112</gpxtpx:hr>
          </gpxtpx:TrackPointExtension>
        </extensions>
      </trkpt>
      <trkpt lat="1.4065747342544441" lon="103.90086871053774">
        <ele>8.260026726871729</ele>
        <time>2026-10-05T09:48:26Z</time>
        <extensions>
          <gpxtpx:TrackPointExtension>
            <gpxtpx:hr>112</gpxtpx:hr>
          </gpxtpx:TrackPointExtension>
        </extensions>
      </trkpt>
      <trkpt lat="1.4065773810429862" lon="103.90085571215411">
        <ele>8.265504917129874</ele>
        <time>2026-10-05T09:48:27Z</time>
        <extensions>
          <gpxtpx:TrackPointExtension>
            <gpxtpx:hr>112</gpxtpx:hr>
          </gpxtpx:TrackPointExtension>
        </extensions>
      </trkpt>
      <trkpt lat="1.406580628266873" lon="103.90084323155455">
        <ele>8.274796629324555</ele>
        <time>2026-10-05T09:48:28Z</time>
        <extensions>
          <gpxtpx:TrackPointExtension>
            <gpxtpx:hr>112</gpxtpx:hr>
          </gpxtpx:TrackPointExtension>
        </extensions>
      </trkpt>
      <trkpt lat="1.4065847833767595" lon="103.90083138714235">
        <ele>8.285439167171717</ele>
        <time>2026-10-05T09:48:29Z</time>
        <extensions>
          <gpxtpx:TrackPointExtension>
            <gpxtpx:hr>112</gpxtpx:hr>
          </gpxtpx:TrackPointExtension>
        </extensions>
      </trkpt>
      <trkpt lat="1.4065895637378536" lon="103.90082069963978">
        <ele>8.29623994231224</ele>
        <time>2026-10-05T09:48:30Z</time>
        <extensions>
          <gpxtpx:TrackPointExtension>
            <gpxtpx:hr>112</gpxtpx:hr>
          </gpxtpx:TrackPointExtension>
        </extensions>
      </trkpt>
      <trkpt lat="1.4065942623051417" lon="103.90081012681296">
        <ele>8.307129324413836</ele>
        <time>2026-10-05T09:48:31Z</time>
        <extensions>
          <gpxtpx:TrackPointExtension>
            <gpxtpx:hr>112</gpxtpx:hr>
          </gpxtpx:TrackPointExtension>
        </extensions>
      </trkpt>
      <trkpt lat="1.4065990828820825" lon="103.90079981717534">
        <ele>8.318137434311211</ele>
        <time>2026-10-05T09:48:32Z</time>
        <extensions>
          <gpxtpx:TrackPointExtension>
            <gpxtpx:hr>112</gpxtpx:hr>
          </gpxtpx:TrackPointExtension>
        </extensions>
      </trkpt>
      <trkpt lat="1.4066048929051929" lon="103.90078999080166">
        <ele>8.329588499851525</ele>
        <time>2026-10-05T09:48:33Z</time>
        <extensions>
          <gpxtpx:TrackPointExtension>
            <gpxtpx:hr>111</gpxtpx:hr>
          </gpxtpx:TrackPointExtension>
        </extensions>
      </trkpt>
      <trkpt lat="1.406611228945594" lon="103.9007797018782">
        <ele>8.342012899927795</ele>
        <time>2026-10-05T09:48:34Z</time>
        <extensions>
          <gpxtpx:TrackPointExtension>
            <gpxtpx:hr>111</gpxtpx:hr>
          </gpxtpx:TrackPointExtension>
        </extensions>
      </trkpt>
      <trkpt lat="1.406616609134917" lon="103.90076865570099">
        <ele>8.355925069190562</ele>
        <time>2026-10-05T09:48:35Z</time>
        <extensions>
          <gpxtpx:TrackPointExtension>
            <gpxtpx:hr>111</gpxtpx:hr>
          </gpxtpx:TrackPointExtension>
        </extensions>
      </trkpt>
      <trkpt lat="1.4066212874266677" lon="103.90075716940085">
        <ele>8.371488529257476</ele>
        <time>2026-10-05T09:48:36Z</time>
        <extensions>
          <gpxtpx:TrackPointExtension>
            <gpxtpx:hr>111</gpxtpx:hr>
          </gpxtpx:TrackPointExtension>
        </extensions>
      </trkpt>
      <trkpt lat="1.4066261597635639" lon="103.90074557379735">
        <ele>8.38810493890196</ele>
        <time>2026-10-05T09:48:37Z</time>
        <extensions>
          <gpxtpx:TrackPointExtension>
            <gpxtpx:hr>111</gpxtpx:hr>
          </gpxtpx:TrackPointExtension>
        </extensions>
      </trkpt>
      <trkpt lat="1.4066308717341094" lon="103.90073409879292">
        <ele>8.404568980447948</ele>
        <time>2026-10-05T09:48:38Z</time>
        <extensions>
          <gpxtpx:TrackPointExtension>
            <gpxtpx:hr>111</gpxtpx:hr>
          </gpxtpx:TrackPointExtension>
        </extensions>
      </trkpt>
      <trkpt lat="1.4066348840122314" lon="103.9007238152692">
        <ele>8.4193602418527</ele>
        <time>2026-10-05T09:48:39Z</time>
        <extensions>
          <gpxtpx:TrackPointExtension>
            <gpxtpx:hr>111</gpxtpx:hr>
          </gpxtpx:TrackPointExtension>
        </extensions>
      </trkpt>
      <trkpt lat="1.406638664272803" lon="103.90071434576078">
        <ele>8.43101004511118</ele>
        <time>2026-10-05T09:48:40Z</time>
        <extensions>
          <gpxtpx:TrackPointExtension>
            <gpxtpx:hr>112</gpxtpx:hr>
          </gpxtpx:TrackPointExtension>
        </extensions>
      </trkpt>
      <trkpt lat="1.4066429180479239" lon="103.90070480539124">
        <ele>8.438383711501956</ele>
        <time>2026-10-05T09:48:41Z</time>
        <extensions>
          <gpxtpx:TrackPointExtension>
            <gpxtpx:hr>112</gpxtpx:hr>
          </gpxtpx:TrackPointExtension>
        </extensions>
      </trkpt>
      <trkpt lat="1.4066475615120162" lon="103.90069498296887">
        <ele>8.441140662878752</ele>
        <time>2026-10-05T09:48:42Z</time>
        <extensions>
          <gpxtpx:TrackPointExtension>
            <gpxtpx:hr>112</gpxtpx:hr>
          </gpxtpx:TrackPointExtension>
        </extensions>
      </trkpt>
      <trkpt lat="1.406652389524937" lon="103.90068464368134">
        <ele>8.43957908730954</ele>
        <time>2026-10-05T09:48:43Z</time>
        <extensions>
          <gpxtpx:TrackPointExtension>
            <gpxtpx:hr>112</gpxtpx:hr>
          </gpxtpx:TrackPointExtension>
        </extensions>
      </trkpt>
      <trkpt lat="1.4066571986813825" lon="103.90067380154319">
        <ele>8.434293459169567</ele>
        <time>2026-10-05T09:48:44Z</time>
        <extensions>
          <gpxtpx:TrackPointExtension>
            <gpxtpx:hr>112</gpxtpx:hr>
          </gpxtpx:TrackPointExtension>
        </extensions>
      </trkpt>
      <trkpt lat="1.406662231547075" lon="103.9006625263214">
        <ele>8.426044339314103</ele>
        <time>2026-10-05T09:48:45Z</time>
        <extensions>
          <gpxtpx:TrackPointExtension>
            <gpxtpx:hr>112</gpxtpx:hr>
          </gpxtpx:TrackPointExtension>
        </extensions>
      </trkpt>
      <trkpt lat="1.406667785757588" lon="103.90065117860634">
        <ele>8.415753248147666</ele>
        <time>2026-10-05T09:48:46Z</time>
        <extensions>
          <gpxtpx:TrackPointExtension>
            <gpxtpx:hr>112</gpxtpx:hr>
          </gpxtpx:TrackPointExtension>
        </extensions>
      </trkpt>
      <trkpt lat="1.4066745173840094" lon="103.90064014105523">
        <ele>8.404411542229354</ele>
        <time>2026-10-05T09:48:47Z</time>
        <extensions>
          <gpxtpx:TrackPointExtension>
            <gpxtpx:hr>114</gpxtpx:hr>
          </gpxtpx:TrackPointExtension>
        </extensions>
      </trkpt>
      <trkpt lat="1.406681980662374" lon="103.90063010574976">
        <ele>8.392994484864175</ele>
        <time>2026-10-05T09:48:48Z</time>
        <extensions>
          <gpxtpx:TrackPointExtension>
            <gpxtpx:hr>114</gpxtpx:hr>
          </gpxtpx:TrackPointExtension>
        </extensions>
      </trkpt>
      <trkpt lat="1.4066891580619612" lon="103.90062109800459">
        <ele>8.382394681684673</ele>
        <time>2026-10-05T09:48:49Z</time>
        <extensions>
          <gpxtpx:TrackPointExtension>
            <gpxtpx:hr>114</gpxtpx:hr>
          </gpxtpx:TrackPointExtension>
        </extensions>
      </trkpt>
      <trkpt lat="1.4066960607884402" lon="103.90061233394292">
        <ele>8.373227385804057</ele>
        <time>2026-10-05T09:48:50Z</time>
        <extensions>
          <gpxtpx:TrackPointExtension>
            <gpxtpx:hr>114</gpxtpx:hr>
          </gpxtpx:TrackPointExtension>
        </extensions>
      </trkpt>
      <trkpt lat="1.4067026066564545" lon="103.9006032235798">
        <ele>8.365762926638126</ele>
        <time>2026-10-05T09:48:51Z</time>
        <extensions>
          <gpxtpx:TrackPointExtension>
            <gpxtpx:hr>114</gpxtpx:hr>
          </gpxtpx:TrackPointExtension>
        </extensions>
      </trkpt>
      <trkpt lat="1.4067091450266682" lon="103.9005931598561">
        <ele>8.359917328692973</ele>
        <time>2026-10-05T09:48:52Z</time>
        <extensions>
          <gpxtpx:TrackPointExtension>
            <gpxtpx:hr>114</gpxtpx:hr>
          </gpxtpx:TrackPointExtension>
        </extensions>
      </trkpt>
      <trkpt lat="1.4067159895414951" lon="103.90058272330549">
        <ele>8.35533437691629</ele>
        <time>2026-10-05T09:48:53Z</time>
        <extensions>
          <gpxtpx:TrackPointExtension>
            <gpxtpx:hr>113</gpxtpx:hr>
          </gpxtpx:TrackPointExtension>
        </extensions>
      </trkpt>
      <trkpt lat="1.406723435492467" lon="103.90057201657622">
        <ele>8.351452068425715</ele>
        <time>2026-10-05T09:48:54Z</time>
        <extensions>
          <gpxtpx:TrackPointExtension>
            <gpxtpx:hr>113</gpxtpx:hr>
          </gpxtpx:TrackPointExtension>
        </extensions>
      </trkpt>
      <trkpt lat="1.4067312891211166" lon="103.90056070336801">
        <ele>8.347712534479797</ele>
        <time>2026-10-05T09:48:55Z</time>
        <extensions>
          <gpxtpx:TrackPointExtension>
            <gpxtpx:hr>113</gpxtpx:hr>
          </gpxtpx:TrackPointExtension>
        </extensions>
      </trkpt>
      <trkpt lat="1.40673982736053" lon="103.90054909225266">
        <ele>8.343655360862613</ele>
        <time>2026-10-05T09:48:56Z</time>
        <extensions>
          <gpxtpx:TrackPointExtension>
            <gpxtpx:hr>113</gpxtpx:hr>
          </gpxtpx:TrackPointExtension>
        </extensions>
      </trkpt>
      <trkpt lat="1.406749552225116" lon="103.90053730565695">
        <ele>8.339041150175035</ele>
        <time>2026-10-05T09:48:57Z</time>
        <extensions>
          <gpxtpx:TrackPointExtension>
            <gpxtpx:hr>113</gpxtpx:hr>
          </gpxtpx:TrackPointExtension>
        </extensions>
      </trkpt>
      <trkpt lat="1.4067600544432377" lon="103.90052564852228">
        <ele>8.333899073302746</ele>
        <time>2026-10-05T09:48:58Z</time>
        <extensions>
          <gpxtpx:TrackPointExtension>
            <gpxtpx:hr>113</gpxtpx:hr>
          </gpxtpx:TrackPointExtension>
        </extensions>
      </trkpt>
      <trkpt lat="1.4067703051787455" lon="103.90051395114422">
        <ele>8.328480364754796</ele>
        <time>2026-10-05T09:48:59Z</time>
        <extensions>
          <gpxtpx:TrackPointExtension>
            <gpxtpx:hr>112</gpxtpx:hr>
          </gpxtpx:TrackPointExtension>
        </extensions>
      </trkpt>
      <trkpt lat="1.4067804962724084" lon="103.90050174589916">
        <ele>8.323141531087458</ele>
        <time>2026-10-05T09:49:00Z</time>
        <extensions>
          <gpxtpx:TrackPointExtension>
            <gpxtpx:hr>112</gpxtpx:hr>
          </gpxtpx:TrackPointExtension>
        </extensions>
      </trkpt>
      <trkpt lat="1.4067911611078863" lon="103.90048876909214">
        <ele>8.31824400369078</ele>
        <time>2026-10-05T09:49:01Z</time>
        <extensions>
          <gpxtpx:TrackPointExtension>
            <gpxtpx:hr>112</gpxtpx:hr>
          </gpxtpx:TrackPointExtension>
        </extensions>
      </trkpt>
      <trkpt lat="1.406802008825004" lon="103.9004757611689">
        <ele>8.314072199165821</ele>
        <time>2026-10-05T09:49:02Z</time>
        <extensions>
          <gpxtpx:TrackPointExtension>
            <gpxtpx:hr>114</gpxtpx:hr>
          </gpxtpx:TrackPointExtension>
        </extensions>
      </trkpt>
      <trkpt lat="1.4068129540736316" lon="103.90046332954998">
        <ele>8.31091586779803</ele>
        <time>2026-10-05T09:49:03Z</time>
        <extensions>
          <gpxtpx:TrackPointExtension>
            <gpxtpx:hr>114</gpxtpx:hr>
          </gpxtpx:TrackPointExtension>
        </extensions>
      </trkpt>
      <trkpt lat="1.406824768069678" lon="103.90045097675365">
        <ele>8.308978920802474</ele>
        <time>2026-10-05T09:49:04Z</time>
        <extensions>
          <gpxtpx:TrackPointExtension>
            <gpxtpx:hr>114</gpxtpx:hr>
          </gpxtpx:TrackPointExtension>
        </extensions>
      </trkpt>
      <trkpt lat="1.406837573666414" lon="103.9004380131697">
        <ele>8.308324226178229</ele>
        <time>2026-10-05T09:49:05Z</time>
        <extensions>
          <gpxtpx:TrackPointExtension>
            <gpxtpx:hr>114</gpxtpx:hr>
          </gpxtpx:TrackPointExtension>
        </extensions>
      </trkpt>
      <trkpt lat="1.4068505666222093" lon="103.90042503326139">
        <ele>8.308917452581227</ele>
        <time>2026-10-05T09:49:06Z</time>
        <extensions>
          <gpxtpx:TrackPointExtension>
            <gpxtpx:hr>114</gpxtpx:hr>
          </gpxtpx:TrackPointExtension>
        </extensions>
      </trkpt>
      <trkpt lat="1.4068634179664858" lon="103.90041273807344">
        <ele>8.310662671923637</ele>
        <time>2026-10-05T09:49:07Z</time>
        <extensions>
          <gpxtpx:TrackPointExtension>
            <gpxtpx:hr>114</gpxtpx:hr>
          </gpxtpx:TrackPointExtension>
        </extensions>
      </trkpt>
      <trkpt lat="1.4068760581826887" lon="103.90040169760005">
        <ele>8.313609974458814</ele>
        <time>2026-10-05T09:49:08Z</time>
        <extensions>
          <gpxtpx:TrackPointExtension>
            <gpxtpx:hr>114</gpxtpx:hr>
          </gpxtpx:TrackPointExtension>
        </extensions>
      </trkpt>
      <trkpt lat="1.4068877095011496" lon="103.90039207803738">
        <ele>8.317922818474472</ele>
        <time>2026-10-05T09:49:09Z</time>
        <extensions>
          <gpxtpx:TrackPointExtension>
            <gpxtpx:hr>113</gpxtpx:hr>
          </gpxtpx:TrackPointExtension>
        </extensions>
      </trkpt>
      <trkpt lat="1.4068975104752846" lon="103.90038323422178">
        <ele>8.323717658407986</ele>
        <time>2026-10-05T09:49:10Z</time>
        <extensions>
          <gpxtpx:TrackPointExtension>
            <gpxtpx:hr>113</gpxtpx:hr>
          </gpxtpx:TrackPointExtension>
        </extensions>
      </trkpt>
      <trkpt lat="1.4069050669218093" lon="103.90037464197644">
        <ele>8.33103318605572</ele>
        <time>2026-10-05T09:49:11Z</time>
        <extensions>
          <gpxtpx:TrackPointExtension>
            <gpxtpx:hr>113</gpxtpx:hr>
          </gpxtpx:TrackPointExtension>
        </extensions>
      </trkpt>
      <trkpt lat="1.4069106632517212" lon="103.90036521171155">
        <ele>8.339878745377064</ele>
        <time>2026-10-05T09:49:12Z</time>
        <extensions>
          <gpxtpx:TrackPointExtension>
            <gpxtpx:hr>113</gpxtpx:hr>
          </gpxtpx:TrackPointExtension>
        </extensions>
      </trkpt>
      <trkpt lat="1.4069156454471965" lon="103.9003542042886">
        <ele>8.349922667257488</ele>
        <time>2026-10-05T09:49:13Z</time>
        <extensions>
          <gpxtpx:TrackPointExtension>
            <gpxtpx:hr>114</gpxtpx:hr>
          </gpxtpx:TrackPointExtension>
        </extensions>
      </trkpt>
      <trkpt lat="1.4069208688989816" lon="103.90034260042562">
        <ele>8.360730910673738</ele>
        <time>2026-10-05T09:49:14Z</time>
        <extensions>
          <gpxtpx:TrackPointExtension>
            <gpxtpx:hr>114</gpxtpx:hr>
          </gpxtpx:TrackPointExtension>
        </extensions>
      </trkpt>
      <trkpt lat="1.406926482477782" lon="103.90033167346583">
        <ele>8.371850397437811</ele>
        <time>2026-10-05T09:49:15Z</time>
        <extensions>
          <gpxtpx:TrackPointExtension>
            <gpxtpx:hr>114</gpxtpx:hr>
          </gpxtpx:TrackPointExtension>
        </extensions>
      </trkpt>
      <trkpt lat="1.406931531358098" lon="103.9003221356867">
        <ele>8.382783390581608</ele>
        <time>2026-10-05T09:49:16Z</time>
        <extensions>
          <gpxtpx:TrackPointExtension>
            <gpxtpx:hr>114</gpxtpx:hr>
          </gpxtpx:TrackPointExtension>
        </extensions>
      </trkpt>
      <trkpt lat="1.4069356503348376" lon="103.90031467277582">
        <ele>8.392905385233462</ele>
        <time>2026-10-05T09:49:17Z</time>
        <extensions>
          <gpxtpx:TrackPointExtension>
            <gpxtpx:hr>114</gpxtpx:hr>
          </gpxtpx:TrackPointExtension>
        </extensions>
      </trkpt>
      <trkpt lat="1.4069388006793608" lon="103.90030920678268">
        <ele>8.401395021006465</ele>
        <time>2026-10-05T09:49:18Z</time>
        <extensions>
          <gpxtpx:TrackPointExtension>
            <gpxtpx:hr>115</gpxtpx:hr>
          </gpxtpx:TrackPointExtension>
        </extensions>
      </trkpt>
      <trkpt lat="1.4069407448264175" lon="103.90030556650119">
        <ele>8.407509577460587</ele>
        <time>2026-10-05T09:49:19Z</time>
        <extensions>
          <gpxtpx:TrackPointExtension>
            <gpxtpx:hr>115</gpxtpx:hr>
          </gpxtpx:TrackPointExtension>
        </extensions>
      </trkpt>
      <trkpt lat="1.40694146168213" lon="103.90030320326092">
        <ele>8.410669226199389</ele>
        <time>2026-10-05T09:49:20Z</time>
        <extensions>
          <gpxtpx:TrackPointExtension>
            <gpxtpx:hr>115</gpxtpx:hr>
          </gpxtpx:TrackPointExtension>
        </extensions>
      </trkpt>
      <trkpt lat="1.4069412302629634" lon="103.9003008538256">
        <ele>8.410414583049715</ele>
        <time>2026-10-05T09:49:21Z</time>
        <extensions>
          <gpxtpx:TrackPointExtension>
            <gpxtpx:hr>115</gpxtpx:hr>
          </gpxtpx:TrackPointExtension>
        </extensions>
      </trkpt>
      <trkpt lat="1.4069409901676209" lon="103.90029740134742">
        <ele>8.406477550975978</ele>
        <time>2026-10-05T09:49:22Z</time>
        <extensions>
          <gpxtpx:TrackPointExtension>
            <gpxtpx:hr>115</gpxtpx:hr>
          </gpxtpx:TrackPointExtension>
        </extensions>
      </trkpt>
      <trkpt lat="1.406941160143692" lon="103.90029203492324">
        <ele>8.399051552638412</ele>
        <time>2026-10-05T09:49:23Z</time>
        <extensions>
          <gpxtpx:TrackPointExtension>
            <gpxtpx:hr>115</gpxtpx:hr>
          </gpxtpx:TrackPointExtension>
        </extensions>
      </trkpt>
      <trkpt lat="1.4069423042843388" lon="103.90028504224928">
        <ele>8.388445711694658</ele>
        <time>2026-10-05T09:49:24Z</time>
        <extensions>
          <gpxtpx:TrackPointExtension>
            <gpxtpx:hr>115</gpxtpx:hr>
          </gpxtpx:TrackPointExtension>
        </extensions>
      </trkpt>
      <trkpt lat="1.406945923962417" lon="103.90027754131603">
        <ele>8.37491620797664</ele>
        <time>2026-10-05T09:49:25Z</time>
        <extensions>
          <gpxtpx:TrackPointExtension>
            <gpxtpx:hr>114</gpxtpx:hr>
          </gpxtpx:TrackPointExtension>
        </extensions>
      </trkpt>
      <trkpt lat="1.4069524687559134" lon="103.90026936860674">
        <ele>8.358661809004843</ele>
        <time>2026-10-05T09:49:26Z</time>
        <extensions>
          <gpxtpx:TrackPointExtension>
            <gpxtpx:hr>114</gpxtpx:hr>
          </gpxtpx:TrackPointExtension>
        </extensions>
      </trkpt>
      <trkpt lat="1.4069612937707656" lon="103.90025987261487">
        <ele>8.339802738279104</ele>
        <time>2026-10-05T09:49:27Z</time>
        <extensions>
          <gpxtpx:TrackPointExtension>
            <gpxtpx:hr>114</gpxtpx:hr>
          </gpxtpx:TrackPointExtension>
        </extensions>
      </trkpt>
      <trkpt lat="1.4069718830841926" lon="103.900249333994">
        <ele>8.318616577424109</ele>
        <time>2026-10-05T09:49:28Z</time>
        <extensions>
          <gpxtpx:TrackPointExtension>
            <gpxtpx:hr>114</gpxtpx:hr>
          </gpxtpx:TrackPointExtension>
        </extensions>
      </trkpt>
      <trkpt lat="1.4069836310083004" lon="103.90023825363686">
        <ele>8.295626471750438</ele>
        <time>2026-10-05T09:49:29Z</time>
        <extensions>
          <gpxtpx:TrackPointExtension>
            <gpxtpx:hr>112</gpxtpx:hr>
          </gpxtpx:TrackPointExtension>
        </extensions>
      </trkpt>
      <trkpt lat="1.406996276422171" lon="103.9002274301615">
        <ele>8.271673304028809</ele>
        <time>2026-10-05T09:49:30Z</time>
        <extensions>
          <gpxtpx:TrackPointExtension>
            <gpxtpx:hr>112</gpxtpx:hr>
          </gpxtpx:TrackPointExtension>
        </extensions>
      </trkpt>
      <trkpt lat="1.4070098030048144" lon="103.900216962789">
        <ele>8.247667499817908</ele>
        <time>2026-10-05T09:49:31Z</time>
        <extensions>
          <gpxtpx:TrackPointExtension>
            <gpxtpx:hr>112</gpxtpx:hr>
          </gpxtpx:TrackPointExtension>
        </extensions>
      </trkpt>
      <trkpt lat="1.4070244672198322" lon="103.90020597107913">
        <ele>8.22445041127503</ele>
        <time>2026-10-05T09:49:32Z</time>
        <extensions>
          <gpxtpx:TrackPointExtension>
            <gpxtpx:hr>112</gpxtpx:hr>
          </gpxtpx:TrackPointExtension>
        </extensions>
      </trkpt>
      <trkpt lat="1.4070409122986194" lon="103.90019402635909">
        <ele>8.202614961192012</ele>
        <time>2026-10-05T09:49:33Z</time>
        <extensions>
          <gpxtpx:TrackPointExtension>
            <gpxtpx:hr>112</gpxtpx:hr>
          </gpxtpx:TrackPointExtension>
        </extensions>
      </trkpt>
      <trkpt lat="1.407058846433544" lon="103.90018112357807">
        <ele>8.182479879818857</ele>
        <time>2026-10-05T09:49:34Z</time>
        <extensions>
          <gpxtpx:TrackPointExtension>
            <gpxtpx:hr>112</gpxtpx:hr>
          </gpxtpx:TrackPointExtension>
        </extensions>
      </trkpt>
      <trkpt lat="1.4070771870588332" lon="103.90016810452722">
        <ele>8.164220911450684</ele>
        <time>2026-10-05T09:49:35Z</time>
        <extensions>
          <gpxtpx:TrackPointExtension>
            <gpxtpx:hr>112</gpxtpx:hr>
          </gpxtpx:TrackPointExtension>
        </extensions>
      </trkpt>
      <trkpt lat="1.4070965018826176" lon="103.90015520226302">
        <ele>8.147337838076055</ele>
        <time>2026-10-05T09:49:36Z</time>
        <extensions>
          <gpxtpx:TrackPointExtension>
            <gpxtpx:hr>111</gpxtpx:hr>
          </gpxtpx:TrackPointExtension>
        </extensions>
      </trkpt>
      <trkpt lat="1.407116060918435" lon="103.90014291528287">
        <ele>8.130977009423077</ele>
        <time>2026-10-05T09:49:37Z</time>
        <extensions>
          <gpxtpx:TrackPointExtension>
            <gpxtpx:hr>111</gpxtpx:hr>
          </gpxtpx:TrackPointExtension>
        </extensions>
      </trkpt>
      <trkpt lat="1.4071336390605955" lon="103.9001327193244">
        <ele>8.114273490384221</ele>
        <time>2026-10-05T09:49:38Z</time>
        <extensions>
          <gpxtpx:TrackPointExtension>
            <gpxtpx:hr>111</gpxtpx:hr>
          </gpxtpx:TrackPointExtension>
        </extensions>
      </trkpt>
      <trkpt lat="1.4071499618858108" lon="103.90012326003676">
        <ele>8.09648384526372</ele>
        <time>2026-10-05T09:49:39Z</time>
        <extensions>
          <gpxtpx:TrackPointExtension>
            <gpxtpx:hr>111</gpxtpx:hr>
          </gpxtpx:TrackPointExtension>
        </extensions>
      </trkpt>
      <trkpt lat="1.4071668378999194" lon="103.90011298348404">
        <ele>8.076921653933823</ele>
        <time>2026-10-05T09:49:40Z</time>
        <extensions>
          <gpxtpx:TrackPointExtension>
            <gpxtpx:hr>111</gpxtpx:hr>
          </gpxtpx:TrackPointExtension>
        </extensions>
      </trkpt>
      <trkpt lat="1.4071834828566279" lon="103.90010303782786">
        <ele>8.055248966440558</ele>
        <time>2026-10-05T09:49:41Z</time>
        <extensions>
          <gpxtpx:TrackPointExtension>
            <gpxtpx:hr>112</gpxtpx:hr>
          </gpxtpx:TrackPointExtension>
        </extensions>
      </trkpt>
      <trkpt lat="1.4071995393988677" lon="103.90009366603049">
        <ele>8.031325084157288</ele>
        <time>2026-10-05T09:49:42Z</time>
        <extensions>
          <gpxtpx:TrackPointExtension>
            <gpxtpx:hr>112</gpxtpx:hr>
          </gpxtpx:TrackPointExtension>
        </extensions>
      </trkpt>
      <trkpt lat="1.4072166340983991" lon="103.90008406432733">
        <ele>8.005168699659407</ele>
        <time>2026-10-05T09:49:43Z</time>
        <extensions>
          <gpxtpx:TrackPointExtension>
            <gpxtpx:hr>112</gpxtpx:hr>
          </gpxtpx:TrackPointExtension>
        </extensions>
      </trkpt>
      <trkpt lat="1.4072343850154345" lon="103.9000743024495">
        <ele>7.977060565724969</ele>
        <time>2026-10-05T09:49:44Z</time>
        <extensions>
          <gpxtpx:TrackPointExtension>
            <gpxtpx:hr>112</gpxtpx:hr>
          </gpxtpx:TrackPointExtension>
        </extensions>
      </trkpt>
      <trkpt lat="1.4072521500408852" lon="103.90006465579101">
        <ele>7.947721165604889</ele>
        <time>2026-10-05T09:49:45Z</time>
        <extensions>
          <gpxtpx:TrackPointExtension>
            <gpxtpx:hr>112</gpxtpx:hr>
          </gpxtpx:TrackPointExtension>
        </extensions>
      </trkpt>
      <trkpt lat="1.4072698413042208" lon="103.90005498329938">
        <ele>7.9184788558632135</ele>
        <time>2026-10-05T09:49:46Z</time>
        <extensions>
          <gpxtpx:TrackPointExtension>
            <gpxtpx:hr>112</gpxtpx:hr>
          </gpxtpx:TrackPointExtension>
        </extensions>
      </trkpt>
      <trkpt lat="1.4072867594813432" lon="103.9000454697704">
        <ele>7.890760676935315</ele>
        <time>2026-10-05T09:49:47Z</time>
        <extensions>
          <gpxtpx:TrackPointExtension>
            <gpxtpx:hr>116</gpxtpx:hr>
          </gpxtpx:TrackPointExtension>
        </extensions>
      </trkpt>
      <trkpt lat="1.4073024801584277" lon="103.90003623856632">
        <ele>7.8656514920294285</ele>
        <time>2026-10-05T09:49:48Z</time>
        <extensions>
          <gpxtpx:TrackPointExtension>
            <gpxtpx:hr>116</gpxtpx:hr>
          </gpxtpx:TrackPointExtension>
        </extensions>
      </trkpt>
      <trkpt lat="1.407317087404381" lon="103.90002751363475">
        <ele>7.843792241998017</ele>
        <time>2026-10-05T09:49:49Z</time>
        <extensions>
          <gpxtpx:TrackPointExtension>
            <gpxtpx:hr>116</gpxtpx:hr>
          </gpxtpx:TrackPointExtension>
        </extensions>
      </trkpt>
      <trkpt lat="1.4073308753501712" lon="103.90001922381273">
        <ele>7.825447633862495</ele>
        <time>2026-10-05T09:49:50Z</time>
        <extensions>
          <gpxtpx:TrackPointExtension>
            <gpxtpx:hr>116</gpxtpx:hr>
          </gpxtpx:TrackPointExtension>
        </extensions>
      </trkpt>
      <trkpt lat="1.4073439332565427" lon="103.90001134442711">
        <ele>7.810467986389995</ele>
        <time>2026-10-05T09:49:51Z</time>
        <extensions>
          <gpxtpx:TrackPointExtension>
            <gpxtpx:hr>116</gpxtpx:hr>
          </gpxtpx:TrackPointExtension>
        </extensions>
      </trkpt>
      <trkpt lat="1.407356170491283" lon="103.90000381231407">
        <ele>7.798541471362114</ele>
        <time>2026-10-05T09:49:52Z</time>
        <extensions>
          <gpxtpx:TrackPointExtension>
            <gpxtpx:hr>116</gpxtpx:hr>
          </gpxtpx:TrackPointExtension>
        </extensions>
      </trkpt>
      <trkpt lat="1.407367810388075" lon="103.899996322215">
        <ele>7.7893590703606606</ele>
        <time>2026-10-05T09:49:53Z</time>
        <extensions>
          <gpxtpx:TrackPointExtension>
            <gpxtpx:hr>116</gpxtpx:hr>
          </gpxtpx:TrackPointExtension>
        </extensions>
      </trkpt>
      <trkpt lat="1.407379247318744" lon="103.89998884153161">
        <ele>7.782684306614101</ele>
        <time>2026-10-05T09:49:54Z</time>
        <extensions>
          <gpxtpx:TrackPointExtension>
            <gpxtpx:hr>115</gpxtpx:hr>
          </gpxtpx:TrackPointExtension>
        </extensions>
      </trkpt>
      <trkpt lat="1.407391329706523" lon="103.89998120798134">
        <ele>7.7782499343156815</ele>
        <time>2026-10-05T09:49:55Z</time>
        <extensions>
          <gpxtpx:TrackPointExtension>
            <gpxtpx:hr>115</gpxtpx:hr>
          </gpxtpx:TrackPointExtension>
        </extensions>
      </trkpt>
      <trkpt lat="1.4074039778444745" lon="103.89997317080831">
        <ele>7.775739728473127</ele>
        <time>2026-10-05T09:49:56Z</time>
        <extensions>
          <gpxtpx:TrackPointExtension>
            <gpxtpx:hr>115</gpxtpx:hr>
          </gpxtpx:TrackPointExtension>
        </extensions>
      </trkpt>
      <trkpt lat="1.4074161057999868" lon="103.8999645941998">
        <ele>7.7747597601264715</ele>
        <time>2026-10-05T09:49:57Z</time>
        <extensions>
          <gpxtpx:TrackPointExtension>
            <gpxtpx:hr>115</gpxtpx:hr>
          </gpxtpx:TrackPointExtension>
        </extensions>
      </trkpt>
      <trkpt lat="1.4074270762576373" lon="103.8999555064058">
        <ele>7.77484745066613</ele>
        <time>2026-10-05T09:49:58Z</time>
        <extensions>
          <gpxtpx:TrackPointExtension>
            <gpxtpx:hr>115</gpxtpx:hr>
          </gpxtpx:TrackPointExtension>
        </extensions>
      </trkpt>
      <trkpt lat="1.407437045107682" lon="103.89994627080343">
        <ele>7.775519035756588</ele>
        <time>2026-10-05T09:49:59Z</time>
        <extensions>
          <gpxtpx:TrackPointExtension>
            <gpxtpx:hr>115</gpxtpx:hr>
          </gpxtpx:TrackPointExtension>
        </extensions>
      </trkpt>
      <trkpt lat="1.4074463432634279" lon="103.89993711395027">
        <ele>7.776439698413014</ele>
        <time>2026-10-05T09:50:00Z</time>
        <extensions>
          <gpxtpx:TrackPointExtension>
            <gpxtpx:hr>114</gpxtpx:hr>
          </gpxtpx:TrackPointExtension>
        </extensions>
      </trkpt>
      <trkpt lat="1.4074552096285582" lon="103.89992845763521">
        <ele>7.777431936003268</ele>
        <time>2026-10-05T09:50:01Z</time>
        <extensions>
          <gpxtpx:TrackPointExtension>
            <gpxtpx:hr>114</gpxtpx:hr>
          </gpxtpx:TrackPointExtension>
        </extensions>
      </trkpt>
      <trkpt lat="1.4074637794310891" lon="103.89992040853585">
        <ele>7.778457405976951</ele>
        <time>2026-10-05T09:50:02Z</time>
        <extensions>
          <gpxtpx:TrackPointExtension>
            <gpxtpx:hr>114</gpxtpx:hr>
          </gpxtpx:TrackPointExtension>
        </extensions>
      </trkpt>
      <trkpt lat="1.407472090859259" lon="103.89991240822918">
        <ele>7.7795902425423265</ele>
        <time>2026-10-05T09:50:03Z</time>
        <extensions>
          <gpxtpx:TrackPointExtension>
            <gpxtpx:hr>114</gpxtpx:hr>
          </gpxtpx:TrackPointExtension>
        </extensions>
      </trkpt>
      <trkpt lat="1.4074800006978914" lon="103.89990383291804">
        <ele>7.78074318729341</ele>
        <time>2026-10-05T09:50:04Z</time>
        <extensions>
          <gpxtpx:TrackPointExtension>
            <gpxtpx:hr>115</gpxtpx:hr>
          </gpxtpx:TrackPointExtension>
        </extensions>
      </trkpt>
      <trkpt lat="1.4074878954949517" lon="103.8998945153034">
        <ele>7.781731992028654</ele>
        <time>2026-10-05T09:50:05Z</time>
        <extensions>
          <gpxtpx:TrackPointExtension>
            <gpxtpx:hr>115</gpxtpx:hr>
          </gpxtpx:TrackPointExtension>
        </extensions>
      </trkpt>
      <trkpt lat="1.407496407463201" lon="103.89988422192194">
        <ele>7.782278638333082</ele>
        <time>2026-10-05T09:50:06Z</time>
        <extensions>
          <gpxtpx:TrackPointExtension>
            <gpxtpx:hr>115</gpxtpx:hr>
          </gpxtpx:TrackPointExtension>
        </extensions>
      </trkpt>
      <trkpt lat="1.4075054370075748" lon="103.8998732275003">
        <ele>7.782031920738518</ele>
        <time>2026-10-05T09:50:07Z</time>
        <extensions>
          <gpxtpx:TrackPointExtension>
            <gpxtpx:hr>115</gpxtpx:hr>
          </gpxtpx:TrackPointExtension>
        </extensions>
      </trkpt>
      <trkpt lat="1.407514121488422" lon="103.89986189137251">
        <ele>7.7805288806557655</ele>
        <time>2026-10-05T09:50:08Z</time>
        <extensions>
          <gpxtpx:TrackPointExtension>
            <gpxtpx:hr>115</gpxtpx:hr>
          </gpxtpx:TrackPointExtension>
        </extensions>
      </trkpt>
      <trkpt lat="1.4075221708095609" lon="103.89985042906822">
        <ele>7.7774314396083355</ele>
        <time>2026-10-05T09:50:09Z</time>
        <extensions>
          <gpxtpx:TrackPointExtension>
            <gpxtpx:hr>113</gpxtpx:hr>
          </gpxtpx:TrackPointExtension>
        </extensions>
      </trkpt>
      <trkpt lat="1.4075300513809204" lon="103.89983895293533">
        <ele>7.772449005395174</ele>
        <time>2026-10-05T09:50:10Z</time>
        <extensions>
          <gpxtpx:TrackPointExtension>
            <gpxtpx:hr>113</gpxtpx:hr>
          </gpxtpx:TrackPointExtension>
        </extensions>
      </trkpt>
      <trkpt lat="1.4075378923199469" lon="103.89982721237433">
        <ele>7.765486330725253</ele>
        <time>2026-10-05T09:50:11Z</time>
        <extensions>
          <gpxtpx:TrackPointExtension>
            <gpxtpx:hr>113</gpxtpx:hr>
          </gpxtpx:TrackPointExtension>
        </extensions>
      </trkpt>
      <trkpt lat="1.407545818559279" lon="103.89981528933552">
        <ele>7.756758258678019</ele>
        <time>2026-10-05T09:50:12Z</time>
        <extensions>
          <gpxtpx:TrackPointExtension>
            <gpxtpx:hr>113</gpxtpx:hr>
          </gpxtpx:TrackPointExtension>
        </extensions>
      </trkpt>
      <trkpt lat="1.4075534481287717" lon="103.89980306165721">
        <ele>7.746693043038249</ele>
        <time>2026-10-05T09:50:13Z</time>
        <extensions>
          <gpxtpx:TrackPointExtension>
            <gpxtpx:hr>113</gpxtpx:hr>
          </gpxtpx:TrackPointExtension>
        </extensions>
      </trkpt>
      <trkpt lat="1.4075602084617194" lon="103.89979036340114">
        <ele>7.736032910645008</ele>
        <time>2026-10-05T09:50:14Z</time>
        <extensions>
          <gpxtpx:TrackPointExtension>
            <gpxtpx:hr>113</gpxtpx:hr>
          </gpxtpx:TrackPointExtension>
        </extensions>
      </trkpt>
      <trkpt lat="1.4075662583380573" lon="103.89977726719673">
        <ele>7.725657736882567</ele>
        <time>2026-10-05T09:50:15Z</time>
        <extensions>
          <gpxtpx:TrackPointExtension>
            <gpxtpx:hr>113</gpxtpx:hr>
          </gpxtpx:TrackPointExtension>
        </extensions>
      </trkpt>
      <trkpt lat="1.4075716523684976" lon="103.89976421976266">
        <ele>7.7164665488526225</ele>
        <time>2026-10-05T09:50:16Z</time>
        <extensions>
          <gpxtpx:TrackPointExtension>
            <gpxtpx:hr>113</gpxtpx:hr>
          </gpxtpx:TrackPointExtension>
        </extensions>
      </trkpt>
      <trkpt lat="1.407576576176509" lon="103.89975195673797">
        <ele>7.709356242790818</ele>
        <time>2026-10-05T09:50:17Z</time>
        <extensions>
          <gpxtpx:TrackPointExtension>
            <gpxtpx:hr>113</gpxtpx:hr>
          </gpxtpx:TrackPointExtension>
        </extensions>
      </trkpt>
      <trkpt lat="1.4075815281797368" lon="103.89974037294084">
        <ele>7.705176300369203</ele>
        <time>2026-10-05T09:50:18Z</time>
        <extensions>
          <gpxtpx:TrackPointExtension>
            <gpxtpx:hr>115</gpxtpx:hr>
          </gpxtpx:TrackPointExtension>
        </extensions>
      </trkpt>
      <trkpt lat="1.4075866404885669" lon="103.8997282112979">
        <ele>7.704392061568797</ele>
        <time>2026-10-05T09:50:19Z</time>
        <extensions>
          <gpxtpx:TrackPointExtension>
            <gpxtpx:hr>115</gpxtpx:hr>
          </gpxtpx:TrackPointExtension>
        </extensions>
      </trkpt>
      <trkpt lat="1.407592715558814" lon="103.8997148616991">
        <ele>7.707161529920995</ele>
        <time>2026-10-05T09:50:20Z</time>
        <extensions>
          <gpxtpx:TrackPointExtension>
            <gpxtpx:hr>115</gpxtpx:hr>
          </gpxtpx:TrackPointExtension>
        </extensions>
      </trkpt>
      <trkpt lat="1.4075994841743282" lon="103.89970155590804">
        <ele>7.713369202800095</ele>
        <time>2026-10-05T09:50:21Z</time>
        <extensions>
          <gpxtpx:TrackPointExtension>
            <gpxtpx:hr>115</gpxtpx:hr>
          </gpxtpx:TrackPointExtension>
        </extensions>
      </trkpt>
      <trkpt lat="1.4076060852734125" lon="103.89968859988893">
        <ele>7.722789575345814</ele>
        <time>2026-10-05T09:50:22Z</time>
        <extensions>
          <gpxtpx:TrackPointExtension>
            <gpxtpx:hr>115</gpxtpx:hr>
          </gpxtpx:TrackPointExtension>
        </extensions>
      </trkpt>
      <trkpt lat="1.407612677019555" lon="103.89967554366926">
        <ele>7.734952169470489</ele>
        <time>2026-10-05T09:50:23Z</time>
        <extensions>
          <gpxtpx:TrackPointExtension>
            <gpxtpx:hr>115</gpxtpx:hr>
          </gpxtpx:TrackPointExtension>
        </extensions>
      </trkpt>
      <trkpt lat="1.4076195279086527" lon="103.89966272692902">
        <ele>7.749334817752242</ele>
        <time>2026-10-05T09:50:24Z</time>
        <extensions>
          <gpxtpx:TrackPointExtension>
            <gpxtpx:hr>115</gpxtpx:hr>
          </gpxtpx:TrackPointExtension>
        </extensions>
      </trkpt>
      <trkpt lat="1.4076263024995896" lon="103.8996501360794">
        <ele>7.7654103469103575</ele>
        <time>2026-10-05T09:50:25Z</time>
        <extensions>
          <gpxtpx:TrackPointExtension>
            <gpxtpx:hr>115</gpxtpx:hr>
          </gpxtpx:TrackPointExtension>
        </extensions>
      </trkpt>
      <trkpt lat="1.4076325682759387" lon="103.89963765502725">
        <ele>7.782727931626141</ele>
        <time>2026-10-05T09:50:26Z</time>
        <extensions>
          <gpxtpx:TrackPointExtension>
            <gpxtpx:hr>120</gpxtpx:hr>
          </gpxtpx:TrackPointExtension>
        </extensions>
      </trkpt>
      <trkpt lat="1.4076388180082993" lon="103.8996256807484">
        <ele>7.800657891668379</ele>
        <time>2026-10-05T09:50:27Z</time>
        <extensions>
          <gpxtpx:TrackPointExtension>
            <gpxtpx:hr>120</gpxtpx:hr>
          </gpxtpx:TrackPointExtension>
        </extensions>
      </trkpt>
      <trkpt lat="1.407645776874531" lon="103.89961363876324">
        <ele>7.818905155174434</ele>
        <time>2026-10-05T09:50:28Z</time>
        <extensions>
          <gpxtpx:TrackPointExtension>
            <gpxtpx:hr>120</gpxtpx:hr>
          </gpxtpx:TrackPointExtension>
        </extensions>
      </trkpt>
      <trkpt lat="1.4076533187821045" lon="103.8996008314969">
        <ele>7.8373700845986605</ele>
        <time>2026-10-05T09:50:29Z</time>
        <extensions>
          <gpxtpx:TrackPointExtension>
            <gpxtpx:hr>120</gpxtpx:hr>
          </gpxtpx:TrackPointExtension>
        </extensions>
      </trkpt>
      <trkpt lat="1.4076613165908378" lon="103.8995874628467">
        <ele>7.856005591340363</ele>
        <time>2026-10-05T09:50:30Z</time>
        <extensions>
          <gpxtpx:TrackPointExtension>
            <gpxtpx:hr>120</gpxtpx:hr>
          </gpxtpx:TrackPointExtension>
        </extensions>
      </trkpt>
      <trkpt lat="1.4076696225354752" lon="103.89957423954526">
        <ele>7.874679263681173</ele>
        <time>2026-10-05T09:50:31Z</time>
        <extensions>
          <gpxtpx:TrackPointExtension>
            <gpxtpx:hr>120</gpxtpx:hr>
          </gpxtpx:TrackPointExtension>
        </extensions>
      </trkpt>
      <trkpt lat="1.4076778496683118" lon="103.89956126699035">
        <ele>7.892972718924284</ele>
        <time>2026-10-05T09:50:32Z</time>
        <extensions>
          <gpxtpx:TrackPointExtension>
            <gpxtpx:hr>115</gpxtpx:hr>
          </gpxtpx:TrackPointExtension>
        </extensions>
      </trkpt>
      <trkpt lat="1.407685924123994" lon="103.89954829625513">
        <ele>7.910092332400382</ele>
        <time>2026-10-05T09:50:33Z</time>
        <extensions>
          <gpxtpx:TrackPointExtension>
            <gpxtpx:hr>115</gpxtpx:hr>
          </gpxtpx:TrackPointExtension>
        </extensions>
      </trkpt>
      <trkpt lat="1.407694432871315" lon="103.89953559954569">
        <ele>7.924963739700615</ele>
        <time>2026-10-05T09:50:34Z</time>
        <extensions>
          <gpxtpx:TrackPointExtension>
            <gpxtpx:hr>115</gpxtpx:hr>
          </gpxtpx:TrackPointExtension>
        </extensions>
      </trkpt>
      <trkpt lat="1.4077039606597905" lon="103.8995231782578">
        <ele>7.936442073434591</ele>
        <time>2026-10-05T09:50:35Z</time>
        <extensions>
          <gpxtpx:TrackPointExtension>
            <gpxtpx:hr>115</gpxtpx:hr>
          </gpxtpx:TrackPointExtension>
        </extensions>
      </trkpt>
      <trkpt lat="1.4077142437816514" lon="103.89951138242137">
        <ele>7.9435356594622135</ele>
        <time>2026-10-05T09:50:36Z</time>
        <extensions>
          <gpxtpx:TrackPointExtension>
            <gpxtpx:hr>115</gpxtpx:hr>
          </gpxtpx:TrackPointExtension>
        </extensions>
      </trkpt>
      <trkpt lat="1.407724866991927" lon="103.89950058302594">
        <ele>7.945742416195571</ele>
        <time>2026-10-05T09:50:37Z</time>
        <extensions>
          <gpxtpx:TrackPointExtension>
            <gpxtpx:hr>115</gpxtpx:hr>
          </gpxtpx:TrackPointExtension>
        </extensions>
      </trkpt>
      <trkpt lat="1.407735458189959" lon="103.8994903619206">
        <ele>7.943072278052568</ele>
        <time>2026-10-05T09:50:38Z</time>
        <extensions>
          <gpxtpx:TrackPointExtension>
            <gpxtpx:hr>115</gpxtpx:hr>
          </gpxtpx:TrackPointExtension>
        </extensions>
      </trkpt>
      <trkpt lat="1.4077458166518488" lon="103.89948028850402">
        <ele>7.936047739349306</ele>
        <time>2026-10-05T09:50:39Z</time>
        <extensions>
          <gpxtpx:TrackPointExtension>
            <gpxtpx:hr>115</gpxtpx:hr>
          </gpxtpx:TrackPointExtension>
        </extensions>
      </trkpt>
      <trkpt lat="1.4077569862448283" lon="103.89947013398287">
        <ele>7.9255988178774714</ele>
        <time>2026-10-05T09:50:40Z</time>
        <extensions>
          <gpxtpx:TrackPointExtension>
            <gpxtpx:hr>115</gpxtpx:hr>
          </gpxtpx:TrackPointExtension>
        </extensions>
      </trkpt>
      <trkpt lat="1.4077684937001878" lon="103.89946081855861">
        <ele>7.912838619202375</ele>
        <time>2026-10-05T09:50:41Z</time>
        <extensions>
          <gpxtpx:TrackPointExtension>
            <gpxtpx:hr>115</gpxtpx:hr>
          </gpxtpx:TrackPointExtension>
        </extensions>
      </trkpt>
      <trkpt lat="1.4077784672753682" lon="103.89945308890285">
        <ele>7.898883863352239</ele>
        <time>2026-10-05T09:50:42Z</time>
        <extensions>
          <gpxtpx:TrackPointExtension>
            <gpxtpx:hr>115</gpxtpx:hr>
          </gpxtpx:TrackPointExtension>
        </extensions>
      </trkpt>
      <trkpt lat="1.4077867408491036" lon="103.89944569862926">
        <ele>7.884721773676574</ele>
        <time>2026-10-05T09:50:43Z</time>
        <extensions>
          <gpxtpx:TrackPointExtension>
            <gpxtpx:hr>115</gpxtpx:hr>
          </gpxtpx:TrackPointExtension>
        </extensions>
      </trkpt>
      <trkpt lat="1.407793727867035" lon="103.8994373999094">
        <ele>7.871104880236089</ele>
        <time>2026-10-05T09:50:44Z</time>
        <extensions>
          <gpxtpx:TrackPointExtension>
            <gpxtpx:hr>115</gpxtpx:hr>
          </gpxtpx:TrackPointExtension>
        </extensions>
      </trkpt>
      <trkpt lat="1.407799902927893" lon="103.8994278610375">
        <ele>7.858466346748173</ele>
        <time>2026-10-05T09:50:45Z</time>
        <extensions>
          <gpxtpx:TrackPointExtension>
            <gpxtpx:hr>115</gpxtpx:hr>
          </gpxtpx:TrackPointExtension>
        </extensions>
      </trkpt>
      <trkpt lat="1.4078056249153312" lon="103.89941713433167">
        <ele>7.846989297308028</ele>
        <time>2026-10-05T09:50:46Z</time>
        <extensions>
          <gpxtpx:TrackPointExtension>
            <gpxtpx:hr>115</gpxtpx:hr>
          </gpxtpx:TrackPointExtension>
        </extensions>
      </trkpt>
      <trkpt lat="1.4078110173343878" lon="103.89940556360962">
        <ele>7.8366549257189035</ele>
        <time>2026-10-05T09:50:47Z</time>
        <extensions>
          <gpxtpx:TrackPointExtension>
            <gpxtpx:hr>115</gpxtpx:hr>
          </gpxtpx:TrackPointExtension>
        </extensions>
      </trkpt>
      <trkpt lat="1.4078159059883046" lon="103.89939366755958">
        <ele>7.827296895906329</ele>
        <time>2026-10-05T09:50:48Z</time>
        <extensions>
          <gpxtpx:TrackPointExtension>
            <gpxtpx:hr>115</gpxtpx:hr>
          </gpxtpx:TrackPointExtension>
        </extensions>
      </trkpt>
      <trkpt lat="1.4078203943078968" lon="103.89938175864593">
        <ele>7.818657770752907</ele>
        <time>2026-10-05T09:50:49Z</time>
        <extensions>
          <gpxtpx:TrackPointExtension>
            <gpxtpx:hr>115</gpxtpx:hr>
          </gpxtpx:TrackPointExtension>
        </extensions>
      </trkpt>
      <trkpt lat="1.4078252256803678" lon="103.89937020731901">
        <ele>7.810466255992651</ele>
        <time>2026-10-05T09:50:50Z</time>
        <extensions>
          <gpxtpx:TrackPointExtension>
            <gpxtpx:hr>115</gpxtpx:hr>
          </gpxtpx:TrackPointExtension>
        </extensions>
      </trkpt>
      <trkpt lat="1.4078306002901704" lon="103.89935926673587">
        <ele>7.802472052164376</ele>
        <time>2026-10-05T09:50:51Z</time>
        <extensions>
          <gpxtpx:TrackPointExtension>
            <gpxtpx:hr>115</gpxtpx:hr>
          </gpxtpx:TrackPointExtension>
        </extensions>
      </trkpt>
      <trkpt lat="1.407836441417996" lon="103.89934847322172">
        <ele>7.7944094110280275</ele>
        <time>2026-10-05T09:50:52Z</time>
        <extensions>
          <gpxtpx:TrackPointExtension>
            <gpxtpx:hr>115</gpxtpx:hr>
          </gpxtpx:TrackPointExtension>
        </extensions>
      </trkpt>
      <trkpt lat="1.4078429227748968" lon="103.89933749653972">
        <ele>7.786035409197211</ele>
        <time>2026-10-05T09:50:53Z</time>
        <extensions>
          <gpxtpx:TrackPointExtension>
            <gpxtpx:hr>115</gpxtpx:hr>
          </gpxtpx:TrackPointExtension>
        </extensions>
      </trkpt>
      <trkpt lat="1.4078493497952447" lon="103.89932670289284">
        <ele>7.777150010690093</ele>
        <time>2026-10-05T09:50:54Z</time>
        <extensions>
          <gpxtpx:TrackPointExtension>
            <gpxtpx:hr>115</gpxtpx:hr>
          </gpxtpx:TrackPointExtension>
        </extensions>
      </trkpt>
      <trkpt lat="1.407855623119651" lon="103.89931630053533">
        <ele>7.767808807082474</ele>
        <time>2026-10-05T09:50:55Z</time>
        <extensions>
          <gpxtpx:TrackPointExtension>
            <gpxtpx:hr>115</gpxtpx:hr>
          </gpxtpx:TrackPointExtension>
        </extensions>
      </trkpt>
      <trkpt lat="1.407862294193467" lon="103.89930622404461">
        <ele>7.758099623955786</ele>
        <time>2026-10-05T09:50:56Z</time>
        <extensions>
          <gpxtpx:TrackPointExtension>
            <gpxtpx:hr>115</gpxtpx:hr>
          </gpxtpx:TrackPointExtension>
        </extensions>
      </trkpt>
      <trkpt lat="1.407869122004485" lon="103.89929610033433">
        <ele>7.74818800855428</ele>
        <time>2026-10-05T09:50:57Z</time>
        <extensions>
          <gpxtpx:TrackPointExtension>
            <gpxtpx:hr>115</gpxtpx:hr>
          </gpxtpx:TrackPointExtension>
        </extensions>
      </trkpt>
      <trkpt lat="1.4078752967071466" lon="103.8992854287185">
        <ele>7.7383180456236005</ele>
        <time>2026-10-05T09:50:58Z</time>
        <extensions>
          <gpxtpx:TrackPointExtension>
            <gpxtpx:hr>115</gpxtpx:hr>
          </gpxtpx:TrackPointExtension>
        </extensions>
      </trkpt>
      <trkpt lat="1.407880336904477" lon="103.89927432314765">
        <ele>7.7287280317395926</ele>
        <time>2026-10-05T09:50:59Z</time>
        <extensions>
          <gpxtpx:TrackPointExtension>
            <gpxtpx:hr>115</gpxtpx:hr>
          </gpxtpx:TrackPointExtension>
        </extensions>
      </trkpt>
      <trkpt lat="1.4078849608910196" lon="103.899263637818">
        <ele>7.719728854484856</ele>
        <time>2026-10-05T09:51:00Z</time>
        <extensions>
          <gpxtpx:TrackPointExtension>
            <gpxtpx:hr>115</gpxtpx:hr>
          </gpxtpx:TrackPointExtension>
        </extensions>
      </trkpt>
      <trkpt lat="1.4078905810929843" lon="103.89925341661848">
        <ele>7.711751234717667</ele>
        <time>2026-10-05T09:51:01Z</time>
        <extensions>
          <gpxtpx:TrackPointExtension>
            <gpxtpx:hr>114</gpxtpx:hr>
          </gpxtpx:TrackPointExtension>
        </extensions>
      </trkpt>
      <trkpt lat="1.4078979640705536" lon="103.89924298997401">
        <ele>7.7053039856255054</ele>
        <time>2026-10-05T09:51:02Z</time>
        <extensions>
          <gpxtpx:TrackPointExtension>
            <gpxtpx:hr>114</gpxtpx:hr>
          </gpxtpx:TrackPointExtension>
        </extensions>
      </trkpt>
      <trkpt lat="1.4079071609898028" lon="103.89923230213151">
        <ele>7.700849718414247</ele>
        <time>2026-10-05T09:51:03Z</time>
        <extensions>
          <gpxtpx:TrackPointExtension>
            <gpxtpx:hr>114</gpxtpx:hr>
          </gpxtpx:TrackPointExtension>
        </extensions>
      </trkpt>
      <trkpt lat="1.4079175419362997" lon="103.89922155105212">
        <ele>7.698722925037146</ele>
        <time>2026-10-05T09:51:04Z</time>
        <extensions>
          <gpxtpx:TrackPointExtension>
            <gpxtpx:hr>114</gpxtpx:hr>
          </gpxtpx:TrackPointExtension>
        </extensions>
      </trkpt>
      <trkpt lat="1.4079276639157667" lon="103.89921100928514">
        <ele>7.6990933725610375</ele>
        <time>2026-10-05T09:51:05Z</time>
        <extensions>
          <gpxtpx:TrackPointExtension>
            <gpxtpx:hr>114</gpxtpx:hr>
          </gpxtpx:TrackPointExtension>
        </extensions>
      </trkpt>
      <trkpt lat="1.4079371757243448" lon="103.89920066719552">
        <ele>7.70184837654233</ele>
        <time>2026-10-05T09:51:06Z</time>
        <extensions>
          <gpxtpx:TrackPointExtension>
            <gpxtpx:hr>114</gpxtpx:hr>
          </gpxtpx:TrackPointExtension>
        </extensions>
      </trkpt>
      <trkpt lat="1.4079465529489317" lon="103.8991903976612">
        <ele>7.70664634462446</ele>
        <time>2026-10-05T09:51:07Z</time>
        <extensions>
          <gpxtpx:TrackPointExtension>
            <gpxtpx:hr>113</gpxtpx:hr>
          </gpxtpx:TrackPointExtension>
        </extensions>
      </trkpt>
      <trkpt lat="1.407955091320267" lon="103.89918095105325">
        <ele>7.713122038170695</ele>
        <time>2026-10-05T09:51:08Z</time>
        <extensions>
          <gpxtpx:TrackPointExtension>
            <gpxtpx:hr>113</gpxtpx:hr>
          </gpxtpx:TrackPointExtension>
        </extensions>
      </trkpt>
      <trkpt lat="1.4079620764392284" lon="103.89917223727764">
        <ele>7.7208062913268805</ele>
        <time>2026-10-05T09:51:09Z</time>
        <extensions>
          <gpxtpx:TrackPointExtension>
            <gpxtpx:hr>113</gpxtpx:hr>
          </gpxtpx:TrackPointExtension>
        </extensions>
      </trkpt>
      <trkpt lat="1.40796788612349" lon="103.89916356686496">
        <ele>7.7293377835303545</ele>
        <time>2026-10-05T09:51:10Z</time>
        <extensions>
          <gpxtpx:TrackPointExtension>
            <gpxtpx:hr>113</gpxtpx:hr>
          </gpxtpx:TrackPointExtension>
        </extensions>
      </trkpt>
      <trkpt lat="1.4079733822747311" lon="103.89915451829715">
        <ele>7.738563668914139</ele>
        <time>2026-10-05T09:51:11Z</time>
        <extensions>
          <gpxtpx:TrackPointExtension>
            <gpxtpx:hr>113</gpxtpx:hr>
          </gpxtpx:TrackPointExtension>
        </extensions>
      </trkpt>
      <trkpt lat="1.4079790282468714" lon="103.89914497505129">
        <ele>7.748635466210544</ele>
        <time>2026-10-05T09:51:12Z</time>
        <extensions>
          <gpxtpx:TrackPointExtension>
            <gpxtpx:hr>113</gpxtpx:hr>
          </gpxtpx:TrackPointExtension>
        </extensions>
      </trkpt>
      <trkpt lat="1.4079843674291574" lon="103.89913481511894">
        <ele>7.759956649504602</ele>
        <time>2026-10-05T09:51:13Z</time>
        <extensions>
          <gpxtpx:TrackPointExtension>
            <gpxtpx:hr>113</gpxtpx:hr>
          </gpxtpx:TrackPointExtension>
        </extensions>
      </trkpt>
      <trkpt lat="1.4079893908958185" lon="103.89912394471291">
        <ele>7.773075972683728</ele>
        <time>2026-10-05T09:51:14Z</time>
        <extensions>
          <gpxtpx:TrackPointExtension>
            <gpxtpx:hr>113</gpxtpx:hr>
          </gpxtpx:TrackPointExtension>
        </extensions>
      </trkpt>
      <trkpt lat="1.4079943145276292" lon="103.89911300560989">
        <ele>7.7885732892900705</ele>
        <time>2026-10-05T09:51:15Z</time>
        <extensions>
          <gpxtpx:TrackPointExtension>
            <gpxtpx:hr>113</gpxtpx:hr>
          </gpxtpx:TrackPointExtension>
        </extensions>
      </trkpt>
      <trkpt lat="1.4079992747670762" lon="103.89910244109062">
        <ele>7.8069280087947845</ele>
        <time>2026-10-05T09:51:16Z</time>
        <extensions>
          <gpxtpx:TrackPointExtension>
            <gpxtpx:hr>112</gpxtpx:hr>
          </gpxtpx:TrackPointExtension>
        </extensions>
      </trkpt>
      <trkpt lat="1.4080041572842967" lon="103.89909165631835">
        <ele>7.828428922221065</ele>
        <time>2026-10-05T09:51:17Z</time>
        <extensions>
          <gpxtpx:TrackPointExtension>
            <gpxtpx:hr>112</gpxtpx:hr>
          </gpxtpx:TrackPointExtension>
        </extensions>
      </trkpt>
      <trkpt lat="1.4080091944172888" lon="103.89907979218219">
        <ele>7.852825774811208</ele>
        <time>2026-10-05T09:51:18Z</time>
        <extensions>
          <gpxtpx:TrackPointExtension>
            <gpxtpx:hr>112</gpxtpx:hr>
          </gpxtpx:TrackPointExtension>
        </extensions>
      </trkpt>
      <trkpt lat="1.4080150733438623" lon="103.89906686604064">
        <ele>7.879633013159037</ele>
        <time>2026-10-05T09:51:19Z</time>
        <extensions>
          <gpxtpx:TrackPointExtension>
            <gpxtpx:hr>112</gpxtpx:hr>
          </gpxtpx:TrackPointExtension>
        </extensions>
      </trkpt>
      <trkpt lat="1.408021680871874" lon="103.89905416335672">
        <ele>7.9081622222438455</ele>
        <time>2026-10-05T09:51:20Z</time>
        <extensions>
          <gpxtpx:TrackPointExtension>
            <gpxtpx:hr>112</gpxtpx:hr>
          </gpxtpx:TrackPointExtension>
        </extensions>
      </trkpt>
      <trkpt lat="1.4080285276897184" lon="103.89904214593605">
        <ele>7.937618277035654</ele>
        <time>2026-10-05T09:51:21Z</time>
        <extensions>
          <gpxtpx:TrackPointExtension>
            <gpxtpx:hr>112</gpxtpx:hr>
          </gpxtpx:TrackPointExtension>
        </extensions>
      </trkpt>
      <trkpt lat="1.4080355488652245" lon="103.89903045320573">
        <ele>7.9673608262091875</ele>
        <time>2026-10-05T09:51:22Z</time>
        <extensions>
          <gpxtpx:TrackPointExtension>
            <gpxtpx:hr>112</gpxtpx:hr>
          </gpxtpx:TrackPointExtension>
        </extensions>
      </trkpt>
      <trkpt lat="1.4080425612660126" lon="103.89901921459352">
        <ele>7.996388303115964</ele>
        <time>2026-10-05T09:51:23Z</time>
        <extensions>
          <gpxtpx:TrackPointExtension>
            <gpxtpx:hr>112</gpxtpx:hr>
          </gpxtpx:TrackPointExtension>
        </extensions>
      </trkpt>
      <trkpt lat="1.4080495026270619" lon="103.89900859509237">
        <ele>8.023675933480263</ele>
        <time>2026-10-05T09:51:24Z</time>
        <extensions>
          <gpxtpx:TrackPointExtension>
            <gpxtpx:hr>112</gpxtpx:hr>
          </gpxtpx:TrackPointExtension>
        </extensions>
      </trkpt>
      <trkpt lat="1.4080567906653916" lon="103.89899938382591">
        <ele>8.048171960748732</ele>
        <time>2026-10-05T09:51:25Z</time>
        <extensions>
          <gpxtpx:TrackPointExtension>
            <gpxtpx:hr>112</gpxtpx:hr>
          </gpxtpx:TrackPointExtension>
        </extensions>
      </trkpt>
      <trkpt lat="1.4080648957031567" lon="103.89899117223773">
        <ele>8.06886750459671</ele>
        <time>2026-10-05T09:51:26Z</time>
        <extensions>
          <gpxtpx:TrackPointExtension>
            <gpxtpx:hr>112</gpxtpx:hr>
          </gpxtpx:TrackPointExtension>
        </extensions>
      </trkpt>
      <trkpt lat="1.4080738246281832" lon="103.89898180300699">
        <ele>8.084823234938085</ele>
        <time>2026-10-05T09:51:27Z</time>
        <extensions>
          <gpxtpx:TrackPointExtension>
            <gpxtpx:hr>112</gpxtpx:hr>
          </gpxtpx:TrackPointExtension>
        </extensions>
      </trkpt>
      <trkpt lat="1.408082343803917" lon="103.89897095074336">
        <ele>8.095559060573578</ele>
        <time>2026-10-05T09:51:28Z</time>
        <extensions>
          <gpxtpx:TrackPointExtension>
            <gpxtpx:hr>113</gpxtpx:hr>
          </gpxtpx:TrackPointExtension>
        </extensions>
      </trkpt>
      <trkpt lat="1.408089214390065" lon="103.89896026679209">
        <ele>8.100778881460428</ele>
        <time>2026-10-05T09:51:29Z</time>
        <extensions>
          <gpxtpx:TrackPointExtension>
            <gpxtpx:hr>113</gpxtpx:hr>
          </gpxtpx:TrackPointExtension>
        </extensions>
      </trkpt>
      <trkpt lat="1.4080948986036743" lon="103.89895035023355">
        <ele>8.100426961667836</ele>
        <time>2026-10-05T09:51:30Z</time>
        <extensions>
          <gpxtpx:TrackPointExtension>
            <gpxtpx:hr>113</gpxtpx:hr>
          </gpxtpx:TrackPointExtension>
        </extensions>
      </trkpt>
      <trkpt lat="1.4081001068964745" lon="103.89894086991549">
        <ele>8.094905767589808</ele>
        <time>2026-10-05T09:51:31Z</time>
        <extensions>
          <gpxtpx:TrackPointExtension>
            <gpxtpx:hr>113</gpxtpx:hr>
          </gpxtpx:TrackPointExtension>
        </extensions>
      </trkpt>
      <trkpt lat="1.4081054253571483" lon="103.89893067647668">
        <ele>8.085069343447685</ele>
        <time>2026-10-05T09:51:32Z</time>
        <extensions>
          <gpxtpx:TrackPointExtension>
            <gpxtpx:hr>113</gpxtpx:hr>
          </gpxtpx:TrackPointExtension>
        </extensions>
      </trkpt>
      <trkpt lat="1.4081114283751544" lon="103.89891875216215">
        <ele>8.072238846682012</ele>
        <time>2026-10-05T09:51:33Z</time>
        <extensions>
          <gpxtpx:TrackPointExtension>
            <gpxtpx:hr>114</gpxtpx:hr>
          </gpxtpx:TrackPointExtension>
        </extensions>
      </trkpt>
      <trkpt lat="1.4081180000916176" lon="103.89890522851834">
        <ele>8.058089595288038</ele>
        <time>2026-10-05T09:51:34Z</time>
        <extensions>
          <gpxtpx:TrackPointExtension>
            <gpxtpx:hr>114</gpxtpx:hr>
          </gpxtpx:TrackPointExtension>
        </extensions>
      </trkpt>
      <trkpt lat="1.4081241420268669" lon="103.89889093050743">
        <ele>8.044368731789291</ele>
        <time>2026-10-05T09:51:35Z</time>
        <extensions>
          <gpxtpx:TrackPointExtension>
            <gpxtpx:hr>114</gpxtpx:hr>
          </gpxtpx:TrackPointExtension>
        </extensions>
      </trkpt>
      <trkpt lat="1.4081293044499148" lon="103.89887633518937">
        <ele>8.032536315731704</ele>
        <time>2026-10-05T09:51:36Z</time>
        <extensions>
          <gpxtpx:TrackPointExtension>
            <gpxtpx:hr>114</gpxtpx:hr>
          </gpxtpx:TrackPointExtension>
        </extensions>
      </trkpt>
      <trkpt lat="1.40813357006355" lon="103.89886126704536">
        <ele>8.023712997324765</ele>
        <time>2026-10-05T09:51:37Z</time>
        <extensions>
          <gpxtpx:TrackPointExtension>
            <gpxtpx:hr>114</gpxtpx:hr>
          </gpxtpx:TrackPointExtension>
        </extensions>
      </trkpt>
      <trkpt lat="1.4081371366444189" lon="103.89884612224171">
        <ele>8.018522419035435</ele>
        <time>2026-10-05T09:51:38Z</time>
        <extensions>
          <gpxtpx:TrackPointExtension>
            <gpxtpx:hr>114</gpxtpx:hr>
          </gpxtpx:TrackPointExtension>
        </extensions>
      </trkpt>
      <trkpt lat="1.4081402980745468" lon="103.89883146257252">
        <ele>8.01702427584678</ele>
        <time>2026-10-05T09:51:39Z</time>
        <extensions>
          <gpxtpx:TrackPointExtension>
            <gpxtpx:hr>114</gpxtpx:hr>
          </gpxtpx:TrackPointExtension>
        </extensions>
      </trkpt>
      <trkpt lat="1.4081436406975274" lon="103.89881702104395">
        <ele>8.018701646476984</ele>
        <time>2026-10-05T09:51:40Z</time>
        <extensions>
          <gpxtpx:TrackPointExtension>
            <gpxtpx:hr>114</gpxtpx:hr>
          </gpxtpx:TrackPointExtension>
        </extensions>
      </trkpt>
      <trkpt lat="1.4081476575082819" lon="103.8988029452076">
        <ele>8.02273983322084</ele>
        <time>2026-10-05T09:51:41Z</time>
        <extensions>
          <gpxtpx:TrackPointExtension>
            <gpxtpx:hr>114</gpxtpx:hr>
          </gpxtpx:TrackPointExtension>
        </extensions>
      </trkpt>
      <trkpt lat="1.408152755146284" lon="103.89878925087153">
        <ele>8.028111103922129</ele>
        <time>2026-10-05T09:51:42Z</time>
        <extensions>
          <gpxtpx:TrackPointExtension>
            <gpxtpx:hr>114</gpxtpx:hr>
          </gpxtpx:TrackPointExtension>
        </extensions>
      </trkpt>
      <trkpt lat="1.408158522976531" lon="103.89877610679183">
        <ele>8.033904761075974</ele>
        <time>2026-10-05T09:51:43Z</time>
        <extensions>
          <gpxtpx:TrackPointExtension>
            <gpxtpx:hr>114</gpxtpx:hr>
          </gpxtpx:TrackPointExtension>
        </extensions>
      </trkpt>
      <trkpt lat="1.408164286075657" lon="103.89876380183097">
        <ele>8.039510102942586</ele>
        <time>2026-10-05T09:51:44Z</time>
        <extensions>
          <gpxtpx:TrackPointExtension>
            <gpxtpx:hr>114</gpxtpx:hr>
          </gpxtpx:TrackPointExtension>
        </extensions>
      </trkpt>
      <trkpt lat="1.4081697988408801" lon="103.8987512970279">
        <ele>8.044784869998693</ele>
        <time>2026-10-05T09:51:45Z</time>
        <extensions>
          <gpxtpx:TrackPointExtension>
            <gpxtpx:hr>114</gpxtpx:hr>
          </gpxtpx:TrackPointExtension>
        </extensions>
      </trkpt>
      <trkpt lat="1.4081751033164014" lon="103.89873768755034">
        <ele>8.04974193777889</ele>
        <time>2026-10-05T09:51:46Z</time>
        <extensions>
          <gpxtpx:TrackPointExtension>
            <gpxtpx:hr>114</gpxtpx:hr>
          </gpxtpx:TrackPointExtension>
        </extensions>
      </trkpt>
      <trkpt lat="1.4081800790668293" lon="103.89872338503676">
        <ele>8.05468987300992</ele>
        <time>2026-10-05T09:51:47Z</time>
        <extensions>
          <gpxtpx:TrackPointExtension>
            <gpxtpx:hr>114</gpxtpx:hr>
          </gpxtpx:TrackPointExtension>
        </extensions>
      </trkpt>
      <trkpt lat="1.4081847974828674" lon="103.89870908003255">
        <ele>8.060007070191205</ele>
        <time>2026-10-05T09:51:48Z</time>
        <extensions>
          <gpxtpx:TrackPointExtension>
            <gpxtpx:hr>114</gpxtpx:hr>
          </gpxtpx:TrackPointExtension>
        </extensions>
      </trkpt>
      <trkpt lat="1.40818916580252" lon="103.8986956838258">
        <ele>8.065964131616056</ele>
        <time>2026-10-05T09:51:49Z</time>
        <extensions>
          <gpxtpx:TrackPointExtension>
            <gpxtpx:hr>114</gpxtpx:hr>
          </gpxtpx:TrackPointExtension>
        </extensions>
      </trkpt>
      <trkpt lat="1.4081936412727145" lon="103.89868342709758">
        <ele>8.072513410821557</ele>
        <time>2026-10-05T09:51:50Z</time>
        <extensions>
          <gpxtpx:TrackPointExtension>
            <gpxtpx:hr>114</gpxtpx:hr>
          </gpxtpx:TrackPointExtension>
        </extensions>
      </trkpt>
      <trkpt lat="1.4081985991644135" lon="103.89867154664542">
        <ele>8.079474663361907</ele>
        <time>2026-10-05T09:51:51Z</time>
        <extensions>
          <gpxtpx:TrackPointExtension>
            <gpxtpx:hr>114</gpxtpx:hr>
          </gpxtpx:TrackPointExtension>
        </extensions>
      </trkpt>
      <trkpt lat="1.408203437200992" lon="103.89865945992268">
        <ele>8.086445073597133</ele>
        <time>2026-10-05T09:51:52Z</time>
        <extensions>
          <gpxtpx:TrackPointExtension>
            <gpxtpx:hr>114</gpxtpx:hr>
          </gpxtpx:TrackPointExtension>
        </extensions>
      </trkpt>
      <trkpt lat="1.4082075911064236" lon="103.898647198402">
        <ele>8.092797638848424</ele>
        <time>2026-10-05T09:51:53Z</time>
        <extensions>
          <gpxtpx:TrackPointExtension>
            <gpxtpx:hr>116</gpxtpx:hr>
          </gpxtpx:TrackPointExtension>
        </extensions>
      </trkpt>
      <trkpt lat="1.4082112416165495" lon="103.89863494148834">
        <ele>8.097747974097729</ele>
        <time>2026-10-05T09:51:54Z</time>
        <extensions>
          <gpxtpx:TrackPointExtension>
            <gpxtpx:hr>116</gpxtpx:hr>
          </gpxtpx:TrackPointExtension>
        </extensions>
      </trkpt>
      <trkpt lat="1.4082148361779325" lon="103.89862299483414">
        <ele>8.100682780146599</ele>
        <time>2026-10-05T09:51:55Z</time>
        <extensions>
          <gpxtpx:TrackPointExtension>
            <gpxtpx:hr>116</gpxtpx:hr>
          </gpxtpx:TrackPointExtension>
        </extensions>
      </trkpt>
      <trkpt lat="1.4082184845635732" lon="103.89861157441216">
        <ele>8.10141765139997</ele>
        <time>2026-10-05T09:51:56Z</time>
        <extensions>
          <gpxtpx:TrackPointExtension>
            <gpxtpx:hr>116</gpxtpx:hr>
          </gpxtpx:TrackPointExtension>
        </extensions>
      </trkpt>
      <trkpt lat="1.408221913121756" lon="103.89860085972131">
        <ele>8.100071407854557</ele>
        <time>2026-10-05T09:51:57Z</time>
        <extensions>
          <gpxtpx:TrackPointExtension>
            <gpxtpx:hr>116</gpxtpx:hr>
          </gpxtpx:TrackPointExtension>
        </extensions>
      </trkpt>
      <trkpt lat="1.408225894688622" lon="103.89858959330998">
        <ele>8.096930656582117</ele>
        <time>2026-10-05T09:51:58Z</time>
        <extensions>
          <gpxtpx:TrackPointExtension>
            <gpxtpx:hr>116</gpxtpx:hr>
          </gpxtpx:TrackPointExtension>
        </extensions>
      </trkpt>
      <trkpt lat="1.4082310821519683" lon="103.898577685695">
        <ele>8.09231694880873</ele>
        <time>2026-10-05T09:51:59Z</time>
        <extensions>
          <gpxtpx:TrackPointExtension>
            <gpxtpx:hr>116</gpxtpx:hr>
          </gpxtpx:TrackPointExtension>
        </extensions>
      </trkpt>
      <trkpt lat="1.4082368653888848" lon="103.89856672168298">
        <ele>8.086433899588883</ele>
        <time>2026-10-05T09:52:00Z</time>
        <extensions>
          <gpxtpx:TrackPointExtension>
            <gpxtpx:hr>116</gpxtpx:hr>
          </gpxtpx:TrackPointExtension>
        </extensions>
      </trkpt>
      <trkpt lat="1.4082428717024773" lon="103.89855685074753">
        <ele>8.07927958946675</ele>
        <time>2026-10-05T09:52:01Z</time>
        <extensions>
          <gpxtpx:TrackPointExtension>
            <gpxtpx:hr>116</gpxtpx:hr>
          </gpxtpx:TrackPointExtension>
        </extensions>
      </trkpt>
      <trkpt lat="1.408249093635999" lon="103.89854717802446">
        <ele>8.07078701350838</ele>
        <time>2026-10-05T09:52:02Z</time>
        <extensions>
          <gpxtpx:TrackPointExtension>
            <gpxtpx:hr>116</gpxtpx:hr>
          </gpxtpx:TrackPointExtension>
        </extensions>
      </trkpt>
      <trkpt lat="1.4082553518022134" lon="103.8985373160866">
        <ele>8.061028279364109</ele>
        <time>2026-10-05T09:52:03Z</time>
        <extensions>
          <gpxtpx:TrackPointExtension>
            <gpxtpx:hr>115</gpxtpx:hr>
          </gpxtpx:TrackPointExtension>
        </extensions>
      </trkpt>
      <trkpt lat="1.4082614777488174" lon="103.89852730956702">
        <ele>8.05033275578171</ele>
        <time>2026-10-05T09:52:04Z</time>
        <extensions>
          <gpxtpx:TrackPointExtension>
            <gpxtpx:hr>115</gpxtpx:hr>
          </gpxtpx:TrackPointExtension>
        </extensions>
      </trkpt>
      <trkpt lat="1.4082675760951595" lon="103.89851729101468">
        <ele>8.039047542959452</ele>
        <time>2026-10-05T09:52:05Z</time>
        <extensions>
          <gpxtpx:TrackPointExtension>
            <gpxtpx:hr>115</gpxtpx:hr>
          </gpxtpx:TrackPointExtension>
        </extensions>
      </trkpt>
      <trkpt lat="1.4082739336310752" lon="103.89850691387504">
        <ele>8.027550430968404</ele>
        <time>2026-10-05T09:52:06Z</time>
        <extensions>
          <gpxtpx:TrackPointExtension>
            <gpxtpx:hr>115</gpxtpx:hr>
          </gpxtpx:TrackPointExtension>
        </extensions>
      </trkpt>
      <trkpt lat="1.4082806292655645" lon="103.89849590956521">
        <ele>8.01620058529079</ele>
        <time>2026-10-05T09:52:07Z</time>
        <extensions>
          <gpxtpx:TrackPointExtension>
            <gpxtpx:hr>115</gpxtpx:hr>
          </gpxtpx:TrackPointExtension>
        </extensions>
      </trkpt>
      <trkpt lat="1.4082876083845741" lon="103.8984838240117">
        <ele>8.005351548083127</ele>
        <time>2026-10-05T09:52:08Z</time>
        <extensions>
          <gpxtpx:TrackPointExtension>
            <gpxtpx:hr>112</gpxtpx:hr>
          </gpxtpx:TrackPointExtension>
        </extensions>
      </trkpt>
      <trkpt lat="1.4082941376432958" lon="103.89847090244368">
        <ele>7.995225791819394</ele>
        <time>2026-10-05T09:52:09Z</time>
        <extensions>
          <gpxtpx:TrackPointExtension>
            <gpxtpx:hr>112</gpxtpx:hr>
          </gpxtpx:TrackPointExtension>
        </extensions>
      </trkpt>
      <trkpt lat="1.4082994527864496" lon="103.89845813606368">
        <ele>7.986062912270427</ele>
        <time>2026-10-05T09:52:10Z</time>
        <extensions>
          <gpxtpx:TrackPointExtension>
            <gpxtpx:hr>112</gpxtpx:hr>
          </gpxtpx:TrackPointExtension>
        </extensions>
      </trkpt>
      <trkpt lat="1.4083038770162228" lon="103.89844563733573">
        <ele>7.978112895041704</ele>
        <time>2026-10-05T09:52:11Z</time>
        <extensions>
          <gpxtpx:TrackPointExtension>
            <gpxtpx:hr>112</gpxtpx:hr>
          </gpxtpx:TrackPointExtension>
        </extensions>
      </trkpt>
      <trkpt lat="1.4083078848517478" lon="103.89843440372572">
        <ele>7.97159206494689</ele>
        <time>2026-10-05T09:52:12Z</time>
        <extensions>
          <gpxtpx:TrackPointExtension>
            <gpxtpx:hr>112</gpxtpx:hr>
          </gpxtpx:TrackPointExtension>
        </extensions>
      </trkpt>
      <trkpt lat="1.4083119188110058" lon="103.89842457940036">
        <ele>7.966607314534485</ele>
        <time>2026-10-05T09:52:13Z</time>
        <extensions>
          <gpxtpx:TrackPointExtension>
            <gpxtpx:hr>112</gpxtpx:hr>
          </gpxtpx:TrackPointExtension>
        </extensions>
      </trkpt>
      <trkpt lat="1.4083160149160008" lon="103.89841484455428">
        <ele>7.9631173787638545</ele>
        <time>2026-10-05T09:52:14Z</time>
        <extensions>
          <gpxtpx:TrackPointExtension>
            <gpxtpx:hr>112</gpxtpx:hr>
          </gpxtpx:TrackPointExtension>
        </extensions>
      </trkpt>
      <trkpt lat="1.4083202303129085" lon="103.89840401384755">
        <ele>7.960889160633087</ele>
        <time>2026-10-05T09:52:15Z</time>
        <extensions>
          <gpxtpx:TrackPointExtension>
            <gpxtpx:hr>112</gpxtpx:hr>
          </gpxtpx:TrackPointExtension>
        </extensions>
      </trkpt>
      <trkpt lat="1.4083245732773098" lon="103.89839221578478">
        <ele>7.9595024567097425</ele>
        <time>2026-10-05T09:52:16Z</time>
        <extensions>
          <gpxtpx:TrackPointExtension>
            <gpxtpx:hr>112</gpxtpx:hr>
          </gpxtpx:TrackPointExtension>
        </extensions>
      </trkpt>
      <trkpt lat="1.408327771675402" lon="103.89838041722243">
        <ele>7.958446669392288</ele>
        <time>2026-10-05T09:52:17Z</time>
        <extensions>
          <gpxtpx:TrackPointExtension>
            <gpxtpx:hr>112</gpxtpx:hr>
          </gpxtpx:TrackPointExtension>
        </extensions>
      </trkpt>
      <trkpt lat="1.4083292742242006" lon="103.89836926238543">
        <ele>7.957313341088593</ele>
        <time>2026-10-05T09:52:18Z</time>
        <extensions>
          <gpxtpx:TrackPointExtension>
            <gpxtpx:hr>112</gpxtpx:hr>
          </gpxtpx:TrackPointExtension>
        </extensions>
      </trkpt>
      <trkpt lat="1.4083299015854587" lon="103.8983580370184">
        <ele>7.955823295749724</ele>
        <time>2026-10-05T09:52:19Z</time>
        <extensions>
          <gpxtpx:TrackPointExtension>
            <gpxtpx:hr>112</gpxtpx:hr>
          </gpxtpx:TrackPointExtension>
        </extensions>
      </trkpt>
      <trkpt lat="1.4083303798395084" lon="103.89834569759837">
        <ele>7.953849487937987</ele>
        <time>2026-10-05T09:52:20Z</time>
        <extensions>
          <gpxtpx:TrackPointExtension>
            <gpxtpx:hr>110</gpxtpx:hr>
          </gpxtpx:TrackPointExtension>
        </extensions>
      </trkpt>
      <trkpt lat="1.4083309185833632" lon="103.89833236180542">
        <ele>7.951362348161638</ele>
        <time>2026-10-05T09:52:21Z</time>
        <extensions>
          <gpxtpx:TrackPointExtension>
            <gpxtpx:hr>110</gpxtpx:hr>
          </gpxtpx:TrackPointExtension>
        </extensions>
      </trkpt>
      <trkpt lat="1.4083314248700927" lon="103.8983189465879">
        <ele>7.948386391624808</ele>
        <time>2026-10-05T09:52:22Z</time>
        <extensions>
          <gpxtpx:TrackPointExtension>
            <gpxtpx:hr>110</gpxtpx:hr>
          </gpxtpx:TrackPointExtension>
        </extensions>
      </trkpt>
      <trkpt lat="1.4083319507436465" lon="103.8983062004467">
        <ele>7.944951580837369</ele>
        <time>2026-10-05T09:52:23Z</time>
        <extensions>
          <gpxtpx:TrackPointExtension>
            <gpxtpx:hr>110</gpxtpx:hr>
          </gpxtpx:TrackPointExtension>
        </extensions>
      </trkpt>
      <trkpt lat="1.4083322864077858" lon="103.89829396081586">
        <ele>7.941052374430001</ele>
        <time>2026-10-05T09:52:24Z</time>
        <extensions>
          <gpxtpx:TrackPointExtension>
            <gpxtpx:hr>109</gpxtpx:hr>
          </gpxtpx:TrackPointExtension>
        </extensions>
      </trkpt>
      <trkpt lat="1.408332082543582" lon="103.89828117006147">
        <ele>7.936653858982027</ele>
        <time>2026-10-05T09:52:25Z</time>
        <extensions>
          <gpxtpx:TrackPointExtension>
            <gpxtpx:hr>109</gpxtpx:hr>
          </gpxtpx:TrackPointExtension>
        </extensions>
      </trkpt>
      <trkpt lat="1.4083315279507447" lon="103.89826737478532">
        <ele>7.93171539530158</ele>
        <time>2026-10-05T09:52:26Z</time>
        <extensions>
          <gpxtpx:TrackPointExtension>
            <gpxtpx:hr>109</gpxtpx:hr>
          </gpxtpx:TrackPointExtension>
        </extensions>
      </trkpt>
      <trkpt lat="1.4083305666290253" lon="103.89825314594731">
        <ele>7.926242507062852</ele>
        <time>2026-10-05T09:52:27Z</time>
        <extensions>
          <gpxtpx:TrackPointExtension>
            <gpxtpx:hr>114</gpxtpx:hr>
          </gpxtpx:TrackPointExtension>
        </extensions>
      </trkpt>
      <trkpt lat="1.4083290625480034" lon="103.8982386202428">
        <ele>7.920267875306308</ele>
        <time>2026-10-05T09:52:28Z</time>
        <extensions>
          <gpxtpx:TrackPointExtension>
            <gpxtpx:hr>114</gpxtpx:hr>
          </gpxtpx:TrackPointExtension>
        </extensions>
      </trkpt>
      <trkpt lat="1.4083277563646694" lon="103.89822360399666">
        <ele>7.913913109339774</ele>
        <time>2026-10-05T09:52:29Z</time>
        <extensions>
          <gpxtpx:TrackPointExtension>
            <gpxtpx:hr>114</gpxtpx:hr>
          </gpxtpx:TrackPointExtension>
        </extensions>
      </trkpt>
      <trkpt lat="1.4083278057587993" lon="103.89820852075326">
        <ele>7.907345979474485</ele>
        <time>2026-10-05T09:52:30Z</time>
        <extensions>
          <gpxtpx:TrackPointExtension>
            <gpxtpx:hr>114</gpxtpx:hr>
          </gpxtpx:TrackPointExtension>
        </extensions>
      </trkpt>
      <trkpt lat="1.408329442712992" lon="103.89819414960073">
        <ele>7.90073461458087</ele>
        <time>2026-10-05T09:52:31Z</time>
        <extensions>
          <gpxtpx:TrackPointExtension>
            <gpxtpx:hr>114</gpxtpx:hr>
          </gpxtpx:TrackPointExtension>
        </extensions>
      </trkpt>
      <trkpt lat="1.408332174035499" lon="103.8981805995226">
        <ele>7.89427546877414</ele>
        <time>2026-10-05T09:52:32Z</time>
        <extensions>
          <gpxtpx:TrackPointExtension>
            <gpxtpx:hr>114</gpxtpx:hr>
          </gpxtpx:TrackPointExtension>
        </extensions>
      </trkpt>
      <trkpt lat="1.4083354384654723" lon="103.89816748181879">
        <ele>7.88815058209002</ele>
        <time>2026-10-05T09:52:33Z</time>
        <extensions>
          <gpxtpx:TrackPointExtension>
            <gpxtpx:hr>114</gpxtpx:hr>
          </gpxtpx:TrackPointExtension>
        </extensions>
      </trkpt>
      <trkpt lat="1.4083385853500703" lon="103.89815475360555">
        <ele>7.882584575563669</ele>
        <time>2026-10-05T09:52:34Z</time>
        <extensions>
          <gpxtpx:TrackPointExtension>
            <gpxtpx:hr>110</gpxtpx:hr>
          </gpxtpx:TrackPointExtension>
        </extensions>
      </trkpt>
      <trkpt lat="1.4083417349617562" lon="103.89814286885591">
        <ele>7.877824655734003</ele>
        <time>2026-10-05T09:52:35Z</time>
        <extensions>
          <gpxtpx:TrackPointExtension>
            <gpxtpx:hr>110</gpxtpx:hr>
          </gpxtpx:TrackPointExtension>
        </extensions>
      </trkpt>
      <trkpt lat="1.4083456945093429" lon="103.89813219819659">
        <ele>7.874101861380041</ele>
        <time>2026-10-05T09:52:36Z</time>
        <extensions>
          <gpxtpx:TrackPointExtension>
            <gpxtpx:hr>110</gpxtpx:hr>
          </gpxtpx:TrackPointExtension>
        </extensions>
      </trkpt>
      <trkpt lat="1.4083505948402932" lon="103.89812253837977">
        <ele>7.871577857062221</ele>
        <time>2026-10-05T09:52:37Z</time>
        <extensions>
          <gpxtpx:TrackPointExtension>
            <gpxtpx:hr>110</gpxtpx:hr>
          </gpxtpx:TrackPointExtension>
        </extensions>
      </trkpt>
      <trkpt lat="1.4083556772123833" lon="103.89811328440167">
        <ele>7.870348849333823</ele>
        <time>2026-10-05T09:52:38Z</time>
        <extensions>
          <gpxtpx:TrackPointExtension>
            <gpxtpx:hr>110</gpxtpx:hr>
          </gpxtpx:TrackPointExtension>
        </extensions>
      </trkpt>
      <trkpt lat="1.4083611645305885" lon="103.89810332769189">
        <ele>7.870477218180895</ele>
        <time>2026-10-05T09:52:39Z</time>
        <extensions>
          <gpxtpx:TrackPointExtension>
            <gpxtpx:hr>109</gpxtpx:hr>
          </gpxtpx:TrackPointExtension>
        </extensions>
      </trkpt>
      <trkpt lat="1.4083681168219873" lon="103.89809246195887">
        <ele>7.87200191617012</ele>
        <time>2026-10-05T09:52:40Z</time>
        <extensions>
          <gpxtpx:TrackPointExtension>
            <gpxtpx:hr>109</gpxtpx:hr>
          </gpxtpx:TrackPointExtension>
        </extensions>
      </trkpt>
      <trkpt lat="1.4083767046478586" lon="103.89808122788932">
        <ele>7.874876809306443</ele>
        <time>2026-10-05T09:52:41Z</time>
        <extensions>
          <gpxtpx:TrackPointExtension>
            <gpxtpx:hr>109</gpxtpx:hr>
          </gpxtpx:TrackPointExtension>
        </extensions>
      </trkpt>
      <trkpt lat="1.4083865456539426" lon="103.89806924999927">
        <ele>7.879100008867681</ele>
        <time>2026-10-05T09:52:42Z</time>
        <extensions>
          <gpxtpx:TrackPointExtension>
            <gpxtpx:hr>109</gpxtpx:hr>
          </gpxtpx:TrackPointExtension>
        </extensions>
      </trkpt>
      <trkpt lat="1.4083976326153014" lon="103.89805626092765">
        <ele>7.884625404141843</ele>
        <time>2026-10-05T09:52:43Z</time>
        <extensions>
          <gpxtpx:TrackPointExtension>
            <gpxtpx:hr>109</gpxtpx:hr>
          </gpxtpx:TrackPointExtension>
        </extensions>
      </trkpt>
      <trkpt lat="1.4084094878624318" lon="103.89804366758375">
        <ele>7.891388989053667</ele>
        <time>2026-10-05T09:52:44Z</time>
        <extensions>
          <gpxtpx:TrackPointExtension>
            <gpxtpx:hr>108</gpxtpx:hr>
          </gpxtpx:TrackPointExtension>
        </extensions>
      </trkpt>
      <trkpt lat="1.4084217850507046" lon="103.89803242076141">
        <ele>7.899354956112802</ele>
        <time>2026-10-05T09:52:45Z</time>
        <extensions>
          <gpxtpx:TrackPointExtension>
            <gpxtpx:hr>108</gpxtpx:hr>
          </gpxtpx:TrackPointExtension>
        </extensions>
      </trkpt>
      <trkpt lat="1.408433666982467" lon="103.89802239644735">
        <ele>7.908616322092712</ele>
        <time>2026-10-05T09:52:46Z</time>
        <extensions>
          <gpxtpx:TrackPointExtension>
            <gpxtpx:hr>108</gpxtpx:hr>
          </gpxtpx:TrackPointExtension>
        </extensions>
      </trkpt>
      <trkpt lat="1.4084435062088116" lon="103.89801279382759">
        <ele>7.919182846322656</ele>
        <time>2026-10-05T09:52:47Z</time>
        <extensions>
          <gpxtpx:TrackPointExtension>
            <gpxtpx:hr>108</gpxtpx:hr>
          </gpxtpx:TrackPointExtension>
        </extensions>
      </trkpt>
      <trkpt lat="1.4084512763708608" lon="103.8980020355304">
        <ele>7.931099688634276</ele>
        <time>2026-10-05T09:52:48Z</time>
        <extensions>
          <gpxtpx:TrackPointExtension>
            <gpxtpx:hr>108</gpxtpx:hr>
          </gpxtpx:TrackPointExtension>
        </extensions>
      </trkpt>
      <trkpt lat="1.4084581167304355" lon="103.89798955385152">
        <ele>7.944369496777654</ele>
        <time>2026-10-05T09:52:49Z</time>
        <extensions>
          <gpxtpx:TrackPointExtension>
            <gpxtpx:hr>111</gpxtpx:hr>
          </gpxtpx:TrackPointExtension>
        </extensions>
      </trkpt>
      <trkpt lat="1.4084649713401165" lon="103.8979767532102">
        <ele>7.958821353502572</ele>
        <time>2026-10-05T09:52:50Z</time>
        <extensions>
          <gpxtpx:TrackPointExtension>
            <gpxtpx:hr>111</gpxtpx:hr>
          </gpxtpx:TrackPointExtension>
        </extensions>
      </trkpt>
      <trkpt lat="1.408471921297598" lon="103.89796459403473">
        <ele>7.974107236601412</ele>
        <time>2026-10-05T09:52:51Z</time>
        <extensions>
          <gpxtpx:TrackPointExtension>
            <gpxtpx:hr>111</gpxtpx:hr>
          </gpxtpx:TrackPointExtension>
        </extensions>
      </trkpt>
      <trkpt lat="1.4084785902913672" lon="103.89795281569435">
        <ele>7.989786248654127</ele>
        <time>2026-10-05T09:52:52Z</time>
        <extensions>
          <gpxtpx:TrackPointExtension>
            <gpxtpx:hr>111</gpxtpx:hr>
          </gpxtpx:TrackPointExtension>
        </extensions>
      </trkpt>
      <trkpt lat="1.408484493374666" lon="103.89794137381617">
        <ele>8.00528942514211</ele>
        <time>2026-10-05T09:52:53Z</time>
        <extensions>
          <gpxtpx:TrackPointExtension>
            <gpxtpx:hr>110</gpxtpx:hr>
          </gpxtpx:TrackPointExtension>
        </extensions>
      </trkpt>
      <trkpt lat="1.408489547041291" lon="103.89793030889369">
        <ele>8.019969091750681</ele>
        <time>2026-10-05T09:52:54Z</time>
        <extensions>
          <gpxtpx:TrackPointExtension>
            <gpxtpx:hr>110</gpxtpx:hr>
          </gpxtpx:TrackPointExtension>
        </extensions>
      </trkpt>
      <trkpt lat="1.4084942165982093" lon="103.89791999083766">
        <ele>8.033289349637926</ele>
        <time>2026-10-05T09:52:55Z</time>
        <extensions>
          <gpxtpx:TrackPointExtension>
            <gpxtpx:hr>110</gpxtpx:hr>
          </gpxtpx:TrackPointExtension>
        </extensions>
      </trkpt>
      <trkpt lat="1.4084987672520592" lon="103.89791074087582">
        <ele>8.04491082020104</ele>
        <time>2026-10-05T09:52:56Z</time>
        <extensions>
          <gpxtpx:TrackPointExtension>
            <gpxtpx:hr>110</gpxtpx:hr>
          </gpxtpx:TrackPointExtension>
        </extensions>
      </trkpt>
      <trkpt lat="1.408503175547659" lon="103.89790201773432">
        <ele>8.054738644510508</ele>
        <time>2026-10-05T09:52:57Z</time>
        <extensions>
          <gpxtpx:TrackPointExtension>
            <gpxtpx:hr>110</gpxtpx:hr>
          </gpxtpx:TrackPointExtension>
        </extensions>
      </trkpt>
      <trkpt lat="1.4085073398030155" lon="103.8978939345504">
        <ele>8.062956728041172</ele>
        <time>2026-10-05T09:52:58Z</time>
        <extensions>
          <gpxtpx:TrackPointExtension>
            <gpxtpx:hr>113</gpxtpx:hr>
          </gpxtpx:TrackPointExtension>
        </extensions>
      </trkpt>
      <trkpt lat="1.408510963650723" lon="103.89788738650589">
        <ele>8.070013422518969</ele>
        <time>2026-10-05T09:52:59Z</time>
        <extensions>
          <gpxtpx:TrackPointExtension>
            <gpxtpx:hr>113</gpxtpx:hr>
          </gpxtpx:TrackPointExtension>
        </extensions>
      </trkpt>
      <trkpt lat="1.4085138172400051" lon="103.89788315552435">
        <ele>8.07645507529378</ele>
        <time>2026-10-05T09:53:00Z</time>
        <extensions>
          <gpxtpx:TrackPointExtension>
            <gpxtpx:hr>113</gpxtpx:hr>
          </gpxtpx:TrackPointExtension>
        </extensions>
      </trkpt>
      <trkpt lat="1.4085162942470266" lon="103.89788069235443">
        <ele>8.08281696215272</ele>
        <time>2026-10-05T09:53:01Z</time>
        <extensions>
          <gpxtpx:TrackPointExtension>
            <gpxtpx:hr>113</gpxtpx:hr>
          </gpxtpx:TrackPointExtension>
        </extensions>
      </trkpt>
      <trkpt lat="1.40851959075646" lon="103.89787843664567">
        <ele>8.089490666985512</ele>
        <time>2026-10-05T09:53:02Z</time>
        <extensions>
          <gpxtpx:TrackPointExtension>
            <gpxtpx:hr>114</gpxtpx:hr>
          </gpxtpx:TrackPointExtension>
        </extensions>
      </trkpt>
      <trkpt lat="1.4085235688051754" lon="103.8978760077719">
        <ele>8.096659037284553</ele>
        <time>2026-10-05T09:53:03Z</time>
        <extensions>
          <gpxtpx:TrackPointExtension>
            <gpxtpx:hr>114</gpxtpx:hr>
          </gpxtpx:TrackPointExtension>
        </extensions>
      </trkpt>
      <trkpt lat="1.4085279085251352" lon="103.89787293268355">
        <ele>8.104287282563746</ele>
        <time>2026-10-05T09:53:04Z</time>
        <extensions>
          <gpxtpx:TrackPointExtension>
            <gpxtpx:hr>114</gpxtpx:hr>
          </gpxtpx:TrackPointExtension>
        </extensions>
      </trkpt>
      <trkpt lat="1.4085321093972951" lon="103.8978689481461">
        <ele>8.112108091823757</ele>
        <time>2026-10-05T09:53:05Z</time>
        <extensions>
          <gpxtpx:TrackPointExtension>
            <gpxtpx:hr>114</gpxtpx:hr>
          </gpxtpx:TrackPointExtension>
        </extensions>
      </trkpt>
      <trkpt lat="1.4085361670365466" lon="103.8978638744972">
        <ele>8.11977738328278</ele>
        <time>2026-10-05T09:53:06Z</time>
        <extensions>
          <gpxtpx:TrackPointExtension>
            <gpxtpx:hr>114</gpxtpx:hr>
          </gpxtpx:TrackPointExtension>
        </extensions>
      </trkpt>
      <trkpt lat="1.4085399736129005" lon="103.8978576711899">
        <ele>8.12698284164071</ele>
        <time>2026-10-05T09:53:07Z</time>
        <extensions>
          <gpxtpx:TrackPointExtension>
            <gpxtpx:hr>114</gpxtpx:hr>
          </gpxtpx:TrackPointExtension>
        </extensions>
      </trkpt>
      <trkpt lat="1.4085437520855897" lon="103.89784990614564">
        <ele>8.133496819064021</ele>
        <time>2026-10-05T09:53:08Z</time>
        <extensions>
          <gpxtpx:TrackPointExtension>
            <gpxtpx:hr>117</gpxtpx:hr>
          </gpxtpx:TrackPointExtension>
        </extensions>
      </trkpt>
      <trkpt lat="1.408548247224093" lon="103.89783956969374">
        <ele>8.139176164753735</ele>
        <time>2026-10-05T09:53:09Z</time>
        <extensions>
          <gpxtpx:TrackPointExtension>
            <gpxtpx:hr>117</gpxtpx:hr>
          </gpxtpx:TrackPointExtension>
        </extensions>
      </trkpt>
      <trkpt lat="1.4085545166929825" lon="103.89782588633919">
        <ele>8.144034267403185</ele>
        <time>2026-10-05T09:53:10Z</time>
        <extensions>
          <gpxtpx:TrackPointExtension>
            <gpxtpx:hr>117</gpxtpx:hr>
          </gpxtpx:TrackPointExtension>
        </extensions>
      </trkpt>
      <trkpt lat="1.4085627663277542" lon="103.89780893648464">
        <ele>8.148143623024225</ele>
        <time>2026-10-05T09:53:11Z</time>
        <extensions>
          <gpxtpx:TrackPointExtension>
            <gpxtpx:hr>117</gpxtpx:hr>
          </gpxtpx:TrackPointExtension>
        </extensions>
      </trkpt>
      <trkpt lat="1.4085727123228422" lon="103.89778915530756">
        <ele>8.151585657149553</ele>
        <time>2026-10-05T09:53:12Z</time>
        <extensions>
          <gpxtpx:TrackPointExtension>
            <gpxtpx:hr>117</gpxtpx:hr>
          </gpxtpx:TrackPointExtension>
        </extensions>
      </trkpt>
      <trkpt lat="1.408583872810662" lon="103.89776751488343">
        <ele>8.154438228346407</ele>
        <time>2026-10-05T09:53:13Z</time>
        <extensions>
          <gpxtpx:TrackPointExtension>
            <gpxtpx:hr>117</gpxtpx:hr>
          </gpxtpx:TrackPointExtension>
        </extensions>
      </trkpt>
      <trkpt lat="1.4085940065048663" lon="103.89774714363602">
        <ele>8.156816547736526</ele>
        <time>2026-10-05T09:53:14Z</time>
        <extensions>
          <gpxtpx:TrackPointExtension>
            <gpxtpx:hr>117</gpxtpx:hr>
          </gpxtpx:TrackPointExtension>
        </extensions>
      </trkpt>
      <trkpt lat="1.408603113612002" lon="103.89773050934679">
        <ele>8.158842553384602</ele>
        <time>2026-10-05T09:53:15Z</time>
        <extensions>
          <gpxtpx:TrackPointExtension>
            <gpxtpx:hr>115</gpxtpx:hr>
          </gpxtpx:TrackPointExtension>
        </extensions>
      </trkpt>
      <trkpt lat="1.4086114992251513" lon="103.89771657100837">
        <ele>8.160651455633342</ele>
        <time>2026-10-05T09:53:16Z</time>
        <extensions>
          <gpxtpx:TrackPointExtension>
            <gpxtpx:hr>115</gpxtpx:hr>
          </gpxtpx:TrackPointExtension>
        </extensions>
      </trkpt>
      <trkpt lat="1.408619329609385" lon="103.89770422525062">
        <ele>8.162387251853943</ele>
        <time>2026-10-05T09:53:17Z</time>
        <extensions>
          <gpxtpx:TrackPointExtension>
            <gpxtpx:hr>115</gpxtpx:hr>
          </gpxtpx:TrackPointExtension>
        </extensions>
      </trkpt>
      <trkpt lat="1.4086262524712037" lon="103.89769301836073">
        <ele>8.164231876842678</ele>
        <time>2026-10-05T09:53:18Z</time>
        <extensions>
          <gpxtpx:TrackPointExtension>
            <gpxtpx:hr>115</gpxtpx:hr>
          </gpxtpx:TrackPointExtension>
        </extensions>
      </trkpt>
      <trkpt lat="1.4086325422217207" lon="103.8976828178788">
        <ele>8.166294418275356</ele>
        <time>2026-10-05T09:53:19Z</time>
        <extensions>
          <gpxtpx:TrackPointExtension>
            <gpxtpx:hr>115</gpxtpx:hr>
          </gpxtpx:TrackPointExtension>
        </extensions>
      </trkpt>
      <trkpt lat="1.4086384822879854" lon="103.8976735323647">
        <ele>8.168638323433697</ele>
        <time>2026-10-05T09:53:20Z</time>
        <extensions>
          <gpxtpx:TrackPointExtension>
            <gpxtpx:hr>115</gpxtpx:hr>
          </gpxtpx:TrackPointExtension>
        </extensions>
      </trkpt>
      <trkpt lat="1.408644121025811" lon="103.8976648171491">
        <ele>8.171300851739943</ele>
        <time>2026-10-05T09:53:21Z</time>
        <extensions>
          <gpxtpx:TrackPointExtension>
            <gpxtpx:hr>115</gpxtpx:hr>
          </gpxtpx:TrackPointExtension>
        </extensions>
      </trkpt>
      <trkpt lat="1.408649572316151" lon="103.89765640834833">
        <ele>8.174334036186337</ele>
        <time>2026-10-05T09:53:22Z</time>
        <extensions>
          <gpxtpx:TrackPointExtension>
            <gpxtpx:hr>115</gpxtpx:hr>
          </gpxtpx:TrackPointExtension>
        </extensions>
      </trkpt>
      <trkpt lat="1.408655188339302" lon="103.8976479384922">
        <ele>8.177720790728927</ele>
        <time>2026-10-05T09:53:23Z</time>
        <extensions>
          <gpxtpx:TrackPointExtension>
            <gpxtpx:hr>115</gpxtpx:hr>
          </gpxtpx:TrackPointExtension>
        </extensions>
      </trkpt>
      <trkpt lat="1.4086610533257375" lon="103.89763903499497">
        <ele>8.181482435204089</ele>
        <time>2026-10-05T09:53:24Z</time>
        <extensions>
          <gpxtpx:TrackPointExtension>
            <gpxtpx:hr>115</gpxtpx:hr>
          </gpxtpx:TrackPointExtension>
        </extensions>
      </trkpt>
      <trkpt lat="1.4086666121527642" lon="103.89762966759972">
        <ele>8.18569338414818</ele>
        <time>2026-10-05T09:53:25Z</time>
        <extensions>
          <gpxtpx:TrackPointExtension>
            <gpxtpx:hr>115</gpxtpx:hr>
          </gpxtpx:TrackPointExtension>
        </extensions>
      </trkpt>
      <trkpt lat="1.4086714673270628" lon="103.89761945249883">
        <ele>8.190423836000264</ele>
        <time>2026-10-05T09:53:26Z</time>
        <extensions>
          <gpxtpx:TrackPointExtension>
            <gpxtpx:hr>115</gpxtpx:hr>
          </gpxtpx:TrackPointExtension>
        </extensions>
      </trkpt>
      <trkpt lat="1.408674998182736" lon="103.8976094774007">
        <ele>8.19563764333725</ele>
        <time>2026-10-05T09:53:27Z</time>
        <extensions>
          <gpxtpx:TrackPointExtension>
            <gpxtpx:hr>115</gpxtpx:hr>
          </gpxtpx:TrackPointExtension>
        </extensions>
      </trkpt>
      <trkpt lat="1.4086773352973034" lon="103.89760032995149">
        <ele>8.201277568936348</ele>
        <time>2026-10-05T09:53:28Z</time>
        <extensions>
          <gpxtpx:TrackPointExtension>
            <gpxtpx:hr>114</gpxtpx:hr>
          </gpxtpx:TrackPointExtension>
        </extensions>
      </trkpt>
      <trkpt lat="1.408678528626623" lon="103.89759225374549">
        <ele>8.207214526832104</ele>
        <time>2026-10-05T09:53:29Z</time>
        <extensions>
          <gpxtpx:TrackPointExtension>
            <gpxtpx:hr>114</gpxtpx:hr>
          </gpxtpx:TrackPointExtension>
        </extensions>
      </trkpt>
      <trkpt lat="1.4086791510546588" lon="103.89758505725543">
        <ele>8.213242555968463</ele>
        <time>2026-10-05T09:53:30Z</time>
        <extensions>
          <gpxtpx:TrackPointExtension>
            <gpxtpx:hr>114</gpxtpx:hr>
          </gpxtpx:TrackPointExtension>
        </extensions>
      </trkpt>
      <trkpt lat="1.408679433642933" lon="103.89757792363791">
        <ele>8.219148858450353</ele>
        <time>2026-10-05T09:53:31Z</time>
        <extensions>
          <gpxtpx:TrackPointExtension>
            <gpxtpx:hr>114</gpxtpx:hr>
          </gpxtpx:TrackPointExtension>
        </extensions>
      </trkpt>
      <trkpt lat="1.4086799701289434" lon="103.89756973783888">
        <ele>8.224904053844512</ele>
        <time>2026-10-05T09:53:32Z</time>
        <extensions>
          <gpxtpx:TrackPointExtension>
            <gpxtpx:hr>114</gpxtpx:hr>
          </gpxtpx:TrackPointExtension>
        </extensions>
      </trkpt>
      <trkpt lat="1.4086812112146812" lon="103.89755998286266">
        <ele>8.23048448190093</ele>
        <time>2026-10-05T09:53:33Z</time>
        <extensions>
          <gpxtpx:TrackPointExtension>
            <gpxtpx:hr>117</gpxtpx:hr>
          </gpxtpx:TrackPointExtension>
        </extensions>
      </trkpt>
      <trkpt lat="1.408683295687298" lon="103.89754914316977">
        <ele>8.23591853491962</ele>
        <time>2026-10-05T09:53:34Z</time>
        <extensions>
          <gpxtpx:TrackPointExtension>
            <gpxtpx:hr>117</gpxtpx:hr>
          </gpxtpx:TrackPointExtension>
        </extensions>
      </trkpt>
      <trkpt lat="1.408686434406343" lon="103.8975350777514">
        <ele>8.241251329891384</ele>
        <time>2026-10-05T09:53:35Z</time>
        <extensions>
          <gpxtpx:TrackPointExtension>
            <gpxtpx:hr>117</gpxtpx:hr>
          </gpxtpx:TrackPointExtension>
        </extensions>
      </trkpt>
      <trkpt lat="1.4086915606302508" lon="103.89751431183198">
        <ele>8.246523732319474</ele>
        <time>2026-10-05T09:53:36Z</time>
        <extensions>
          <gpxtpx:TrackPointExtension>
            <gpxtpx:hr>117</gpxtpx:hr>
          </gpxtpx:TrackPointExtension>
        </extensions>
      </trkpt>
      <trkpt lat="1.4086984021138336" lon="103.89748843969846">
        <ele>8.251608774997294</ele>
        <time>2026-10-05T09:53:37Z</time>
        <extensions>
          <gpxtpx:TrackPointExtension>
            <gpxtpx:hr>117</gpxtpx:hr>
          </gpxtpx:TrackPointExtension>
        </extensions>
      </trkpt>
      <trkpt lat="1.4087063117004883" lon="103.89746377272118">
        <ele>8.256322658620775</ele>
        <time>2026-10-05T09:53:38Z</time>
        <extensions>
          <gpxtpx:TrackPointExtension>
            <gpxtpx:hr>117</gpxtpx:hr>
          </gpxtpx:TrackPointExtension>
        </extensions>
      </trkpt>
      <trkpt lat="1.4087154513183175" lon="103.89744111587969">
        <ele>8.260487595573068</ele>
        <time>2026-10-05T09:53:39Z</time>
        <extensions>
          <gpxtpx:TrackPointExtension>
            <gpxtpx:hr>117</gpxtpx:hr>
          </gpxtpx:TrackPointExtension>
        </extensions>
      </trkpt>
      <trkpt lat="1.4087250104384765" lon="103.89741870219835">
        <ele>8.264000408351421</ele>
        <time>2026-10-05T09:53:40Z</time>
        <extensions>
          <gpxtpx:TrackPointExtension>
            <gpxtpx:hr>115</gpxtpx:hr>
          </gpxtpx:TrackPointExtension>
        </extensions>
      </trkpt>
      <trkpt lat="1.4087335676350246" lon="103.89739733169915">
        <ele>8.266791278496385</ele>
        <time>2026-10-05T09:53:41Z</time>
        <extensions>
          <gpxtpx:TrackPointExtension>
            <gpxtpx:hr>115</gpxtpx:hr>
          </gpxtpx:TrackPointExtension>
        </extensions>
      </trkpt>
      <trkpt lat="1.4087404103868515" lon="103.89737737150533">
        <ele>8.268944733776152</ele>
        <time>2026-10-05T09:53:42Z</time>
        <extensions>
          <gpxtpx:TrackPointExtension>
            <gpxtpx:hr>115</gpxtpx:hr>
          </gpxtpx:TrackPointExtension>
        </extensions>
      </trkpt>
      <trkpt lat="1.4087458032195517" lon="103.89735917756765">
        <ele>8.270799526944757</ele>
        <time>2026-10-05T09:53:43Z</time>
        <extensions>
          <gpxtpx:TrackPointExtension>
            <gpxtpx:hr>115</gpxtpx:hr>
          </gpxtpx:TrackPointExtension>
        </extensions>
      </trkpt>
      <trkpt lat="1.4087504738307328" lon="103.89734249058702">
        <ele>8.27275404240936</ele>
        <time>2026-10-05T09:53:44Z</time>
        <extensions>
          <gpxtpx:TrackPointExtension>
            <gpxtpx:hr>115</gpxtpx:hr>
          </gpxtpx:TrackPointExtension>
        </extensions>
      </trkpt>
      <trkpt lat="1.4087540172434454" lon="103.89732698142343">
        <ele>8.27507905755192</ele>
        <time>2026-10-05T09:53:45Z</time>
        <extensions>
          <gpxtpx:TrackPointExtension>
            <gpxtpx:hr>114</gpxtpx:hr>
          </gpxtpx:TrackPointExtension>
        </extensions>
      </trkpt>
      <trkpt lat="1.4087562128202615" lon="103.89731186645439">
        <ele>8.277842889539897</ele>
        <time>2026-10-05T09:53:46Z</time>
        <extensions>
          <gpxtpx:TrackPointExtension>
            <gpxtpx:hr>114</gpxtpx:hr>
          </gpxtpx:TrackPointExtension>
        </extensions>
      </trkpt>
      <trkpt lat="1.4087577670697733" lon="103.89729676679595">
        <ele>8.280944507569075</ele>
        <time>2026-10-05T09:53:47Z</time>
        <extensions>
          <gpxtpx:TrackPointExtension>
            <gpxtpx:hr>114</gpxtpx:hr>
          </gpxtpx:TrackPointExtension>
        </extensions>
      </trkpt>
      <trkpt lat="1.408758909216756" lon="103.89728204968192">
        <ele>8.284132557921112</ele>
        <time>2026-10-05T09:53:48Z</time>
        <extensions>
          <gpxtpx:TrackPointExtension>
            <gpxtpx:hr>114</gpxtpx:hr>
          </gpxtpx:TrackPointExtension>
        </extensions>
      </trkpt>
      <trkpt lat="1.408759665586548" lon="103.8972673541659">
        <ele>8.28715599887073</ele>
        <time>2026-10-05T09:53:49Z</time>
        <extensions>
          <gpxtpx:TrackPointExtension>
            <gpxtpx:hr>114</gpxtpx:hr>
          </gpxtpx:TrackPointExtension>
        </extensions>
      </trkpt>
      <trkpt lat="1.4087601149131848" lon="103.89725265405086">
        <ele>8.289928794838488</ele>
        <time>2026-10-05T09:53:50Z</time>
        <extensions>
          <gpxtpx:TrackPointExtension>
            <gpxtpx:hr>113</gpxtpx:hr>
          </gpxtpx:TrackPointExtension>
        </extensions>
      </trkpt>
      <trkpt lat="1.4087604971849341" lon="103.89723806394392">
        <ele>8.292466938495636</ele>
        <time>2026-10-05T09:53:51Z</time>
        <extensions>
          <gpxtpx:TrackPointExtension>
            <gpxtpx:hr>113</gpxtpx:hr>
          </gpxtpx:TrackPointExtension>
        </extensions>
      </trkpt>
      <trkpt lat="1.408761019698335" lon="103.89722364463604">
        <ele>8.294834235683084</ele>
        <time>2026-10-05T09:53:52Z</time>
        <extensions>
          <gpxtpx:TrackPointExtension>
            <gpxtpx:hr>113</gpxtpx:hr>
          </gpxtpx:TrackPointExtension>
        </extensions>
      </trkpt>
      <trkpt lat="1.4087621514968227" lon="103.89720950559867">
        <ele>8.297018978744745</ele>
        <time>2026-10-05T09:53:53Z</time>
        <extensions>
          <gpxtpx:TrackPointExtension>
            <gpxtpx:hr>113</gpxtpx:hr>
          </gpxtpx:TrackPointExtension>
        </extensions>
      </trkpt>
      <trkpt lat="1.4087644355934323" lon="103.89719551031659">
        <ele>8.298907149583101</ele>
        <time>2026-10-05T09:53:54Z</time>
        <extensions>
          <gpxtpx:TrackPointExtension>
            <gpxtpx:hr>113</gpxtpx:hr>
          </gpxtpx:TrackPointExtension>
        </extensions>
      </trkpt>
      <trkpt lat="1.408767496415082" lon="103.89718183843239">
        <ele>8.300346747972071</ele>
        <time>2026-10-05T09:53:55Z</time>
        <extensions>
          <gpxtpx:TrackPointExtension>
            <gpxtpx:hr>112</gpxtpx:hr>
          </gpxtpx:TrackPointExtension>
        </extensions>
      </trkpt>
      <trkpt lat="1.4087702004963414" lon="103.89716845697026">
        <ele>8.301050725392997</ele>
        <time>2026-10-05T09:53:56Z</time>
        <extensions>
          <gpxtpx:TrackPointExtension>
            <gpxtpx:hr>112</gpxtpx:hr>
          </gpxtpx:TrackPointExtension>
        </extensions>
      </trkpt>
      <trkpt lat="1.4087721290245958" lon="103.89715509064864">
        <ele>8.300664223730564</ele>
        <time>2026-10-05T09:53:57Z</time>
        <extensions>
          <gpxtpx:TrackPointExtension>
            <gpxtpx:hr>112</gpxtpx:hr>
          </gpxtpx:TrackPointExtension>
        </extensions>
      </trkpt>
      <trkpt lat="1.4087728408274112" lon="103.89714196239275">
        <ele>8.298968791030347</ele>
        <time>2026-10-05T09:53:58Z</time>
        <extensions>
          <gpxtpx:TrackPointExtension>
            <gpxtpx:hr>113</gpxtpx:hr>
          </gpxtpx:TrackPointExtension>
        </extensions>
      </trkpt>
      <trkpt lat="1.4087720366783598" lon="103.89712881185342">
        <ele>8.295974536798894</ele>
        <time>2026-10-05T09:53:59Z</time>
        <extensions>
          <gpxtpx:TrackPointExtension>
            <gpxtpx:hr>113</gpxtpx:hr>
          </gpxtpx:TrackPointExtension>
        </extensions>
      </trkpt>
      <trkpt lat="1.4087701478243728" lon="103.89711529723675">
        <ele>8.291778994724154</ele>
        <time>2026-10-05T09:54:00Z</time>
        <extensions>
          <gpxtpx:TrackPointExtension>
            <gpxtpx:hr>113</gpxtpx:hr>
          </gpxtpx:TrackPointExtension>
        </extensions>
      </trkpt>
      <trkpt lat="1.4087678026303334" lon="103.8971014182393">
        <ele>8.286664891056716</ele>
        <time>2026-10-05T09:54:01Z</time>
        <extensions>
          <gpxtpx:TrackPointExtension>
            <gpxtpx:hr>113</gpxtpx:hr>
          </gpxtpx:TrackPointExtension>
        </extensions>
      </trkpt>
      <trkpt lat="1.408764510461568" lon="103.89708754543636">
        <ele>8.28102914430201</ele>
        <time>2026-10-05T09:54:02Z</time>
        <extensions>
          <gpxtpx:TrackPointExtension>
            <gpxtpx:hr>113</gpxtpx:hr>
          </gpxtpx:TrackPointExtension>
        </extensions>
      </trkpt>
      <trkpt lat="1.408760390708364" lon="103.89707422468956">
        <ele>8.275355673395097</ele>
        <time>2026-10-05T09:54:03Z</time>
        <extensions>
          <gpxtpx:TrackPointExtension>
            <gpxtpx:hr>115</gpxtpx:hr>
          </gpxtpx:TrackPointExtension>
        </extensions>
      </trkpt>
      <trkpt lat="1.4087566924622534" lon="103.89706118681792">
        <ele>8.270213917829096</ele>
        <time>2026-10-05T09:54:04Z</time>
        <extensions>
          <gpxtpx:TrackPointExtension>
            <gpxtpx:hr>115</gpxtpx:hr>
          </gpxtpx:TrackPointExtension>
        </extensions>
      </trkpt>
      <trkpt lat="1.4087542918400255" lon="103.89704755583412">
        <ele>8.2662871228531</ele>
        <time>2026-10-05T09:54:05Z</time>
        <extensions>
          <gpxtpx:TrackPointExtension>
            <gpxtpx:hr>115</gpxtpx:hr>
          </gpxtpx:TrackPointExtension>
        </extensions>
      </trkpt>
      <trkpt lat="1.4087530262982186" lon="103.89703327564796">
        <ele>8.264295738190413</ele>
        <time>2026-10-05T09:54:06Z</time>
        <extensions>
          <gpxtpx:TrackPointExtension>
            <gpxtpx:hr>115</gpxtpx:hr>
          </gpxtpx:TrackPointExtension>
        </extensions>
      </trkpt>
      <trkpt lat="1.4087525075364138" lon="103.89701869516932">
        <ele>8.264863914810121</ele>
        <time>2026-10-05T09:54:07Z</time>
        <extensions>
          <gpxtpx:TrackPointExtension>
            <gpxtpx:hr>115</gpxtpx:hr>
          </gpxtpx:TrackPointExtension>
        </extensions>
      </trkpt>
      <trkpt lat="1.4087525761967212" lon="103.89700359058607">
        <ele>8.268305310048163</ele>
        <time>2026-10-05T09:54:08Z</time>
        <extensions>
          <gpxtpx:TrackPointExtension>
            <gpxtpx:hr>115</gpxtpx:hr>
          </gpxtpx:TrackPointExtension>
        </extensions>
      </trkpt>
      <trkpt lat="1.4087531717565713" lon="103.89698866228572">
        <ele>8.274471508339047</ele>
        <time>2026-10-05T09:54:09Z</time>
        <extensions>
          <gpxtpx:TrackPointExtension>
            <gpxtpx:hr>115</gpxtpx:hr>
          </gpxtpx:TrackPointExtension>
        </extensions>
      </trkpt>
      <trkpt lat="1.4087544493546469" lon="103.89697465292909">
        <ele>8.282995781861246</ele>
        <time>2026-10-05T09:54:10Z</time>
        <extensions>
          <gpxtpx:TrackPointExtension>
            <gpxtpx:hr>113</gpxtpx:hr>
          </gpxtpx:TrackPointExtension>
        </extensions>
      </trkpt>
      <trkpt lat="1.408756291947672" lon="103.89696045806163">
        <ele>8.293224648572505</ele>
        <time>2026-10-05T09:54:11Z</time>
        <extensions>
          <gpxtpx:TrackPointExtension>
            <gpxtpx:hr>113</gpxtpx:hr>
          </gpxtpx:TrackPointExtension>
        </extensions>
      </trkpt>
      <trkpt lat="1.4087582512219896" lon="103.89694485540694">
        <ele>8.304366101510823</ele>
        <time>2026-10-05T09:54:12Z</time>
        <extensions>
          <gpxtpx:TrackPointExtension>
            <gpxtpx:hr>113</gpxtpx:hr>
          </gpxtpx:TrackPointExtension>
        </extensions>
      </trkpt>
      <trkpt lat="1.408760029509971" lon="103.89692926672859">
        <ele>8.31559244915843</ele>
        <time>2026-10-05T09:54:13Z</time>
        <extensions>
          <gpxtpx:TrackPointExtension>
            <gpxtpx:hr>113</gpxtpx:hr>
          </gpxtpx:TrackPointExtension>
        </extensions>
      </trkpt>
      <trkpt lat="1.4087616009834825" lon="103.89691484204619">
        <ele>8.326143617741764</ele>
        <time>2026-10-05T09:54:14Z</time>
        <extensions>
          <gpxtpx:TrackPointExtension>
            <gpxtpx:hr>113</gpxtpx:hr>
          </gpxtpx:TrackPointExtension>
        </extensions>
      </trkpt>
      <trkpt lat="1.408763361636287" lon="103.89690161835117">
        <ele>8.335247641429305</ele>
        <time>2026-10-05T09:54:15Z</time>
        <extensions>
          <gpxtpx:TrackPointExtension>
            <gpxtpx:hr>114</gpxtpx:hr>
          </gpxtpx:TrackPointExtension>
        </extensions>
      </trkpt>
      <trkpt lat="1.4087657601843795" lon="103.89688910847467">
        <ele>8.342319955118</ele>
        <time>2026-10-05T09:54:16Z</time>
        <extensions>
          <gpxtpx:TrackPointExtension>
            <gpxtpx:hr>114</gpxtpx:hr>
          </gpxtpx:TrackPointExtension>
        </extensions>
      </trkpt>
      <trkpt lat="1.4087685482249621" lon="103.8968762167212">
        <ele>8.346990534104407</ele>
        <time>2026-10-05T09:54:17Z</time>
        <extensions>
          <gpxtpx:TrackPointExtension>
            <gpxtpx:hr>114</gpxtpx:hr>
          </gpxtpx:TrackPointExtension>
        </extensions>
      </trkpt>
      <trkpt lat="1.4087713508374833" lon="103.89686247806044">
        <ele>8.349121785722673</ele>
        <time>2026-10-05T09:54:18Z</time>
        <extensions>
          <gpxtpx:TrackPointExtension>
            <gpxtpx:hr>114</gpxtpx:hr>
          </gpxtpx:TrackPointExtension>
        </extensions>
      </trkpt>
      <trkpt lat="1.408773697805486" lon="103.89684824579834">
        <ele>8.348863064311445</ele>
        <time>2026-10-05T09:54:19Z</time>
        <extensions>
          <gpxtpx:TrackPointExtension>
            <gpxtpx:hr>115</gpxtpx:hr>
          </gpxtpx:TrackPointExtension>
        </extensions>
      </trkpt>
      <trkpt lat="1.4087752255504125" lon="103.89683452019514">
        <ele>8.346671528182924</ele>
        <time>2026-10-05T09:54:20Z</time>
        <extensions>
          <gpxtpx:TrackPointExtension>
            <gpxtpx:hr>115</gpxtpx:hr>
          </gpxtpx:TrackPointExtension>
        </extensions>
      </trkpt>
      <trkpt lat="1.4087764903490654" lon="103.89682126117172">
        <ele>8.343252497725189</ele>
        <time>2026-10-05T09:54:21Z</time>
        <extensions>
          <gpxtpx:TrackPointExtension>
            <gpxtpx:hr>115</gpxtpx:hr>
          </gpxtpx:TrackPointExtension>
        </extensions>
      </trkpt>
      <trkpt lat="1.4087776163379957" lon="103.89680879086691">
        <ele>8.339442102238536</ele>
        <time>2026-10-05T09:54:22Z</time>
        <extensions>
          <gpxtpx:TrackPointExtension>
            <gpxtpx:hr>117</gpxtpx:hr>
          </gpxtpx:TrackPointExtension>
        </extensions>
      </trkpt>
      <trkpt lat="1.4087783276901369" lon="103.89679715350832">
        <ele>8.336053610779345</ele>
        <time>2026-10-05T09:54:23Z</time>
        <extensions>
          <gpxtpx:TrackPointExtension>
            <gpxtpx:hr>117</gpxtpx:hr>
          </gpxtpx:TrackPointExtension>
        </extensions>
      </trkpt>
      <trkpt lat="1.408778778117463" lon="103.89678599924555">
        <ele>8.333754789084196</ele>
        <time>2026-10-05T09:54:24Z</time>
        <extensions>
          <gpxtpx:TrackPointExtension>
            <gpxtpx:hr>117</gpxtpx:hr>
          </gpxtpx:TrackPointExtension>
        </extensions>
      </trkpt>
      <trkpt lat="1.4087792741950294" lon="103.89677508816412">
        <ele>8.332957592792809</ele>
        <time>2026-10-05T09:54:25Z</time>
        <extensions>
          <gpxtpx:TrackPointExtension>
            <gpxtpx:hr>117</gpxtpx:hr>
          </gpxtpx:TrackPointExtension>
        </extensions>
      </trkpt>
      <trkpt lat="1.4087795103903908" lon="103.89676445439011">
        <ele>8.333758644759655</ele>
        <time>2026-10-05T09:54:26Z</time>
        <extensions>
          <gpxtpx:TrackPointExtension>
            <gpxtpx:hr>117</gpxtpx:hr>
          </gpxtpx:TrackPointExtension>
        </extensions>
      </trkpt>
      <trkpt lat="1.4087792455202552" lon="103.89675393214982">
        <ele>8.335983126424253</ele>
        <time>2026-10-05T09:54:27Z</time>
        <extensions>
          <gpxtpx:TrackPointExtension>
            <gpxtpx:hr>117</gpxtpx:hr>
          </gpxtpx:TrackPointExtension>
        </extensions>
      </trkpt>
      <trkpt lat="1.4087786218368485" lon="103.8967429664579">
        <ele>8.339250206947327</ele>
        <time>2026-10-05T09:54:28Z</time>
        <extensions>
          <gpxtpx:TrackPointExtension>
            <gpxtpx:hr>116</gpxtpx:hr>
          </gpxtpx:TrackPointExtension>
        </extensions>
      </trkpt>
      <trkpt lat="1.4087781184709987" lon="103.89673173506164">
        <ele>8.34326437395066</ele>
        <time>2026-10-05T09:54:29Z</time>
        <extensions>
          <gpxtpx:TrackPointExtension>
            <gpxtpx:hr>116</gpxtpx:hr>
          </gpxtpx:TrackPointExtension>
        </extensions>
      </trkpt>
      <trkpt lat="1.4087777869984968" lon="103.89672077803851">
        <ele>8.347800117917359</ele>
        <time>2026-10-05T09:54:30Z</time>
        <extensions>
          <gpxtpx:TrackPointExtension>
            <gpxtpx:hr>116</gpxtpx:hr>
          </gpxtpx:TrackPointExtension>
        </extensions>
      </trkpt>
      <trkpt lat="1.4087772287916906" lon="103.89671007140431">
        <ele>8.352732013911009</ele>
        <time>2026-10-05T09:54:31Z</time>
        <extensions>
          <gpxtpx:TrackPointExtension>
            <gpxtpx:hr>116</gpxtpx:hr>
          </gpxtpx:TrackPointExtension>
        </extensions>
      </trkpt>
      <trkpt lat="1.4087765196091506" lon="103.89669835467242">
        <ele>8.358014173805714</ele>
        <time>2026-10-05T09:54:32Z</time>
        <extensions>
          <gpxtpx:TrackPointExtension>
            <gpxtpx:hr>116</gpxtpx:hr>
          </gpxtpx:TrackPointExtension>
        </extensions>
      </trkpt>
      <trkpt lat="1.408775561329086" lon="103.89668543685937">
        <ele>8.363639565184712</ele>
        <time>2026-10-05T09:54:33Z</time>
        <extensions>
          <gpxtpx:TrackPointExtension>
            <gpxtpx:hr>116</gpxtpx:hr>
          </gpxtpx:TrackPointExtension>
        </extensions>
      </trkpt>
      <trkpt lat="1.4087741499203492" lon="103.89667199972146">
        <ele>8.369765721261501</ele>
        <time>2026-10-05T09:54:34Z</time>
        <extensions>
          <gpxtpx:TrackPointExtension>
            <gpxtpx:hr>116</gpxtpx:hr>
          </gpxtpx:TrackPointExtension>
        </extensions>
      </trkpt>
      <trkpt lat="1.4087724276144993" lon="103.89665843449917">
        <ele>8.376658245921135</ele>
        <time>2026-10-05T09:54:35Z</time>
        <extensions>
          <gpxtpx:TrackPointExtension>
            <gpxtpx:hr>116</gpxtpx:hr>
          </gpxtpx:TrackPointExtension>
        </extensions>
      </trkpt>
      <trkpt lat="1.4087708340174987" lon="103.89664461662005">
        <ele>8.384634425863624</ele>
        <time>2026-10-05T09:54:36Z</time>
        <extensions>
          <gpxtpx:TrackPointExtension>
            <gpxtpx:hr>116</gpxtpx:hr>
          </gpxtpx:TrackPointExtension>
        </extensions>
      </trkpt>
      <trkpt lat="1.4087695020328304" lon="103.89663086672927">
        <ele>8.393801944330335</ele>
        <time>2026-10-05T09:54:37Z</time>
        <extensions>
          <gpxtpx:TrackPointExtension>
            <gpxtpx:hr>116</gpxtpx:hr>
          </gpxtpx:TrackPointExtension>
        </extensions>
      </trkpt>
      <trkpt lat="1.4087681699234582" lon="103.89661717119381">
        <ele>8.404166453517973</ele>
        <time>2026-10-05T09:54:38Z</time>
        <extensions>
          <gpxtpx:TrackPointExtension>
            <gpxtpx:hr>114</gpxtpx:hr>
          </gpxtpx:TrackPointExtension>
        </extensions>
      </trkpt>
      <trkpt lat="1.4087667493885858" lon="103.89660341763545">
        <ele>8.415571849793196</ele>
        <time>2026-10-05T09:54:39Z</time>
        <extensions>
          <gpxtpx:TrackPointExtension>
            <gpxtpx:hr>114</gpxtpx:hr>
          </gpxtpx:TrackPointExtension>
        </extensions>
      </trkpt>
      <trkpt lat="1.408765567082082" lon="103.89658967647594">
        <ele>8.427747333422303</ele>
        <time>2026-10-05T09:54:40Z</time>
        <extensions>
          <gpxtpx:TrackPointExtension>
            <gpxtpx:hr>114</gpxtpx:hr>
          </gpxtpx:TrackPointExtension>
        </extensions>
      </trkpt>
      <trkpt lat="1.408764945633332" lon="103.89657613136616">
        <ele>8.4403967410326</ele>
        <time>2026-10-05T09:54:41Z</time>
        <extensions>
          <gpxtpx:TrackPointExtension>
            <gpxtpx:hr>114</gpxtpx:hr>
          </gpxtpx:TrackPointExtension>
        </extensions>
      </trkpt>
      <trkpt lat="1.4087651772398986" lon="103.89656260856486">
        <ele>8.453058612532914</ele>
        <time>2026-10-05T09:54:42Z</time>
        <extensions>
          <gpxtpx:TrackPointExtension>
            <gpxtpx:hr>114</gpxtpx:hr>
          </gpxtpx:TrackPointExtension>
        </extensions>
      </trkpt>
      <trkpt lat="1.4087662997959935" lon="103.89654912844583">
        <ele>8.465133748017251</ele>
        <time>2026-10-05T09:54:43Z</time>
        <extensions>
          <gpxtpx:TrackPointExtension>
            <gpxtpx:hr>114</gpxtpx:hr>
          </gpxtpx:TrackPointExtension>
        </extensions>
      </trkpt>
      <trkpt lat="1.408767699947226" lon="103.8965349517049">
        <ele>8.47597284708172</ele>
        <time>2026-10-05T09:54:44Z</time>
        <extensions>
          <gpxtpx:TrackPointExtension>
            <gpxtpx:hr>114</gpxtpx:hr>
          </gpxtpx:TrackPointExtension>
        </extensions>
      </trkpt>
      <trkpt lat="1.4087691137152147" lon="103.89652019974388">
        <ele>8.484981576912105</ele>
        <time>2026-10-05T09:54:45Z</time>
        <extensions>
          <gpxtpx:TrackPointExtension>
            <gpxtpx:hr>114</gpxtpx:hr>
          </gpxtpx:TrackPointExtension>
        </extensions>
      </trkpt>
      <trkpt lat="1.4087707497633548" lon="103.8965057535017">
        <ele>8.491741868667305</ele>
        <time>2026-10-05T09:54:46Z</time>
        <extensions>
          <gpxtpx:TrackPointExtension>
            <gpxtpx:hr>114</gpxtpx:hr>
          </gpxtpx:TrackPointExtension>
        </extensions>
      </trkpt>
      <trkpt lat="1.4087726567832421" lon="103.89649196812015">
        <ele>8.496171394363046</ele>
        <time>2026-10-05T09:54:47Z</time>
        <extensions>
          <gpxtpx:TrackPointExtension>
            <gpxtpx:hr>114</gpxtpx:hr>
          </gpxtpx:TrackPointExtension>
        </extensions>
      </trkpt>
      <trkpt lat="1.4087747857910276" lon="103.89647846785164">
        <ele>8.498409261927009</ele>
        <time>2026-10-05T09:54:48Z</time>
        <extensions>
          <gpxtpx:TrackPointExtension>
            <gpxtpx:hr>114</gpxtpx:hr>
          </gpxtpx:TrackPointExtension>
        </extensions>
      </trkpt>
      <trkpt lat="1.408777002759584" lon="103.89646410643353">
        <ele>8.498747622594237</ele>
        <time>2026-10-05T09:54:49Z</time>
        <extensions>
          <gpxtpx:TrackPointExtension>
            <gpxtpx:hr>115</gpxtpx:hr>
          </gpxtpx:TrackPointExtension>
        </extensions>
      </trkpt>
      <trkpt lat="1.408779319703302" lon="103.89644850945646">
        <ele>8.497612981125712</ele>
        <time>2026-10-05T09:54:50Z</time>
        <extensions>
          <gpxtpx:TrackPointExtension>
            <gpxtpx:hr>115</gpxtpx:hr>
          </gpxtpx:TrackPointExtension>
        </extensions>
      </trkpt>
      <trkpt lat="1.408781826009806" lon="103.89643263722125">
        <ele>8.495351014658809</ele>
        <time>2026-10-05T09:54:51Z</time>
        <extensions>
          <gpxtpx:TrackPointExtension>
            <gpxtpx:hr>115</gpxtpx:hr>
          </gpxtpx:TrackPointExtension>
        </extensions>
      </trkpt>
      <trkpt lat="1.408784782744023" lon="103.89641622217691">
        <ele>8.492890377528965</ele>
        <time>2026-10-05T09:54:52Z</time>
        <extensions>
          <gpxtpx:TrackPointExtension>
            <gpxtpx:hr>115</gpxtpx:hr>
          </gpxtpx:TrackPointExtension>
        </extensions>
      </trkpt>
      <trkpt lat="1.408788233596653" lon="103.89639985435012">
        <ele>8.491185350343585</ele>
        <time>2026-10-05T09:54:53Z</time>
        <extensions>
          <gpxtpx:TrackPointExtension>
            <gpxtpx:hr>115</gpxtpx:hr>
          </gpxtpx:TrackPointExtension>
        </extensions>
      </trkpt>
      <trkpt lat="1.4087914594385071" lon="103.89638433181798">
        <ele>8.49111926369369</ele>
        <time>2026-10-05T09:54:54Z</time>
        <extensions>
          <gpxtpx:TrackPointExtension>
            <gpxtpx:hr>115</gpxtpx:hr>
          </gpxtpx:TrackPointExtension>
        </extensions>
      </trkpt>
      <trkpt lat="1.4087935585728224" lon="103.89636873340936">
        <ele>8.493534062989056</ele>
        <time>2026-10-05T09:54:55Z</time>
        <extensions>
          <gpxtpx:TrackPointExtension>
            <gpxtpx:hr>117</gpxtpx:hr>
          </gpxtpx:TrackPointExtension>
        </extensions>
      </trkpt>
      <trkpt lat="1.4087946560574316" lon="103.89635288963315">
        <ele>8.4994444726035</ele>
        <time>2026-10-05T09:54:56Z</time>
        <extensions>
          <gpxtpx:TrackPointExtension>
            <gpxtpx:hr>117</gpxtpx:hr>
          </gpxtpx:TrackPointExtension>
        </extensions>
      </trkpt>
      <trkpt lat="1.4087958463738446" lon="103.89633669746115">
        <ele>8.509406547062099</ele>
        <time>2026-10-05T09:54:57Z</time>
        <extensions>
          <gpxtpx:TrackPointExtension>
            <gpxtpx:hr>117</gpxtpx:hr>
          </gpxtpx:TrackPointExtension>
        </extensions>
      </trkpt>
      <trkpt lat="1.4087979555714991" lon="103.89632045637258">
        <ele>8.523893621750176</ele>
        <time>2026-10-05T09:54:58Z</time>
        <extensions>
          <gpxtpx:TrackPointExtension>
            <gpxtpx:hr>117</gpxtpx:hr>
          </gpxtpx:TrackPointExtension>
        </extensions>
      </trkpt>
      <trkpt lat="1.408800984653706" lon="103.89630439450586">
        <ele>8.543280001729727</ele>
        <time>2026-10-05T09:54:59Z</time>
        <extensions>
          <gpxtpx:TrackPointExtension>
            <gpxtpx:hr>117</gpxtpx:hr>
          </gpxtpx:TrackPointExtension>
        </extensions>
      </trkpt>
      <trkpt lat="1.408804854341629" lon="103.89628822140467">
        <ele>8.567628547549248</ele>
        <time>2026-10-05T09:55:00Z</time>
        <extensions>
          <gpxtpx:TrackPointExtension>
            <gpxtpx:hr>116</gpxtpx:hr>
          </gpxtpx:TrackPointExtension>
        </extensions>
      </trkpt>
      <trkpt lat="1.4088096430322274" lon="103.89627188409618">
        <ele>8.596471350640059</ele>
        <time>2026-10-05T09:55:01Z</time>
        <extensions>
          <gpxtpx:TrackPointExtension>
            <gpxtpx:hr>116</gpxtpx:hr>
          </gpxtpx:TrackPointExtension>
        </extensions>
      </trkpt>
      <trkpt lat="1.4088148789825947" lon="103.89625589882444">
        <ele>8.628643149510026</ele>
        <time>2026-10-05T09:55:02Z</time>
        <extensions>
          <gpxtpx:TrackPointExtension>
            <gpxtpx:hr>116</gpxtpx:hr>
          </gpxtpx:TrackPointExtension>
        </extensions>
      </trkpt>
      <trkpt lat="1.4088200577920957" lon="103.89624077037972">
        <ele>8.662410480901599</ele>
        <time>2026-10-05T09:55:03Z</time>
        <extensions>
          <gpxtpx:TrackPointExtension>
            <gpxtpx:hr>116</gpxtpx:hr>
          </gpxtpx:TrackPointExtension>
        </extensions>
      </trkpt>
      <trkpt lat="1.4088255644694925" lon="103.89622684004752">
        <ele>8.69576732069254</ele>
        <time>2026-10-05T09:55:04Z</time>
        <extensions>
          <gpxtpx:TrackPointExtension>
            <gpxtpx:hr>116</gpxtpx:hr>
          </gpxtpx:TrackPointExtension>
        </extensions>
      </trkpt>
      <trkpt lat="1.4088315617893892" lon="103.89621365929996">
        <ele>8.726897959597409</ele>
        <time>2026-10-05T09:55:05Z</time>
        <extensions>
          <gpxtpx:TrackPointExtension>
            <gpxtpx:hr>116</gpxtpx:hr>
          </gpxtpx:TrackPointExtension>
        </extensions>
      </trkpt>
      <trkpt lat="1.4088375134299937" lon="103.8962005241393">
        <ele>8.754495735280216</ele>
        <time>2026-10-05T09:55:06Z</time>
        <extensions>
          <gpxtpx:TrackPointExtension>
            <gpxtpx:hr>116</gpxtpx:hr>
          </gpxtpx:TrackPointExtension>
        </extensions>
      </trkpt>
      <trkpt lat="1.40884279760761" lon="103.89618731853784">
        <ele>8.778014632873237</ele>
        <time>2026-10-05T09:55:07Z</time>
        <extensions>
          <gpxtpx:TrackPointExtension>
            <gpxtpx:hr>116</gpxtpx:hr>
          </gpxtpx:TrackPointExtension>
        </extensions>
      </trkpt>
      <trkpt lat="1.4088474923779133" lon="103.89617411887731">
        <ele>8.797610177658498</ele>
        <time>2026-10-05T09:55:08Z</time>
        <extensions>
          <gpxtpx:TrackPointExtension>
            <gpxtpx:hr>114</gpxtpx:hr>
          </gpxtpx:TrackPointExtension>
        </extensions>
      </trkpt>
      <trkpt lat="1.408852183846394" lon="103.89616218397363">
        <ele>8.813948398455977</ele>
        <time>2026-10-05T09:55:09Z</time>
        <extensions>
          <gpxtpx:TrackPointExtension>
            <gpxtpx:hr>114</gpxtpx:hr>
          </gpxtpx:TrackPointExtension>
        </extensions>
      </trkpt>
      <trkpt lat="1.4088566259106692" lon="103.89615129680335">
        <ele>8.827763742767274</ele>
        <time>2026-10-05T09:55:10Z</time>
        <extensions>
          <gpxtpx:TrackPointExtension>
            <gpxtpx:hr>114</gpxtpx:hr>
          </gpxtpx:TrackPointExtension>
        </extensions>
      </trkpt>
      <trkpt lat="1.4088603077809232" lon="103.89614002885126">
        <ele>8.839860579930246</ele>
        <time>2026-10-05T09:55:11Z</time>
        <extensions>
          <gpxtpx:TrackPointExtension>
            <gpxtpx:hr>114</gpxtpx:hr>
          </gpxtpx:TrackPointExtension>
        </extensions>
      </trkpt>
      <trkpt lat="1.4088626193577996" lon="103.89612856009573">
        <ele>8.850902359001338</ele>
        <time>2026-10-05T09:55:12Z</time>
        <extensions>
          <gpxtpx:TrackPointExtension>
            <gpxtpx:hr>114</gpxtpx:hr>
          </gpxtpx:TrackPointExtension>
        </extensions>
      </trkpt>
      <trkpt lat="1.408863455231002" lon="103.89611700141353">
        <ele>8.861288904212415</ele>
        <time>2026-10-05T09:55:13Z</time>
        <extensions>
          <gpxtpx:TrackPointExtension>
            <gpxtpx:hr>114</gpxtpx:hr>
          </gpxtpx:TrackPointExtension>
        </extensions>
      </trkpt>
      <trkpt lat="1.408863409928403" lon="103.89610503710917">
        <ele>8.871088653802872</ele>
        <time>2026-10-05T09:55:14Z</time>
        <extensions>
          <gpxtpx:TrackPointExtension>
            <gpxtpx:hr>112</gpxtpx:hr>
          </gpxtpx:TrackPointExtension>
        </extensions>
      </trkpt>
      <trkpt lat="1.4088629990350365" lon="103.89609272604451">
        <ele>8.880077339708805</ele>
        <time>2026-10-05T09:55:15Z</time>
        <extensions>
          <gpxtpx:TrackPointExtension>
            <gpxtpx:hr>112</gpxtpx:hr>
          </gpxtpx:TrackPointExtension>
        </extensions>
      </trkpt>
      <trkpt lat="1.4088627593530685" lon="103.89608047831216">
        <ele>8.8878084551543</ele>
        <time>2026-10-05T09:55:16Z</time>
        <extensions>
          <gpxtpx:TrackPointExtension>
            <gpxtpx:hr>112</gpxtpx:hr>
          </gpxtpx:TrackPointExtension>
        </extensions>
      </trkpt>
      <trkpt lat="1.408862475028273" lon="103.89606833496272">
        <ele>8.8937728125602</ele>
        <time>2026-10-05T09:55:17Z</time>
        <extensions>
          <gpxtpx:TrackPointExtension>
            <gpxtpx:hr>112</gpxtpx:hr>
          </gpxtpx:TrackPointExtension>
        </extensions>
      </trkpt>
      <trkpt lat="1.4088622491556162" lon="103.896055692737">
        <ele>8.897534254938364</ele>
        <time>2026-10-05T09:55:18Z</time>
        <extensions>
          <gpxtpx:TrackPointExtension>
            <gpxtpx:hr>111</gpxtpx:hr>
          </gpxtpx:TrackPointExtension>
        </extensions>
      </trkpt>
      <trkpt lat="1.408862358142832" lon="103.89604264878531">
        <ele>8.898964741267264</ele>
        <time>2026-10-05T09:55:19Z</time>
        <extensions>
          <gpxtpx:TrackPointExtension>
            <gpxtpx:hr>111</gpxtpx:hr>
          </gpxtpx:TrackPointExtension>
        </extensions>
      </trkpt>
      <trkpt lat="1.408862749764921" lon="103.89602991659446">
        <ele>8.897943546064198</ele>
        <time>2026-10-05T09:55:20Z</time>
        <extensions>
          <gpxtpx:TrackPointExtension>
            <gpxtpx:hr>111</gpxtpx:hr>
          </gpxtpx:TrackPointExtension>
        </extensions>
      </trkpt>
      <trkpt lat="1.4088632355312811" lon="103.89601711617601">
        <ele>8.89454503916204</ele>
        <time>2026-10-05T09:55:21Z</time>
        <extensions>
          <gpxtpx:TrackPointExtension>
            <gpxtpx:hr>111</gpxtpx:hr>
          </gpxtpx:TrackPointExtension>
        </extensions>
      </trkpt>
      <trkpt lat="1.4088636724602832" lon="103.8960043631901">
        <ele>8.888954643160105</ele>
        <time>2026-10-05T09:55:22Z</time>
        <extensions>
          <gpxtpx:TrackPointExtension>
            <gpxtpx:hr>111</gpxtpx:hr>
          </gpxtpx:TrackPointExtension>
        </extensions>
      </trkpt>
      <trkpt lat="1.40886430094226" lon="103.89599228655071">
        <ele>8.8813297720626</ele>
        <time>2026-10-05T09:55:23Z</time>
        <extensions>
          <gpxtpx:TrackPointExtension>
            <gpxtpx:hr>110</gpxtpx:hr>
          </gpxtpx:TrackPointExtension>
        </extensions>
      </trkpt>
      <trkpt lat="1.4088658969649734" lon="103.8959804723337">
        <ele>8.871605078689754</ele>
        <time>2026-10-05T09:55:24Z</time>
        <extensions>
          <gpxtpx:TrackPointExtension>
            <gpxtpx:hr>110</gpxtpx:hr>
          </gpxtpx:TrackPointExtension>
        </extensions>
      </trkpt>
      <trkpt lat="1.4088682492210713" lon="103.89596885740895">
        <ele>8.859813528135419</ele>
        <time>2026-10-05T09:55:25Z</time>
        <extensions>
          <gpxtpx:TrackPointExtension>
            <gpxtpx:hr>110</gpxtpx:hr>
          </gpxtpx:TrackPointExtension>
        </extensions>
      </trkpt>
      <trkpt lat="1.408870657948364" lon="103.89595779012109">
        <ele>8.845899525098503</ele>
        <time>2026-10-05T09:55:26Z</time>
        <extensions>
          <gpxtpx:TrackPointExtension>
            <gpxtpx:hr>110</gpxtpx:hr>
          </gpxtpx:TrackPointExtension>
        </extensions>
      </trkpt>
      <trkpt lat="1.4088723811205766" lon="103.89594677885601">
        <ele>8.82972509227693</ele>
        <time>2026-10-05T09:55:27Z</time>
        <extensions>
          <gpxtpx:TrackPointExtension>
            <gpxtpx:hr>110</gpxtpx:hr>
          </gpxtpx:TrackPointExtension>
        </extensions>
      </trkpt>
      <trkpt lat="1.4088724466773694" lon="103.89593542269299">
        <ele>8.811227420344949</ele>
        <time>2026-10-05T09:55:28Z</time>
        <extensions>
          <gpxtpx:TrackPointExtension>
            <gpxtpx:hr>110</gpxtpx:hr>
          </gpxtpx:TrackPointExtension>
        </extensions>
      </trkpt>
      <trkpt lat="1.4088706742234423" lon="103.89592369616655">
        <ele>8.790631002746522</ele>
        <time>2026-10-05T09:55:29Z</time>
        <extensions>
          <gpxtpx:TrackPointExtension>
            <gpxtpx:hr>110</gpxtpx:hr>
          </gpxtpx:TrackPointExtension>
        </extensions>
      </trkpt>
      <trkpt lat="1.4088676729881782" lon="103.89591189201279">
        <ele>8.768471294082701</ele>
        <time>2026-10-05T09:55:30Z</time>
        <extensions>
          <gpxtpx:TrackPointExtension>
            <gpxtpx:hr>110</gpxtpx:hr>
          </gpxtpx:TrackPointExtension>
        </extensions>
      </trkpt>
      <trkpt lat="1.408864203281787" lon="103.8959005666245">
        <ele>8.745574623346329</ele>
        <time>2026-10-05T09:55:31Z</time>
        <extensions>
          <gpxtpx:TrackPointExtension>
            <gpxtpx:hr>111</gpxtpx:hr>
          </gpxtpx:TrackPointExtension>
        </extensions>
      </trkpt>
      <trkpt lat="1.4088609671826422" lon="103.89589009003258">
        <ele>8.722925510257483</ele>
        <time>2026-10-05T09:55:32Z</time>
        <extensions>
          <gpxtpx:TrackPointExtension>
            <gpxtpx:hr>111</gpxtpx:hr>
          </gpxtpx:TrackPointExtension>
        </extensions>
      </trkpt>
      <trkpt lat="1.4088582760618287" lon="103.89588016284908">
        <ele>8.701530256308615</ele>
        <time>2026-10-05T09:55:33Z</time>
        <extensions>
          <gpxtpx:TrackPointExtension>
            <gpxtpx:hr>111</gpxtpx:hr>
          </gpxtpx:TrackPointExtension>
        </extensions>
      </trkpt>
      <trkpt lat="1.4088561486514561" lon="103.89587037284278">
        <ele>8.682140531018376</ele>
        <time>2026-10-05T09:55:34Z</time>
        <extensions>
          <gpxtpx:TrackPointExtension>
            <gpxtpx:hr>111</gpxtpx:hr>
          </gpxtpx:TrackPointExtension>
        </extensions>
      </trkpt>
      <trkpt lat="1.4088545410997149" lon="103.89586142000788">
        <ele>8.664985480718315</ele>
        <time>2026-10-05T09:55:35Z</time>
        <extensions>
          <gpxtpx:TrackPointExtension>
            <gpxtpx:hr>111</gpxtpx:hr>
          </gpxtpx:TrackPointExtension>
        </extensions>
      </trkpt>
      <trkpt lat="1.4088530409502422" lon="103.8958537847998">
        <ele>8.649824874475598</ele>
        <time>2026-10-05T09:55:36Z</time>
        <extensions>
          <gpxtpx:TrackPointExtension>
            <gpxtpx:hr>111</gpxtpx:hr>
          </gpxtpx:TrackPointExtension>
        </extensions>
      </trkpt>
      <trkpt lat="1.40885127418378" lon="103.89584729927122">
        <ele>8.63622731808573</ele>
        <time>2026-10-05T09:55:37Z</time>
        <extensions>
          <gpxtpx:TrackPointExtension>
            <gpxtpx:hr>111</gpxtpx:hr>
          </gpxtpx:TrackPointExtension>
        </extensions>
      </trkpt>
      <trkpt lat="1.4088490284823225" lon="103.89584118191631">
        <ele>8.623449489474297</ele>
        <time>2026-10-05T09:55:38Z</time>
        <extensions>
          <gpxtpx:TrackPointExtension>
            <gpxtpx:hr>111</gpxtpx:hr>
          </gpxtpx:TrackPointExtension>
        </extensions>
      </trkpt>
      <trkpt lat="1.4088464178228204" lon="103.8958347633016">
        <ele>8.6108259242028</ele>
        <time>2026-10-05T09:55:39Z</time>
        <extensions>
          <gpxtpx:TrackPointExtension>
            <gpxtpx:hr>111</gpxtpx:hr>
          </gpxtpx:TrackPointExtension>
        </extensions>
      </trkpt>
      <trkpt lat="1.4088437813288326" lon="103.89582760521569">
        <ele>8.597732364200056</ele>
        <time>2026-10-05T09:55:40Z</time>
        <extensions>
          <gpxtpx:TrackPointExtension>
            <gpxtpx:hr>111</gpxtpx:hr>
          </gpxtpx:TrackPointExtension>
        </extensions>
      </trkpt>
      <trkpt lat="1.4088409315713286" lon="103.89581958129347">
        <ele>8.58352086134255</ele>
        <time>2026-10-05T09:55:41Z</time>
        <extensions>
          <gpxtpx:TrackPointExtension>
            <gpxtpx:hr>111</gpxtpx:hr>
          </gpxtpx:TrackPointExtension>
        </extensions>
      </trkpt>
      <trkpt lat="1.4088376375111047" lon="103.89581061334047">
        <ele>8.567456886172295</ele>
        <time>2026-10-05T09:55:42Z</time>
        <extensions>
          <gpxtpx:TrackPointExtension>
            <gpxtpx:hr>111</gpxtpx:hr>
          </gpxtpx:TrackPointExtension>
        </extensions>
      </trkpt>
      <trkpt lat="1.4088346732598276" lon="103.89580081125489">
        <ele>8.548927049152553</ele>
        <time>2026-10-05T09:55:43Z</time>
        <extensions>
          <gpxtpx:TrackPointExtension>
            <gpxtpx:hr>111</gpxtpx:hr>
          </gpxtpx:TrackPointExtension>
        </extensions>
      </trkpt>
      <trkpt lat="1.4088330770594595" lon="103.89579092737078">
        <ele>8.527237889356911</ele>
        <time>2026-10-05T09:55:44Z</time>
        <extensions>
          <gpxtpx:TrackPointExtension>
            <gpxtpx:hr>111</gpxtpx:hr>
          </gpxtpx:TrackPointExtension>
        </extensions>
      </trkpt>
      <trkpt lat="1.4088325183167074" lon="103.8957816082359">
        <ele>8.501843503676355</ele>
        <time>2026-10-05T09:55:45Z</time>
        <extensions>
          <gpxtpx:TrackPointExtension>
            <gpxtpx:hr>111</gpxtpx:hr>
          </gpxtpx:TrackPointExtension>
        </extensions>
      </trkpt>
      <trkpt lat="1.4088318520575533" lon="103.89577204125912">
        <ele>8.472609424032271</ele>
        <time>2026-10-05T09:55:46Z</time>
        <extensions>
          <gpxtpx:TrackPointExtension>
            <gpxtpx:hr>111</gpxtpx:hr>
          </gpxtpx:TrackPointExtension>
        </extensions>
      </trkpt>
      <trkpt lat="1.4088300120642363" lon="103.89576115595546">
        <ele>8.4396449085325</ele>
        <time>2026-10-05T09:55:47Z</time>
        <extensions>
          <gpxtpx:TrackPointExtension>
            <gpxtpx:hr>111</gpxtpx:hr>
          </gpxtpx:TrackPointExtension>
        </extensions>
      </trkpt>
      <trkpt lat="1.4088263977836044" lon="103.89574912482405">
        <ele>8.403590945526958</ele>
        <time>2026-10-05T09:55:48Z</time>
        <extensions>
          <gpxtpx:TrackPointExtension>
            <gpxtpx:hr>112</gpxtpx:hr>
          </gpxtpx:TrackPointExtension>
        </extensions>
      </trkpt>
      <trkpt lat="1.4088212226039487" lon="103.89573701088366">
        <ele>8.365542371757329</ele>
        <time>2026-10-05T09:55:49Z</time>
        <extensions>
          <gpxtpx:TrackPointExtension>
            <gpxtpx:hr>112</gpxtpx:hr>
          </gpxtpx:TrackPointExtension>
        </extensions>
      </trkpt>
      <trkpt lat="1.4088151512528586" lon="103.89572583162436">
        <ele>8.326982238329947</ele>
        <time>2026-10-05T09:55:50Z</time>
        <extensions>
          <gpxtpx:TrackPointExtension>
            <gpxtpx:hr>112</gpxtpx:hr>
          </gpxtpx:TrackPointExtension>
        </extensions>
      </trkpt>
      <trkpt lat="1.4088088307690065" lon="103.89571528690585">
        <ele>8.289626810699701</ele>
        <time>2026-10-05T09:55:51Z</time>
        <extensions>
          <gpxtpx:TrackPointExtension>
            <gpxtpx:hr>112</gpxtpx:hr>
          </gpxtpx:TrackPointExtension>
        </extensions>
      </trkpt>
      <trkpt lat="1.4088024788692861" lon="103.89570434707106">
        <ele>8.25513550452888</ele>
        <time>2026-10-05T09:55:52Z</time>
        <extensions>
          <gpxtpx:TrackPointExtension>
            <gpxtpx:hr>112</gpxtpx:hr>
          </gpxtpx:TrackPointExtension>
        </extensions>
      </trkpt>
      <trkpt lat="1.40879645819164" lon="103.89569261598704">
        <ele>8.224980861879885</ele>
        <time>2026-10-05T09:55:53Z</time>
        <extensions>
          <gpxtpx:TrackPointExtension>
            <gpxtpx:hr>112</gpxtpx:hr>
          </gpxtpx:TrackPointExtension>
        </extensions>
      </trkpt>
      <trkpt lat="1.4087916951073" lon="103.8956803187521">
        <ele>8.200250723399222</ele>
        <time>2026-10-05T09:55:54Z</time>
        <extensions>
          <gpxtpx:TrackPointExtension>
            <gpxtpx:hr>111</gpxtpx:hr>
          </gpxtpx:TrackPointExtension>
        </extensions>
      </trkpt>
      <trkpt lat="1.408788821222951" lon="103.89566781380138">
        <ele>8.181507189758122</ele>
        <time>2026-10-05T09:55:55Z</time>
        <extensions>
          <gpxtpx:TrackPointExtension>
            <gpxtpx:hr>111</gpxtpx:hr>
          </gpxtpx:TrackPointExtension>
        </extensions>
      </trkpt>
      <trkpt lat="1.4087869585115507" lon="103.89565533557547">
        <ele>8.168597972020507</ele>
        <time>2026-10-05T09:55:56Z</time>
        <extensions>
          <gpxtpx:TrackPointExtension>
            <gpxtpx:hr>111</gpxtpx:hr>
          </gpxtpx:TrackPointExtension>
        </extensions>
      </trkpt>
      <trkpt lat="1.4087852295418881" lon="103.89564362899893">
        <ele>8.160843389108777</ele>
        <time>2026-10-05T09:55:57Z</time>
        <extensions>
          <gpxtpx:TrackPointExtension>
            <gpxtpx:hr>111</gpxtpx:hr>
          </gpxtpx:TrackPointExtension>
        </extensions>
      </trkpt>
      <trkpt lat="1.4087834396481098" lon="103.89563304779796">
        <ele>8.157469428144395</ele>
        <time>2026-10-05T09:55:58Z</time>
        <extensions>
          <gpxtpx:TrackPointExtension>
            <gpxtpx:hr>111</gpxtpx:hr>
          </gpxtpx:TrackPointExtension>
        </extensions>
      </trkpt>
      <trkpt lat="1.4087815176749139" lon="103.89562327231314">
        <ele>8.157715642824769</ele>
        <time>2026-10-05T09:55:59Z</time>
        <extensions>
          <gpxtpx:TrackPointExtension>
            <gpxtpx:hr>111</gpxtpx:hr>
          </gpxtpx:TrackPointExtension>
        </extensions>
      </trkpt>
      <trkpt lat="1.4087796453870836" lon="103.8956143191783">
        <ele>8.160865041427314</ele>
        <time>2026-10-05T09:56:00Z</time>
        <extensions>
          <gpxtpx:TrackPointExtension>
            <gpxtpx:hr>111</gpxtpx:hr>
          </gpxtpx:TrackPointExtension>
        </extensions>
      </trkpt>
      <trkpt lat="1.4087777493434592" lon="103.89560572718374">
        <ele>8.16642289981246</ele>
        <time>2026-10-05T09:56:01Z</time>
        <extensions>
          <gpxtpx:TrackPointExtension>
            <gpxtpx:hr>111</gpxtpx:hr>
          </gpxtpx:TrackPointExtension>
        </extensions>
      </trkpt>
      <trkpt lat="1.4087756811723544" lon="103.89559668271387">
        <ele>8.174016165547073</ele>
        <time>2026-10-05T09:56:02Z</time>
        <extensions>
          <gpxtpx:TrackPointExtension>
            <gpxtpx:hr>111</gpxtpx:hr>
          </gpxtpx:TrackPointExtension>
        </extensions>
      </trkpt>
      <trkpt lat="1.4087733257984758" lon="103.89558736856148">
        <ele>8.183406177908182</ele>
        <time>2026-10-05T09:56:03Z</time>
        <extensions>
          <gpxtpx:TrackPointExtension>
            <gpxtpx:hr>111</gpxtpx:hr>
          </gpxtpx:TrackPointExtension>
        </extensions>
      </trkpt>
      <trkpt lat="1.4087707980791881" lon="103.89557985972223">
        <ele>8.194559011608362</ele>
        <time>2026-10-05T09:56:04Z</time>
        <extensions>
          <gpxtpx:TrackPointExtension>
            <gpxtpx:hr>108</gpxtpx:hr>
          </gpxtpx:TrackPointExtension>
        </extensions>
      </trkpt>
      <trkpt lat="1.4087681968275279" lon="103.89557528397803">
        <ele>8.207952461205423</ele>
        <time>2026-10-05T09:56:05Z</time>
        <extensions>
          <gpxtpx:TrackPointExtension>
            <gpxtpx:hr>108</gpxtpx:hr>
          </gpxtpx:TrackPointExtension>
        </extensions>
      </trkpt>
      <trkpt lat="1.4087651951905837" lon="103.89557302442782">
        <ele>8.223802084103227</ele>
        <time>2026-10-05T09:56:06Z</time>
        <extensions>
          <gpxtpx:TrackPointExtension>
            <gpxtpx:hr>108</gpxtpx:hr>
          </gpxtpx:TrackPointExtension>
        </extensions>
      </trkpt>
      <trkpt lat="1.4087616432446513" lon="103.89557225975604">
        <ele>8.242219425737858</ele>
        <time>2026-10-05T09:56:07Z</time>
        <extensions>
          <gpxtpx:TrackPointExtension>
            <gpxtpx:hr>108</gpxtpx:hr>
          </gpxtpx:TrackPointExtension>
        </extensions>
      </trkpt>
      <trkpt lat="1.408757571308546" lon="103.89557211259242">
        <ele>8.263092246837914</ele>
        <time>2026-10-05T09:56:08Z</time>
        <extensions>
          <gpxtpx:TrackPointExtension>
            <gpxtpx:hr>108</gpxtpx:hr>
          </gpxtpx:TrackPointExtension>
        </extensions>
      </trkpt>
      <trkpt lat="1.4087532120867425" lon="103.89557169695625">
        <ele>8.286140580661595</ele>
        <time>2026-10-05T09:56:09Z</time>
        <extensions>
          <gpxtpx:TrackPointExtension>
            <gpxtpx:hr>110</gpxtpx:hr>
          </gpxtpx:TrackPointExtension>
        </extensions>
      </trkpt>
      <trkpt lat="1.408749031787046" lon="103.89557016274017">
        <ele>8.310683528892696</ele>
        <time>2026-10-05T09:56:10Z</time>
        <extensions>
          <gpxtpx:TrackPointExtension>
            <gpxtpx:hr>110</gpxtpx:hr>
          </gpxtpx:TrackPointExtension>
        </extensions>
      </trkpt>
      <trkpt lat="1.408745092711096" lon="103.89556761647543">
        <ele>8.336012369021773</ele>
        <time>2026-10-05T09:56:11Z</time>
        <extensions>
          <gpxtpx:TrackPointExtension>
            <gpxtpx:hr>110</gpxtpx:hr>
          </gpxtpx:TrackPointExtension>
        </extensions>
      </trkpt>
      <trkpt lat="1.408741365200578" lon="103.89556436292416">
        <ele>8.361456501297653</ele>
        <time>2026-10-05T09:56:12Z</time>
        <extensions>
          <gpxtpx:TrackPointExtension>
            <gpxtpx:hr>110</gpxtpx:hr>
          </gpxtpx:TrackPointExtension>
        </extensions>
      </trkpt>
      <trkpt lat="1.4087377484806851" lon="103.89556007887806">
        <ele>8.386400920338929</ele>
        <time>2026-10-05T09:56:13Z</time>
        <extensions>
          <gpxtpx:TrackPointExtension>
            <gpxtpx:hr>110</gpxtpx:hr>
          </gpxtpx:TrackPointExtension>
        </extensions>
      </trkpt>
      <trkpt lat="1.4087345191500766" lon="103.89555386972735">
        <ele>8.410229030065238</ele>
        <time>2026-10-05T09:56:14Z</time>
        <extensions>
          <gpxtpx:TrackPointExtension>
            <gpxtpx:hr>112</gpxtpx:hr>
          </gpxtpx:TrackPointExtension>
        </extensions>
      </trkpt>
      <trkpt lat="1.4087318318619118" lon="103.8955452478914">
        <ele>8.432882030494511</ele>
        <time>2026-10-05T09:56:15Z</time>
        <extensions>
          <gpxtpx:TrackPointExtension>
            <gpxtpx:hr>112</gpxtpx:hr>
          </gpxtpx:TrackPointExtension>
        </extensions>
      </trkpt>
      <trkpt lat="1.4087292983546988" lon="103.89553410397856">
        <ele>8.454856268130243</ele>
        <time>2026-10-05T09:56:16Z</time>
        <extensions>
          <gpxtpx:TrackPointExtension>
            <gpxtpx:hr>112</gpxtpx:hr>
          </gpxtpx:TrackPointExtension>
        </extensions>
      </trkpt>
      <trkpt lat="1.408727288883324" lon="103.89552043938515">
        <ele>8.47684177197516</ele>
        <time>2026-10-05T09:56:17Z</time>
        <extensions>
          <gpxtpx:TrackPointExtension>
            <gpxtpx:hr>112</gpxtpx:hr>
          </gpxtpx:TrackPointExtension>
        </extensions>
      </trkpt>
      <trkpt lat="1.4087271508130026" lon="103.89550504730843">
        <ele>8.499226880259812</ele>
        <time>2026-10-05T09:56:18Z</time>
        <extensions>
          <gpxtpx:TrackPointExtension>
            <gpxtpx:hr>111</gpxtpx:hr>
          </gpxtpx:TrackPointExtension>
        </extensions>
      </trkpt>
      <trkpt lat="1.4087297621869364" lon="103.89548850124697">
        <ele>8.521942276507616</ele>
        <time>2026-10-05T09:56:19Z</time>
        <extensions>
          <gpxtpx:TrackPointExtension>
            <gpxtpx:hr>111</gpxtpx:hr>
          </gpxtpx:TrackPointExtension>
        </extensions>
      </trkpt>
      <trkpt lat="1.4087354451468215" lon="103.89547083702972">
        <ele>8.544419805519283</ele>
        <time>2026-10-05T09:56:20Z</time>
        <extensions>
          <gpxtpx:TrackPointExtension>
            <gpxtpx:hr>111</gpxtpx:hr>
          </gpxtpx:TrackPointExtension>
        </extensions>
      </trkpt>
      <trkpt lat="1.4087428894836256" lon="103.89545183393483">
        <ele>8.565692219883204</ele>
        <time>2026-10-05T09:56:21Z</time>
        <extensions>
          <gpxtpx:TrackPointExtension>
            <gpxtpx:hr>111</gpxtpx:hr>
          </gpxtpx:TrackPointExtension>
        </extensions>
      </trkpt>
      <trkpt lat="1.408750512910595" lon="103.89543118610096">
        <ele>8.584753477014601</ele>
        <time>2026-10-05T09:56:22Z</time>
        <extensions>
          <gpxtpx:TrackPointExtension>
            <gpxtpx:hr>111</gpxtpx:hr>
          </gpxtpx:TrackPointExtension>
        </extensions>
      </trkpt>
      <trkpt lat="1.4087577889141272" lon="103.89540917169401">
        <ele>8.600959204137325</ele>
        <time>2026-10-05T09:56:23Z</time>
        <extensions>
          <gpxtpx:TrackPointExtension>
            <gpxtpx:hr>111</gpxtpx:hr>
          </gpxtpx:TrackPointExtension>
        </extensions>
      </trkpt>
      <trkpt lat="1.408764845792402" lon="103.89538659922853">
        <ele>8.614256073720753</ele>
        <time>2026-10-05T09:56:24Z</time>
        <extensions>
          <gpxtpx:TrackPointExtension>
            <gpxtpx:hr>111</gpxtpx:hr>
          </gpxtpx:TrackPointExtension>
        </extensions>
      </trkpt>
      <trkpt lat="1.4087714918050729" lon="103.89536420140453">
        <ele>8.62498336005956</ele>
        <time>2026-10-05T09:56:25Z</time>
        <extensions>
          <gpxtpx:TrackPointExtension>
            <gpxtpx:hr>113</gpxtpx:hr>
          </gpxtpx:TrackPointExtension>
        </extensions>
      </trkpt>
      <trkpt lat="1.4087774145901755" lon="103.89534302866463">
        <ele>8.633723689243197</ele>
        <time>2026-10-05T09:56:26Z</time>
        <extensions>
          <gpxtpx:TrackPointExtension>
            <gpxtpx:hr>113</gpxtpx:hr>
          </gpxtpx:TrackPointExtension>
        </extensions>
      </trkpt>
      <trkpt lat="1.4087835239315427" lon="103.89532209469837">
        <ele>8.641126038506627</ele>
        <time>2026-10-05T09:56:27Z</time>
        <extensions>
          <gpxtpx:TrackPointExtension>
            <gpxtpx:hr>113</gpxtpx:hr>
          </gpxtpx:TrackPointExtension>
        </extensions>
      </trkpt>
      <trkpt lat="1.408790083893551" lon="103.89530133946653">
        <ele>8.647693966515362</ele>
        <time>2026-10-05T09:56:28Z</time>
        <extensions>
          <gpxtpx:TrackPointExtension>
            <gpxtpx:hr>113</gpxtpx:hr>
          </gpxtpx:TrackPointExtension>
        </extensions>
      </trkpt>
      <trkpt lat="1.4087961277739933" lon="103.89528159953852">
        <ele>8.653952511958778</ele>
        <time>2026-10-05T09:56:29Z</time>
        <extensions>
          <gpxtpx:TrackPointExtension>
            <gpxtpx:hr>113</gpxtpx:hr>
          </gpxtpx:TrackPointExtension>
        </extensions>
      </trkpt>
      <trkpt lat="1.4088006336709533" lon="103.89526450580946">
        <ele>8.660382770001888</ele>
        <time>2026-10-05T09:56:30Z</time>
        <extensions>
          <gpxtpx:TrackPointExtension>
            <gpxtpx:hr>113</gpxtpx:hr>
          </gpxtpx:TrackPointExtension>
        </extensions>
      </trkpt>
      <trkpt lat="1.408803902157909" lon="103.89524812249586">
        <ele>8.667437593452632</ele>
        <time>2026-10-05T09:56:31Z</time>
        <extensions>
          <gpxtpx:TrackPointExtension>
            <gpxtpx:hr>111</gpxtpx:hr>
          </gpxtpx:TrackPointExtension>
        </extensions>
      </trkpt>
      <trkpt lat="1.4088073000164498" lon="103.89523052792582">
        <ele>8.675528356805444</ele>
        <time>2026-10-05T09:56:32Z</time>
        <extensions>
          <gpxtpx:TrackPointExtension>
            <gpxtpx:hr>111</gpxtpx:hr>
          </gpxtpx:TrackPointExtension>
        </extensions>
      </trkpt>
      <trkpt lat="1.4088112770582748" lon="103.89521312241607">
        <ele>8.685136938467622</ele>
        <time>2026-10-05T09:56:33Z</time>
        <extensions>
          <gpxtpx:TrackPointExtension>
            <gpxtpx:hr>111</gpxtpx:hr>
          </gpxtpx:TrackPointExtension>
        </extensions>
      </trkpt>
      <trkpt lat="1.4088161451646484" lon="103.89519540128776">
        <ele>8.696412205696106</ele>
        <time>2026-10-05T09:56:34Z</time>
        <extensions>
          <gpxtpx:TrackPointExtension>
            <gpxtpx:hr>111</gpxtpx:hr>
          </gpxtpx:TrackPointExtension>
        </extensions>
      </trkpt>
      <trkpt lat="1.4088210351964967" lon="103.89517696746309">
        <ele>8.70938331913203</ele>
        <time>2026-10-05T09:56:35Z</time>
        <extensions>
          <gpxtpx:TrackPointExtension>
            <gpxtpx:hr>111</gpxtpx:hr>
          </gpxtpx:TrackPointExtension>
        </extensions>
      </trkpt>
      <trkpt lat="1.4088251925794242" lon="103.895158718607">
        <ele>8.72391048911959</ele>
        <time>2026-10-05T09:56:36Z</time>
        <extensions>
          <gpxtpx:TrackPointExtension>
            <gpxtpx:hr>111</gpxtpx:hr>
          </gpxtpx:TrackPointExtension>
        </extensions>
      </trkpt>
      <trkpt lat="1.4088285199390562" lon="103.89514039754836">
        <ele>8.739623027853668</ele>
        <time>2026-10-05T09:56:37Z</time>
        <extensions>
          <gpxtpx:TrackPointExtension>
            <gpxtpx:hr>111</gpxtpx:hr>
          </gpxtpx:TrackPointExtension>
        </extensions>
      </trkpt>
      <trkpt lat="1.4088314267856294" lon="103.89512335787201">
        <ele>8.7559829717502</ele>
        <time>2026-10-05T09:56:38Z</time>
        <extensions>
          <gpxtpx:TrackPointExtension>
            <gpxtpx:hr>111</gpxtpx:hr>
          </gpxtpx:TrackPointExtension>
        </extensions>
      </trkpt>
      <trkpt lat="1.4088340343023351" lon="103.8951081890688">
        <ele>8.772033526562154</ele>
        <time>2026-10-05T09:56:39Z</time>
        <extensions>
          <gpxtpx:TrackPointExtension>
            <gpxtpx:hr>111</gpxtpx:hr>
          </gpxtpx:TrackPointExtension>
        </extensions>
      </trkpt>
      <trkpt lat="1.408836303619188" lon="103.8950940346155">
        <ele>8.786666050553322</ele>
        <time>2026-10-05T09:56:40Z</time>
        <extensions>
          <gpxtpx:TrackPointExtension>
            <gpxtpx:hr>111</gpxtpx:hr>
          </gpxtpx:TrackPointExtension>
        </extensions>
      </trkpt>
      <trkpt lat="1.408838297357927" lon="103.89508045910124">
        <ele>8.798814058303833</ele>
        <time>2026-10-05T09:56:41Z</time>
        <extensions>
          <gpxtpx:TrackPointExtension>
            <gpxtpx:hr>111</gpxtpx:hr>
          </gpxtpx:TrackPointExtension>
        </extensions>
      </trkpt>
      <trkpt lat="1.408840159219623" lon="103.89506687654408">
        <ele>8.807569480501115</ele>
        <time>2026-10-05T09:56:42Z</time>
        <extensions>
          <gpxtpx:TrackPointExtension>
            <gpxtpx:hr>111</gpxtpx:hr>
          </gpxtpx:TrackPointExtension>
        </extensions>
      </trkpt>
      <trkpt lat="1.4088420441523037" lon="103.8950535837458">
        <ele>8.812317036092281</ele>
        <time>2026-10-05T09:56:43Z</time>
        <extensions>
          <gpxtpx:TrackPointExtension>
            <gpxtpx:hr>111</gpxtpx:hr>
          </gpxtpx:TrackPointExtension>
        </extensions>
      </trkpt>
      <trkpt lat="1.4088439287777343" lon="103.89504080757602">
        <ele>8.812712928280234</ele>
        <time>2026-10-05T09:56:44Z</time>
        <extensions>
          <gpxtpx:TrackPointExtension>
            <gpxtpx:hr>111</gpxtpx:hr>
          </gpxtpx:TrackPointExtension>
        </extensions>
      </trkpt>
      <trkpt lat="1.408845448824003" lon="103.89502803526439">
        <ele>8.808625591918826</ele>
        <time>2026-10-05T09:56:45Z</time>
        <extensions>
          <gpxtpx:TrackPointExtension>
            <gpxtpx:hr>110</gpxtpx:hr>
          </gpxtpx:TrackPointExtension>
        </extensions>
      </trkpt>
      <trkpt lat="1.408846771355969" lon="103.89501503567679">
        <ele>8.80004390515387</ele>
        <time>2026-10-05T09:56:46Z</time>
        <extensions>
          <gpxtpx:TrackPointExtension>
            <gpxtpx:hr>110</gpxtpx:hr>
          </gpxtpx:TrackPointExtension>
        </extensions>
      </trkpt>
      <trkpt lat="1.4088482084693041" lon="103.89500180828328">
        <ele>8.787160886451602</ele>
        <time>2026-10-05T09:56:47Z</time>
        <extensions>
          <gpxtpx:TrackPointExtension>
            <gpxtpx:hr>110</gpxtpx:hr>
          </gpxtpx:TrackPointExtension>
        </extensions>
      </trkpt>
      <trkpt lat="1.4088498295566096" lon="103.8949886715998">
        <ele>8.77021570224315</ele>
        <time>2026-10-05T09:56:48Z</time>
        <extensions>
          <gpxtpx:TrackPointExtension>
            <gpxtpx:hr>110</gpxtpx:hr>
          </gpxtpx:TrackPointExtension>
        </extensions>
      </trkpt>
      <trkpt lat="1.4088513676365269" lon="103.89497574254095">
        <ele>8.749791197478771</ele>
        <time>2026-10-05T09:56:49Z</time>
        <extensions>
          <gpxtpx:TrackPointExtension>
            <gpxtpx:hr>110</gpxtpx:hr>
          </gpxtpx:TrackPointExtension>
        </extensions>
      </trkpt>
      <trkpt lat="1.4088527086632794" lon="103.89496274384275">
        <ele>8.72671334259212</ele>
        <time>2026-10-05T09:56:50Z</time>
        <extensions>
          <gpxtpx:TrackPointExtension>
            <gpxtpx:hr>111</gpxtpx:hr>
          </gpxtpx:TrackPointExtension>
        </extensions>
      </trkpt>
      <trkpt lat="1.4088541712504317" lon="103.89494932948548">
        <ele>8.701890282332897</ele>
        <time>2026-10-05T09:56:51Z</time>
        <extensions>
          <gpxtpx:TrackPointExtension>
            <gpxtpx:hr>111</gpxtpx:hr>
          </gpxtpx:TrackPointExtension>
        </extensions>
      </trkpt>
      <trkpt lat="1.4088559980513773" lon="103.89493523449589">
        <ele>8.676196469925344</ele>
        <time>2026-10-05T09:56:52Z</time>
        <extensions>
          <gpxtpx:TrackPointExtension>
            <gpxtpx:hr>111</gpxtpx:hr>
          </gpxtpx:TrackPointExtension>
        </extensions>
      </trkpt>
      <trkpt lat="1.4088582442803426" lon="103.8949215218526">
        <ele>8.650546639226377</ele>
        <time>2026-10-05T09:56:53Z</time>
        <extensions>
          <gpxtpx:TrackPointExtension>
            <gpxtpx:hr>111</gpxtpx:hr>
          </gpxtpx:TrackPointExtension>
        </extensions>
      </trkpt>
      <trkpt lat="1.4088609502481728" lon="103.89490893371267">
        <ele>8.625890012830496</ele>
        <time>2026-10-05T09:56:54Z</time>
        <extensions>
          <gpxtpx:TrackPointExtension>
            <gpxtpx:hr>113</gpxtpx:hr>
          </gpxtpx:TrackPointExtension>
        </extensions>
      </trkpt>
      <trkpt lat="1.4088638303225156" lon="103.89489682017702">
        <ele>8.603145549073815</ele>
        <time>2026-10-05T09:56:55Z</time>
        <extensions>
          <gpxtpx:TrackPointExtension>
            <gpxtpx:hr>113</gpxtpx:hr>
          </gpxtpx:TrackPointExtension>
        </extensions>
      </trkpt>
      <trkpt lat="1.4088662935793785" lon="103.89488524493406">
        <ele>8.583158580586314</ele>
        <time>2026-10-05T09:56:56Z</time>
        <extensions>
          <gpxtpx:TrackPointExtension>
            <gpxtpx:hr>113</gpxtpx:hr>
          </gpxtpx:TrackPointExtension>
        </extensions>
      </trkpt>
      <trkpt lat="1.4088681291206688" lon="103.89487413955898">
        <ele>8.566333833150566</ele>
        <time>2026-10-05T09:56:57Z</time>
        <extensions>
          <gpxtpx:TrackPointExtension>
            <gpxtpx:hr>113</gpxtpx:hr>
          </gpxtpx:TrackPointExtension>
        </extensions>
      </trkpt>
      <trkpt lat="1.408869275176543" lon="103.89486332223342">
        <ele>8.552731861360371</ele>
        <time>2026-10-05T09:56:58Z</time>
        <extensions>
          <gpxtpx:TrackPointExtension>
            <gpxtpx:hr>112</gpxtpx:hr>
          </gpxtpx:TrackPointExtension>
        </extensions>
      </trkpt>
      <trkpt lat="1.4088699121907788" lon="103.89485270016434">
        <ele>8.541949912905693</ele>
        <time>2026-10-05T09:56:59Z</time>
        <extensions>
          <gpxtpx:TrackPointExtension>
            <gpxtpx:hr>112</gpxtpx:hr>
          </gpxtpx:TrackPointExtension>
        </extensions>
      </trkpt>
      <trkpt lat="1.4088705213547814" lon="103.8948413518348">
        <ele>8.533164604566991</ele>
        <time>2026-10-05T09:57:00Z</time>
        <extensions>
          <gpxtpx:TrackPointExtension>
            <gpxtpx:hr>112</gpxtpx:hr>
          </gpxtpx:TrackPointExtension>
        </extensions>
      </trkpt>
      <trkpt lat="1.4088713546153955" lon="103.8948292701774">
        <ele>8.525362243875861</ele>
        <time>2026-10-05T09:57:01Z</time>
        <extensions>
          <gpxtpx:TrackPointExtension>
            <gpxtpx:hr>112</gpxtpx:hr>
          </gpxtpx:TrackPointExtension>
        </extensions>
      </trkpt>
      <trkpt lat="1.4088720431192152" lon="103.89481707929399">
        <ele>8.51761778537184</ele>
        <time>2026-10-05T09:57:02Z</time>
        <extensions>
          <gpxtpx:TrackPointExtension>
            <gpxtpx:hr>112</gpxtpx:hr>
          </gpxtpx:TrackPointExtension>
        </extensions>
      </trkpt>
      <trkpt lat="1.408872504938213" lon="103.89480501787838">
        <ele>8.509029855951667</ele>
        <time>2026-10-05T09:57:03Z</time>
        <extensions>
          <gpxtpx:TrackPointExtension>
            <gpxtpx:hr>110</gpxtpx:hr>
          </gpxtpx:TrackPointExtension>
        </extensions>
      </trkpt>
      <trkpt lat="1.408873120828398" lon="103.89479296859597">
        <ele>8.498820786364377</ele>
        <time>2026-10-05T09:57:04Z</time>
        <extensions>
          <gpxtpx:TrackPointExtension>
            <gpxtpx:hr>110</gpxtpx:hr>
          </gpxtpx:TrackPointExtension>
        </extensions>
      </trkpt>
      <trkpt lat="1.4088740118591174" lon="103.89478034497844">
        <ele>8.486573205329478</ele>
        <time>2026-10-05T09:57:05Z</time>
        <extensions>
          <gpxtpx:TrackPointExtension>
            <gpxtpx:hr>110</gpxtpx:hr>
          </gpxtpx:TrackPointExtension>
        </extensions>
      </trkpt>
      <trkpt lat="1.4088751768329566" lon="103.89476715633377">
        <ele>8.472114658914506</ele>
        <time>2026-10-05T09:57:06Z</time>
        <extensions>
          <gpxtpx:TrackPointExtension>
            <gpxtpx:hr>110</gpxtpx:hr>
          </gpxtpx:TrackPointExtension>
        </extensions>
      </trkpt>
      <trkpt lat="1.4088763926406347" lon="103.89475377503067">
        <ele>8.455685126595199</ele>
        <time>2026-10-05T09:57:07Z</time>
        <extensions>
          <gpxtpx:TrackPointExtension>
            <gpxtpx:hr>110</gpxtpx:hr>
          </gpxtpx:TrackPointExtension>
        </extensions>
      </trkpt>
      <trkpt lat="1.4088770953012566" lon="103.89474020860101">
        <ele>8.437887914478779</ele>
        <time>2026-10-05T09:57:08Z</time>
        <extensions>
          <gpxtpx:TrackPointExtension>
            <gpxtpx:hr>111</gpxtpx:hr>
          </gpxtpx:TrackPointExtension>
        </extensions>
      </trkpt>
      <trkpt lat="1.4088773610369505" lon="103.89472651900411">
        <ele>8.41962951887399</ele>
        <time>2026-10-05T09:57:09Z</time>
        <extensions>
          <gpxtpx:TrackPointExtension>
            <gpxtpx:hr>111</gpxtpx:hr>
          </gpxtpx:TrackPointExtension>
        </extensions>
      </trkpt>
      <trkpt lat="1.4088774168857365" lon="103.89471237643384">
        <ele>8.402061574161053</ele>
        <time>2026-10-05T09:57:10Z</time>
        <extensions>
          <gpxtpx:TrackPointExtension>
            <gpxtpx:hr>111</gpxtpx:hr>
          </gpxtpx:TrackPointExtension>
        </extensions>
      </trkpt>
      <trkpt lat="1.4088768815802089" lon="103.89469804171888">
        <ele>8.386457883752882</ele>
        <time>2026-10-05T09:57:11Z</time>
        <extensions>
          <gpxtpx:TrackPointExtension>
            <gpxtpx:hr>111</gpxtpx:hr>
          </gpxtpx:TrackPointExtension>
        </extensions>
      </trkpt>
      <trkpt lat="1.40887523793747" lon="103.89468437982296">
        <ele>8.373801008798182</ele>
        <time>2026-10-05T09:57:12Z</time>
        <extensions>
          <gpxtpx:TrackPointExtension>
            <gpxtpx:hr>111</gpxtpx:hr>
          </gpxtpx:TrackPointExtension>
        </extensions>
      </trkpt>
      <trkpt lat="1.408872846230249" lon="103.89467174069138">
        <ele>8.36471082828939</ele>
        <time>2026-10-05T09:57:13Z</time>
        <extensions>
          <gpxtpx:TrackPointExtension>
            <gpxtpx:hr>111</gpxtpx:hr>
          </gpxtpx:TrackPointExtension>
        </extensions>
      </trkpt>
      <trkpt lat="1.4088704891546624" lon="103.8946591289442">
        <ele>8.359390538185835</ele>
        <time>2026-10-05T09:57:14Z</time>
        <extensions>
          <gpxtpx:TrackPointExtension>
            <gpxtpx:hr>113</gpxtpx:hr>
          </gpxtpx:TrackPointExtension>
        </extensions>
      </trkpt>
      <trkpt lat="1.4088683387504122" lon="103.8946460051495">
        <ele>8.357550108805299</ele>
        <time>2026-10-05T09:57:15Z</time>
        <extensions>
          <gpxtpx:TrackPointExtension>
            <gpxtpx:hr>113</gpxtpx:hr>
          </gpxtpx:TrackPointExtension>
        </extensions>
      </trkpt>
      <trkpt lat="1.4088665082773655" lon="103.89463235635911">
        <ele>8.358481061644852</ele>
        <time>2026-10-05T09:57:16Z</time>
        <extensions>
          <gpxtpx:TrackPointExtension>
            <gpxtpx:hr>113</gpxtpx:hr>
          </gpxtpx:TrackPointExtension>
        </extensions>
      </trkpt>
      <trkpt lat="1.4088650469032455" lon="103.89461830944973">
        <ele>8.36133586242795</ele>
        <time>2026-10-05T09:57:17Z</time>
        <extensions>
          <gpxtpx:TrackPointExtension>
            <gpxtpx:hr>113</gpxtpx:hr>
          </gpxtpx:TrackPointExtension>
        </extensions>
      </trkpt>
      <trkpt lat="1.408863919447069" lon="103.89460448488167">
        <ele>8.36522234044969</ele>
        <time>2026-10-05T09:57:18Z</time>
        <extensions>
          <gpxtpx:TrackPointExtension>
            <gpxtpx:hr>113</gpxtpx:hr>
          </gpxtpx:TrackPointExtension>
        </extensions>
      </trkpt>
      <trkpt lat="1.4088630778104565" lon="103.89459110396572">
        <ele>8.369129381142557</ele>
        <time>2026-10-05T09:57:19Z</time>
        <extensions>
          <gpxtpx:TrackPointExtension>
            <gpxtpx:hr>113</gpxtpx:hr>
          </gpxtpx:TrackPointExtension>
        </extensions>
      </trkpt>
      <trkpt lat="1.4088624301334494" lon="103.894578191458">
        <ele>8.372458612546325</ele>
        <time>2026-10-05T09:57:20Z</time>
        <extensions>
          <gpxtpx:TrackPointExtension>
            <gpxtpx:hr>113</gpxtpx:hr>
          </gpxtpx:TrackPointExtension>
        </extensions>
      </trkpt>
      <trkpt lat="1.4088619652000856" lon="103.89456578712975">
        <ele>8.374935269355774</ele>
        <time>2026-10-05T09:57:21Z</time>
        <extensions>
          <gpxtpx:TrackPointExtension>
            <gpxtpx:hr>114</gpxtpx:hr>
          </gpxtpx:TrackPointExtension>
        </extensions>
      </trkpt>
      <trkpt lat="1.4088619375342895" lon="103.89455287043906">
        <ele>8.376730774529278</ele>
        <time>2026-10-05T09:57:22Z</time>
        <extensions>
          <gpxtpx:TrackPointExtension>
            <gpxtpx:hr>114</gpxtpx:hr>
          </gpxtpx:TrackPointExtension>
        </extensions>
      </trkpt>
      <trkpt lat="1.4088623357765724" lon="103.89453881712673">
        <ele>8.378439188934863</ele>
        <time>2026-10-05T09:57:23Z</time>
        <extensions>
          <gpxtpx:TrackPointExtension>
            <gpxtpx:hr>114</gpxtpx:hr>
          </gpxtpx:TrackPointExtension>
        </extensions>
      </trkpt>
      <trkpt lat="1.4088628527277025" lon="103.8945239403537">
        <ele>8.380990273319185</ele>
        <time>2026-10-05T09:57:24Z</time>
        <extensions>
          <gpxtpx:TrackPointExtension>
            <gpxtpx:hr>114</gpxtpx:hr>
          </gpxtpx:TrackPointExtension>
        </extensions>
      </trkpt>
      <trkpt lat="1.4088632067316345" lon="103.89450842609283">
        <ele>8.385432815179229</ele>
        <time>2026-10-05T09:57:25Z</time>
        <extensions>
          <gpxtpx:TrackPointExtension>
            <gpxtpx:hr>114</gpxtpx:hr>
          </gpxtpx:TrackPointExtension>
        </extensions>
      </trkpt>
      <trkpt lat="1.4088632303326378" lon="103.89449378841626">
        <ele>8.39282562583685</ele>
        <time>2026-10-05T09:57:26Z</time>
        <extensions>
          <gpxtpx:TrackPointExtension>
            <gpxtpx:hr>114</gpxtpx:hr>
          </gpxtpx:TrackPointExtension>
        </extensions>
      </trkpt>
      <trkpt lat="1.4088631488712835" lon="103.89448026675865">
        <ele>8.403913750313222</ele>
        <time>2026-10-05T09:57:27Z</time>
        <extensions>
          <gpxtpx:TrackPointExtension>
            <gpxtpx:hr>114</gpxtpx:hr>
          </gpxtpx:TrackPointExtension>
        </extensions>
      </trkpt>
      <trkpt lat="1.4088633093550598" lon="103.89446680381671">
        <ele>8.41884957253933</ele>
        <time>2026-10-05T09:57:28Z</time>
        <extensions>
          <gpxtpx:TrackPointExtension>
            <gpxtpx:hr>114</gpxtpx:hr>
          </gpxtpx:TrackPointExtension>
        </extensions>
      </trkpt>
      <trkpt lat="1.4088637081911228" lon="103.89445396236113">
        <ele>8.437390480190516</ele>
        <time>2026-10-05T09:57:29Z</time>
        <extensions>
          <gpxtpx:TrackPointExtension>
            <gpxtpx:hr>114</gpxtpx:hr>
          </gpxtpx:TrackPointExtension>
        </extensions>
      </trkpt>
      <trkpt lat="1.4088644516680981" lon="103.89444206728609">
        <ele>8.458615319803357</ele>
        <time>2026-10-05T09:57:30Z</time>
        <extensions>
          <gpxtpx:TrackPointExtension>
            <gpxtpx:hr>114</gpxtpx:hr>
          </gpxtpx:TrackPointExtension>
        </extensions>
      </trkpt>
      <trkpt lat="1.4088652048954198" lon="103.89443096269436">
        <ele>8.481226519681513</ele>
        <time>2026-10-05T09:57:31Z</time>
        <extensions>
          <gpxtpx:TrackPointExtension>
            <gpxtpx:hr>115</gpxtpx:hr>
          </gpxtpx:TrackPointExtension>
        </extensions>
      </trkpt>
      <trkpt lat="1.4088658021531215" lon="103.89442030360183">
        <ele>8.50378964561969</ele>
        <time>2026-10-05T09:57:32Z</time>
        <extensions>
          <gpxtpx:TrackPointExtension>
            <gpxtpx:hr>115</gpxtpx:hr>
          </gpxtpx:TrackPointExtension>
        </extensions>
      </trkpt>
      <trkpt lat="1.4088666702015658" lon="103.89440946028877">
        <ele>8.524887321516871</ele>
        <time>2026-10-05T09:57:33Z</time>
        <extensions>
          <gpxtpx:TrackPointExtension>
            <gpxtpx:hr>115</gpxtpx:hr>
          </gpxtpx:TrackPointExtension>
        </extensions>
      </trkpt>
      <trkpt lat="1.4088679434432427" lon="103.89439826203272">
        <ele>8.54315591417253</ele>
        <time>2026-10-05T09:57:34Z</time>
        <extensions>
          <gpxtpx:TrackPointExtension>
            <gpxtpx:hr>115</gpxtpx:hr>
          </gpxtpx:TrackPointExtension>
        </extensions>
      </trkpt>
      <trkpt lat="1.4088694244604796" lon="103.89438657706137">
        <ele>8.557416412979364</ele>
        <time>2026-10-05T09:57:35Z</time>
        <extensions>
          <gpxtpx:TrackPointExtension>
            <gpxtpx:hr>112</gpxtpx:hr>
          </gpxtpx:TrackPointExtension>
        </extensions>
      </trkpt>
      <trkpt lat="1.4088707029928054" lon="103.89437427805605">
        <ele>8.566752809099853</ele>
        <time>2026-10-05T09:57:36Z</time>
        <extensions>
          <gpxtpx:TrackPointExtension>
            <gpxtpx:hr>112</gpxtpx:hr>
          </gpxtpx:TrackPointExtension>
        </extensions>
      </trkpt>
      <trkpt lat="1.4088711187138974" lon="103.89436161015213">
        <ele>8.570639195851982</ele>
        <time>2026-10-05T09:57:37Z</time>
        <extensions>
          <gpxtpx:TrackPointExtension>
            <gpxtpx:hr>112</gpxtpx:hr>
          </gpxtpx:TrackPointExtension>
        </extensions>
      </trkpt>
      <trkpt lat="1.4088705828922228" lon="103.89434916628998">
        <ele>8.569338125176728</ele>
        <time>2026-10-05T09:57:38Z</time>
        <extensions>
          <gpxtpx:TrackPointExtension>
            <gpxtpx:hr>112</gpxtpx:hr>
          </gpxtpx:TrackPointExtension>
        </extensions>
      </trkpt>
      <trkpt lat="1.4088694259747294" lon="103.89433644845644">
        <ele>8.563509874977171</ele>
        <time>2026-10-05T09:57:39Z</time>
        <extensions>
          <gpxtpx:TrackPointExtension>
            <gpxtpx:hr>113</gpxtpx:hr>
          </gpxtpx:TrackPointExtension>
        </extensions>
      </trkpt>
      <trkpt lat="1.4088676870575045" lon="103.89432259095351">
        <ele>8.554339086636901</ele>
        <time>2026-10-05T09:57:40Z</time>
        <extensions>
          <gpxtpx:TrackPointExtension>
            <gpxtpx:hr>113</gpxtpx:hr>
          </gpxtpx:TrackPointExtension>
        </extensions>
      </trkpt>
      <trkpt lat="1.4088650289242302" lon="103.89430777051484">
        <ele>8.543339212425053</ele>
        <time>2026-10-05T09:57:41Z</time>
        <extensions>
          <gpxtpx:TrackPointExtension>
            <gpxtpx:hr>113</gpxtpx:hr>
          </gpxtpx:TrackPointExtension>
        </extensions>
      </trkpt>
      <trkpt lat="1.4088618829224804" lon="103.89429310070473">
        <ele>8.532066778279841</ele>
        <time>2026-10-05T09:57:42Z</time>
        <extensions>
          <gpxtpx:TrackPointExtension>
            <gpxtpx:hr>113</gpxtpx:hr>
          </gpxtpx:TrackPointExtension>
        </extensions>
      </trkpt>
      <trkpt lat="1.4088586490678519" lon="103.89427858787383">
        <ele>8.522185372188687</ele>
        <time>2026-10-05T09:57:43Z</time>
        <extensions>
          <gpxtpx:TrackPointExtension>
            <gpxtpx:hr>113</gpxtpx:hr>
          </gpxtpx:TrackPointExtension>
        </extensions>
      </trkpt>
      <trkpt lat="1.4088552307462288" lon="103.89426357181017">
        <ele>8.51524302829057</ele>
        <time>2026-10-05T09:57:44Z</time>
        <extensions>
          <gpxtpx:TrackPointExtension>
            <gpxtpx:hr>110</gpxtpx:hr>
          </gpxtpx:TrackPointExtension>
        </extensions>
      </trkpt>
      <trkpt lat="1.4088517147557484" lon="103.89424838724292">
        <ele>8.512724314816296</ele>
        <time>2026-10-05T09:57:45Z</time>
        <extensions>
          <gpxtpx:TrackPointExtension>
            <gpxtpx:hr>110</gpxtpx:hr>
          </gpxtpx:TrackPointExtension>
        </extensions>
      </trkpt>
      <trkpt lat="1.4088477218249111" lon="103.89423349341028">
        <ele>8.515971041284502</ele>
        <time>2026-10-05T09:57:46Z</time>
        <extensions>
          <gpxtpx:TrackPointExtension>
            <gpxtpx:hr>110</gpxtpx:hr>
          </gpxtpx:TrackPointExtension>
        </extensions>
      </trkpt>
      <trkpt lat="1.4088435114809512" lon="103.8942195025411">
        <ele>8.526046990416944</ele>
        <time>2026-10-05T09:57:47Z</time>
        <extensions>
          <gpxtpx:TrackPointExtension>
            <gpxtpx:hr>110</gpxtpx:hr>
          </gpxtpx:TrackPointExtension>
        </extensions>
      </trkpt>
      <trkpt lat="1.408839738111863" lon="103.89420580802661">
        <ele>8.543355060741305</ele>
        <time>2026-10-05T09:57:48Z</time>
        <extensions>
          <gpxtpx:TrackPointExtension>
            <gpxtpx:hr>110</gpxtpx:hr>
          </gpxtpx:TrackPointExtension>
        </extensions>
      </trkpt>
      <trkpt lat="1.4088365205063687" lon="103.89419154900531">
        <ele>8.56785181351006</ele>
        <time>2026-10-05T09:57:49Z</time>
        <extensions>
          <gpxtpx:TrackPointExtension>
            <gpxtpx:hr>110</gpxtpx:hr>
          </gpxtpx:TrackPointExtension>
        </extensions>
      </trkpt>
      <trkpt lat="1.4088340730983335" lon="103.89417698744494">
        <ele>8.599165528081357</ele>
        <time>2026-10-05T09:57:50Z</time>
        <extensions>
          <gpxtpx:TrackPointExtension>
            <gpxtpx:hr>112</gpxtpx:hr>
          </gpxtpx:TrackPointExtension>
        </extensions>
      </trkpt>
      <trkpt lat="1.4088323292357048" lon="103.89416254941277">
        <ele>8.63672007061541</ele>
        <time>2026-10-05T09:57:51Z</time>
        <extensions>
          <gpxtpx:TrackPointExtension>
            <gpxtpx:hr>112</gpxtpx:hr>
          </gpxtpx:TrackPointExtension>
        </extensions>
      </trkpt>
      <trkpt lat="1.4088305338741776" lon="103.89414817329498">
        <ele>8.679849254898727</ele>
        <time>2026-10-05T09:57:52Z</time>
        <extensions>
          <gpxtpx:TrackPointExtension>
            <gpxtpx:hr>112</gpxtpx:hr>
          </gpxtpx:TrackPointExtension>
        </extensions>
      </trkpt>
      <trkpt lat="1.4088281434074945" lon="103.89413319837047">
        <ele>8.727547673508525</ele>
        <time>2026-10-05T09:57:53Z</time>
        <extensions>
          <gpxtpx:TrackPointExtension>
            <gpxtpx:hr>112</gpxtpx:hr>
          </gpxtpx:TrackPointExtension>
        </extensions>
      </trkpt>
      <trkpt lat="1.4088254995684117" lon="103.89411682617968">
        <ele>8.77870651613921</ele>
        <time>2026-10-05T09:57:54Z</time>
        <extensions>
          <gpxtpx:TrackPointExtension>
            <gpxtpx:hr>112</gpxtpx:hr>
          </gpxtpx:TrackPointExtension>
        </extensions>
      </trkpt>
      <trkpt lat="1.4088232157456555" lon="103.8941007603499">
        <ele>8.832140997052193</ele>
        <time>2026-10-05T09:57:55Z</time>
        <extensions>
          <gpxtpx:TrackPointExtension>
            <gpxtpx:hr>112</gpxtpx:hr>
          </gpxtpx:TrackPointExtension>
        </extensions>
      </trkpt>
      <trkpt lat="1.4088211607842143" lon="103.8940856344698">
        <ele>8.88660974893719</ele>
        <time>2026-10-05T09:57:56Z</time>
        <extensions>
          <gpxtpx:TrackPointExtension>
            <gpxtpx:hr>113</gpxtpx:hr>
          </gpxtpx:TrackPointExtension>
        </extensions>
      </trkpt>
      <trkpt lat="1.4088182075948952" lon="103.8940711474383">
        <ele>8.941037877462804</ele>
        <time>2026-10-05T09:57:57Z</time>
        <extensions>
          <gpxtpx:TrackPointExtension>
            <gpxtpx:hr>113</gpxtpx:hr>
          </gpxtpx:TrackPointExtension>
        </extensions>
      </trkpt>
      <trkpt lat="1.408814046678033" lon="103.8940576605885">
        <ele>8.994656214490533</ele>
        <time>2026-10-05T09:57:58Z</time>
        <extensions>
          <gpxtpx:TrackPointExtension>
            <gpxtpx:hr>113</gpxtpx:hr>
          </gpxtpx:TrackPointExtension>
        </extensions>
      </trkpt>
      <trkpt lat="1.4088095437021766" lon="103.89404464833811">
        <ele>9.046901983208954</ele>
        <time>2026-10-05T09:57:59Z</time>
        <extensions>
          <gpxtpx:TrackPointExtension>
            <gpxtpx:hr>113</gpxtpx:hr>
          </gpxtpx:TrackPointExtension>
        </extensions>
      </trkpt>
      <trkpt lat="1.4088050279463356" lon="103.89403226457269">
        <ele>9.09725918341428</ele>
        <time>2026-10-05T09:58:00Z</time>
        <extensions>
          <gpxtpx:TrackPointExtension>
            <gpxtpx:hr>113</gpxtpx:hr>
          </gpxtpx:TrackPointExtension>
        </extensions>
      </trkpt>
      <trkpt lat="1.408800258947207" lon="103.89402040734578">
        <ele>9.145090923644602</ele>
        <time>2026-10-05T09:58:01Z</time>
        <extensions>
          <gpxtpx:TrackPointExtension>
            <gpxtpx:hr>113</gpxtpx:hr>
          </gpxtpx:TrackPointExtension>
        </extensions>
      </trkpt>
      <trkpt lat="1.4087953571730454" lon="103.89400859228736">
        <ele>9.189989869482815</ele>
        <time>2026-10-05T09:58:02Z</time>
        <extensions>
          <gpxtpx:TrackPointExtension>
            <gpxtpx:hr>113</gpxtpx:hr>
          </gpxtpx:TrackPointExtension>
        </extensions>
      </trkpt>
      <trkpt lat="1.4087906320975498" lon="103.89399702372489">
        <ele>9.23162230476737</ele>
        <time>2026-10-05T09:58:03Z</time>
        <extensions>
          <gpxtpx:TrackPointExtension>
            <gpxtpx:hr>113</gpxtpx:hr>
          </gpxtpx:TrackPointExtension>
        </extensions>
      </trkpt>
      <trkpt lat="1.4087852444953302" lon="103.893987056938">
        <ele>9.269777964800596</ele>
        <time>2026-10-05T09:58:04Z</time>
        <extensions>
          <gpxtpx:TrackPointExtension>
            <gpxtpx:hr>113</gpxtpx:hr>
          </gpxtpx:TrackPointExtension>
        </extensions>
      </trkpt>
      <trkpt lat="1.4087775890282526" lon="103.89397840980106">
        <ele>9.304353965446353</ele>
        <time>2026-10-05T09:58:05Z</time>
        <extensions>
          <gpxtpx:TrackPointExtension>
            <gpxtpx:hr>113</gpxtpx:hr>
          </gpxtpx:TrackPointExtension>
        </extensions>
      </trkpt>
      <trkpt lat="1.4087677726413692" lon="103.89397063721037">
        <ele>9.335343470796943</ele>
        <time>2026-10-05T09:58:06Z</time>
        <extensions>
          <gpxtpx:TrackPointExtension>
            <gpxtpx:hr>113</gpxtpx:hr>
          </gpxtpx:TrackPointExtension>
        </extensions>
      </trkpt>
      <trkpt lat="1.4087565663387056" lon="103.89396444893035">
        <ele>9.362701071426272</ele>
        <time>2026-10-05T09:58:07Z</time>
        <extensions>
          <gpxtpx:TrackPointExtension>
            <gpxtpx:hr>113</gpxtpx:hr>
          </gpxtpx:TrackPointExtension>
        </extensions>
      </trkpt>
      <trkpt lat="1.4087445795447708" lon="103.89395908848505">
        <ele>9.386190429329872</ele>
        <time>2026-10-05T09:58:08Z</time>
        <extensions>
          <gpxtpx:TrackPointExtension>
            <gpxtpx:hr>113</gpxtpx:hr>
          </gpxtpx:TrackPointExtension>
        </extensions>
      </trkpt>
      <trkpt lat="1.408732440390471" lon="103.89395345805288">
        <ele>9.40544385369867</ele>
        <time>2026-10-05T09:58:09Z</time>
        <extensions>
          <gpxtpx:TrackPointExtension>
            <gpxtpx:hr>113</gpxtpx:hr>
          </gpxtpx:TrackPointExtension>
        </extensions>
      </trkpt>
      <trkpt lat="1.4087204851252242" lon="103.89394683198049">
        <ele>9.420126831158996</ele>
        <time>2026-10-05T09:58:10Z</time>
        <extensions>
          <gpxtpx:TrackPointExtension>
            <gpxtpx:hr>113</gpxtpx:hr>
          </gpxtpx:TrackPointExtension>
        </extensions>
      </trkpt>
      <trkpt lat="1.4087094472991095" lon="103.89393934383031">
        <ele>9.430150081403553</ele>
        <time>2026-10-05T09:58:11Z</time>
        <extensions>
          <gpxtpx:TrackPointExtension>
            <gpxtpx:hr>113</gpxtpx:hr>
          </gpxtpx:TrackPointExtension>
        </extensions>
      </trkpt>
      <trkpt lat="1.4086996484941159" lon="103.89393160584419">
        <ele>9.43568819668144</ele>
        <time>2026-10-05T09:58:12Z</time>
        <extensions>
          <gpxtpx:TrackPointExtension>
            <gpxtpx:hr>113</gpxtpx:hr>
          </gpxtpx:TrackPointExtension>
        </extensions>
      </trkpt>
      <trkpt lat="1.4086901464834631" lon="103.89392322028772">
        <ele>9.437191238626838</ele>
        <time>2026-10-05T09:58:13Z</time>
        <extensions>
          <gpxtpx:TrackPointExtension>
            <gpxtpx:hr>113</gpxtpx:hr>
          </gpxtpx:TrackPointExtension>
        </extensions>
      </trkpt>
      <trkpt lat="1.408680354975158" lon="103.89391402469407">
        <ele>9.435277237556875</ele>
        <time>2026-10-05T09:58:14Z</time>
        <extensions>
          <gpxtpx:TrackPointExtension>
            <gpxtpx:hr>113</gpxtpx:hr>
          </gpxtpx:TrackPointExtension>
        </extensions>
      </trkpt>
      <trkpt lat="1.4086704547822568" lon="103.89390446846375">
        <ele>9.43041106685996</ele>
        <time>2026-10-05T09:58:15Z</time>
        <extensions>
          <gpxtpx:TrackPointExtension>
            <gpxtpx:hr>115</gpxtpx:hr>
          </gpxtpx:TrackPointExtension>
        </extensions>
      </trkpt>
      <trkpt lat="1.408660724448532" lon="103.89389506397978">
        <ele>9.423306343145669</ele>
        <time>2026-10-05T09:58:16Z</time>
        <extensions>
          <gpxtpx:TrackPointExtension>
            <gpxtpx:hr>115</gpxtpx:hr>
          </gpxtpx:TrackPointExtension>
        </extensions>
      </trkpt>
      <trkpt lat="1.408651581238173" lon="103.89388625005893">
        <ele>9.414680434390903</ele>
        <time>2026-10-05T09:58:17Z</time>
        <extensions>
          <gpxtpx:TrackPointExtension>
            <gpxtpx:hr>115</gpxtpx:hr>
          </gpxtpx:TrackPointExtension>
        </extensions>
      </trkpt>
      <trkpt lat="1.408642856698113" lon="103.89387776487045">
        <ele>9.405269402079284</ele>
        <time>2026-10-05T09:58:18Z</time>
        <extensions>
          <gpxtpx:TrackPointExtension>
            <gpxtpx:hr>115</gpxtpx:hr>
          </gpxtpx:TrackPointExtension>
        </extensions>
      </trkpt>
      <trkpt lat="1.4086339600122282" lon="103.89386922492652">
        <ele>9.39576343819499</ele>
        <time>2026-10-05T09:58:19Z</time>
        <extensions>
          <gpxtpx:TrackPointExtension>
            <gpxtpx:hr>115</gpxtpx:hr>
          </gpxtpx:TrackPointExtension>
        </extensions>
      </trkpt>
      <trkpt lat="1.4086242180989408" lon="103.89386081155708">
        <ele>9.386891317553818</ele>
        <time>2026-10-05T09:58:20Z</time>
        <extensions>
          <gpxtpx:TrackPointExtension>
            <gpxtpx:hr>115</gpxtpx:hr>
          </gpxtpx:TrackPointExtension>
        </extensions>
      </trkpt>
      <trkpt lat="1.4086134041699525" lon="103.89385240507335">
        <ele>9.37920449487865</ele>
        <time>2026-10-05T09:58:21Z</time>
        <extensions>
          <gpxtpx:TrackPointExtension>
            <gpxtpx:hr>115</gpxtpx:hr>
          </gpxtpx:TrackPointExtension>
        </extensions>
      </trkpt>
      <trkpt lat="1.408601985915101" lon="103.89384323642092">
        <ele>9.373211841098964</ele>
        <time>2026-10-05T09:58:22Z</time>
        <extensions>
          <gpxtpx:TrackPointExtension>
            <gpxtpx:hr>115</gpxtpx:hr>
          </gpxtpx:TrackPointExtension>
        </extensions>
      </trkpt>
      <trkpt lat="1.4085915585603446" lon="103.8938329462358">
        <ele>9.369320983067155</ele>
        <time>2026-10-05T09:58:23Z</time>
        <extensions>
          <gpxtpx:TrackPointExtension>
            <gpxtpx:hr>115</gpxtpx:hr>
          </gpxtpx:TrackPointExtension>
        </extensions>
      </trkpt>
      <trkpt lat="1.408583034293764" lon="103.89382181743024">
        <ele>9.367473099380732</ele>
        <time>2026-10-05T09:58:24Z</time>
        <extensions>
          <gpxtpx:TrackPointExtension>
            <gpxtpx:hr>115</gpxtpx:hr>
          </gpxtpx:TrackPointExtension>
        </extensions>
      </trkpt>
      <trkpt lat="1.4085749257945923" lon="103.89380967917174">
        <ele>9.367049586959183</ele>
        <time>2026-10-05T09:58:25Z</time>
        <extensions>
          <gpxtpx:TrackPointExtension>
            <gpxtpx:hr>115</gpxtpx:hr>
          </gpxtpx:TrackPointExtension>
        </extensions>
      </trkpt>
      <trkpt lat="1.4085663337329277" lon="103.89379639616051">
        <ele>9.367245464585721</ele>
        <time>2026-10-05T09:58:26Z</time>
        <extensions>
          <gpxtpx:TrackPointExtension>
            <gpxtpx:hr>115</gpxtpx:hr>
          </gpxtpx:TrackPointExtension>
        </extensions>
      </trkpt>
      <trkpt lat="1.4085579982702796" lon="103.8937832886623">
        <ele>9.367045463062823</ele>
        <time>2026-10-05T09:58:27Z</time>
        <extensions>
          <gpxtpx:TrackPointExtension>
            <gpxtpx:hr>115</gpxtpx:hr>
          </gpxtpx:TrackPointExtension>
        </extensions>
      </trkpt>
      <trkpt lat="1.408549724679177" lon="103.89377074645321">
        <ele>9.365417624823749</ele>
        <time>2026-10-05T09:58:28Z</time>
        <extensions>
          <gpxtpx:TrackPointExtension>
            <gpxtpx:hr>115</gpxtpx:hr>
          </gpxtpx:TrackPointExtension>
        </extensions>
      </trkpt>
      <trkpt lat="1.4085412857852662" lon="103.89375856145938">
        <ele>9.361647977493703</ele>
        <time>2026-10-05T09:58:29Z</time>
        <extensions>
          <gpxtpx:TrackPointExtension>
            <gpxtpx:hr>114</gpxtpx:hr>
          </gpxtpx:TrackPointExtension>
        </extensions>
      </trkpt>
      <trkpt lat="1.4085329194563425" lon="103.89374753271092">
        <ele>9.35532184317708</ele>
        <time>2026-10-05T09:58:30Z</time>
        <extensions>
          <gpxtpx:TrackPointExtension>
            <gpxtpx:hr>114</gpxtpx:hr>
          </gpxtpx:TrackPointExtension>
        </extensions>
      </trkpt>
      <trkpt lat="1.408524251934479" lon="103.89373814471844">
        <ele>9.346535981632769</ele>
        <time>2026-10-05T09:58:31Z</time>
        <extensions>
          <gpxtpx:TrackPointExtension>
            <gpxtpx:hr>114</gpxtpx:hr>
          </gpxtpx:TrackPointExtension>
        </extensions>
      </trkpt>
      <trkpt lat="1.4085149991190187" lon="103.8937304607645">
        <ele>9.335958544164896</ele>
        <time>2026-10-05T09:58:32Z</time>
        <extensions>
          <gpxtpx:TrackPointExtension>
            <gpxtpx:hr>114</gpxtpx:hr>
          </gpxtpx:TrackPointExtension>
        </extensions>
      </trkpt>
      <trkpt lat="1.408504433290466" lon="103.89372399569037">
        <ele>9.324867651797831</ele>
        <time>2026-10-05T09:58:33Z</time>
        <extensions>
          <gpxtpx:TrackPointExtension>
            <gpxtpx:hr>114</gpxtpx:hr>
          </gpxtpx:TrackPointExtension>
        </extensions>
      </trkpt>
      <trkpt lat="1.408491757958229" lon="103.89371933295094">
        <ele>9.314732844009995</ele>
        <time>2026-10-05T09:58:34Z</time>
        <extensions>
          <gpxtpx:TrackPointExtension>
            <gpxtpx:hr>113</gpxtpx:hr>
          </gpxtpx:TrackPointExtension>
        </extensions>
      </trkpt>
      <trkpt lat="1.408477502932792" lon="103.89371748857639">
        <ele>9.306778869591653</ele>
        <time>2026-10-05T09:58:35Z</time>
        <extensions>
          <gpxtpx:TrackPointExtension>
            <gpxtpx:hr>113</gpxtpx:hr>
          </gpxtpx:TrackPointExtension>
        </extensions>
      </trkpt>
      <trkpt lat="1.4084632189869037" lon="103.89371811321993">
        <ele>9.30204366426915</ele>
        <time>2026-10-05T09:58:36Z</time>
        <extensions>
          <gpxtpx:TrackPointExtension>
            <gpxtpx:hr>113</gpxtpx:hr>
          </gpxtpx:TrackPointExtension>
        </extensions>
      </trkpt>
      <trkpt lat="1.4084494375737795" lon="103.89372031918755">
        <ele>9.301369013264775</ele>
        <time>2026-10-05T09:58:37Z</time>
        <extensions>
          <gpxtpx:TrackPointExtension>
            <gpxtpx:hr>113</gpxtpx:hr>
          </gpxtpx:TrackPointExtension>
        </extensions>
      </trkpt>
      <trkpt lat="1.4084358965634227" lon="103.89372319224127">
        <ele>9.30535361263901</ele>
        <time>2026-10-05T09:58:38Z</time>
        <extensions>
          <gpxtpx:TrackPointExtension>
            <gpxtpx:hr>113</gpxtpx:hr>
          </gpxtpx:TrackPointExtension>
        </extensions>
      </trkpt>
      <trkpt lat="1.408422611598911" lon="103.89372612504165">
        <ele>9.313984015956521</ele>
        <time>2026-10-05T09:58:39Z</time>
        <extensions>
          <gpxtpx:TrackPointExtension>
            <gpxtpx:hr>113</gpxtpx:hr>
          </gpxtpx:TrackPointExtension>
        </extensions>
      </trkpt>
      <trkpt lat="1.4084093871364827" lon="103.89372857501478">
        <ele>9.327231414616108</ele>
        <time>2026-10-05T09:58:40Z</time>
        <extensions>
          <gpxtpx:TrackPointExtension>
            <gpxtpx:hr>113</gpxtpx:hr>
          </gpxtpx:TrackPointExtension>
        </extensions>
      </trkpt>
      <trkpt lat="1.4083961551975936" lon="103.89373019373357">
        <ele>9.344888864085078</ele>
        <time>2026-10-05T09:58:41Z</time>
        <extensions>
          <gpxtpx:TrackPointExtension>
            <gpxtpx:hr>113</gpxtpx:hr>
          </gpxtpx:TrackPointExtension>
        </extensions>
      </trkpt>
      <trkpt lat="1.4083833641895083" lon="103.89373100325845">
        <ele>9.366474654525518</ele>
        <time>2026-10-05T09:58:42Z</time>
        <extensions>
          <gpxtpx:TrackPointExtension>
            <gpxtpx:hr>113</gpxtpx:hr>
          </gpxtpx:TrackPointExtension>
        </extensions>
      </trkpt>
      <trkpt lat="1.40837079005875" lon="103.89373119756016">
        <ele>9.391476213000715</ele>
        <time>2026-10-05T09:58:43Z</time>
        <extensions>
          <gpxtpx:TrackPointExtension>
            <gpxtpx:hr>113</gpxtpx:hr>
          </gpxtpx:TrackPointExtension>
        </extensions>
      </trkpt>
      <trkpt lat="1.4083570166373467" lon="103.89373052401777">
        <ele>9.419738302007318</ele>
        <time>2026-10-05T09:58:44Z</time>
        <extensions>
          <gpxtpx:TrackPointExtension>
            <gpxtpx:hr>113</gpxtpx:hr>
          </gpxtpx:TrackPointExtension>
        </extensions>
      </trkpt>
      <trkpt lat="1.4083429861546704" lon="103.89372919178032">
        <ele>9.45086720213294</ele>
        <time>2026-10-05T09:58:45Z</time>
        <extensions>
          <gpxtpx:TrackPointExtension>
            <gpxtpx:hr>113</gpxtpx:hr>
          </gpxtpx:TrackPointExtension>
        </extensions>
      </trkpt>
      <trkpt lat="1.408330085957821" lon="103.89372699006596">
        <ele>9.483716901391745</ele>
        <time>2026-10-05T09:58:46Z</time>
        <extensions>
          <gpxtpx:TrackPointExtension>
            <gpxtpx:hr>113</gpxtpx:hr>
          </gpxtpx:TrackPointExtension>
        </extensions>
      </trkpt>
      <trkpt lat="1.4083170533777443" lon="103.89372299150897">
        <ele>9.516230953857303</ele>
        <time>2026-10-05T09:58:47Z</time>
        <extensions>
          <gpxtpx:TrackPointExtension>
            <gpxtpx:hr>113</gpxtpx:hr>
          </gpxtpx:TrackPointExtension>
        </extensions>
      </trkpt>
      <trkpt lat="1.408303799200905" lon="103.89371692558525">
        <ele>9.546284651383758</ele>
        <time>2026-10-05T09:58:48Z</time>
        <extensions>
          <gpxtpx:TrackPointExtension>
            <gpxtpx:hr>113</gpxtpx:hr>
          </gpxtpx:TrackPointExtension>
        </extensions>
      </trkpt>
      <trkpt lat="1.408291307210102" lon="103.89370933746146">
        <ele>9.572127368301153</ele>
        <time>2026-10-05T09:58:49Z</time>
        <extensions>
          <gpxtpx:TrackPointExtension>
            <gpxtpx:hr>113</gpxtpx:hr>
          </gpxtpx:TrackPointExtension>
        </extensions>
      </trkpt>
      <trkpt lat="1.4082796942186062" lon="103.89370036796944">
        <ele>9.592796151526272</ele>
        <time>2026-10-05T09:58:50Z</time>
        <extensions>
          <gpxtpx:TrackPointExtension>
            <gpxtpx:hr>113</gpxtpx:hr>
          </gpxtpx:TrackPointExtension>
        </extensions>
      </trkpt>
      <trkpt lat="1.4082688999404465" lon="103.89369003719418">
        <ele>9.608157224953175</ele>
        <time>2026-10-05T09:58:51Z</time>
        <extensions>
          <gpxtpx:TrackPointExtension>
            <gpxtpx:hr>113</gpxtpx:hr>
          </gpxtpx:TrackPointExtension>
        </extensions>
      </trkpt>
      <trkpt lat="1.4082586278919884" lon="103.89367863347348">
        <ele>9.617880058474839</ele>
        <time>2026-10-05T09:58:52Z</time>
        <extensions>
          <gpxtpx:TrackPointExtension>
            <gpxtpx:hr>113</gpxtpx:hr>
          </gpxtpx:TrackPointExtension>
        </extensions>
      </trkpt>
      <trkpt lat="1.408248927136161" lon="103.89366720596227">
        <ele>9.62155422475189</ele>
        <time>2026-10-05T09:58:53Z</time>
        <extensions>
          <gpxtpx:TrackPointExtension>
            <gpxtpx:hr>113</gpxtpx:hr>
          </gpxtpx:TrackPointExtension>
        </extensions>
      </trkpt>
      <trkpt lat="1.4082394488594376" lon="103.89365691682046">
        <ele>9.618476593866944</ele>
        <time>2026-10-05T09:58:54Z</time>
        <extensions>
          <gpxtpx:TrackPointExtension>
            <gpxtpx:hr>113</gpxtpx:hr>
          </gpxtpx:TrackPointExtension>
        </extensions>
      </trkpt>
      <trkpt lat="1.4082294490630263" lon="103.89364738994789">
        <ele>9.607606628909707</ele>
        <time>2026-10-05T09:58:55Z</time>
        <extensions>
          <gpxtpx:TrackPointExtension>
            <gpxtpx:hr>113</gpxtpx:hr>
          </gpxtpx:TrackPointExtension>
        </extensions>
      </trkpt>
      <trkpt lat="1.4082192771609592" lon="103.89363802505561">
        <ele>9.587734497152269</ele>
        <time>2026-10-05T09:58:56Z</time>
        <extensions>
          <gpxtpx:TrackPointExtension>
            <gpxtpx:hr>113</gpxtpx:hr>
          </gpxtpx:TrackPointExtension>
        </extensions>
      </trkpt>
      <trkpt lat="1.4082094364829751" lon="103.89362887400992">
        <ele>9.558240699581802</ele>
        <time>2026-10-05T09:58:57Z</time>
        <extensions>
          <gpxtpx:TrackPointExtension>
            <gpxtpx:hr>113</gpxtpx:hr>
          </gpxtpx:TrackPointExtension>
        </extensions>
      </trkpt>
      <trkpt lat="1.4081997328002918" lon="103.89361984828554">
        <ele>9.51853562053293</ele>
        <time>2026-10-05T09:58:58Z</time>
        <extensions>
          <gpxtpx:TrackPointExtension>
            <gpxtpx:hr>113</gpxtpx:hr>
          </gpxtpx:TrackPointExtension>
        </extensions>
      </trkpt>
      <trkpt lat="1.4081897414599365" lon="103.89361020044859">
        <ele>9.46857934910804</ele>
        <time>2026-10-05T09:58:59Z</time>
        <extensions>
          <gpxtpx:TrackPointExtension>
            <gpxtpx:hr>110</gpxtpx:hr>
          </gpxtpx:TrackPointExtension>
        </extensions>
      </trkpt>
      <trkpt lat="1.4081800710627348" lon="103.89360037264323">
        <ele>9.409176028333604</ele>
        <time>2026-10-05T09:59:00Z</time>
        <extensions>
          <gpxtpx:TrackPointExtension>
            <gpxtpx:hr>110</gpxtpx:hr>
          </gpxtpx:TrackPointExtension>
        </extensions>
      </trkpt>
      <trkpt lat="1.4081714197806452" lon="103.89359070051148">
        <ele>9.3422806346789</ele>
        <time>2026-10-05T09:59:01Z</time>
        <extensions>
          <gpxtpx:TrackPointExtension>
            <gpxtpx:hr>110</gpxtpx:hr>
          </gpxtpx:TrackPointExtension>
        </extensions>
      </trkpt>
      <trkpt lat="1.4081636572881635" lon="103.89358033315588">
        <ele>9.270767989568412</ele>
        <time>2026-10-05T09:59:02Z</time>
        <extensions>
          <gpxtpx:TrackPointExtension>
            <gpxtpx:hr>110</gpxtpx:hr>
          </gpxtpx:TrackPointExtension>
        </extensions>
      </trkpt>
      <trkpt lat="1.4081569368823177" lon="103.89356917940685">
        <ele>9.198081903159618</ele>
        <time>2026-10-05T09:59:03Z</time>
        <extensions>
          <gpxtpx:TrackPointExtension>
            <gpxtpx:hr>110</gpxtpx:hr>
          </gpxtpx:TrackPointExtension>
        </extensions>
      </trkpt>
      <trkpt lat="1.4081516610690497" lon="103.89355724409525">
        <ele>9.127677918411791</ele>
        <time>2026-10-05T09:59:04Z</time>
        <extensions>
          <gpxtpx:TrackPointExtension>
            <gpxtpx:hr>110</gpxtpx:hr>
          </gpxtpx:TrackPointExtension>
        </extensions>
      </trkpt>
      <trkpt lat="1.4081477979416528" lon="103.89354420162256">
        <ele>9.062609173357487</ele>
        <time>2026-10-05T09:59:05Z</time>
        <extensions>
          <gpxtpx:TrackPointExtension>
            <gpxtpx:hr>113</gpxtpx:hr>
          </gpxtpx:TrackPointExtension>
        </extensions>
      </trkpt>
      <trkpt lat="1.40814519387139" lon="103.8935303856388">
        <ele>9.00491841789335</ele>
        <time>2026-10-05T09:59:06Z</time>
        <extensions>
          <gpxtpx:TrackPointExtension>
            <gpxtpx:hr>113</gpxtpx:hr>
          </gpxtpx:TrackPointExtension>
        </extensions>
      </trkpt>
      <trkpt lat="1.4081436262502216" lon="103.89351608560177">
        <ele>8.955911706201732</ele>
        <time>2026-10-05T09:59:07Z</time>
        <extensions>
          <gpxtpx:TrackPointExtension>
            <gpxtpx:hr>113</gpxtpx:hr>
          </gpxtpx:TrackPointExtension>
        </extensions>
      </trkpt>
      <trkpt lat="1.408143034322891" lon="103.89350191641797">
        <ele>8.915849743410945</ele>
        <time>2026-10-05T09:59:08Z</time>
        <extensions>
          <gpxtpx:TrackPointExtension>
            <gpxtpx:hr>113</gpxtpx:hr>
          </gpxtpx:TrackPointExtension>
        </extensions>
      </trkpt>
      <trkpt lat="1.4081433465728408" lon="103.89348805728271">
        <ele>8.884217985905707</ele>
        <time>2026-10-05T09:59:09Z</time>
        <extensions>
          <gpxtpx:TrackPointExtension>
            <gpxtpx:hr>113</gpxtpx:hr>
          </gpxtpx:TrackPointExtension>
        </extensions>
      </trkpt>
      <trkpt lat="1.408143941244139" lon="103.89347428025329">
        <ele>8.860228286124766</ele>
        <time>2026-10-05T09:59:10Z</time>
        <extensions>
          <gpxtpx:TrackPointExtension>
            <gpxtpx:hr>113</gpxtpx:hr>
          </gpxtpx:TrackPointExtension>
        </extensions>
      </trkpt>
      <trkpt lat="1.40814419506485" lon="103.89346073118818">
        <ele>8.84310765657574</ele>
        <time>2026-10-05T09:59:11Z</time>
        <extensions>
          <gpxtpx:TrackPointExtension>
            <gpxtpx:hr>112</gpxtpx:hr>
          </gpxtpx:TrackPointExtension>
        </extensions>
      </trkpt>
      <trkpt lat="1.4081440241228043" lon="103.89344730824175">
        <ele>8.832637144252658</ele>
        <time>2026-10-05T09:59:12Z</time>
        <extensions>
          <gpxtpx:TrackPointExtension>
            <gpxtpx:hr>112</gpxtpx:hr>
          </gpxtpx:TrackPointExtension>
        </extensions>
      </trkpt>
      <trkpt lat="1.4081435508306457" lon="103.89343429134846">
        <ele>8.82915080152452</ele>
        <time>2026-10-05T09:59:13Z</time>
        <extensions>
          <gpxtpx:TrackPointExtension>
            <gpxtpx:hr>112</gpxtpx:hr>
          </gpxtpx:TrackPointExtension>
        </extensions>
      </trkpt>
      <trkpt lat="1.408142583346802" lon="103.89342182683686">
        <ele>8.833180510438979</ele>
        <time>2026-10-05T09:59:14Z</time>
        <extensions>
          <gpxtpx:TrackPointExtension>
            <gpxtpx:hr>112</gpxtpx:hr>
          </gpxtpx:TrackPointExtension>
        </extensions>
      </trkpt>
      <trkpt lat="1.4081409151219098" lon="103.89340939703828">
        <ele>8.844689964316785</ele>
        <time>2026-10-05T09:59:15Z</time>
        <extensions>
          <gpxtpx:TrackPointExtension>
            <gpxtpx:hr>112</gpxtpx:hr>
          </gpxtpx:TrackPointExtension>
        </extensions>
      </trkpt>
      <trkpt lat="1.408138480941502" lon="103.89339676657673">
        <ele>8.863490836694837</ele>
        <time>2026-10-05T09:59:16Z</time>
        <extensions>
          <gpxtpx:TrackPointExtension>
            <gpxtpx:hr>113</gpxtpx:hr>
          </gpxtpx:TrackPointExtension>
        </extensions>
      </trkpt>
      <trkpt lat="1.40813495157551" lon="103.89338445068091">
        <ele>8.888828055933118</ele>
        <time>2026-10-05T09:59:17Z</time>
        <extensions>
          <gpxtpx:TrackPointExtension>
            <gpxtpx:hr>113</gpxtpx:hr>
          </gpxtpx:TrackPointExtension>
        </extensions>
      </trkpt>
      <trkpt lat="1.4081299987473344" lon="103.8933727708592">
        <ele>8.919340514577925</ele>
        <time>2026-10-05T09:59:18Z</time>
        <extensions>
          <gpxtpx:TrackPointExtension>
            <gpxtpx:hr>113</gpxtpx:hr>
          </gpxtpx:TrackPointExtension>
        </extensions>
      </trkpt>
      <trkpt lat="1.4081234386373178" lon="103.89336145961423">
        <ele>8.95306764729321</ele>
        <time>2026-10-05T09:59:19Z</time>
        <extensions>
          <gpxtpx:TrackPointExtension>
            <gpxtpx:hr>113</gpxtpx:hr>
          </gpxtpx:TrackPointExtension>
        </extensions>
      </trkpt>
      <trkpt lat="1.408115257727603" lon="103.8933507967114">
        <ele>8.987987077794969</ele>
        <time>2026-10-05T09:59:20Z</time>
        <extensions>
          <gpxtpx:TrackPointExtension>
            <gpxtpx:hr>113</gpxtpx:hr>
          </gpxtpx:TrackPointExtension>
        </extensions>
      </trkpt>
      <trkpt lat="1.4081055771686577" lon="103.89334107648067">
        <ele>9.021779517643154</ele>
        <time>2026-10-05T09:59:21Z</time>
        <extensions>
          <gpxtpx:TrackPointExtension>
            <gpxtpx:hr>113</gpxtpx:hr>
          </gpxtpx:TrackPointExtension>
        </extensions>
      </trkpt>
      <trkpt lat="1.4080947533051336" lon="103.89333163880036">
        <ele>9.052147937938571</ele>
        <time>2026-10-05T09:59:22Z</time>
        <extensions>
          <gpxtpx:TrackPointExtension>
            <gpxtpx:hr>113</gpxtpx:hr>
          </gpxtpx:TrackPointExtension>
        </extensions>
      </trkpt>
      <trkpt lat="1.408083919670489" lon="103.89332230564331">
        <ele>9.077327300794423</ele>
        <time>2026-10-05T09:59:23Z</time>
        <extensions>
          <gpxtpx:TrackPointExtension>
            <gpxtpx:hr>109</gpxtpx:hr>
          </gpxtpx:TrackPointExtension>
        </extensions>
      </trkpt>
      <trkpt lat="1.4080738239546113" lon="103.89331331143525">
        <ele>9.096793569624424</ele>
        <time>2026-10-05T09:59:24Z</time>
        <extensions>
          <gpxtpx:TrackPointExtension>
            <gpxtpx:hr>109</gpxtpx:hr>
          </gpxtpx:TrackPointExtension>
        </extensions>
      </trkpt>
      <trkpt lat="1.4080643378015363" lon="103.8933046350343">
        <ele>9.110618356615305</ele>
        <time>2026-10-05T09:59:25Z</time>
        <extensions>
          <gpxtpx:TrackPointExtension>
            <gpxtpx:hr>109</gpxtpx:hr>
          </gpxtpx:TrackPointExtension>
        </extensions>
      </trkpt>
      <trkpt lat="1.4080553029952547" lon="103.8932961988508">
        <ele>9.119806538335979</ele>
        <time>2026-10-05T09:59:26Z</time>
        <extensions>
          <gpxtpx:TrackPointExtension>
            <gpxtpx:hr>109</gpxtpx:hr>
          </gpxtpx:TrackPointExtension>
        </extensions>
      </trkpt>
      <trkpt lat="1.4080461800547908" lon="103.8932873803296">
        <ele>9.125745423138142</ele>
        <time>2026-10-05T09:59:27Z</time>
        <extensions>
          <gpxtpx:TrackPointExtension>
            <gpxtpx:hr>109</gpxtpx:hr>
          </gpxtpx:TrackPointExtension>
        </extensions>
      </trkpt>
      <trkpt lat="1.40803677673617" lon="103.89327783692357">
        <ele>9.129659311845899</ele>
        <time>2026-10-05T09:59:28Z</time>
        <extensions>
          <gpxtpx:TrackPointExtension>
            <gpxtpx:hr>109</gpxtpx:hr>
          </gpxtpx:TrackPointExtension>
        </extensions>
      </trkpt>
      <trkpt lat="1.4080271716227413" lon="103.89326820248772">
        <ele>9.131965907290578</ele>
        <time>2026-10-05T09:59:29Z</time>
        <extensions>
          <gpxtpx:TrackPointExtension>
            <gpxtpx:hr>109</gpxtpx:hr>
          </gpxtpx:TrackPointExtension>
        </extensions>
      </trkpt>
      <trkpt lat="1.4080172485418407" lon="103.89325904470276">
        <ele>9.132510398514569</ele>
        <time>2026-10-05T09:59:30Z</time>
        <extensions>
          <gpxtpx:TrackPointExtension>
            <gpxtpx:hr>109</gpxtpx:hr>
          </gpxtpx:TrackPointExtension>
        </extensions>
      </trkpt>
      <trkpt lat="1.4080068927724942" lon="103.89325035221397">
        <ele>9.130401553586125</ele>
        <time>2026-10-05T09:59:31Z</time>
        <extensions>
          <gpxtpx:TrackPointExtension>
            <gpxtpx:hr>109</gpxtpx:hr>
          </gpxtpx:TrackPointExtension>
        </extensions>
      </trkpt>
      <trkpt lat="1.4079962053369042" lon="103.8932421840694">
        <ele>9.124433554708958</ele>
        <time>2026-10-05T09:59:32Z</time>
        <extensions>
          <gpxtpx:TrackPointExtension>
            <gpxtpx:hr>109</gpxtpx:hr>
          </gpxtpx:TrackPointExtension>
        </extensions>
      </trkpt>
      <trkpt lat="1.4079847630229196" lon="103.89323457548456">
        <ele>9.11355468351394</ele>
        <time>2026-10-05T09:59:33Z</time>
        <extensions>
          <gpxtpx:TrackPointExtension>
            <gpxtpx:hr>109</gpxtpx:hr>
          </gpxtpx:TrackPointExtension>
        </extensions>
      </trkpt>
      <trkpt lat="1.407972623040046" lon="103.89322765097822">
        <ele>9.097212010063231</ele>
        <time>2026-10-05T09:59:34Z</time>
        <extensions>
          <gpxtpx:TrackPointExtension>
            <gpxtpx:hr>109</gpxtpx:hr>
          </gpxtpx:TrackPointExtension>
        </extensions>
      </trkpt>
      <trkpt lat="1.4079603913676353" lon="103.8932213906579">
        <ele>9.076075751334429</ele>
        <time>2026-10-05T09:59:35Z</time>
        <extensions>
          <gpxtpx:TrackPointExtension>
            <gpxtpx:hr>109</gpxtpx:hr>
          </gpxtpx:TrackPointExtension>
        </extensions>
      </trkpt>
      <trkpt lat="1.4079481586880755" lon="103.8932153155152">
        <ele>9.05161842610687</ele>
        <time>2026-10-05T09:59:36Z</time>
        <extensions>
          <gpxtpx:TrackPointExtension>
            <gpxtpx:hr>110</gpxtpx:hr>
          </gpxtpx:TrackPointExtension>
        </extensions>
      </trkpt>
      <trkpt lat="1.4079356636570166" lon="103.89320873871571">
        <ele>9.02573458943516</ele>
        <time>2026-10-05T09:59:37Z</time>
        <extensions>
          <gpxtpx:TrackPointExtension>
            <gpxtpx:hr>110</gpxtpx:hr>
          </gpxtpx:TrackPointExtension>
        </extensions>
      </trkpt>
      <trkpt lat="1.4079234634683575" lon="103.89320140908683">
        <ele>9.000392935238779</ele>
        <time>2026-10-05T09:59:38Z</time>
        <extensions>
          <gpxtpx:TrackPointExtension>
            <gpxtpx:hr>110</gpxtpx:hr>
          </gpxtpx:TrackPointExtension>
        </extensions>
      </trkpt>
      <trkpt lat="1.407912214799341" lon="103.89319333978926">
        <ele>8.977368448860943</ele>
        <time>2026-10-05T09:59:39Z</time>
        <extensions>
          <gpxtpx:TrackPointExtension>
            <gpxtpx:hr>110</gpxtpx:hr>
          </gpxtpx:TrackPointExtension>
        </extensions>
      </trkpt>
      <trkpt lat="1.4079014898000233" lon="103.89318417159495">
        <ele>8.9578613396734</ele>
        <time>2026-10-05T09:59:40Z</time>
        <extensions>
          <gpxtpx:TrackPointExtension>
            <gpxtpx:hr>110</gpxtpx:hr>
          </gpxtpx:TrackPointExtension>
        </extensions>
      </trkpt>
      <trkpt lat="1.4078914496992574" lon="103.89317469281137">
        <ele>8.94260491989553</ele>
        <time>2026-10-05T09:59:41Z</time>
        <extensions>
          <gpxtpx:TrackPointExtension>
            <gpxtpx:hr>110</gpxtpx:hr>
          </gpxtpx:TrackPointExtension>
        </extensions>
      </trkpt>
      <trkpt lat="1.407882056143221" lon="103.89316618094314">
        <ele>8.931973709724844</ele>
        <time>2026-10-05T09:59:42Z</time>
        <extensions>
          <gpxtpx:TrackPointExtension>
            <gpxtpx:hr>110</gpxtpx:hr>
          </gpxtpx:TrackPointExtension>
        </extensions>
      </trkpt>
      <trkpt lat="1.4078731186671014" lon="103.89315868513728">
        <ele>8.925900581292808</ele>
        <time>2026-10-05T09:59:43Z</time>
        <extensions>
          <gpxtpx:TrackPointExtension>
            <gpxtpx:hr>110</gpxtpx:hr>
          </gpxtpx:TrackPointExtension>
        </extensions>
      </trkpt>
      <trkpt lat="1.40786495330663" lon="103.89315156106689">
        <ele>8.923912706784904</ele>
        <time>2026-10-05T09:59:44Z</time>
        <extensions>
          <gpxtpx:TrackPointExtension>
            <gpxtpx:hr>114</gpxtpx:hr>
          </gpxtpx:TrackPointExtension>
        </extensions>
      </trkpt>
      <trkpt lat="1.4078570468356975" lon="103.8931435049014">
        <ele>8.925087267532945</ele>
        <time>2026-10-05T09:59:45Z</time>
        <extensions>
          <gpxtpx:TrackPointExtension>
            <gpxtpx:hr>114</gpxtpx:hr>
          </gpxtpx:TrackPointExtension>
        </extensions>
      </trkpt>
      <trkpt lat="1.4078488820676764" lon="103.89313372662271">
        <ele>8.928206764161587</ele>
        <time>2026-10-05T09:59:46Z</time>
        <extensions>
          <gpxtpx:TrackPointExtension>
            <gpxtpx:hr>114</gpxtpx:hr>
          </gpxtpx:TrackPointExtension>
        </extensions>
      </trkpt>
      <trkpt lat="1.4078408448098139" lon="103.8931227869399">
        <ele>8.93197778519243</ele>
        <time>2026-10-05T09:59:47Z</time>
        <extensions>
          <gpxtpx:TrackPointExtension>
            <gpxtpx:hr>114</gpxtpx:hr>
          </gpxtpx:TrackPointExtension>
        </extensions>
      </trkpt>
      <trkpt lat="1.4078332706088181" lon="103.89311127491337">
        <ele>8.935354905202985</ele>
        <time>2026-10-05T09:59:48Z</time>
        <extensions>
          <gpxtpx:TrackPointExtension>
            <gpxtpx:hr>114</gpxtpx:hr>
          </gpxtpx:TrackPointExtension>
        </extensions>
      </trkpt>
      <trkpt lat="1.4078259178233288" lon="103.89309919564758">
        <ele>8.937475424259901</ele>
        <time>2026-10-05T09:59:49Z</time>
        <extensions>
          <gpxtpx:TrackPointExtension>
            <gpxtpx:hr>115</gpxtpx:hr>
          </gpxtpx:TrackPointExtension>
        </extensions>
      </trkpt>
      <trkpt lat="1.4078185650715984" lon="103.89308673367887">
        <ele>8.937896662391722</ele>
        <time>2026-10-05T09:59:50Z</time>
        <extensions>
          <gpxtpx:TrackPointExtension>
            <gpxtpx:hr>115</gpxtpx:hr>
          </gpxtpx:TrackPointExtension>
        </extensions>
      </trkpt>
      <trkpt lat="1.4078113979943978" lon="103.89307449067968">
        <ele>8.93660271819681</ele>
        <time>2026-10-05T09:59:51Z</time>
        <extensions>
          <gpxtpx:TrackPointExtension>
            <gpxtpx:hr>115</gpxtpx:hr>
          </gpxtpx:TrackPointExtension>
        </extensions>
      </trkpt>
      <trkpt lat="1.4078047836194705" lon="103.89306233673233">
        <ele>8.933926051482558</ele>
        <time>2026-10-05T09:59:52Z</time>
        <extensions>
          <gpxtpx:TrackPointExtension>
            <gpxtpx:hr>115</gpxtpx:hr>
          </gpxtpx:TrackPointExtension>
        </extensions>
      </trkpt>
      <trkpt lat="1.4077988757902116" lon="103.8930496823327">
        <ele>8.930443435907364</ele>
        <time>2026-10-05T09:59:53Z</time>
        <extensions>
          <gpxtpx:TrackPointExtension>
            <gpxtpx:hr>115</gpxtpx:hr>
          </gpxtpx:TrackPointExtension>
        </extensions>
      </trkpt>
      <trkpt lat="1.4077935761354903" lon="103.89303630552685">
        <ele>8.926930725574493</ele>
        <time>2026-10-05T09:59:54Z</time>
        <extensions>
          <gpxtpx:TrackPointExtension>
            <gpxtpx:hr>116</gpxtpx:hr>
          </gpxtpx:TrackPointExtension>
        </extensions>
      </trkpt>
      <trkpt lat="1.4077883299006686" lon="103.8930226001072">
        <ele>8.924255621619523</ele>
        <time>2026-10-05T09:59:55Z</time>
        <extensions>
          <gpxtpx:TrackPointExtension>
            <gpxtpx:hr>116</gpxtpx:hr>
          </gpxtpx:TrackPointExtension>
        </extensions>
      </trkpt>
      <trkpt lat="1.4077828865350763" lon="103.89300943316891">
        <ele>8.923260435461998</ele>
        <time>2026-10-05T09:59:56Z</time>
        <extensions>
          <gpxtpx:TrackPointExtension>
            <gpxtpx:hr>116</gpxtpx:hr>
          </gpxtpx:TrackPointExtension>
        </extensions>
      </trkpt>
      <trkpt lat="1.4077772143508327" lon="103.89299701731314">
        <ele>8.92463385593146</ele>
        <time>2026-10-05T09:59:57Z</time>
        <extensions>
          <gpxtpx:TrackPointExtension>
            <gpxtpx:hr>116</gpxtpx:hr>
          </gpxtpx:TrackPointExtension>
        </extensions>
      </trkpt>
      <trkpt lat="1.4077711439299327" lon="103.89298477891111">
        <ele>8.928762695752084</ele>
        <time>2026-10-05T09:59:58Z</time>
        <extensions>
          <gpxtpx:TrackPointExtension>
            <gpxtpx:hr>116</gpxtpx:hr>
          </gpxtpx:TrackPointExtension>
        </extensions>
      </trkpt>
      <trkpt lat="1.4077645762596445" lon="103.89297230622867">
        <ele>8.935744792222977</ele>
        <time>2026-10-05T09:59:59Z</time>
        <extensions>
          <gpxtpx:TrackPointExtension>
            <gpxtpx:hr>117</gpxtpx:hr>
          </gpxtpx:TrackPointExtension>
        </extensions>
      </trkpt>
      <trkpt lat="1.4077576146549517" lon="103.89295979856507">
        <ele>8.945334793999791</ele>
        <time>2026-10-05T10:00:00Z</time>
        <extensions>
          <gpxtpx:TrackPointExtension>
            <gpxtpx:hr>117</gpxtpx:hr>
          </gpxtpx:TrackPointExtension>
        </extensions>
      </trkpt>
      <trkpt lat="1.4077500367471836" lon="103.89294747796723">
        <ele>8.95695807505399</ele>
        <time>2026-10-05T10:00:01Z</time>
        <extensions>
          <gpxtpx:TrackPointExtension>
            <gpxtpx:hr>117</gpxtpx:hr>
          </gpxtpx:TrackPointExtension>
        </extensions>
      </trkpt>
      <trkpt lat="1.4077420467263104" lon="103.89293549724835">
        <ele>8.969964539632201</ele>
        <time>2026-10-05T10:00:02Z</time>
        <extensions>
          <gpxtpx:TrackPointExtension>
            <gpxtpx:hr>117</gpxtpx:hr>
          </gpxtpx:TrackPointExtension>
        </extensions>
      </trkpt>
      <trkpt lat="1.4077343054366873" lon="103.89292375062836">
        <ele>8.983690794557333</ele>
        <time>2026-10-05T10:00:03Z</time>
        <extensions>
          <gpxtpx:TrackPointExtension>
            <gpxtpx:hr>117</gpxtpx:hr>
          </gpxtpx:TrackPointExtension>
        </extensions>
      </trkpt>
      <trkpt lat="1.4077270384034617" lon="103.89291183335064">
        <ele>8.997510187327862</ele>
        <time>2026-10-05T10:00:04Z</time>
        <extensions>
          <gpxtpx:TrackPointExtension>
            <gpxtpx:hr>117</gpxtpx:hr>
          </gpxtpx:TrackPointExtension>
        </extensions>
      </trkpt>
      <trkpt lat="1.4077196922730781" lon="103.89290002837343">
        <ele>9.010840088129044</ele>
        <time>2026-10-05T10:00:05Z</time>
        <extensions>
          <gpxtpx:TrackPointExtension>
            <gpxtpx:hr>116</gpxtpx:hr>
          </gpxtpx:TrackPointExtension>
        </extensions>
      </trkpt>
      <trkpt lat="1.407711605373307" lon="103.89288904052802">
        <ele>9.023174710571766</ele>
        <time>2026-10-05T10:00:06Z</time>
        <extensions>
          <gpxtpx:TrackPointExtension>
            <gpxtpx:hr>116</gpxtpx:hr>
          </gpxtpx:TrackPointExtension>
        </extensions>
      </trkpt>
      <trkpt lat="1.407702998598247" lon="103.89287897562919">
        <ele>9.034133730456233</ele>
        <time>2026-10-05T10:00:07Z</time>
        <extensions>
          <gpxtpx:TrackPointExtension>
            <gpxtpx:hr>116</gpxtpx:hr>
          </gpxtpx:TrackPointExtension>
        </extensions>
      </trkpt>
      <trkpt lat="1.4076942535696102" lon="103.89286977220725">
        <ele>9.043321130797267</ele>
        <time>2026-10-05T10:00:08Z</time>
        <extensions>
          <gpxtpx:TrackPointExtension>
            <gpxtpx:hr>116</gpxtpx:hr>
          </gpxtpx:TrackPointExtension>
        </extensions>
      </trkpt>
      <trkpt lat="1.4076855943472693" lon="103.89286101848325">
        <ele>9.050430927425623</ele>
        <time>2026-10-05T10:00:09Z</time>
        <extensions>
          <gpxtpx:TrackPointExtension>
            <gpxtpx:hr>116</gpxtpx:hr>
          </gpxtpx:TrackPointExtension>
        </extensions>
      </trkpt>
      <trkpt lat="1.4076768100189592" lon="103.8928518999211">
        <ele>9.055325202643871</ele>
        <time>2026-10-05T10:00:10Z</time>
        <extensions>
          <gpxtpx:TrackPointExtension>
            <gpxtpx:hr>116</gpxtpx:hr>
          </gpxtpx:TrackPointExtension>
        </extensions>
      </trkpt>
      <trkpt lat="1.4076674572488872" lon="103.8928414769264">
        <ele>9.058052389882505</ele>
        <time>2026-10-05T10:00:11Z</time>
        <extensions>
          <gpxtpx:TrackPointExtension>
            <gpxtpx:hr>116</gpxtpx:hr>
          </gpxtpx:TrackPointExtension>
        </extensions>
      </trkpt>
      <trkpt lat="1.4076581446440535" lon="103.89283072285828">
        <ele>9.058740396983922</ele>
        <time>2026-10-05T10:00:12Z</time>
        <extensions>
          <gpxtpx:TrackPointExtension>
            <gpxtpx:hr>116</gpxtpx:hr>
          </gpxtpx:TrackPointExtension>
        </extensions>
      </trkpt>
      <trkpt lat="1.4076495835708565" lon="103.89282139971293">
        <ele>9.057573032565415</ele>
        <time>2026-10-05T10:00:13Z</time>
        <extensions>
          <gpxtpx:TrackPointExtension>
            <gpxtpx:hr>116</gpxtpx:hr>
          </gpxtpx:TrackPointExtension>
        </extensions>
      </trkpt>
      <trkpt lat="1.407641256292069" lon="103.89281328695654">
        <ele>9.05471145734191</ele>
        <time>2026-10-05T10:00:14Z</time>
        <extensions>
          <gpxtpx:TrackPointExtension>
            <gpxtpx:hr>116</gpxtpx:hr>
          </gpxtpx:TrackPointExtension>
        </extensions>
      </trkpt>
      <trkpt lat="1.4076322425884973" lon="103.89280540861697">
        <ele>9.050201063975692</ele>
        <time>2026-10-05T10:00:15Z</time>
        <extensions>
          <gpxtpx:TrackPointExtension>
            <gpxtpx:hr>116</gpxtpx:hr>
          </gpxtpx:TrackPointExtension>
        </extensions>
      </trkpt>
      <trkpt lat="1.4076220103797032" lon="103.89279720527591">
        <ele>9.044200927950442</ele>
        <time>2026-10-05T10:00:16Z</time>
        <extensions>
          <gpxtpx:TrackPointExtension>
            <gpxtpx:hr>116</gpxtpx:hr>
          </gpxtpx:TrackPointExtension>
        </extensions>
      </trkpt>
      <trkpt lat="1.407611305791775" lon="103.89278874051557">
        <ele>9.036936703138053</ele>
        <time>2026-10-05T10:00:17Z</time>
        <extensions>
          <gpxtpx:TrackPointExtension>
            <gpxtpx:hr>116</gpxtpx:hr>
          </gpxtpx:TrackPointExtension>
        </extensions>
      </trkpt>
      <trkpt lat="1.40760117287844" lon="103.89277982623163">
        <ele>9.028806596063077</ele>
        <time>2026-10-05T10:00:18Z</time>
        <extensions>
          <gpxtpx:TrackPointExtension>
            <gpxtpx:hr>116</gpxtpx:hr>
          </gpxtpx:TrackPointExtension>
        </extensions>
      </trkpt>
      <trkpt lat="1.4075919506601766" lon="103.89277044489712">
        <ele>9.020368730649352</ele>
        <time>2026-10-05T10:00:19Z</time>
        <extensions>
          <gpxtpx:TrackPointExtension>
            <gpxtpx:hr>116</gpxtpx:hr>
          </gpxtpx:TrackPointExtension>
        </extensions>
      </trkpt>
      <trkpt lat="1.4075835366925165" lon="103.89276105946703">
        <ele>9.012241866439581</ele>
        <time>2026-10-05T10:00:20Z</time>
        <extensions>
          <gpxtpx:TrackPointExtension>
            <gpxtpx:hr>116</gpxtpx:hr>
          </gpxtpx:TrackPointExtension>
        </extensions>
      </trkpt>
      <trkpt lat="1.4075754982216921" lon="103.89275184393928">
        <ele>9.005058394744992</ele>
        <time>2026-10-05T10:00:21Z</time>
        <extensions>
          <gpxtpx:TrackPointExtension>
            <gpxtpx:hr>115</gpxtpx:hr>
          </gpxtpx:TrackPointExtension>
        </extensions>
      </trkpt>
      <trkpt lat="1.4075672339358585" lon="103.8927425600648">
        <ele>8.999396242201328</ele>
        <time>2026-10-05T10:00:22Z</time>
        <extensions>
          <gpxtpx:TrackPointExtension>
            <gpxtpx:hr>115</gpxtpx:hr>
          </gpxtpx:TrackPointExtension>
        </extensions>
      </trkpt>
      <trkpt lat="1.4075577977054077" lon="103.89273268680638">
        <ele>8.995718109421432</ele>
        <time>2026-10-05T10:00:23Z</time>
        <extensions>
          <gpxtpx:TrackPointExtension>
            <gpxtpx:hr>115</gpxtpx:hr>
          </gpxtpx:TrackPointExtension>
        </extensions>
      </trkpt>
      <trkpt lat="1.4075469017891573" lon="103.89272222372061">
        <ele>8.994318336248398</ele>
        <time>2026-10-05T10:00:24Z</time>
        <extensions>
          <gpxtpx:TrackPointExtension>
            <gpxtpx:hr>115</gpxtpx:hr>
          </gpxtpx:TrackPointExtension>
        </extensions>
      </trkpt>
      <trkpt lat="1.407535277385514" lon="103.89271190488914">
        <ele>8.995227811858058</ele>
        <time>2026-10-05T10:00:25Z</time>
        <extensions>
          <gpxtpx:TrackPointExtension>
            <gpxtpx:hr>115</gpxtpx:hr>
          </gpxtpx:TrackPointExtension>
        </extensions>
      </trkpt>
      <trkpt lat="1.4075234719836298" lon="103.89270226623063">
        <ele>8.99836553633213</ele>
        <time>2026-10-05T10:00:26Z</time>
        <extensions>
          <gpxtpx:TrackPointExtension>
            <gpxtpx:hr>115</gpxtpx:hr>
          </gpxtpx:TrackPointExtension>
        </extensions>
      </trkpt>
      <trkpt lat="1.4075112513693169" lon="103.89269309258805">
        <ele>9.003570769913495</ele>
        <time>2026-10-05T10:00:27Z</time>
        <extensions>
          <gpxtpx:TrackPointExtension>
            <gpxtpx:hr>115</gpxtpx:hr>
          </gpxtpx:TrackPointExtension>
        </extensions>
      </trkpt>
      <trkpt lat="1.407498540085614" lon="103.89268373347501">
        <ele>9.010610090568662</ele>
        <time>2026-10-05T10:00:28Z</time>
        <extensions>
          <gpxtpx:TrackPointExtension>
            <gpxtpx:hr>115</gpxtpx:hr>
          </gpxtpx:TrackPointExtension>
        </extensions>
      </trkpt>
      <trkpt lat="1.4074863709264251" lon="103.89267428711698">
        <ele>9.019052986055613</ele>
        <time>2026-10-05T10:00:29Z</time>
        <extensions>
          <gpxtpx:TrackPointExtension>
            <gpxtpx:hr>115</gpxtpx:hr>
          </gpxtpx:TrackPointExtension>
        </extensions>
      </trkpt>
      <trkpt lat="1.4074753715647088" lon="103.89266504087644">
        <ele>9.028596054762602</ele>
        <time>2026-10-05T10:00:30Z</time>
        <extensions>
          <gpxtpx:TrackPointExtension>
            <gpxtpx:hr>115</gpxtpx:hr>
          </gpxtpx:TrackPointExtension>
        </extensions>
      </trkpt>
      <trkpt lat="1.4074640297785745" lon="103.89265545157707">
        <ele>9.038728537969291</ele>
        <time>2026-10-05T10:00:31Z</time>
        <extensions>
          <gpxtpx:TrackPointExtension>
            <gpxtpx:hr>115</gpxtpx:hr>
          </gpxtpx:TrackPointExtension>
        </extensions>
      </trkpt>
      <trkpt lat="1.4074528671472268" lon="103.89264600261654">
        <ele>9.048864676617086</ele>
        <time>2026-10-05T10:00:32Z</time>
        <extensions>
          <gpxtpx:TrackPointExtension>
            <gpxtpx:hr>115</gpxtpx:hr>
          </gpxtpx:TrackPointExtension>
        </extensions>
      </trkpt>
      <trkpt lat="1.4074431342346168" lon="103.89263675231392">
        <ele>9.058373454026878</ele>
        <time>2026-10-05T10:00:33Z</time>
        <extensions>
          <gpxtpx:TrackPointExtension>
            <gpxtpx:hr>115</gpxtpx:hr>
          </gpxtpx:TrackPointExtension>
        </extensions>
      </trkpt>
      <trkpt lat="1.4074343646861716" lon="103.89262773828015">
        <ele>9.066600761376321</ele>
        <time>2026-10-05T10:00:34Z</time>
        <extensions>
          <gpxtpx:TrackPointExtension>
            <gpxtpx:hr>115</gpxtpx:hr>
          </gpxtpx:TrackPointExtension>
        </extensions>
      </trkpt>
      <trkpt lat="1.4074253539172845" lon="103.8926188958404">
        <ele>9.072689967229962</ele>
        <time>2026-10-05T10:00:35Z</time>
        <extensions>
          <gpxtpx:TrackPointExtension>
            <gpxtpx:hr>114</gpxtpx:hr>
          </gpxtpx:TrackPointExtension>
        </extensions>
      </trkpt>
      <trkpt lat="1.407415450089991" lon="103.89260979911691">
        <ele>9.075744302943349</ele>
        <time>2026-10-05T10:00:36Z</time>
        <extensions>
          <gpxtpx:TrackPointExtension>
            <gpxtpx:hr>114</gpxtpx:hr>
          </gpxtpx:TrackPointExtension>
        </extensions>
      </trkpt>
      <trkpt lat="1.4074051036720017" lon="103.89260060813619">
        <ele>9.07495192065835</ele>
        <time>2026-10-05T10:00:37Z</time>
        <extensions>
          <gpxtpx:TrackPointExtension>
            <gpxtpx:hr>114</gpxtpx:hr>
          </gpxtpx:TrackPointExtension>
        </extensions>
      </trkpt>
      <trkpt lat="1.407394906182754" lon="103.89259182208384">
        <ele>9.069807549007237</ele>
        <time>2026-10-05T10:00:38Z</time>
        <extensions>
          <gpxtpx:TrackPointExtension>
            <gpxtpx:hr>112</gpxtpx:hr>
          </gpxtpx:TrackPointExtension>
        </extensions>
      </trkpt>
      <trkpt lat="1.407385924852042" lon="103.89258388376801">
        <ele>9.060234009288251</ele>
        <time>2026-10-05T10:00:39Z</time>
        <extensions>
          <gpxtpx:TrackPointExtension>
            <gpxtpx:hr>112</gpxtpx:hr>
          </gpxtpx:TrackPointExtension>
        </extensions>
      </trkpt>
      <trkpt lat="1.4073776906375428" lon="103.89257617963203">
        <ele>9.046612342819571</ele>
        <time>2026-10-05T10:00:40Z</time>
        <extensions>
          <gpxtpx:TrackPointExtension>
            <gpxtpx:hr>112</gpxtpx:hr>
          </gpxtpx:TrackPointExtension>
        </extensions>
      </trkpt>
      <trkpt lat="1.407368630532362" lon="103.8925676169858">
        <ele>9.029819373972714</ele>
        <time>2026-10-05T10:00:41Z</time>
        <extensions>
          <gpxtpx:TrackPointExtension>
            <gpxtpx:hr>112</gpxtpx:hr>
          </gpxtpx:TrackPointExtension>
        </extensions>
      </trkpt>
      <trkpt lat="1.407358628493383" lon="103.89255850698929">
        <ele>9.011041793040931</ele>
        <time>2026-10-05T10:00:42Z</time>
        <extensions>
          <gpxtpx:TrackPointExtension>
            <gpxtpx:hr>112</gpxtpx:hr>
          </gpxtpx:TrackPointExtension>
        </extensions>
      </trkpt>
      <trkpt lat="1.4073486438001852" lon="103.89254970087102">
        <ele>8.991517686285079</ele>
        <time>2026-10-05T10:00:43Z</time>
        <extensions>
          <gpxtpx:TrackPointExtension>
            <gpxtpx:hr>112</gpxtpx:hr>
          </gpxtpx:TrackPointExtension>
        </extensions>
      </trkpt>
      <trkpt lat="1.407338865723641" lon="103.8925411616951">
        <ele>8.97219249047339</ele>
        <time>2026-10-05T10:00:44Z</time>
        <extensions>
          <gpxtpx:TrackPointExtension>
            <gpxtpx:hr>112</gpxtpx:hr>
          </gpxtpx:TrackPointExtension>
        </extensions>
      </trkpt>
      <trkpt lat="1.407329420868798" lon="103.89253284284236">
        <ele>8.9536784728989</ele>
        <time>2026-10-05T10:00:45Z</time>
        <extensions>
          <gpxtpx:TrackPointExtension>
            <gpxtpx:hr>116</gpxtpx:hr>
          </gpxtpx:TrackPointExtension>
        </extensions>
      </trkpt>
      <trkpt lat="1.4073202588351352" lon="103.89252439862379">
        <ele>8.936341674998403</ele>
        <time>2026-10-05T10:00:46Z</time>
        <extensions>
          <gpxtpx:TrackPointExtension>
            <gpxtpx:hr>116</gpxtpx:hr>
          </gpxtpx:TrackPointExtension>
        </extensions>
      </trkpt>
      <trkpt lat="1.4073115860273484" lon="103.89251578551308">
        <ele>8.920398907735944</ele>
        <time>2026-10-05T10:00:47Z</time>
        <extensions>
          <gpxtpx:TrackPointExtension>
            <gpxtpx:hr>116</gpxtpx:hr>
          </gpxtpx:TrackPointExtension>
        </extensions>
      </trkpt>
      <trkpt lat="1.4073034737229557" lon="103.89250717342088">
        <ele>8.905974215827882</ele>
        <time>2026-10-05T10:00:48Z</time>
        <extensions>
          <gpxtpx:TrackPointExtension>
            <gpxtpx:hr>116</gpxtpx:hr>
          </gpxtpx:TrackPointExtension>
        </extensions>
      </trkpt>
      <trkpt lat="1.4072948658518454" lon="103.89249809195817">
        <ele>8.89306369330734</ele>
        <time>2026-10-05T10:00:49Z</time>
        <extensions>
          <gpxtpx:TrackPointExtension>
            <gpxtpx:hr>116</gpxtpx:hr>
          </gpxtpx:TrackPointExtension>
        </extensions>
      </trkpt>
      <trkpt lat="1.4072848641892257" lon="103.89248863867121">
        <ele>8.881610236130655</ele>
        <time>2026-10-05T10:00:50Z</time>
        <extensions>
          <gpxtpx:TrackPointExtension>
            <gpxtpx:hr>115</gpxtpx:hr>
          </gpxtpx:TrackPointExtension>
        </extensions>
      </trkpt>
      <trkpt lat="1.4072738697962948" lon="103.8924792842898">
        <ele>8.871495228260756</ele>
        <time>2026-10-05T10:00:51Z</time>
        <extensions>
          <gpxtpx:TrackPointExtension>
            <gpxtpx:hr>115</gpxtpx:hr>
          </gpxtpx:TrackPointExtension>
        </extensions>
      </trkpt>
      <trkpt lat="1.407262632072472" lon="103.89247032472719">
        <ele>8.86259772349149</ele>
        <time>2026-10-05T10:00:52Z</time>
        <extensions>
          <gpxtpx:TrackPointExtension>
            <gpxtpx:hr>115</gpxtpx:hr>
          </gpxtpx:TrackPointExtension>
        </extensions>
      </trkpt>
      <trkpt lat="1.4072512389873555" lon="103.89246149453925">
        <ele>8.854900960810483</ele>
        <time>2026-10-05T10:00:53Z</time>
        <extensions>
          <gpxtpx:TrackPointExtension>
            <gpxtpx:hr>114</gpxtpx:hr>
          </gpxtpx:TrackPointExtension>
        </extensions>
      </trkpt>
      <trkpt lat="1.4072397890032884" lon="103.89245210573706">
        <ele>8.848440298810601</ele>
        <time>2026-10-05T10:00:54Z</time>
        <extensions>
          <gpxtpx:TrackPointExtension>
            <gpxtpx:hr>114</gpxtpx:hr>
          </gpxtpx:TrackPointExtension>
        </extensions>
      </trkpt>
      <trkpt lat="1.40722840025434" lon="103.89244166352054">
        <ele>8.843230570666492</ele>
        <time>2026-10-05T10:00:55Z</time>
        <extensions>
          <gpxtpx:TrackPointExtension>
            <gpxtpx:hr>114</gpxtpx:hr>
          </gpxtpx:TrackPointExtension>
        </extensions>
      </trkpt>
      <trkpt lat="1.4072173883831574" lon="103.89243059294192">
        <ele>8.839138273149729</ele>
        <time>2026-10-05T10:00:56Z</time>
        <extensions>
          <gpxtpx:TrackPointExtension>
            <gpxtpx:hr>114</gpxtpx:hr>
          </gpxtpx:TrackPointExtension>
        </extensions>
      </trkpt>
      <trkpt lat="1.4072068674630798" lon="103.89241975520795">
        <ele>8.835895146243274</ele>
        <time>2026-10-05T10:00:57Z</time>
        <extensions>
          <gpxtpx:TrackPointExtension>
            <gpxtpx:hr>114</gpxtpx:hr>
          </gpxtpx:TrackPointExtension>
        </extensions>
      </trkpt>
      <trkpt lat="1.407196514867129" lon="103.89240965593477">
        <ele>8.833185715600848</ele>
        <time>2026-10-05T10:00:58Z</time>
        <extensions>
          <gpxtpx:TrackPointExtension>
            <gpxtpx:hr>114</gpxtpx:hr>
          </gpxtpx:TrackPointExtension>
        </extensions>
      </trkpt>
      <trkpt lat="1.407186333254115" lon="103.89240078079216">
        <ele>8.830725697800517</ele>
        <time>2026-10-05T10:00:59Z</time>
        <extensions>
          <gpxtpx:TrackPointExtension>
            <gpxtpx:hr>114</gpxtpx:hr>
          </gpxtpx:TrackPointExtension>
        </extensions>
      </trkpt>
      <trkpt lat="1.407176384656619" lon="103.89239334857952">
        <ele>8.828287152573466</ele>
        <time>2026-10-05T10:01:00Z</time>
        <extensions>
          <gpxtpx:TrackPointExtension>
            <gpxtpx:hr>113</gpxtpx:hr>
          </gpxtpx:TrackPointExtension>
        </extensions>
      </trkpt>
      <trkpt lat="1.4071662834304945" lon="103.89238651592021">
        <ele>8.825685504823923</ele>
        <time>2026-10-05T10:01:01Z</time>
        <extensions>
          <gpxtpx:TrackPointExtension>
            <gpxtpx:hr>113</gpxtpx:hr>
          </gpxtpx:TrackPointExtension>
        </extensions>
      </trkpt>
      <trkpt lat="1.4071558452568995" lon="103.89237937177721">
        <ele>8.822795175947249</ele>
        <time>2026-10-05T10:01:02Z</time>
        <extensions>
          <gpxtpx:TrackPointExtension>
            <gpxtpx:hr>113</gpxtpx:hr>
          </gpxtpx:TrackPointExtension>
        </extensions>
      </trkpt>
      <trkpt lat="1.4071453533760534" lon="103.89237186512015">
        <ele>8.819603302516043</ele>
        <time>2026-10-05T10:01:03Z</time>
        <extensions>
          <gpxtpx:TrackPointExtension>
            <gpxtpx:hr>113</gpxtpx:hr>
          </gpxtpx:TrackPointExtension>
        </extensions>
      </trkpt>
      <trkpt lat="1.4071351412428528" lon="103.89236421213289">
        <ele>8.81611473672092</ele>
        <time>2026-10-05T10:01:04Z</time>
        <extensions>
          <gpxtpx:TrackPointExtension>
            <gpxtpx:hr>113</gpxtpx:hr>
          </gpxtpx:TrackPointExtension>
        </extensions>
      </trkpt>
      <trkpt lat="1.4071256451084997" lon="103.89235641848305">
        <ele>8.812345845624804</ele>
        <time>2026-10-05T10:01:05Z</time>
        <extensions>
          <gpxtpx:TrackPointExtension>
            <gpxtpx:hr>113</gpxtpx:hr>
          </gpxtpx:TrackPointExtension>
        </extensions>
      </trkpt>
      <trkpt lat="1.407117053602894" lon="103.8923488561511">
        <ele>8.8083435613662</ele>
        <time>2026-10-05T10:01:06Z</time>
        <extensions>
          <gpxtpx:TrackPointExtension>
            <gpxtpx:hr>111</gpxtpx:hr>
          </gpxtpx:TrackPointExtension>
        </extensions>
      </trkpt>
      <trkpt lat="1.4071088998735324" lon="103.89234185271151">
        <ele>8.803943955339491</ele>
        <time>2026-10-05T10:01:07Z</time>
        <extensions>
          <gpxtpx:TrackPointExtension>
            <gpxtpx:hr>111</gpxtpx:hr>
          </gpxtpx:TrackPointExtension>
        </extensions>
      </trkpt>
      <trkpt lat="1.4071003935222994" lon="103.89233506978441">
        <ele>8.798907191492617</ele>
        <time>2026-10-05T10:01:08Z</time>
        <extensions>
          <gpxtpx:TrackPointExtension>
            <gpxtpx:hr>111</gpxtpx:hr>
          </gpxtpx:TrackPointExtension>
        </extensions>
      </trkpt>
      <trkpt lat="1.4070910827726648" lon="103.89232804608586">
        <ele>8.79295527935028</ele>
        <time>2026-10-05T10:01:09Z</time>
        <extensions>
          <gpxtpx:TrackPointExtension>
            <gpxtpx:hr>111</gpxtpx:hr>
          </gpxtpx:TrackPointExtension>
        </extensions>
      </trkpt>
      <trkpt lat="1.4070810910115206" lon="103.89232068640418">
        <ele>8.785769472829998</ele>
        <time>2026-10-05T10:01:10Z</time>
        <extensions>
          <gpxtpx:TrackPointExtension>
            <gpxtpx:hr>111</gpxtpx:hr>
          </gpxtpx:TrackPointExtension>
        </extensions>
      </trkpt>
      <trkpt lat="1.4070709780591608" lon="103.89231300175356">
        <ele>8.776884595863521</ele>
        <time>2026-10-05T10:01:11Z</time>
        <extensions>
          <gpxtpx:TrackPointExtension>
            <gpxtpx:hr>111</gpxtpx:hr>
          </gpxtpx:TrackPointExtension>
        </extensions>
      </trkpt>
      <trkpt lat="1.407060712409381" lon="103.89230512461997">
        <ele>8.76601892337203</ele>
        <time>2026-10-05T10:01:12Z</time>
        <extensions>
          <gpxtpx:TrackPointExtension>
            <gpxtpx:hr>111</gpxtpx:hr>
          </gpxtpx:TrackPointExtension>
        </extensions>
      </trkpt>
      <trkpt lat="1.407050125394919" lon="103.89229725314485">
        <ele>8.752933917567134</ele>
        <time>2026-10-05T10:01:13Z</time>
        <extensions>
          <gpxtpx:TrackPointExtension>
            <gpxtpx:hr>111</gpxtpx:hr>
          </gpxtpx:TrackPointExtension>
        </extensions>
      </trkpt>
      <trkpt lat="1.4070389967640928" lon="103.89228904675322">
        <ele>8.73759817238897</ele>
        <time>2026-10-05T10:01:14Z</time>
        <extensions>
          <gpxtpx:TrackPointExtension>
            <gpxtpx:hr>111</gpxtpx:hr>
          </gpxtpx:TrackPointExtension>
        </extensions>
      </trkpt>
      <trkpt lat="1.4070271464976012" lon="103.89228010819022">
        <ele>8.720291608013213</ele>
        <time>2026-10-05T10:01:15Z</time>
        <extensions>
          <gpxtpx:TrackPointExtension>
            <gpxtpx:hr>110</gpxtpx:hr>
          </gpxtpx:TrackPointExtension>
        </extensions>
      </trkpt>
      <trkpt lat="1.407014572072215" lon="103.89227074057365">
        <ele>8.70156285353005</ele>
        <time>2026-10-05T10:01:16Z</time>
        <extensions>
          <gpxtpx:TrackPointExtension>
            <gpxtpx:hr>110</gpxtpx:hr>
          </gpxtpx:TrackPointExtension>
        </extensions>
      </trkpt>
      <trkpt lat="1.4070012390514786" lon="103.89226108035774">
        <ele>8.682266094721854</ele>
        <time>2026-10-05T10:01:17Z</time>
        <extensions>
          <gpxtpx:TrackPointExtension>
            <gpxtpx:hr>110</gpxtpx:hr>
          </gpxtpx:TrackPointExtension>
        </extensions>
      </trkpt>
      <trkpt lat="1.4069868379656503" lon="103.89225123248814">
        <ele>8.663429654203355</ele>
        <time>2026-10-05T10:01:18Z</time>
        <extensions>
          <gpxtpx:TrackPointExtension>
            <gpxtpx:hr>110</gpxtpx:hr>
          </gpxtpx:TrackPointExtension>
        </extensions>
      </trkpt>
      <trkpt lat="1.4069723750646062" lon="103.89224197226237">
        <ele>8.646076942794025</ele>
        <time>2026-10-05T10:01:19Z</time>
        <extensions>
          <gpxtpx:TrackPointExtension>
            <gpxtpx:hr>110</gpxtpx:hr>
          </gpxtpx:TrackPointExtension>
        </extensions>
      </trkpt>
      <trkpt lat="1.4069579862723478" lon="103.89223317216437">
        <ele>8.631055143661797</ele>
        <time>2026-10-05T10:01:20Z</time>
        <extensions>
          <gpxtpx:TrackPointExtension>
            <gpxtpx:hr>110</gpxtpx:hr>
          </gpxtpx:TrackPointExtension>
        </extensions>
      </trkpt>
      <trkpt lat="1.406943169393488" lon="103.89222402171292">
        <ele>8.618781555444002</ele>
        <time>2026-10-05T10:01:21Z</time>
        <extensions>
          <gpxtpx:TrackPointExtension>
            <gpxtpx:hr>110</gpxtpx:hr>
          </gpxtpx:TrackPointExtension>
        </extensions>
      </trkpt>
      <trkpt lat="1.406928153394247" lon="103.89221437064651">
        <ele>8.60967246349901</ele>
        <time>2026-10-05T10:01:22Z</time>
        <extensions>
          <gpxtpx:TrackPointExtension>
            <gpxtpx:hr>110</gpxtpx:hr>
          </gpxtpx:TrackPointExtension>
        </extensions>
      </trkpt>
      <trkpt lat="1.4069135324064441" lon="103.89220482745135">
        <ele>8.60396040417254</ele>
        <time>2026-10-05T10:01:23Z</time>
        <extensions>
          <gpxtpx:TrackPointExtension>
            <gpxtpx:hr>110</gpxtpx:hr>
          </gpxtpx:TrackPointExtension>
        </extensions>
      </trkpt>
      <trkpt lat="1.4068996822842674" lon="103.89219572564008">
        <ele>8.601693211123347</ele>
        <time>2026-10-05T10:01:24Z</time>
        <extensions>
          <gpxtpx:TrackPointExtension>
            <gpxtpx:hr>110</gpxtpx:hr>
          </gpxtpx:TrackPointExtension>
        </extensions>
      </trkpt>
      <trkpt lat="1.4068865300891145" lon="103.89218632535332">
        <ele>8.60268137510866</ele>
        <time>2026-10-05T10:01:25Z</time>
        <extensions>
          <gpxtpx:TrackPointExtension>
            <gpxtpx:hr>111</gpxtpx:hr>
          </gpxtpx:TrackPointExtension>
        </extensions>
      </trkpt>
      <trkpt lat="1.406874249459125" lon="103.89217583491335">
        <ele>8.606932989321649</ele>
        <time>2026-10-05T10:01:26Z</time>
        <extensions>
          <gpxtpx:TrackPointExtension>
            <gpxtpx:hr>111</gpxtpx:hr>
          </gpxtpx:TrackPointExtension>
        </extensions>
      </trkpt>
      <trkpt lat="1.406862332358318" lon="103.89216401857628">
        <ele>8.614159689284861</ele>
        <time>2026-10-05T10:01:27Z</time>
        <extensions>
          <gpxtpx:TrackPointExtension>
            <gpxtpx:hr>111</gpxtpx:hr>
          </gpxtpx:TrackPointExtension>
        </extensions>
      </trkpt>
      <trkpt lat="1.4068504224340386" lon="103.89215119667509">
        <ele>8.62399376835674</ele>
        <time>2026-10-05T10:01:28Z</time>
        <extensions>
          <gpxtpx:TrackPointExtension>
            <gpxtpx:hr>111</gpxtpx:hr>
          </gpxtpx:TrackPointExtension>
        </extensions>
      </trkpt>
      <trkpt lat="1.4068387343126585" lon="103.8921382539484">
        <ele>8.636124288663268</ele>
        <time>2026-10-05T10:01:29Z</time>
        <extensions>
          <gpxtpx:TrackPointExtension>
            <gpxtpx:hr>111</gpxtpx:hr>
          </gpxtpx:TrackPointExtension>
        </extensions>
      </trkpt>
      <trkpt lat="1.406827437753536" lon="103.89212544240652">
        <ele>8.650090743787587</ele>
        <time>2026-10-05T10:01:30Z</time>
        <extensions>
          <gpxtpx:TrackPointExtension>
            <gpxtpx:hr>111</gpxtpx:hr>
          </gpxtpx:TrackPointExtension>
        </extensions>
      </trkpt>
      <trkpt lat="1.406816542565037" lon="103.89211299290898">
        <ele>8.6649597203359</ele>
        <time>2026-10-05T10:01:31Z</time>
        <extensions>
          <gpxtpx:TrackPointExtension>
            <gpxtpx:hr>112</gpxtpx:hr>
          </gpxtpx:TrackPointExtension>
        </extensions>
      </trkpt>
      <trkpt lat="1.4068062362118638" lon="103.89210105904395">
        <ele>8.679371498525143</ele>
        <time>2026-10-05T10:01:32Z</time>
        <extensions>
          <gpxtpx:TrackPointExtension>
            <gpxtpx:hr>112</gpxtpx:hr>
          </gpxtpx:TrackPointExtension>
        </extensions>
      </trkpt>
      <trkpt lat="1.4067964356067049" lon="103.89208934415434">
        <ele>8.691690829582512</ele>
        <time>2026-10-05T10:01:33Z</time>
        <extensions>
          <gpxtpx:TrackPointExtension>
            <gpxtpx:hr>112</gpxtpx:hr>
          </gpxtpx:TrackPointExtension>
        </extensions>
      </trkpt>
      <trkpt lat="1.4067869668391164" lon="103.89207789617669">
        <ele>8.700313664972782</ele>
        <time>2026-10-05T10:01:34Z</time>
        <extensions>
          <gpxtpx:TrackPointExtension>
            <gpxtpx:hr>112</gpxtpx:hr>
          </gpxtpx:TrackPointExtension>
        </extensions>
      </trkpt>
      <trkpt lat="1.4067774844586485" lon="103.89206712558473">
        <ele>8.703916519880295</ele>
        <time>2026-10-05T10:01:35Z</time>
        <extensions>
          <gpxtpx:TrackPointExtension>
            <gpxtpx:hr>112</gpxtpx:hr>
          </gpxtpx:TrackPointExtension>
        </extensions>
      </trkpt>
      <trkpt lat="1.4067679971497757" lon="103.89205730356805">
        <ele>8.701863975264132</ele>
        <time>2026-10-05T10:01:36Z</time>
        <extensions>
          <gpxtpx:TrackPointExtension>
            <gpxtpx:hr>113</gpxtpx:hr>
          </gpxtpx:TrackPointExtension>
        </extensions>
      </trkpt>
      <trkpt lat="1.4067589647874346" lon="103.8920484872692">
        <ele>8.694377923384309</ele>
        <time>2026-10-05T10:01:37Z</time>
        <extensions>
          <gpxtpx:TrackPointExtension>
            <gpxtpx:hr>113</gpxtpx:hr>
          </gpxtpx:TrackPointExtension>
        </extensions>
      </trkpt>
      <trkpt lat="1.4067499502954497" lon="103.89203985169836">
        <ele>8.682394029572606</ele>
        <time>2026-10-05T10:01:38Z</time>
        <extensions>
          <gpxtpx:TrackPointExtension>
            <gpxtpx:hr>113</gpxtpx:hr>
          </gpxtpx:TrackPointExtension>
        </extensions>
      </trkpt>
      <trkpt lat="1.406740337712926" lon="103.89203082368087">
        <ele>8.667191866785288</ele>
        <time>2026-10-05T10:01:39Z</time>
        <extensions>
          <gpxtpx:TrackPointExtension>
            <gpxtpx:hr>112</gpxtpx:hr>
          </gpxtpx:TrackPointExtension>
        </extensions>
      </trkpt>
      <trkpt lat="1.4067304433717038" lon="103.89202194656276">
        <ele>8.650195583701134</ele>
        <time>2026-10-05T10:01:40Z</time>
        <extensions>
          <gpxtpx:TrackPointExtension>
            <gpxtpx:hr>112</gpxtpx:hr>
          </gpxtpx:TrackPointExtension>
        </extensions>
      </trkpt>
      <trkpt lat="1.406720601131209" lon="103.89201349850606">
        <ele>8.632533774711192</ele>
        <time>2026-10-05T10:01:41Z</time>
        <extensions>
          <gpxtpx:TrackPointExtension>
            <gpxtpx:hr>112</gpxtpx:hr>
          </gpxtpx:TrackPointExtension>
        </extensions>
      </trkpt>
      <trkpt lat="1.4067109607373818" lon="103.89200528279045">
        <ele>8.614921550266445</ele>
        <time>2026-10-05T10:01:42Z</time>
        <extensions>
          <gpxtpx:TrackPointExtension>
            <gpxtpx:hr>112</gpxtpx:hr>
          </gpxtpx:TrackPointExtension>
        </extensions>
      </trkpt>
      <trkpt lat="1.4067019105679728" lon="103.89199686160566">
        <ele>8.597798500210047</ele>
        <time>2026-10-05T10:01:43Z</time>
        <extensions>
          <gpxtpx:TrackPointExtension>
            <gpxtpx:hr>112</gpxtpx:hr>
          </gpxtpx:TrackPointExtension>
        </extensions>
      </trkpt>
      <trkpt lat="1.4066938930627384" lon="103.89198849158856">
        <ele>8.581452691927552</ele>
        <time>2026-10-05T10:01:44Z</time>
        <extensions>
          <gpxtpx:TrackPointExtension>
            <gpxtpx:hr>114</gpxtpx:hr>
          </gpxtpx:TrackPointExtension>
        </extensions>
      </trkpt>
      <trkpt lat="1.4066866292881508" lon="103.89198075273661">
        <ele>8.566053642891347</ele>
        <time>2026-10-05T10:01:45Z</time>
        <extensions>
          <gpxtpx:TrackPointExtension>
            <gpxtpx:hr>114</gpxtpx:hr>
          </gpxtpx:TrackPointExtension>
        </extensions>
      </trkpt>
      <trkpt lat="1.4066793013463703" lon="103.89197337274437">
        <ele>8.551778350956738</ele>
        <time>2026-10-05T10:01:46Z</time>
        <extensions>
          <gpxtpx:TrackPointExtension>
            <gpxtpx:hr>114</gpxtpx:hr>
          </gpxtpx:TrackPointExtension>
        </extensions>
      </trkpt>
      <trkpt lat="1.4066716827544996" lon="103.89196596509267">
        <ele>8.538903432898223</ele>
        <time>2026-10-05T10:01:47Z</time>
        <extensions>
          <gpxtpx:TrackPointExtension>
            <gpxtpx:hr>114</gpxtpx:hr>
          </gpxtpx:TrackPointExtension>
        </extensions>
      </trkpt>
      <trkpt lat="1.4066638555070086" lon="103.89195865681916">
        <ele>8.528023071587086</ele>
        <time>2026-10-05T10:01:48Z</time>
        <extensions>
          <gpxtpx:TrackPointExtension>
            <gpxtpx:hr>114</gpxtpx:hr>
          </gpxtpx:TrackPointExtension>
        </extensions>
      </trkpt>
      <trkpt lat="1.4066555347426606" lon="103.89195137150685">
        <ele>8.519658641889691</ele>
        <time>2026-10-05T10:01:49Z</time>
        <extensions>
          <gpxtpx:TrackPointExtension>
            <gpxtpx:hr>114</gpxtpx:hr>
          </gpxtpx:TrackPointExtension>
        </extensions>
      </trkpt>
      <trkpt lat="1.4066462515955436" lon="103.89194349912144">
        <ele>8.514371200464666</ele>
        <time>2026-10-05T10:01:50Z</time>
        <extensions>
          <gpxtpx:TrackPointExtension>
            <gpxtpx:hr>114</gpxtpx:hr>
          </gpxtpx:TrackPointExtension>
        </extensions>
      </trkpt>
      <trkpt lat="1.406636031515916" lon="103.8919345671395">
        <ele>8.512664499692619</ele>
        <time>2026-10-05T10:01:51Z</time>
        <extensions>
          <gpxtpx:TrackPointExtension>
            <gpxtpx:hr>111</gpxtpx:hr>
          </gpxtpx:TrackPointExtension>
        </extensions>
      </trkpt>
      <trkpt lat="1.4066259586961294" lon="103.89192532212537">
        <ele>8.514920964837074</ele>
        <time>2026-10-05T10:01:52Z</time>
        <extensions>
          <gpxtpx:TrackPointExtension>
            <gpxtpx:hr>111</gpxtpx:hr>
          </gpxtpx:TrackPointExtension>
        </extensions>
      </trkpt>
      <trkpt lat="1.4066163261310551" lon="103.89191618511252">
        <ele>8.521110461093485</ele>
        <time>2026-10-05T10:01:53Z</time>
        <extensions>
          <gpxtpx:TrackPointExtension>
            <gpxtpx:hr>111</gpxtpx:hr>
          </gpxtpx:TrackPointExtension>
        </extensions>
      </trkpt>
      <trkpt lat="1.4066067699393772" lon="103.89190695522804">
        <ele>8.531237139366567</ele>
        <time>2026-10-05T10:01:54Z</time>
        <extensions>
          <gpxtpx:TrackPointExtension>
            <gpxtpx:hr>111</gpxtpx:hr>
          </gpxtpx:TrackPointExtension>
        </extensions>
      </trkpt>
      <trkpt lat="1.4065972574872945" lon="103.89189754401372">
        <ele>8.545369937084615</ele>
        <time>2026-10-05T10:01:55Z</time>
        <extensions>
          <gpxtpx:TrackPointExtension>
            <gpxtpx:hr>111</gpxtpx:hr>
          </gpxtpx:TrackPointExtension>
        </extensions>
      </trkpt>
      <trkpt lat="1.406587645547548" lon="103.89188812780938">
        <ele>8.563514305278659</ele>
        <time>2026-10-05T10:01:56Z</time>
        <extensions>
          <gpxtpx:TrackPointExtension>
            <gpxtpx:hr>111</gpxtpx:hr>
          </gpxtpx:TrackPointExtension>
        </extensions>
      </trkpt>
      <trkpt lat="1.4065778159161757" lon="103.89187941273076">
        <ele>8.58538465294987</ele>
        <time>2026-10-05T10:01:57Z</time>
        <extensions>
          <gpxtpx:TrackPointExtension>
            <gpxtpx:hr>111</gpxtpx:hr>
          </gpxtpx:TrackPointExtension>
        </extensions>
      </trkpt>
      <trkpt lat="1.406568315304464" lon="103.89187187703942">
        <ele>8.610226700082421</ele>
        <time>2026-10-05T10:01:58Z</time>
        <extensions>
          <gpxtpx:TrackPointExtension>
            <gpxtpx:hr>111</gpxtpx:hr>
          </gpxtpx:TrackPointExtension>
        </extensions>
      </trkpt>
      <trkpt lat="1.4065592977790435" lon="103.89186499722213">
        <ele>8.636929074302316</ele>
        <time>2026-10-05T10:01:59Z</time>
        <extensions>
          <gpxtpx:TrackPointExtension>
            <gpxtpx:hr>111</gpxtpx:hr>
          </gpxtpx:TrackPointExtension>
        </extensions>
      </trkpt>
      <trkpt lat="1.4065501804925282" lon="103.8918579030433">
        <ele>8.664085142314434</ele>
        <time>2026-10-05T10:02:00Z</time>
        <extensions>
          <gpxtpx:TrackPointExtension>
            <gpxtpx:hr>111</gpxtpx:hr>
          </gpxtpx:TrackPointExtension>
        </extensions>
      </trkpt>
      <trkpt lat="1.4065403804195649" lon="103.8918498388284">
        <ele>8.690236397087574</ele>
        <time>2026-10-05T10:02:01Z</time>
        <extensions>
          <gpxtpx:TrackPointExtension>
            <gpxtpx:hr>111</gpxtpx:hr>
          </gpxtpx:TrackPointExtension>
        </extensions>
      </trkpt>
      <trkpt lat="1.406530232293323" lon="103.89184085305043">
        <ele>8.714231142774224</ele>
        <time>2026-10-05T10:02:02Z</time>
        <extensions>
          <gpxtpx:TrackPointExtension>
            <gpxtpx:hr>111</gpxtpx:hr>
          </gpxtpx:TrackPointExtension>
        </extensions>
      </trkpt>
      <trkpt lat="1.4065204001441252" lon="103.89183155319229">
        <ele>8.735436731949449</ele>
        <time>2026-10-05T10:02:03Z</time>
        <extensions>
          <gpxtpx:TrackPointExtension>
            <gpxtpx:hr>111</gpxtpx:hr>
          </gpxtpx:TrackPointExtension>
        </extensions>
      </trkpt>
      <trkpt lat="1.4065111260058307" lon="103.89182235820022">
        <ele>8.753603210672736</ele>
        <time>2026-10-05T10:02:04Z</time>
        <extensions>
          <gpxtpx:TrackPointExtension>
            <gpxtpx:hr>111</gpxtpx:hr>
          </gpxtpx:TrackPointExtension>
        </extensions>
      </trkpt>
      <trkpt lat="1.406502369119802" lon="103.89181341518216">
        <ele>8.768729901872575</ele>
        <time>2026-10-05T10:02:05Z</time>
        <extensions>
          <gpxtpx:TrackPointExtension>
            <gpxtpx:hr>111</gpxtpx:hr>
          </gpxtpx:TrackPointExtension>
        </extensions>
      </trkpt>
      <trkpt lat="1.4064939494609645" lon="103.89180494087363">
        <ele>8.780973821878433</ele>
        <time>2026-10-05T10:02:06Z</time>
        <extensions>
          <gpxtpx:TrackPointExtension>
            <gpxtpx:hr>109</gpxtpx:hr>
          </gpxtpx:TrackPointExtension>
        </extensions>
      </trkpt>
      <trkpt lat="1.4064858724334135" lon="103.89179702871157">
        <ele>8.790620647370815</ele>
        <time>2026-10-05T10:02:07Z</time>
        <extensions>
          <gpxtpx:TrackPointExtension>
            <gpxtpx:hr>109</gpxtpx:hr>
          </gpxtpx:TrackPointExtension>
        </extensions>
      </trkpt>
      <trkpt lat="1.4064781598120495" lon="103.89178964739362">
        <ele>8.797894002869725</ele>
        <time>2026-10-05T10:02:08Z</time>
        <extensions>
          <gpxtpx:TrackPointExtension>
            <gpxtpx:hr>109</gpxtpx:hr>
          </gpxtpx:TrackPointExtension>
        </extensions>
      </trkpt>
      <trkpt lat="1.4064706612346434" lon="103.89178247952294">
        <ele>8.803139111958444</ele>
        <time>2026-10-05T10:02:09Z</time>
        <extensions>
          <gpxtpx:TrackPointExtension>
            <gpxtpx:hr>111</gpxtpx:hr>
          </gpxtpx:TrackPointExtension>
        </extensions>
      </trkpt>
      <trkpt lat="1.4064623804428409" lon="103.8917746289691">
        <ele>8.80673661828041</ele>
        <time>2026-10-05T10:02:10Z</time>
        <extensions>
          <gpxtpx:TrackPointExtension>
            <gpxtpx:hr>111</gpxtpx:hr>
          </gpxtpx:TrackPointExtension>
        </extensions>
      </trkpt>
      <trkpt lat="1.4064528085542627" lon="103.89176583514025">
        <ele>8.808839718811214</ele>
        <time>2026-10-05T10:02:11Z</time>
        <extensions>
          <gpxtpx:TrackPointExtension>
            <gpxtpx:hr>111</gpxtpx:hr>
          </gpxtpx:TrackPointExtension>
        </extensions>
      </trkpt>
      <trkpt lat="1.406442570685629" lon="103.8917570546098">
        <ele>8.809484979137778</ele>
        <time>2026-10-05T10:02:12Z</time>
        <extensions>
          <gpxtpx:TrackPointExtension>
            <gpxtpx:hr>111</gpxtpx:hr>
          </gpxtpx:TrackPointExtension>
        </extensions>
      </trkpt>
      <trkpt lat="1.4064322822641149" lon="103.89174891172851">
        <ele>8.80856452230364</ele>
        <time>2026-10-05T10:02:13Z</time>
        <extensions>
          <gpxtpx:TrackPointExtension>
            <gpxtpx:hr>111</gpxtpx:hr>
          </gpxtpx:TrackPointExtension>
        </extensions>
      </trkpt>
      <trkpt lat="1.4064223931762174" lon="103.89174137589353">
        <ele>8.805698866024613</ele>
        <time>2026-10-05T10:02:14Z</time>
        <extensions>
          <gpxtpx:TrackPointExtension>
            <gpxtpx:hr>110</gpxtpx:hr>
          </gpxtpx:TrackPointExtension>
        </extensions>
      </trkpt>
      <trkpt lat="1.4064129970793016" lon="103.89173408906888">
        <ele>8.80026935506612</ele>
        <time>2026-10-05T10:02:15Z</time>
        <extensions>
          <gpxtpx:TrackPointExtension>
            <gpxtpx:hr>110</gpxtpx:hr>
          </gpxtpx:TrackPointExtension>
        </extensions>
      </trkpt>
      <trkpt lat="1.4064038919882933" lon="103.89172687698002">
        <ele>8.791833621449769</ele>
        <time>2026-10-05T10:02:16Z</time>
        <extensions>
          <gpxtpx:TrackPointExtension>
            <gpxtpx:hr>110</gpxtpx:hr>
          </gpxtpx:TrackPointExtension>
        </extensions>
      </trkpt>
      <trkpt lat="1.406394765706127" lon="103.89171975487689">
        <ele>8.779980792663991</ele>
        <time>2026-10-05T10:02:17Z</time>
        <extensions>
          <gpxtpx:TrackPointExtension>
            <gpxtpx:hr>110</gpxtpx:hr>
          </gpxtpx:TrackPointExtension>
        </extensions>
      </trkpt>
      <trkpt lat="1.406385095548767" lon="103.89171249262372">
        <ele>8.764553794637322</ele>
        <time>2026-10-05T10:02:18Z</time>
        <extensions>
          <gpxtpx:TrackPointExtension>
            <gpxtpx:hr>110</gpxtpx:hr>
          </gpxtpx:TrackPointExtension>
        </extensions>
      </trkpt>
      <trkpt lat="1.4063748851564493" lon="103.89170480338143">
        <ele>8.745812682434916</ele>
        <time>2026-10-05T10:02:19Z</time>
        <extensions>
          <gpxtpx:TrackPointExtension>
            <gpxtpx:hr>110</gpxtpx:hr>
          </gpxtpx:TrackPointExtension>
        </extensions>
      </trkpt>
      <trkpt lat="1.4063646354839225" lon="103.8916965348686">
        <ele>8.724570105783641</ele>
        <time>2026-10-05T10:02:20Z</time>
        <extensions>
          <gpxtpx:TrackPointExtension>
            <gpxtpx:hr>110</gpxtpx:hr>
          </gpxtpx:TrackPointExtension>
        </extensions>
      </trkpt>
      <trkpt lat="1.4063545381226787" lon="103.891687713925">
        <ele>8.702086878940463</ele>
        <time>2026-10-05T10:02:21Z</time>
        <extensions>
          <gpxtpx:TrackPointExtension>
            <gpxtpx:hr>110</gpxtpx:hr>
          </gpxtpx:TrackPointExtension>
        </extensions>
      </trkpt>
      <trkpt lat="1.406344620431662" lon="103.89167857524394">
        <ele>8.679903045296669</ele>
        <time>2026-10-05T10:02:22Z</time>
        <extensions>
          <gpxtpx:TrackPointExtension>
            <gpxtpx:hr>110</gpxtpx:hr>
          </gpxtpx:TrackPointExtension>
        </extensions>
      </trkpt>
      <trkpt lat="1.4063349239045984" lon="103.89166973998505">
        <ele>8.65945741161704</ele>
        <time>2026-10-05T10:02:23Z</time>
        <extensions>
          <gpxtpx:TrackPointExtension>
            <gpxtpx:hr>110</gpxtpx:hr>
          </gpxtpx:TrackPointExtension>
        </extensions>
      </trkpt>
      <trkpt lat="1.4063252466065277" lon="103.891661100354">
        <ele>8.641824051737785</ele>
        <time>2026-10-05T10:02:24Z</time>
        <extensions>
          <gpxtpx:TrackPointExtension>
            <gpxtpx:hr>115</gpxtpx:hr>
          </gpxtpx:TrackPointExtension>
        </extensions>
      </trkpt>
      <trkpt lat="1.4063152559947447" lon="103.89165200802759">
        <ele>8.627480114810169</ele>
        <time>2026-10-05T10:02:25Z</time>
        <extensions>
          <gpxtpx:TrackPointExtension>
            <gpxtpx:hr>115</gpxtpx:hr>
          </gpxtpx:TrackPointExtension>
        </extensions>
      </trkpt>
      <trkpt lat="1.4063048901934896" lon="103.89164218832255">
        <ele>8.616352564655244</ele>
        <time>2026-10-05T10:02:26Z</time>
        <extensions>
          <gpxtpx:TrackPointExtension>
            <gpxtpx:hr>115</gpxtpx:hr>
          </gpxtpx:TrackPointExtension>
        </extensions>
      </trkpt>
      <trkpt lat="1.4062944875160064" lon="103.89163184219929">
        <ele>8.607893107458949</ele>
        <time>2026-10-05T10:02:27Z</time>
        <extensions>
          <gpxtpx:TrackPointExtension>
            <gpxtpx:hr>115</gpxtpx:hr>
          </gpxtpx:TrackPointExtension>
        </extensions>
      </trkpt>
      <trkpt lat="1.4062841663484211" lon="103.89162137550339">
        <ele>8.601368271745741</ele>
        <time>2026-10-05T10:02:28Z</time>
        <extensions>
          <gpxtpx:TrackPointExtension>
            <gpxtpx:hr>115</gpxtpx:hr>
          </gpxtpx:TrackPointExtension>
        </extensions>
      </trkpt>
      <trkpt lat="1.4062737131353813" lon="103.89161063397742">
        <ele>8.596060887910426</ele>
        <time>2026-10-05T10:02:29Z</time>
        <extensions>
          <gpxtpx:TrackPointExtension>
            <gpxtpx:hr>115</gpxtpx:hr>
          </gpxtpx:TrackPointExtension>
        </extensions>
      </trkpt>
      <trkpt lat="1.406263163456592" lon="103.89159965302136">
        <ele>8.591402284801006</ele>
        <time>2026-10-05T10:02:30Z</time>
        <extensions>
          <gpxtpx:TrackPointExtension>
            <gpxtpx:hr>115</gpxtpx:hr>
          </gpxtpx:TrackPointExtension>
        </extensions>
      </trkpt>
      <trkpt lat="1.4062526443252188" lon="103.89158884641418">
        <ele>8.586991529911757</ele>
        <time>2026-10-05T10:02:31Z</time>
        <extensions>
          <gpxtpx:TrackPointExtension>
            <gpxtpx:hr>115</gpxtpx:hr>
          </gpxtpx:TrackPointExtension>
        </extensions>
      </trkpt>
      <trkpt lat="1.4062422996253676" lon="103.89157867761739">
        <ele>8.582682183012366</ele>
        <time>2026-10-05T10:02:32Z</time>
        <extensions>
          <gpxtpx:TrackPointExtension>
            <gpxtpx:hr>115</gpxtpx:hr>
          </gpxtpx:TrackPointExtension>
        </extensions>
      </trkpt>
      <trkpt lat="1.4062321516436516" lon="103.89156898989201">
        <ele>8.578551554121077</ele>
        <time>2026-10-05T10:02:33Z</time>
        <extensions>
          <gpxtpx:TrackPointExtension>
            <gpxtpx:hr>115</gpxtpx:hr>
          </gpxtpx:TrackPointExtension>
        </extensions>
      </trkpt>
      <trkpt lat="1.4062222916317935" lon="103.8915596041551">
        <ele>8.57480441685766</ele>
        <time>2026-10-05T10:02:34Z</time>
        <extensions>
          <gpxtpx:TrackPointExtension>
            <gpxtpx:hr>115</gpxtpx:hr>
          </gpxtpx:TrackPointExtension>
        </extensions>
      </trkpt>
      <trkpt lat="1.4062127641649116" lon="103.89155055504999">
        <ele>8.5716457888484</ele>
        <time>2026-10-05T10:02:35Z</time>
        <extensions>
          <gpxtpx:TrackPointExtension>
            <gpxtpx:hr>115</gpxtpx:hr>
          </gpxtpx:TrackPointExtension>
        </extensions>
      </trkpt>
      <trkpt lat="1.4062031459709503" lon="103.89154164888869">
        <ele>8.56921883765608</ele>
        <time>2026-10-05T10:02:36Z</time>
        <extensions>
          <gpxtpx:TrackPointExtension>
            <gpxtpx:hr>115</gpxtpx:hr>
          </gpxtpx:TrackPointExtension>
        </extensions>
      </trkpt>
      <trkpt lat="1.4061930343102296" lon="103.89153237484044">
        <ele>8.567533493041992</ele>
        <time>2026-10-05T10:02:37Z</time>
        <extensions>
          <gpxtpx:TrackPointExtension>
            <gpxtpx:hr>115</gpxtpx:hr>
          </gpxtpx:TrackPointExtension>
        </extensions>
      </trkpt>
      <trkpt lat="1.4061827347448188" lon="103.89152282798834">
        <ele>8.566459959372878</ele>
        <time>2026-10-05T10:02:38Z</time>
        <extensions>
          <gpxtpx:TrackPointExtension>
            <gpxtpx:hr>115</gpxtpx:hr>
          </gpxtpx:TrackPointExtension>
        </extensions>
      </trkpt>
      <trkpt lat="1.4061729608986133" lon="103.89151357862491">
        <ele>8.565776389092207</ele>
        <time>2026-10-05T10:02:39Z</time>
        <extensions>
          <gpxtpx:TrackPointExtension>
            <gpxtpx:hr>115</gpxtpx:hr>
          </gpxtpx:TrackPointExtension>
        </extensions>
      </trkpt>
      <trkpt lat="1.406163788512907" lon="103.89150453703023">
        <ele>8.565283133648336</ele>
        <time>2026-10-05T10:02:40Z</time>
        <extensions>
          <gpxtpx:TrackPointExtension>
            <gpxtpx:hr>115</gpxtpx:hr>
          </gpxtpx:TrackPointExtension>
        </extensions>
      </trkpt>
      <trkpt lat="1.4061547237316165" lon="103.89149527875584">
        <ele>8.564784742891788</ele>
        <time>2026-10-05T10:02:41Z</time>
        <extensions>
          <gpxtpx:TrackPointExtension>
            <gpxtpx:hr>115</gpxtpx:hr>
          </gpxtpx:TrackPointExtension>
        </extensions>
      </trkpt>
      <trkpt lat="1.406145264164354" lon="103.89148538239597">
        <ele>8.56413999479264</ele>
        <time>2026-10-05T10:02:42Z</time>
        <extensions>
          <gpxtpx:TrackPointExtension>
            <gpxtpx:hr>115</gpxtpx:hr>
          </gpxtpx:TrackPointExtension>
        </extensions>
      </trkpt>
      <trkpt lat="1.4061353350081187" lon="103.89147518231569">
        <ele>8.563268559984863</ele>
        <time>2026-10-05T10:02:43Z</time>
        <extensions>
          <gpxtpx:TrackPointExtension>
            <gpxtpx:hr>115</gpxtpx:hr>
          </gpxtpx:TrackPointExtension>
        </extensions>
      </trkpt>
      <trkpt lat="1.4061253645351486" lon="103.89146521991523">
        <ele>8.562237768433988</ele>
        <time>2026-10-05T10:02:44Z</time>
        <extensions>
          <gpxtpx:TrackPointExtension>
            <gpxtpx:hr>115</gpxtpx:hr>
          </gpxtpx:TrackPointExtension>
        </extensions>
      </trkpt>
      <trkpt lat="1.4061153138871558" lon="103.89145566685319">
        <ele>8.561109885573387</ele>
        <time>2026-10-05T10:02:45Z</time>
        <extensions>
          <gpxtpx:TrackPointExtension>
            <gpxtpx:hr>115</gpxtpx:hr>
          </gpxtpx:TrackPointExtension>
        </extensions>
      </trkpt>
      <trkpt lat="1.4061048288643707" lon="103.89144625403414">
        <ele>8.559938562102616</ele>
        <time>2026-10-05T10:02:46Z</time>
        <extensions>
          <gpxtpx:TrackPointExtension>
            <gpxtpx:hr>115</gpxtpx:hr>
          </gpxtpx:TrackPointExtension>
        </extensions>
      </trkpt>
      <trkpt lat="1.4060942754806036" lon="103.89143680358944">
        <ele>8.558780721388757</ele>
        <time>2026-10-05T10:02:47Z</time>
        <extensions>
          <gpxtpx:TrackPointExtension>
            <gpxtpx:hr>114</gpxtpx:hr>
          </gpxtpx:TrackPointExtension>
        </extensions>
      </trkpt>
      <trkpt lat="1.4060838060817316" lon="103.89142695994263">
        <ele>8.557770259678364</ele>
        <time>2026-10-05T10:02:48Z</time>
        <extensions>
          <gpxtpx:TrackPointExtension>
            <gpxtpx:hr>114</gpxtpx:hr>
          </gpxtpx:TrackPointExtension>
        </extensions>
      </trkpt>
      <trkpt lat="1.4060732402364724" lon="103.8914168511915">
        <ele>8.556815043091774</ele>
        <time>2026-10-05T10:02:49Z</time>
        <extensions>
          <gpxtpx:TrackPointExtension>
            <gpxtpx:hr>114</gpxtpx:hr>
          </gpxtpx:TrackPointExtension>
        </extensions>
      </trkpt>
      <trkpt lat="1.4060629544444938" lon="103.89140729558073">
        <ele>8.555863018147647</ele>
        <time>2026-10-05T10:02:50Z</time>
        <extensions>
          <gpxtpx:TrackPointExtension>
            <gpxtpx:hr>114</gpxtpx:hr>
          </gpxtpx:TrackPointExtension>
        </extensions>
      </trkpt>
      <trkpt lat="1.4060531416370667" lon="103.89139842619986">
        <ele>8.554933954030275</ele>
        <time>2026-10-05T10:02:51Z</time>
        <extensions>
          <gpxtpx:TrackPointExtension>
            <gpxtpx:hr>114</gpxtpx:hr>
          </gpxtpx:TrackPointExtension>
        </extensions>
      </trkpt>
      <trkpt lat="1.4060433176165994" lon="103.89138923743228">
        <ele>8.554048649966717</ele>
        <time>2026-10-05T10:02:52Z</time>
        <extensions>
          <gpxtpx:TrackPointExtension>
            <gpxtpx:hr>114</gpxtpx:hr>
          </gpxtpx:TrackPointExtension>
        </extensions>
      </trkpt>
      <trkpt lat="1.4060333829010405" lon="103.89137929056375">
        <ele>8.553063260391355</ele>
        <time>2026-10-05T10:02:53Z</time>
        <extensions>
          <gpxtpx:TrackPointExtension>
            <gpxtpx:hr>114</gpxtpx:hr>
          </gpxtpx:TrackPointExtension>
        </extensions>
      </trkpt>
      <trkpt lat="1.406023683377674" lon="103.89136870353427">
        <ele>8.551714695990086</ele>
        <time>2026-10-05T10:02:54Z</time>
        <extensions>
          <gpxtpx:TrackPointExtension>
            <gpxtpx:hr>114</gpxtpx:hr>
          </gpxtpx:TrackPointExtension>
        </extensions>
      </trkpt>
      <trkpt lat="1.4060146176016706" lon="103.89135807023942">
        <ele>8.549599112011492</ele>
        <time>2026-10-05T10:02:55Z</time>
        <extensions>
          <gpxtpx:TrackPointExtension>
            <gpxtpx:hr>114</gpxtpx:hr>
          </gpxtpx:TrackPointExtension>
        </extensions>
      </trkpt>
      <trkpt lat="1.406005767208034" lon="103.89134835580195">
        <ele>8.54624256491661</ele>
        <time>2026-10-05T10:02:56Z</time>
        <extensions>
          <gpxtpx:TrackPointExtension>
            <gpxtpx:hr>114</gpxtpx:hr>
          </gpxtpx:TrackPointExtension>
        </extensions>
      </trkpt>
      <trkpt lat="1.4059968462183399" lon="103.89133981745388">
        <ele>8.54122323077172</ele>
        <time>2026-10-05T10:02:57Z</time>
        <extensions>
          <gpxtpx:TrackPointExtension>
            <gpxtpx:hr>111</gpxtpx:hr>
          </gpxtpx:TrackPointExtension>
        </extensions>
      </trkpt>
      <trkpt lat="1.4059883656985142" lon="103.8913325384134">
        <ele>8.53435461036861</ele>
        <time>2026-10-05T10:02:58Z</time>
        <extensions>
          <gpxtpx:TrackPointExtension>
            <gpxtpx:hr>111</gpxtpx:hr>
          </gpxtpx:TrackPointExtension>
        </extensions>
      </trkpt>
      <trkpt lat="1.4059806535186488" lon="103.89132647560831">
        <ele>8.525845146737993</ele>
        <time>2026-10-05T10:02:59Z</time>
        <extensions>
          <gpxtpx:TrackPointExtension>
            <gpxtpx:hr>111</gpxtpx:hr>
          </gpxtpx:TrackPointExtension>
        </extensions>
      </trkpt>
      <trkpt lat="1.4059736296144636" lon="103.89132132363034">
        <ele>8.516121464781463</ele>
        <time>2026-10-05T10:03:00Z</time>
        <extensions>
          <gpxtpx:TrackPointExtension>
            <gpxtpx:hr>111</gpxtpx:hr>
          </gpxtpx:TrackPointExtension>
        </extensions>
      </trkpt>
      <trkpt lat="1.4059665182146204" lon="103.89131635950666">
        <ele>8.505659645423293</ele>
        <time>2026-10-05T10:03:01Z</time>
        <extensions>
          <gpxtpx:TrackPointExtension>
            <gpxtpx:hr>111</gpxtpx:hr>
          </gpxtpx:TrackPointExtension>
        </extensions>
      </trkpt>
      <trkpt lat="1.405958375678764" lon="103.89131068368788">
        <ele>8.49490515794605</ele>
        <time>2026-10-05T10:03:02Z</time>
        <extensions>
          <gpxtpx:TrackPointExtension>
            <gpxtpx:hr>111</gpxtpx:hr>
          </gpxtpx:TrackPointExtension>
        </extensions>
      </trkpt>
      <trkpt lat="1.4059492835898524" lon="103.89130396958842">
        <ele>8.484146103262901</ele>
        <time>2026-10-05T10:03:03Z</time>
        <extensions>
          <gpxtpx:TrackPointExtension>
            <gpxtpx:hr>111</gpxtpx:hr>
          </gpxtpx:TrackPointExtension>
        </extensions>
      </trkpt>
      <trkpt lat="1.4059397127411788" lon="103.89129641405904">
        <ele>8.473637089133263</ele>
        <time>2026-10-05T10:03:04Z</time>
        <extensions>
          <gpxtpx:TrackPointExtension>
            <gpxtpx:hr>112</gpxtpx:hr>
          </gpxtpx:TrackPointExtension>
        </extensions>
      </trkpt>
      <trkpt lat="1.405929949014466" lon="103.89128842348818">
        <ele>8.46359939314425</ele>
        <time>2026-10-05T10:03:05Z</time>
        <extensions>
          <gpxtpx:TrackPointExtension>
            <gpxtpx:hr>112</gpxtpx:hr>
          </gpxtpx:TrackPointExtension>
        </extensions>
      </trkpt>
      <trkpt lat="1.4059203015387045" lon="103.8912803596104">
        <ele>8.454271509312093</ele>
        <time>2026-10-05T10:03:06Z</time>
        <extensions>
          <gpxtpx:TrackPointExtension>
            <gpxtpx:hr>112</gpxtpx:hr>
          </gpxtpx:TrackPointExtension>
        </extensions>
      </trkpt>
      <trkpt lat="1.4059106013842164" lon="103.89127212086068">
        <ele>8.445899489335716</ele>
        <time>2026-10-05T10:03:07Z</time>
        <extensions>
          <gpxtpx:TrackPointExtension>
            <gpxtpx:hr>112</gpxtpx:hr>
          </gpxtpx:TrackPointExtension>
        </extensions>
      </trkpt>
      <trkpt lat="1.40590084154738" lon="103.89126382150812">
        <ele>8.438785667531192</ele>
        <time>2026-10-05T10:03:08Z</time>
        <extensions>
          <gpxtpx:TrackPointExtension>
            <gpxtpx:hr>112</gpxtpx:hr>
          </gpxtpx:TrackPointExtension>
        </extensions>
      </trkpt>
      <trkpt lat="1.4058911913612568" lon="103.8912557119126">
        <ele>8.433088570833206</ele>
        <time>2026-10-05T10:03:09Z</time>
        <extensions>
          <gpxtpx:TrackPointExtension>
            <gpxtpx:hr>108</gpxtpx:hr>
          </gpxtpx:TrackPointExtension>
        </extensions>
      </trkpt>
      <trkpt lat="1.405881242757898" lon="103.89124734734591">
        <ele>8.428854433819652</ele>
        <time>2026-10-05T10:03:10Z</time>
        <extensions>
          <gpxtpx:TrackPointExtension>
            <gpxtpx:hr>108</gpxtpx:hr>
          </gpxtpx:TrackPointExtension>
        </extensions>
      </trkpt>
      <trkpt lat="1.4058707964974604" lon="103.89123836004097">
        <ele>8.426045248284936</ele>
        <time>2026-10-05T10:03:11Z</time>
        <extensions>
          <gpxtpx:TrackPointExtension>
            <gpxtpx:hr>108</gpxtpx:hr>
          </gpxtpx:TrackPointExtension>
        </extensions>
      </trkpt>
      <trkpt lat="1.40586020832922" lon="103.89122904665622">
        <ele>8.424472467973828</ele>
        <time>2026-10-05T10:03:12Z</time>
        <extensions>
          <gpxtpx:TrackPointExtension>
            <gpxtpx:hr>108</gpxtpx:hr>
          </gpxtpx:TrackPointExtension>
        </extensions>
      </trkpt>
      <trkpt lat="1.4058495342371173" lon="103.89121949992149">
        <ele>8.423724959604442</ele>
        <time>2026-10-05T10:03:13Z</time>
        <extensions>
          <gpxtpx:TrackPointExtension>
            <gpxtpx:hr>108</gpxtpx:hr>
          </gpxtpx:TrackPointExtension>
        </extensions>
      </trkpt>
      <trkpt lat="1.4058383443805378" lon="103.89120945942015">
        <ele>8.423329419456422</ele>
        <time>2026-10-05T10:03:14Z</time>
        <extensions>
          <gpxtpx:TrackPointExtension>
            <gpxtpx:hr>108</gpxtpx:hr>
          </gpxtpx:TrackPointExtension>
        </extensions>
      </trkpt>
      <trkpt lat="1.4058266146177425" lon="103.89119897152764">
        <ele>8.422803950496018</ele>
        <time>2026-10-05T10:03:15Z</time>
        <extensions>
          <gpxtpx:TrackPointExtension>
            <gpxtpx:hr>108</gpxtpx:hr>
          </gpxtpx:TrackPointExtension>
        </extensions>
      </trkpt>
      <trkpt lat="1.405814931063871" lon="103.89118880366158">
        <ele>8.42169436160475</ele>
        <time>2026-10-05T10:03:16Z</time>
        <extensions>
          <gpxtpx:TrackPointExtension>
            <gpxtpx:hr>111</gpxtpx:hr>
          </gpxtpx:TrackPointExtension>
        </extensions>
      </trkpt>
      <trkpt lat="1.4058036769745597" lon="103.89117939308422">
        <ele>8.41966469399631</ele>
        <time>2026-10-05T10:03:17Z</time>
        <extensions>
          <gpxtpx:TrackPointExtension>
            <gpxtpx:hr>111</gpxtpx:hr>
          </gpxtpx:TrackPointExtension>
        </extensions>
      </trkpt>
      <trkpt lat="1.4057938128561778" lon="103.89117093051946">
        <ele>8.416610703803599</ele>
        <time>2026-10-05T10:03:18Z</time>
        <extensions>
          <gpxtpx:TrackPointExtension>
            <gpxtpx:hr>111</gpxtpx:hr>
          </gpxtpx:TrackPointExtension>
        </extensions>
      </trkpt>
      <trkpt lat="1.4057856011814998" lon="103.8911629884466">
        <ele>8.41271585598588</ele>
        <time>2026-10-05T10:03:19Z</time>
        <extensions>
          <gpxtpx:TrackPointExtension>
            <gpxtpx:hr>111</gpxtpx:hr>
          </gpxtpx:TrackPointExtension>
        </extensions>
      </trkpt>
      <trkpt lat="1.405777561483087" lon="103.89115428652094">
        <ele>8.40841459389776</ele>
        <time>2026-10-05T10:03:20Z</time>
        <extensions>
          <gpxtpx:TrackPointExtension>
            <gpxtpx:hr>111</gpxtpx:hr>
          </gpxtpx:TrackPointExtension>
        </extensions>
      </trkpt>
      <trkpt lat="1.4057688083905018" lon="103.89114467432171">
        <ele>8.40431472286582</ele>
        <time>2026-10-05T10:03:21Z</time>
        <extensions>
          <gpxtpx:TrackPointExtension>
            <gpxtpx:hr>109</gpxtpx:hr>
          </gpxtpx:TrackPointExtension>
        </extensions>
      </trkpt>
      <trkpt lat="1.4057596353478947" lon="103.89113473731815">
        <ele>8.400999493896961</ele>
        <time>2026-10-05T10:03:22Z</time>
        <extensions>
          <gpxtpx:TrackPointExtension>
            <gpxtpx:hr>109</gpxtpx:hr>
          </gpxtpx:TrackPointExtension>
        </extensions>
      </trkpt>
      <trkpt lat="1.4057509527912073" lon="103.89112490430854">
        <ele>8.398906505666673</ele>
        <time>2026-10-05T10:03:23Z</time>
        <extensions>
          <gpxtpx:TrackPointExtension>
            <gpxtpx:hr>109</gpxtpx:hr>
          </gpxtpx:TrackPointExtension>
        </extensions>
      </trkpt>
      <trkpt lat="1.4057432645173362" lon="103.891115718892">
        <ele>8.398196914233267</ele>
        <time>2026-10-05T10:03:24Z</time>
        <extensions>
          <gpxtpx:TrackPointExtension>
            <gpxtpx:hr>109</gpxtpx:hr>
          </gpxtpx:TrackPointExtension>
        </extensions>
      </trkpt>
      <trkpt lat="1.405735977626848" lon="103.89110711907892">
        <ele>8.398763907141984</ele>
        <time>2026-10-05T10:03:25Z</time>
        <extensions>
          <gpxtpx:TrackPointExtension>
            <gpxtpx:hr>110</gpxtpx:hr>
          </gpxtpx:TrackPointExtension>
        </extensions>
      </trkpt>
      <trkpt lat="1.4057280944820014" lon="103.89109829370624">
        <ele>8.400392415933311</ele>
        <time>2026-10-05T10:03:26Z</time>
        <extensions>
          <gpxtpx:TrackPointExtension>
            <gpxtpx:hr>110</gpxtpx:hr>
          </gpxtpx:TrackPointExtension>
        </extensions>
      </trkpt>
      <trkpt lat="1.4057191824482704" lon="103.89108874030009">
        <ele>8.402690562419593</ele>
        <time>2026-10-05T10:03:27Z</time>
        <extensions>
          <gpxtpx:TrackPointExtension>
            <gpxtpx:hr>110</gpxtpx:hr>
          </gpxtpx:TrackPointExtension>
        </extensions>
      </trkpt>
      <trkpt lat="1.4057095465078275" lon="103.89107862049585">
        <ele>8.40521689504385</ele>
        <time>2026-10-05T10:03:28Z</time>
        <extensions>
          <gpxtpx:TrackPointExtension>
            <gpxtpx:hr>110</gpxtpx:hr>
          </gpxtpx:TrackPointExtension>
        </extensions>
      </trkpt>
      <trkpt lat="1.4056996992781148" lon="103.89106837172966">
        <ele>8.407555817626417</ele>
        <time>2026-10-05T10:03:29Z</time>
        <extensions>
          <gpxtpx:TrackPointExtension>
            <gpxtpx:hr>110</gpxtpx:hr>
          </gpxtpx:TrackPointExtension>
        </extensions>
      </trkpt>
      <trkpt lat="1.4056897167164457" lon="103.89105821057831">
        <ele>8.409450156614184</ele>
        <time>2026-10-05T10:03:30Z</time>
        <extensions>
          <gpxtpx:TrackPointExtension>
            <gpxtpx:hr>112</gpxtpx:hr>
          </gpxtpx:TrackPointExtension>
        </extensions>
      </trkpt>
      <trkpt lat="1.4056794392627712" lon="103.89104810570254">
        <ele>8.41073863208294</ele>
        <time>2026-10-05T10:03:31Z</time>
        <extensions>
          <gpxtpx:TrackPointExtension>
            <gpxtpx:hr>112</gpxtpx:hr>
          </gpxtpx:TrackPointExtension>
        </extensions>
      </trkpt>
      <trkpt lat="1.4056691783664859" lon="103.89103832779176">
        <ele>8.411301675252616</ele>
        <time>2026-10-05T10:03:32Z</time>
        <extensions>
          <gpxtpx:TrackPointExtension>
            <gpxtpx:hr>112</gpxtpx:hr>
          </gpxtpx:TrackPointExtension>
        </extensions>
      </trkpt>
      <trkpt lat="1.4056591730325634" lon="103.89102872074811">
        <ele>8.411084082908928</ele>
        <time>2026-10-05T10:03:33Z</time>
        <extensions>
          <gpxtpx:TrackPointExtension>
            <gpxtpx:hr>112</gpxtpx:hr>
          </gpxtpx:TrackPointExtension>
        </extensions>
      </trkpt>
      <trkpt lat="1.4056490218425588" lon="103.89101895797144">
        <ele>8.410094083286822</ele>
        <time>2026-10-05T10:03:34Z</time>
        <extensions>
          <gpxtpx:TrackPointExtension>
            <gpxtpx:hr>112</gpxtpx:hr>
          </gpxtpx:TrackPointExtension>
        </extensions>
      </trkpt>
      <trkpt lat="1.4056384693187576" lon="103.89100898108781">
        <ele>8.408322157338262</ele>
        <time>2026-10-05T10:03:35Z</time>
        <extensions>
          <gpxtpx:TrackPointExtension>
            <gpxtpx:hr>113</gpxtpx:hr>
          </gpxtpx:TrackPointExtension>
        </extensions>
      </trkpt>
      <trkpt lat="1.405627651539975" lon="103.89099845652825">
        <ele>8.40581509936601</ele>
        <time>2026-10-05T10:03:36Z</time>
        <extensions>
          <gpxtpx:TrackPointExtension>
            <gpxtpx:hr>113</gpxtpx:hr>
          </gpxtpx:TrackPointExtension>
        </extensions>
      </trkpt>
      <trkpt lat="1.4056167264551664" lon="103.89098748792871">
        <ele>8.402795168571174</ele>
        <time>2026-10-05T10:03:37Z</time>
        <extensions>
          <gpxtpx:TrackPointExtension>
            <gpxtpx:hr>113</gpxtpx:hr>
          </gpxtpx:TrackPointExtension>
        </extensions>
      </trkpt>
      <trkpt lat="1.4056057689166952" lon="103.89097685767433">
        <ele>8.399540716782212</ele>
        <time>2026-10-05T10:03:38Z</time>
        <extensions>
          <gpxtpx:TrackPointExtension>
            <gpxtpx:hr>113</gpxtpx:hr>
          </gpxtpx:TrackPointExtension>
        </extensions>
      </trkpt>
      <trkpt lat="1.4055949721579017" lon="103.89096688694774">
        <ele>8.39621827378869</ele>
        <time>2026-10-05T10:03:39Z</time>
        <extensions>
          <gpxtpx:TrackPointExtension>
            <gpxtpx:hr>113</gpxtpx:hr>
          </gpxtpx:TrackPointExtension>
        </extensions>
      </trkpt>
      <trkpt lat="1.405584096950112" lon="103.89095710248252">
        <ele>8.392783424817026</ele>
        <time>2026-10-05T10:03:40Z</time>
        <extensions>
          <gpxtpx:TrackPointExtension>
            <gpxtpx:hr>113</gpxtpx:hr>
          </gpxtpx:TrackPointExtension>
        </extensions>
      </trkpt>
      <trkpt lat="1.4055729824893548" lon="103.89094742719485">
        <ele>8.38911712821573</ele>
        <time>2026-10-05T10:03:41Z</time>
        <extensions>
          <gpxtpx:TrackPointExtension>
            <gpxtpx:hr>113</gpxtpx:hr>
          </gpxtpx:TrackPointExtension>
        </extensions>
      </trkpt>
      <trkpt lat="1.4055619172537968" lon="103.890937968291">
        <ele>8.385120945051312</ele>
        <time>2026-10-05T10:03:42Z</time>
        <extensions>
          <gpxtpx:TrackPointExtension>
            <gpxtpx:hr>113</gpxtpx:hr>
          </gpxtpx:TrackPointExtension>
        </extensions>
      </trkpt>
      <trkpt lat="1.4055508562376091" lon="103.89092819899032">
        <ele>8.380775407887995</ele>
        <time>2026-10-05T10:03:43Z</time>
        <extensions>
          <gpxtpx:TrackPointExtension>
            <gpxtpx:hr>113</gpxtpx:hr>
          </gpxtpx:TrackPointExtension>
        </extensions>
      </trkpt>
      <trkpt lat="1.405539272024157" lon="103.89091761733769">
        <ele>8.376160206273198</ele>
        <time>2026-10-05T10:03:44Z</time>
        <extensions>
          <gpxtpx:TrackPointExtension>
            <gpxtpx:hr>112</gpxtpx:hr>
          </gpxtpx:TrackPointExtension>
        </extensions>
      </trkpt>
      <trkpt lat="1.4055270530814636" lon="103.89090631090083">
        <ele>8.371468841098249</ele>
        <time>2026-10-05T10:03:45Z</time>
        <extensions>
          <gpxtpx:TrackPointExtension>
            <gpxtpx:hr>112</gpxtpx:hr>
          </gpxtpx:TrackPointExtension>
        </extensions>
      </trkpt>
      <trkpt lat="1.4055152771934138" lon="103.89089483110499">
        <ele>8.366913051344454</ele>
        <time>2026-10-05T10:03:46Z</time>
        <extensions>
          <gpxtpx:TrackPointExtension>
            <gpxtpx:hr>112</gpxtpx:hr>
          </gpxtpx:TrackPointExtension>
        </extensions>
      </trkpt>
      <trkpt lat="1.40550447074486" lon="103.8908833288809">
        <ele>8.362545114941895</ele>
        <time>2026-10-05T10:03:47Z</time>
        <extensions>
          <gpxtpx:TrackPointExtension>
            <gpxtpx:hr>112</gpxtpx:hr>
          </gpxtpx:TrackPointExtension>
        </extensions>
      </trkpt>
      <trkpt lat="1.4054942867319324" lon="103.89087216245055">
        <ele>8.358200993388891</ele>
        <time>2026-10-05T10:03:48Z</time>
        <extensions>
          <gpxtpx:TrackPointExtension>
            <gpxtpx:hr>112</gpxtpx:hr>
          </gpxtpx:TrackPointExtension>
        </extensions>
      </trkpt>
      <trkpt lat="1.4054847004014286" lon="103.89086246711956">
        <ele>8.353655403479934</ele>
        <time>2026-10-05T10:03:49Z</time>
        <extensions>
          <gpxtpx:TrackPointExtension>
            <gpxtpx:hr>112</gpxtpx:hr>
          </gpxtpx:TrackPointExtension>
        </extensions>
      </trkpt>
      <trkpt lat="1.4054753494476744" lon="103.89085422581711">
        <ele>8.348694107495248</ele>
        <time>2026-10-05T10:03:50Z</time>
        <extensions>
          <gpxtpx:TrackPointExtension>
            <gpxtpx:hr>115</gpxtpx:hr>
          </gpxtpx:TrackPointExtension>
        </extensions>
      </trkpt>
      <trkpt lat="1.4054660220124708" lon="103.89084659188192">
        <ele>8.34313216805458</ele>
        <time>2026-10-05T10:03:51Z</time>
        <extensions>
          <gpxtpx:TrackPointExtension>
            <gpxtpx:hr>115</gpxtpx:hr>
          </gpxtpx:TrackPointExtension>
        </extensions>
      </trkpt>
      <trkpt lat="1.405456674777795" lon="103.8908388991731">
        <ele>8.336780160665512</ele>
        <time>2026-10-05T10:03:52Z</time>
        <extensions>
          <gpxtpx:TrackPointExtension>
            <gpxtpx:hr>115</gpxtpx:hr>
          </gpxtpx:TrackPointExtension>
        </extensions>
      </trkpt>
      <trkpt lat="1.405447269867246" lon="103.8908306610573">
        <ele>8.329373841173947</ele>
        <time>2026-10-05T10:03:53Z</time>
        <extensions>
          <gpxtpx:TrackPointExtension>
            <gpxtpx:hr>115</gpxtpx:hr>
          </gpxtpx:TrackPointExtension>
        </extensions>
      </trkpt>
      <trkpt lat="1.405438207808842" lon="103.89082202755549">
        <ele>8.32053048349917</ele>
        <time>2026-10-05T10:03:54Z</time>
        <extensions>
          <gpxtpx:TrackPointExtension>
            <gpxtpx:hr>115</gpxtpx:hr>
          </gpxtpx:TrackPointExtension>
        </extensions>
      </trkpt>
      <trkpt lat="1.4054299957773078" lon="103.89081342511447">
        <ele>8.3100212700665</ele>
        <time>2026-10-05T10:03:55Z</time>
        <extensions>
          <gpxtpx:TrackPointExtension>
            <gpxtpx:hr>115</gpxtpx:hr>
          </gpxtpx:TrackPointExtension>
        </extensions>
      </trkpt>
      <trkpt lat="1.405422836331247" lon="103.89080495033214">
        <ele>8.297707192599773</ele>
        <time>2026-10-05T10:03:56Z</time>
        <extensions>
          <gpxtpx:TrackPointExtension>
            <gpxtpx:hr>115</gpxtpx:hr>
          </gpxtpx:TrackPointExtension>
        </extensions>
      </trkpt>
      <trkpt lat="1.4054161673967995" lon="103.89079607635888">
        <ele>8.283611726015806</ele>
        <time>2026-10-05T10:03:57Z</time>
        <extensions>
          <gpxtpx:TrackPointExtension>
            <gpxtpx:hr>115</gpxtpx:hr>
          </gpxtpx:TrackPointExtension>
        </extensions>
      </trkpt>
      <trkpt lat="1.4054091225426844" lon="103.89078627982703">
        <ele>8.26807005982846</ele>
        <time>2026-10-05T10:03:58Z</time>
        <extensions>
          <gpxtpx:TrackPointExtension>
            <gpxtpx:hr>115</gpxtpx:hr>
          </gpxtpx:TrackPointExtension>
        </extensions>
      </trkpt>
      <trkpt lat="1.4054016623479886" lon="103.89077555137791">
        <ele>8.251593288965523</ele>
        <time>2026-10-05T10:03:59Z</time>
        <extensions>
          <gpxtpx:TrackPointExtension>
            <gpxtpx:hr>115</gpxtpx:hr>
          </gpxtpx:TrackPointExtension>
        </extensions>
      </trkpt>
      <trkpt lat="1.405394300920365" lon="103.89076457204479">
        <ele>8.234746684320271</ele>
        <time>2026-10-05T10:04:00Z</time>
        <extensions>
          <gpxtpx:TrackPointExtension>
            <gpxtpx:hr>118</gpxtpx:hr>
          </gpxtpx:TrackPointExtension>
        </extensions>
      </trkpt>
      <trkpt lat="1.4053875885155067" lon="103.89075426551723">
        <ele>8.218164388090372</ele>
        <time>2026-10-05T10:04:01Z</time>
        <extensions>
          <gpxtpx:TrackPointExtension>
            <gpxtpx:hr>118</gpxtpx:hr>
          </gpxtpx:TrackPointExtension>
        </extensions>
      </trkpt>
      <trkpt lat="1.405381613424338" lon="103.8907446984121">
        <ele>8.202563331462443</ele>
        <time>2026-10-05T10:04:02Z</time>
        <extensions>
          <gpxtpx:TrackPointExtension>
            <gpxtpx:hr>118</gpxtpx:hr>
          </gpxtpx:TrackPointExtension>
        </extensions>
      </trkpt>
      <trkpt lat="1.405375236394569" lon="103.89073464028235">
        <ele>8.188721933402121</ele>
        <time>2026-10-05T10:04:03Z</time>
        <extensions>
          <gpxtpx:TrackPointExtension>
            <gpxtpx:hr>118</gpxtpx:hr>
          </gpxtpx:TrackPointExtension>
        </extensions>
      </trkpt>
      <trkpt lat="1.405368040182514" lon="103.89072332855586">
        <ele>8.177224876359105</ele>
        <time>2026-10-05T10:04:04Z</time>
        <extensions>
          <gpxtpx:TrackPointExtension>
            <gpxtpx:hr>118</gpxtpx:hr>
          </gpxtpx:TrackPointExtension>
        </extensions>
      </trkpt>
      <trkpt lat="1.4053607006071656" lon="103.89071134297203">
        <ele>8.168444536626339</ele>
        <time>2026-10-05T10:04:05Z</time>
        <extensions>
          <gpxtpx:TrackPointExtension>
            <gpxtpx:hr>118</gpxtpx:hr>
          </gpxtpx:TrackPointExtension>
        </extensions>
      </trkpt>
      <trkpt lat="1.405353462649215" lon="103.89069927316301">
        <ele>8.162505912594497</ele>
        <time>2026-10-05T10:04:06Z</time>
        <extensions>
          <gpxtpx:TrackPointExtension>
            <gpxtpx:hr>115</gpxtpx:hr>
          </gpxtpx:TrackPointExtension>
        </extensions>
      </trkpt>
      <trkpt lat="1.4053460673049352" lon="103.89068746551372">
        <ele>8.15921220369637</ele>
        <time>2026-10-05T10:04:07Z</time>
        <extensions>
          <gpxtpx:TrackPointExtension>
            <gpxtpx:hr>115</gpxtpx:hr>
          </gpxtpx:TrackPointExtension>
        </extensions>
      </trkpt>
      <trkpt lat="1.4053383376273667" lon="103.89067584796747">
        <ele>8.158412209711969</ele>
        <time>2026-10-05T10:04:08Z</time>
        <extensions>
          <gpxtpx:TrackPointExtension>
            <gpxtpx:hr>115</gpxtpx:hr>
          </gpxtpx:TrackPointExtension>
        </extensions>
      </trkpt>
      <trkpt lat="1.4053308452446913" lon="103.89066457498379">
        <ele>8.160090202465653</ele>
        <time>2026-10-05T10:04:09Z</time>
        <extensions>
          <gpxtpx:TrackPointExtension>
            <gpxtpx:hr>115</gpxtpx:hr>
          </gpxtpx:TrackPointExtension>
        </extensions>
      </trkpt>
      <trkpt lat="1.4053243669664977" lon="103.89065415731449">
        <ele>8.16423433367163</ele>
        <time>2026-10-05T10:04:10Z</time>
        <extensions>
          <gpxtpx:TrackPointExtension>
            <gpxtpx:hr>114</gpxtpx:hr>
          </gpxtpx:TrackPointExtension>
        </extensions>
      </trkpt>
      <trkpt lat="1.4053183769835471" lon="103.89064475411956">
        <ele>8.170769990421832</ele>
        <time>2026-10-05T10:04:11Z</time>
        <extensions>
          <gpxtpx:TrackPointExtension>
            <gpxtpx:hr>114</gpxtpx:hr>
          </gpxtpx:TrackPointExtension>
        </extensions>
      </trkpt>
      <trkpt lat="1.405311922597062" lon="103.89063607057929">
        <ele>8.179908630438149</ele>
        <time>2026-10-05T10:04:12Z</time>
        <extensions>
          <gpxtpx:TrackPointExtension>
            <gpxtpx:hr>114</gpxtpx:hr>
          </gpxtpx:TrackPointExtension>
        </extensions>
      </trkpt>
      <trkpt lat="1.4053048756725763" lon="103.89062759171628">
        <ele>8.19138099718839</ele>
        <time>2026-10-05T10:04:13Z</time>
        <extensions>
          <gpxtpx:TrackPointExtension>
            <gpxtpx:hr>114</gpxtpx:hr>
          </gpxtpx:TrackPointExtension>
        </extensions>
      </trkpt>
      <trkpt lat="1.4052975664611156" lon="103.89061864276148">
        <ele>8.204623106867075</ele>
        <time>2026-10-05T10:04:14Z</time>
        <extensions>
          <gpxtpx:TrackPointExtension>
            <gpxtpx:hr>113</gpxtpx:hr>
          </gpxtpx:TrackPointExtension>
        </extensions>
      </trkpt>
      <trkpt lat="1.4052904117828051" lon="103.89060884751075">
        <ele>8.218806576915085</ele>
        <time>2026-10-05T10:04:15Z</time>
        <extensions>
          <gpxtpx:TrackPointExtension>
            <gpxtpx:hr>113</gpxtpx:hr>
          </gpxtpx:TrackPointExtension>
        </extensions>
      </trkpt>
      <trkpt lat="1.405283038135938" lon="103.89059808876006">
        <ele>8.232971196062863</ele>
        <time>2026-10-05T10:04:16Z</time>
        <extensions>
          <gpxtpx:TrackPointExtension>
            <gpxtpx:hr>113</gpxtpx:hr>
          </gpxtpx:TrackPointExtension>
        </extensions>
      </trkpt>
      <trkpt lat="1.4052752726866549" lon="103.89058703918228">
        <ele>8.245779382064939</ele>
        <time>2026-10-05T10:04:17Z</time>
        <extensions>
          <gpxtpx:TrackPointExtension>
            <gpxtpx:hr>113</gpxtpx:hr>
          </gpxtpx:TrackPointExtension>
        </extensions>
      </trkpt>
      <trkpt lat="1.40526730691511" lon="103.8905761552129">
        <ele>8.255734731443226</ele>
        <time>2026-10-05T10:04:18Z</time>
        <extensions>
          <gpxtpx:TrackPointExtension>
            <gpxtpx:hr>113</gpxtpx:hr>
          </gpxtpx:TrackPointExtension>
        </extensions>
      </trkpt>
      <trkpt lat="1.4052585872058936" lon="103.89056481678665">
        <ele>8.26152073405683</ele>
        <time>2026-10-05T10:04:19Z</time>
        <extensions>
          <gpxtpx:TrackPointExtension>
            <gpxtpx:hr>112</gpxtpx:hr>
          </gpxtpx:TrackPointExtension>
        </extensions>
      </trkpt>
      <trkpt lat="1.405248867263973" lon="103.89055287788928">
        <ele>8.262417078018188</ele>
        <time>2026-10-05T10:04:20Z</time>
        <extensions>
          <gpxtpx:TrackPointExtension>
            <gpxtpx:hr>112</gpxtpx:hr>
          </gpxtpx:TrackPointExtension>
        </extensions>
      </trkpt>
      <trkpt lat="1.4052389427061096" lon="103.8905410565511">
        <ele>8.258492078632116</ele>
        <time>2026-10-05T10:04:21Z</time>
        <extensions>
          <gpxtpx:TrackPointExtension>
            <gpxtpx:hr>112</gpxtpx:hr>
          </gpxtpx:TrackPointExtension>
        </extensions>
      </trkpt>
      <trkpt lat="1.4052294166653365" lon="103.89052961833247">
        <ele>8.25060163717717</ele>
        <time>2026-10-05T10:04:22Z</time>
        <extensions>
          <gpxtpx:TrackPointExtension>
            <gpxtpx:hr>112</gpxtpx:hr>
          </gpxtpx:TrackPointExtension>
        </extensions>
      </trkpt>
      <trkpt lat="1.405220372715087" lon="103.89051854980141">
        <ele>8.240283001214266</ele>
        <time>2026-10-05T10:04:23Z</time>
        <extensions>
          <gpxtpx:TrackPointExtension>
            <gpxtpx:hr>112</gpxtpx:hr>
          </gpxtpx:TrackPointExtension>
        </extensions>
      </trkpt>
      <trkpt lat="1.4052113078442618" lon="103.89050711735457">
        <ele>8.22928819898516</ele>
        <time>2026-10-05T10:04:24Z</time>
        <extensions>
          <gpxtpx:TrackPointExtension>
            <gpxtpx:hr>112</gpxtpx:hr>
          </gpxtpx:TrackPointExtension>
        </extensions>
      </trkpt>
      <trkpt lat="1.4052021563490353" lon="103.89049529966343">
        <ele>8.219050782732666</ele>
        <time>2026-10-05T10:04:25Z</time>
        <extensions>
          <gpxtpx:TrackPointExtension>
            <gpxtpx:hr>114</gpxtpx:hr>
          </gpxtpx:TrackPointExtension>
        </extensions>
      </trkpt>
      <trkpt lat="1.4051936082615009" lon="103.89048419676466">
        <ele>8.210339679382741</ele>
        <time>2026-10-05T10:04:26Z</time>
        <extensions>
          <gpxtpx:TrackPointExtension>
            <gpxtpx:hr>114</gpxtpx:hr>
          </gpxtpx:TrackPointExtension>
        </extensions>
      </trkpt>
      <trkpt lat="1.4051854186772195" lon="103.89047404324997">
        <ele>8.203417498618364</ele>
        <time>2026-10-05T10:04:27Z</time>
        <extensions>
          <gpxtpx:TrackPointExtension>
            <gpxtpx:hr>114</gpxtpx:hr>
          </gpxtpx:TrackPointExtension>
        </extensions>
      </trkpt>
      <trkpt lat="1.4051769628485358" lon="103.89046457952549">
        <ele>8.198234821669757</ele>
        <time>2026-10-05T10:04:28Z</time>
        <extensions>
          <gpxtpx:TrackPointExtension>
            <gpxtpx:hr>114</gpxtpx:hr>
          </gpxtpx:TrackPointExtension>
        </extensions>
      </trkpt>
      <trkpt lat="1.4051682663796183" lon="103.89045552224744">
        <ele>8.194541479460895</ele>
        <time>2026-10-05T10:04:29Z</time>
        <extensions>
          <gpxtpx:TrackPointExtension>
            <gpxtpx:hr>112</gpxtpx:hr>
          </gpxtpx:TrackPointExtension>
        </extensions>
      </trkpt>
      <trkpt lat="1.4051595364639335" lon="103.89044680150276">
        <ele>8.191935192793608</ele>
        <time>2026-10-05T10:04:30Z</time>
        <extensions>
          <gpxtpx:TrackPointExtension>
            <gpxtpx:hr>112</gpxtpx:hr>
          </gpxtpx:TrackPointExtension>
        </extensions>
      </trkpt>
      <trkpt lat="1.4051509579929842" lon="103.89043847216571">
        <ele>8.19012842234224</ele>
        <time>2026-10-05T10:04:31Z</time>
        <extensions>
          <gpxtpx:TrackPointExtension>
            <gpxtpx:hr>112</gpxtpx:hr>
          </gpxtpx:TrackPointExtension>
        </extensions>
      </trkpt>
      <trkpt lat="1.4051428531961523" lon="103.89043008327727">
        <ele>8.188863418996334</ele>
        <time>2026-10-05T10:04:32Z</time>
        <extensions>
          <gpxtpx:TrackPointExtension>
            <gpxtpx:hr>112</gpxtpx:hr>
          </gpxtpx:TrackPointExtension>
        </extensions>
      </trkpt>
      <trkpt lat="1.4051352245175928" lon="103.8904208028544">
        <ele>8.187887124717236</ele>
        <time>2026-10-05T10:04:33Z</time>
        <extensions>
          <gpxtpx:TrackPointExtension>
            <gpxtpx:hr>111</gpxtpx:hr>
          </gpxtpx:TrackPointExtension>
        </extensions>
      </trkpt>
      <trkpt lat="1.4051279908774306" lon="103.89041078912932">
        <ele>8.187011784873903</ele>
        <time>2026-10-05T10:04:34Z</time>
        <extensions>
          <gpxtpx:TrackPointExtension>
            <gpxtpx:hr>111</gpxtpx:hr>
          </gpxtpx:TrackPointExtension>
        </extensions>
      </trkpt>
      <trkpt lat="1.4051214317412193" lon="103.8904011985798">
        <ele>8.186246013268828</ele>
        <time>2026-10-05T10:04:35Z</time>
        <extensions>
          <gpxtpx:TrackPointExtension>
            <gpxtpx:hr>111</gpxtpx:hr>
          </gpxtpx:TrackPointExtension>
        </extensions>
      </trkpt>
      <trkpt lat="1.405115387384357" lon="103.89039273181153">
        <ele>8.185770410113037</ele>
        <time>2026-10-05T10:04:36Z</time>
        <extensions>
          <gpxtpx:TrackPointExtension>
            <gpxtpx:hr>111</gpxtpx:hr>
          </gpxtpx:TrackPointExtension>
        </extensions>
      </trkpt>
      <trkpt lat="1.4051092667434897" lon="103.89038451927865">
        <ele>8.185853728093207</ele>
        <time>2026-10-05T10:04:37Z</time>
        <extensions>
          <gpxtpx:TrackPointExtension>
            <gpxtpx:hr>111</gpxtpx:hr>
          </gpxtpx:TrackPointExtension>
        </extensions>
      </trkpt>
      <trkpt lat="1.4051029347022335" lon="103.89037568481486">
        <ele>8.186757124960423</ele>
        <time>2026-10-05T10:04:38Z</time>
        <extensions>
          <gpxtpx:TrackPointExtension>
            <gpxtpx:hr>111</gpxtpx:hr>
          </gpxtpx:TrackPointExtension>
        </extensions>
      </trkpt>
      <trkpt lat="1.4050964948270868" lon="103.89036627442971">
        <ele>8.188660771586001</ele>
        <time>2026-10-05T10:04:39Z</time>
        <extensions>
          <gpxtpx:TrackPointExtension>
            <gpxtpx:hr>111</gpxtpx:hr>
          </gpxtpx:TrackPointExtension>
        </extensions>
      </trkpt>
      <trkpt lat="1.4050902035893091" lon="103.89035677735143">
        <ele>8.191551796160638</ele>
        <time>2026-10-05T10:04:40Z</time>
        <extensions>
          <gpxtpx:TrackPointExtension>
            <gpxtpx:hr>111</gpxtpx:hr>
          </gpxtpx:TrackPointExtension>
        </extensions>
      </trkpt>
      <trkpt lat="1.4050842277270597" lon="103.89034725471844">
        <ele>8.19522097054869</ele>
        <time>2026-10-05T10:04:41Z</time>
        <extensions>
          <gpxtpx:TrackPointExtension>
            <gpxtpx:hr>111</gpxtpx:hr>
          </gpxtpx:TrackPointExtension>
        </extensions>
      </trkpt>
      <trkpt lat="1.4050782524206908" lon="103.89033719579308">
        <ele>8.199187730439007</ele>
        <time>2026-10-05T10:04:42Z</time>
        <extensions>
          <gpxtpx:TrackPointExtension>
            <gpxtpx:hr>111</gpxtpx:hr>
          </gpxtpx:TrackPointExtension>
        </extensions>
      </trkpt>
      <trkpt lat="1.4050717667278132" lon="103.89032645236072">
        <ele>8.203138798475266</ele>
        <time>2026-10-05T10:04:43Z</time>
        <extensions>
          <gpxtpx:TrackPointExtension>
            <gpxtpx:hr>111</gpxtpx:hr>
          </gpxtpx:TrackPointExtension>
        </extensions>
      </trkpt>
      <trkpt lat="1.4050644714602147" lon="103.89031524403254">
        <ele>8.207643122412264</ele>
        <time>2026-10-05T10:04:44Z</time>
        <extensions>
          <gpxtpx:TrackPointExtension>
            <gpxtpx:hr>111</gpxtpx:hr>
          </gpxtpx:TrackPointExtension>
        </extensions>
      </trkpt>
      <trkpt lat="1.4050564264403298" lon="103.89030372655671">
        <ele>8.213928709737957</ele>
        <time>2026-10-05T10:04:45Z</time>
        <extensions>
          <gpxtpx:TrackPointExtension>
            <gpxtpx:hr>111</gpxtpx:hr>
          </gpxtpx:TrackPointExtension>
        </extensions>
      </trkpt>
      <trkpt lat="1.4050479322640277" lon="103.89029210701821">
        <ele>8.222638873383403</ele>
        <time>2026-10-05T10:04:46Z</time>
        <extensions>
          <gpxtpx:TrackPointExtension>
            <gpxtpx:hr>114</gpxtpx:hr>
          </gpxtpx:TrackPointExtension>
        </extensions>
      </trkpt>
      <trkpt lat="1.4050390848500172" lon="103.89028031940421">
        <ele>8.234509727917612</ele>
        <time>2026-10-05T10:04:47Z</time>
        <extensions>
          <gpxtpx:TrackPointExtension>
            <gpxtpx:hr>114</gpxtpx:hr>
          </gpxtpx:TrackPointExtension>
        </extensions>
      </trkpt>
      <trkpt lat="1.405030025904627" lon="103.89026827283729">
        <ele>8.250407320447266</ele>
        <time>2026-10-05T10:04:48Z</time>
        <extensions>
          <gpxtpx:TrackPointExtension>
            <gpxtpx:hr>114</gpxtpx:hr>
          </gpxtpx:TrackPointExtension>
        </extensions>
      </trkpt>
      <trkpt lat="1.4050211724031336" lon="103.89025614013678">
        <ele>8.270488628186285</ele>
        <time>2026-10-05T10:04:49Z</time>
        <extensions>
          <gpxtpx:TrackPointExtension>
            <gpxtpx:hr>114</gpxtpx:hr>
          </gpxtpx:TrackPointExtension>
        </extensions>
      </trkpt>
      <trkpt lat="1.4050126460329628" lon="103.89024380477">
        <ele>8.294453276321292</ele>
        <time>2026-10-05T10:04:50Z</time>
        <extensions>
          <gpxtpx:TrackPointExtension>
            <gpxtpx:hr>114</gpxtpx:hr>
          </gpxtpx:TrackPointExtension>
        </extensions>
      </trkpt>
      <trkpt lat="1.405004173647676" lon="103.89023138745769">
        <ele>8.321810238994658</ele>
        <time>2026-10-05T10:04:51Z</time>
        <extensions>
          <gpxtpx:TrackPointExtension>
            <gpxtpx:hr>112</gpxtpx:hr>
          </gpxtpx:TrackPointExtension>
        </extensions>
      </trkpt>
      <trkpt lat="1.404995482378915" lon="103.89021910022045">
        <ele>8.351265074685216</ele>
        <time>2026-10-05T10:04:52Z</time>
        <extensions>
          <gpxtpx:TrackPointExtension>
            <gpxtpx:hr>112</gpxtpx:hr>
          </gpxtpx:TrackPointExtension>
        </extensions>
      </trkpt>
      <trkpt lat="1.404986546107421" lon="103.89020658519821">
        <ele>8.380187953822315</ele>
        <time>2026-10-05T10:04:53Z</time>
        <extensions>
          <gpxtpx:TrackPointExtension>
            <gpxtpx:hr>112</gpxtpx:hr>
          </gpxtpx:TrackPointExtension>
        </extensions>
      </trkpt>
      <trkpt lat="1.4049777079596184" lon="103.89019383727883">
        <ele>8.405178779736161</ele>
        <time>2026-10-05T10:04:54Z</time>
        <extensions>
          <gpxtpx:TrackPointExtension>
            <gpxtpx:hr>112</gpxtpx:hr>
          </gpxtpx:TrackPointExtension>
        </extensions>
      </trkpt>
      <trkpt lat="1.4049691143127858" lon="103.89018142793118">
        <ele>8.423019167035818</ele>
        <time>2026-10-05T10:04:55Z</time>
        <extensions>
          <gpxtpx:TrackPointExtension>
            <gpxtpx:hr>114</gpxtpx:hr>
          </gpxtpx:TrackPointExtension>
        </extensions>
      </trkpt>
      <trkpt lat="1.4049607416375611" lon="103.89016912749504">
        <ele>8.431787005625665</ele>
        <time>2026-10-05T10:04:56Z</time>
        <extensions>
          <gpxtpx:TrackPointExtension>
            <gpxtpx:hr>114</gpxtpx:hr>
          </gpxtpx:TrackPointExtension>
        </extensions>
      </trkpt>
      <trkpt lat="1.4049524503784077" lon="103.89015645237544">
        <ele>8.431243481114507</ele>
        <time>2026-10-05T10:04:57Z</time>
        <extensions>
          <gpxtpx:TrackPointExtension>
            <gpxtpx:hr>114</gpxtpx:hr>
          </gpxtpx:TrackPointExtension>
        </extensions>
      </trkpt>
      <trkpt lat="1.4049447277746485" lon="103.89014398005826">
        <ele>8.422817781567574</ele>
        <time>2026-10-05T10:04:58Z</time>
        <extensions>
          <gpxtpx:TrackPointExtension>
            <gpxtpx:hr>114</gpxtpx:hr>
          </gpxtpx:TrackPointExtension>
        </extensions>
      </trkpt>
      <trkpt lat="1.4049377824260925" lon="103.8901319451497">
        <ele>8.40908107534051</ele>
        <time>2026-10-05T10:04:59Z</time>
        <extensions>
          <gpxtpx:TrackPointExtension>
            <gpxtpx:hr>114</gpxtpx:hr>
          </gpxtpx:TrackPointExtension>
        </extensions>
      </trkpt>
      <trkpt lat="1.404931128826562" lon="103.89011996056907">
        <ele>8.392970987595618</ele>
        <time>2026-10-05T10:05:00Z</time>
        <extensions>
          <gpxtpx:TrackPointExtension>
            <gpxtpx:hr>113</gpxtpx:hr>
          </gpxtpx:TrackPointExtension>
        </extensions>
      </trkpt>
      <trkpt lat="1.4049244946999824" lon="103.89010816171418">
        <ele>8.37687543593347</ele>
        <time>2026-10-05T10:05:01Z</time>
        <extensions>
          <gpxtpx:TrackPointExtension>
            <gpxtpx:hr>113</gpxtpx:hr>
          </gpxtpx:TrackPointExtension>
        </extensions>
      </trkpt>
      <trkpt lat="1.4049179842579036" lon="103.89009681808007">
        <ele>8.362278983928263</ele>
        <time>2026-10-05T10:05:02Z</time>
        <extensions>
          <gpxtpx:TrackPointExtension>
            <gpxtpx:hr>113</gpxtpx:hr>
          </gpxtpx:TrackPointExtension>
        </extensions>
      </trkpt>
      <trkpt lat="1.4049117177856134" lon="103.89008592464234">
        <ele>8.349738471210003</ele>
        <time>2026-10-05T10:05:03Z</time>
        <extensions>
          <gpxtpx:TrackPointExtension>
            <gpxtpx:hr>113</gpxtpx:hr>
          </gpxtpx:TrackPointExtension>
        </extensions>
      </trkpt>
      <trkpt lat="1.4049051934578987" lon="103.89007497167108">
        <ele>8.339233429171145</ele>
        <time>2026-10-05T10:05:04Z</time>
        <extensions>
          <gpxtpx:TrackPointExtension>
            <gpxtpx:hr>113</gpxtpx:hr>
          </gpxtpx:TrackPointExtension>
        </extensions>
      </trkpt>
      <trkpt lat="1.4048982171002735" lon="103.8900637942716">
        <ele>8.330287144519389</ele>
        <time>2026-10-05T10:05:05Z</time>
        <extensions>
          <gpxtpx:TrackPointExtension>
            <gpxtpx:hr>113</gpxtpx:hr>
          </gpxtpx:TrackPointExtension>
        </extensions>
      </trkpt>
      <trkpt lat="1.4048910293479566" lon="103.890052887966">
        <ele>8.322252116166055</ele>
        <time>2026-10-05T10:05:06Z</time>
        <extensions>
          <gpxtpx:TrackPointExtension>
            <gpxtpx:hr>111</gpxtpx:hr>
          </gpxtpx:TrackPointExtension>
        </extensions>
      </trkpt>
      <trkpt lat="1.4048835354402591" lon="103.89004204898276">
        <ele>8.314513617195189</ele>
        <time>2026-10-05T10:05:07Z</time>
        <extensions>
          <gpxtpx:TrackPointExtension>
            <gpxtpx:hr>111</gpxtpx:hr>
          </gpxtpx:TrackPointExtension>
        </extensions>
      </trkpt>
      <trkpt lat="1.4048757774826421" lon="103.89003070766721">
        <ele>8.306556886062026</ele>
        <time>2026-10-05T10:05:08Z</time>
        <extensions>
          <gpxtpx:TrackPointExtension>
            <gpxtpx:hr>111</gpxtpx:hr>
          </gpxtpx:TrackPointExtension>
        </extensions>
      </trkpt>
      <trkpt lat="1.4048682358384894" lon="103.89001901187108">
        <ele>8.29824257362634</ele>
        <time>2026-10-05T10:05:09Z</time>
        <extensions>
          <gpxtpx:TrackPointExtension>
            <gpxtpx:hr>111</gpxtpx:hr>
          </gpxtpx:TrackPointExtension>
        </extensions>
      </trkpt>
      <trkpt lat="1.4048608201080766" lon="103.89000722623852">
        <ele>8.289727157913148</ele>
        <time>2026-10-05T10:05:10Z</time>
        <extensions>
          <gpxtpx:TrackPointExtension>
            <gpxtpx:hr>111</gpxtpx:hr>
          </gpxtpx:TrackPointExtension>
        </extensions>
      </trkpt>
      <trkpt lat="1.404852645145693" lon="103.88999511672526">
        <ele>8.28140368219465</ele>
        <time>2026-10-05T10:05:11Z</time>
        <extensions>
          <gpxtpx:TrackPointExtension>
            <gpxtpx:hr>112</gpxtpx:hr>
          </gpxtpx:TrackPointExtension>
        </extensions>
      </trkpt>
      <trkpt lat="1.4048433942831855" lon="103.88998311850126">
        <ele>8.273767876438797</ele>
        <time>2026-10-05T10:05:12Z</time>
        <extensions>
          <gpxtpx:TrackPointExtension>
            <gpxtpx:hr>112</gpxtpx:hr>
          </gpxtpx:TrackPointExtension>
        </extensions>
      </trkpt>
      <trkpt lat="1.4048337107518212" lon="103.88997183668074">
        <ele>8.267279322259128</ele>
        <time>2026-10-05T10:05:13Z</time>
        <extensions>
          <gpxtpx:TrackPointExtension>
            <gpxtpx:hr>112</gpxtpx:hr>
          </gpxtpx:TrackPointExtension>
        </extensions>
      </trkpt>
      <trkpt lat="1.404824203234457" lon="103.88996084225543">
        <ele>8.262315414845943</ele>
        <time>2026-10-05T10:05:14Z</time>
        <extensions>
          <gpxtpx:TrackPointExtension>
            <gpxtpx:hr>112</gpxtpx:hr>
          </gpxtpx:TrackPointExtension>
        </extensions>
      </trkpt>
      <trkpt lat="1.4048151116284864" lon="103.88994965989625">
        <ele>8.259138392284513</ele>
        <time>2026-10-05T10:05:15Z</time>
        <extensions>
          <gpxtpx:TrackPointExtension>
            <gpxtpx:hr>112</gpxtpx:hr>
          </gpxtpx:TrackPointExtension>
        </extensions>
      </trkpt>
      <trkpt lat="1.404806522405259" lon="103.88993831779574">
        <ele>8.257914847694337</ele>
        <time>2026-10-05T10:05:16Z</time>
        <extensions>
          <gpxtpx:TrackPointExtension>
            <gpxtpx:hr>112</gpxtpx:hr>
          </gpxtpx:TrackPointExtension>
        </extensions>
      </trkpt>
      <trkpt lat="1.4047986750536605" lon="103.8899268441058">
        <ele>8.25868200417608</ele>
        <time>2026-10-05T10:05:17Z</time>
        <extensions>
          <gpxtpx:TrackPointExtension>
            <gpxtpx:hr>112</gpxtpx:hr>
          </gpxtpx:TrackPointExtension>
        </extensions>
      </trkpt>
      <trkpt lat="1.4047911822209374" lon="103.8899151879947">
        <ele>8.261314517818391</ele>
        <time>2026-10-05T10:05:18Z</time>
        <extensions>
          <gpxtpx:TrackPointExtension>
            <gpxtpx:hr>112</gpxtpx:hr>
          </gpxtpx:TrackPointExtension>
        </extensions>
      </trkpt>
      <trkpt lat="1.4047833161967314" lon="103.88990289855823">
        <ele>8.265586066059768</ele>
        <time>2026-10-05T10:05:19Z</time>
        <extensions>
          <gpxtpx:TrackPointExtension>
            <gpxtpx:hr>112</gpxtpx:hr>
          </gpxtpx:TrackPointExtension>
        </extensions>
      </trkpt>
      <trkpt lat="1.4047752221873944" lon="103.8898904559555">
        <ele>8.271244581788778</ele>
        <time>2026-10-05T10:05:20Z</time>
        <extensions>
          <gpxtpx:TrackPointExtension>
            <gpxtpx:hr>112</gpxtpx:hr>
          </gpxtpx:TrackPointExtension>
        </extensions>
      </trkpt>
      <trkpt lat="1.4047670761985336" lon="103.88987833447028">
        <ele>8.27815078292042</ele>
        <time>2026-10-05T10:05:21Z</time>
        <extensions>
          <gpxtpx:TrackPointExtension>
            <gpxtpx:hr>113</gpxtpx:hr>
          </gpxtpx:TrackPointExtension>
        </extensions>
      </trkpt>
      <trkpt lat="1.404759148185279" lon="103.88986648344138">
        <ele>8.286013448610902</ele>
        <time>2026-10-05T10:05:22Z</time>
        <extensions>
          <gpxtpx:TrackPointExtension>
            <gpxtpx:hr>113</gpxtpx:hr>
          </gpxtpx:TrackPointExtension>
        </extensions>
      </trkpt>
      <trkpt lat="1.4047518644085146" lon="103.88985510653868">
        <ele>8.294540203176439</ele>
        <time>2026-10-05T10:05:23Z</time>
        <extensions>
          <gpxtpx:TrackPointExtension>
            <gpxtpx:hr>113</gpxtpx:hr>
          </gpxtpx:TrackPointExtension>
        </extensions>
      </trkpt>
      <trkpt lat="1.4047452405285157" lon="103.8898440328017">
        <ele>8.303461194969714</ele>
        <time>2026-10-05T10:05:24Z</time>
        <extensions>
          <gpxtpx:TrackPointExtension>
            <gpxtpx:hr>111</gpxtpx:hr>
          </gpxtpx:TrackPointExtension>
        </extensions>
      </trkpt>
      <trkpt lat="1.4047391003081995" lon="103.88983364186572">
        <ele>8.312528990209103</ele>
        <time>2026-10-05T10:05:25Z</time>
        <extensions>
          <gpxtpx:TrackPointExtension>
            <gpxtpx:hr>111</gpxtpx:hr>
          </gpxtpx:TrackPointExtension>
        </extensions>
      </trkpt>
      <trkpt lat="1.4047326872915402" lon="103.88982352184473">
        <ele>8.32148682512343</ele>
        <time>2026-10-05T10:05:26Z</time>
        <extensions>
          <gpxtpx:TrackPointExtension>
            <gpxtpx:hr>111</gpxtpx:hr>
          </gpxtpx:TrackPointExtension>
        </extensions>
      </trkpt>
      <trkpt lat="1.4047254305971357" lon="103.88981266213035">
        <ele>8.330091056413949</ele>
        <time>2026-10-05T10:05:27Z</time>
        <extensions>
          <gpxtpx:TrackPointExtension>
            <gpxtpx:hr>111</gpxtpx:hr>
          </gpxtpx:TrackPointExtension>
        </extensions>
      </trkpt>
      <trkpt lat="1.4047176098754197" lon="103.8898011468703">
        <ele>8.33807823061943</ele>
        <time>2026-10-05T10:05:28Z</time>
        <extensions>
          <gpxtpx:TrackPointExtension>
            <gpxtpx:hr>112</gpxtpx:hr>
          </gpxtpx:TrackPointExtension>
        </extensions>
      </trkpt>
      <trkpt lat="1.4047095399532212" lon="103.88978892716463">
        <ele>8.345153809525073</ele>
        <time>2026-10-05T10:05:29Z</time>
        <extensions>
          <gpxtpx:TrackPointExtension>
            <gpxtpx:hr>112</gpxtpx:hr>
          </gpxtpx:TrackPointExtension>
        </extensions>
      </trkpt>
      <trkpt lat="1.404701411634545" lon="103.88977606011028">
        <ele>8.351073073223233</ele>
        <time>2026-10-05T10:05:30Z</time>
        <extensions>
          <gpxtpx:TrackPointExtension>
            <gpxtpx:hr>112</gpxtpx:hr>
          </gpxtpx:TrackPointExtension>
        </extensions>
      </trkpt>
      <trkpt lat="1.404693521126845" lon="103.8897631335723">
        <ele>8.355804899707437</ele>
        <time>2026-10-05T10:05:31Z</time>
        <extensions>
          <gpxtpx:TrackPointExtension>
            <gpxtpx:hr>112</gpxtpx:hr>
          </gpxtpx:TrackPointExtension>
        </extensions>
      </trkpt>
      <trkpt lat="1.4046857523731036" lon="103.88975050808598">
        <ele>8.35959505289793</ele>
        <time>2026-10-05T10:05:32Z</time>
        <extensions>
          <gpxtpx:TrackPointExtension>
            <gpxtpx:hr>112</gpxtpx:hr>
          </gpxtpx:TrackPointExtension>
        </extensions>
      </trkpt>
      <trkpt lat="1.4046781589249142" lon="103.88973846676255">
        <ele>8.362833989784122</ele>
        <time>2026-10-05T10:05:33Z</time>
        <extensions>
          <gpxtpx:TrackPointExtension>
            <gpxtpx:hr>112</gpxtpx:hr>
          </gpxtpx:TrackPointExtension>
        </extensions>
      </trkpt>
      <trkpt lat="1.4046708458466795" lon="103.88972675900621">
        <ele>8.36586123984307</ele>
        <time>2026-10-05T10:05:34Z</time>
        <extensions>
          <gpxtpx:TrackPointExtension>
            <gpxtpx:hr>112</gpxtpx:hr>
          </gpxtpx:TrackPointExtension>
        </extensions>
      </trkpt>
      <trkpt lat="1.404663442570912" lon="103.88971498907804">
        <ele>8.368868933059275</ele>
        <time>2026-10-05T10:05:35Z</time>
        <extensions>
          <gpxtpx:TrackPointExtension>
            <gpxtpx:hr>113</gpxtpx:hr>
          </gpxtpx:TrackPointExtension>
        </extensions>
      </trkpt>
      <trkpt lat="1.4046559830641527" lon="103.88970345173844">
        <ele>8.371981153264642</ele>
        <time>2026-10-05T10:05:36Z</time>
        <extensions>
          <gpxtpx:TrackPointExtension>
            <gpxtpx:hr>113</gpxtpx:hr>
          </gpxtpx:TrackPointExtension>
        </extensions>
      </trkpt>
      <trkpt lat="1.404648838054137" lon="103.88969221714318">
        <ele>8.375138141214848</ele>
        <time>2026-10-05T10:05:37Z</time>
        <extensions>
          <gpxtpx:TrackPointExtension>
            <gpxtpx:hr>113</gpxtpx:hr>
          </gpxtpx:TrackPointExtension>
        </extensions>
      </trkpt>
      <trkpt lat="1.404642196512747" lon="103.8896812482864">
        <ele>8.378192640841007</ele>
        <time>2026-10-05T10:05:38Z</time>
        <extensions>
          <gpxtpx:TrackPointExtension>
            <gpxtpx:hr>113</gpxtpx:hr>
          </gpxtpx:TrackPointExtension>
        </extensions>
      </trkpt>
      <trkpt lat="1.4046356961370225" lon="103.88967025980173">
        <ele>8.380957807414234</ele>
        <time>2026-10-05T10:05:39Z</time>
        <extensions>
          <gpxtpx:TrackPointExtension>
            <gpxtpx:hr>113</gpxtpx:hr>
          </gpxtpx:TrackPointExtension>
        </extensions>
      </trkpt>
      <trkpt lat="1.4046289781667425" lon="103.8896589760254">
        <ele>8.3832489233464</ele>
        <time>2026-10-05T10:05:40Z</time>
        <extensions>
          <gpxtpx:TrackPointExtension>
            <gpxtpx:hr>112</gpxtpx:hr>
          </gpxtpx:TrackPointExtension>
        </extensions>
      </trkpt>
      <trkpt lat="1.4046221926300761" lon="103.88964766806153">
        <ele>8.384814522229135</ele>
        <time>2026-10-05T10:05:41Z</time>
        <extensions>
          <gpxtpx:TrackPointExtension>
            <gpxtpx:hr>112</gpxtpx:hr>
          </gpxtpx:TrackPointExtension>
        </extensions>
      </trkpt>
      <trkpt lat="1.4046153830385573" lon="103.88963651652959">
        <ele>8.385468238033354</ele>
        <time>2026-10-05T10:05:42Z</time>
        <extensions>
          <gpxtpx:TrackPointExtension>
            <gpxtpx:hr>112</gpxtpx:hr>
          </gpxtpx:TrackPointExtension>
        </extensions>
      </trkpt>
      <trkpt lat="1.40460838551322" lon="103.88962521515509">
        <ele>8.385073229670525</ele>
        <time>2026-10-05T10:05:43Z</time>
        <extensions>
          <gpxtpx:TrackPointExtension>
            <gpxtpx:hr>111</gpxtpx:hr>
          </gpxtpx:TrackPointExtension>
        </extensions>
      </trkpt>
      <trkpt lat="1.4046015282775322" lon="103.88961364447344">
        <ele>8.38354925159365</ele>
        <time>2026-10-05T10:05:44Z</time>
        <extensions>
          <gpxtpx:TrackPointExtension>
            <gpxtpx:hr>111</gpxtpx:hr>
          </gpxtpx:TrackPointExtension>
        </extensions>
      </trkpt>
      <trkpt lat="1.404595038038525" lon="103.88960192509153">
        <ele>8.38092982955277</ele>
        <time>2026-10-05T10:05:45Z</time>
        <extensions>
          <gpxtpx:TrackPointExtension>
            <gpxtpx:hr>111</gpxtpx:hr>
          </gpxtpx:TrackPointExtension>
        </extensions>
      </trkpt>
      <trkpt lat="1.404588860713258" lon="103.88958998963375">
        <ele>8.377434521913528</ele>
        <time>2026-10-05T10:05:46Z</time>
        <extensions>
          <gpxtpx:TrackPointExtension>
            <gpxtpx:hr>111</gpxtpx:hr>
          </gpxtpx:TrackPointExtension>
        </extensions>
      </trkpt>
      <trkpt lat="1.404582741459648" lon="103.88957769623954">
        <ele>8.373417834751308</ele>
        <time>2026-10-05T10:05:47Z</time>
        <extensions>
          <gpxtpx:TrackPointExtension>
            <gpxtpx:hr>111</gpxtpx:hr>
          </gpxtpx:TrackPointExtension>
        </extensions>
      </trkpt>
      <trkpt lat="1.404576504859047" lon="103.88956514821793">
        <ele>8.369312145747244</ele>
        <time>2026-10-05T10:05:48Z</time>
        <extensions>
          <gpxtpx:TrackPointExtension>
            <gpxtpx:hr>111</gpxtpx:hr>
          </gpxtpx:TrackPointExtension>
        </extensions>
      </trkpt>
      <trkpt lat="1.4045700480263124" lon="103.88955267869498">
        <ele>8.365535498596728</ele>
        <time>2026-10-05T10:05:49Z</time>
        <extensions>
          <gpxtpx:TrackPointExtension>
            <gpxtpx:hr>111</gpxtpx:hr>
          </gpxtpx:TrackPointExtension>
        </extensions>
      </trkpt>
      <trkpt lat="1.4045634556533282" lon="103.88954019109522">
        <ele>8.362462105229497</ele>
        <time>2026-10-05T10:05:50Z</time>
        <extensions>
          <gpxtpx:TrackPointExtension>
            <gpxtpx:hr>111</gpxtpx:hr>
          </gpxtpx:TrackPointExtension>
        </extensions>
      </trkpt>
      <trkpt lat="1.4045570109904826" lon="103.88952760869718">
        <ele>8.360355848446488</ele>
        <time>2026-10-05T10:05:51Z</time>
        <extensions>
          <gpxtpx:TrackPointExtension>
            <gpxtpx:hr>111</gpxtpx:hr>
          </gpxtpx:TrackPointExtension>
        </extensions>
      </trkpt>
      <trkpt lat="1.4045508440581407" lon="103.88951483434201">
        <ele>8.35919667687267</ele>
        <time>2026-10-05T10:05:52Z</time>
        <extensions>
          <gpxtpx:TrackPointExtension>
            <gpxtpx:hr>111</gpxtpx:hr>
          </gpxtpx:TrackPointExtension>
        </extensions>
      </trkpt>
      <trkpt lat="1.40454444495482" lon="103.88950176455963">
        <ele>8.358666812069714</ele>
        <time>2026-10-05T10:05:53Z</time>
        <extensions>
          <gpxtpx:TrackPointExtension>
            <gpxtpx:hr>113</gpxtpx:hr>
          </gpxtpx:TrackPointExtension>
        </extensions>
      </trkpt>
      <trkpt lat="1.4045379506944635" lon="103.88948897460135">
        <ele>8.358322147279978</ele>
        <time>2026-10-05T10:05:54Z</time>
        <extensions>
          <gpxtpx:TrackPointExtension>
            <gpxtpx:hr>113</gpxtpx:hr>
          </gpxtpx:TrackPointExtension>
        </extensions>
      </trkpt>
      <trkpt lat="1.404531476071423" lon="103.889476216329">
        <ele>8.357684065587819</ele>
        <time>2026-10-05T10:05:55Z</time>
        <extensions>
          <gpxtpx:TrackPointExtension>
            <gpxtpx:hr>113</gpxtpx:hr>
          </gpxtpx:TrackPointExtension>
        </extensions>
      </trkpt>
      <trkpt lat="1.404524978249881" lon="103.88946346901483">
        <ele>8.356253550387919</ele>
        <time>2026-10-05T10:05:56Z</time>
        <extensions>
          <gpxtpx:TrackPointExtension>
            <gpxtpx:hr>113</gpxtpx:hr>
          </gpxtpx:TrackPointExtension>
        </extensions>
      </trkpt>
      <trkpt lat="1.4045185646059384" lon="103.88945072166948">
        <ele>8.353639563545585</ele>
        <time>2026-10-05T10:05:57Z</time>
        <extensions>
          <gpxtpx:TrackPointExtension>
            <gpxtpx:hr>113</gpxtpx:hr>
          </gpxtpx:TrackPointExtension>
        </extensions>
      </trkpt>
      <trkpt lat="1.4045119623405002" lon="103.88943739489895">
        <ele>8.349643860012293</ele>
        <time>2026-10-05T10:05:58Z</time>
        <extensions>
          <gpxtpx:TrackPointExtension>
            <gpxtpx:hr>113</gpxtpx:hr>
          </gpxtpx:TrackPointExtension>
        </extensions>
      </trkpt>
      <trkpt lat="1.404504907079883" lon="103.88942310091079">
        <ele>8.344141284003854</ele>
        <time>2026-10-05T10:05:59Z</time>
        <extensions>
          <gpxtpx:TrackPointExtension>
            <gpxtpx:hr>113</gpxtpx:hr>
          </gpxtpx:TrackPointExtension>
        </extensions>
      </trkpt>
      <trkpt lat="1.4044975783329332" lon="103.88940892022023">
        <ele>8.336994494311512</ele>
        <time>2026-10-05T10:06:00Z</time>
        <extensions>
          <gpxtpx:TrackPointExtension>
            <gpxtpx:hr>114</gpxtpx:hr>
          </gpxtpx:TrackPointExtension>
        </extensions>
      </trkpt>
      <trkpt lat="1.404489904776488" lon="103.88939525629024">
        <ele>8.32820872683078</ele>
        <time>2026-10-05T10:06:01Z</time>
        <extensions>
          <gpxtpx:TrackPointExtension>
            <gpxtpx:hr>114</gpxtpx:hr>
          </gpxtpx:TrackPointExtension>
        </extensions>
      </trkpt>
      <trkpt lat="1.4044820171363013" lon="103.8893816630064">
        <ele>8.318048184737563</ele>
        <time>2026-10-05T10:06:02Z</time>
        <extensions>
          <gpxtpx:TrackPointExtension>
            <gpxtpx:hr>114</gpxtpx:hr>
          </gpxtpx:TrackPointExtension>
        </extensions>
      </trkpt>
      <trkpt lat="1.4044745138846038" lon="103.8893681067541">
        <ele>8.307013870216906</ele>
        <time>2026-10-05T10:06:03Z</time>
        <extensions>
          <gpxtpx:TrackPointExtension>
            <gpxtpx:hr>114</gpxtpx:hr>
          </gpxtpx:TrackPointExtension>
        </extensions>
      </trkpt>
      <trkpt lat="1.4044675003692066" lon="103.88935453168949">
        <ele>8.295687079429626</ele>
        <time>2026-10-05T10:06:04Z</time>
        <extensions>
          <gpxtpx:TrackPointExtension>
            <gpxtpx:hr>114</gpxtpx:hr>
          </gpxtpx:TrackPointExtension>
        </extensions>
      </trkpt>
      <trkpt lat="1.404461087720266" lon="103.88934133112252">
        <ele>8.284677485004067</ele>
        <time>2026-10-05T10:06:05Z</time>
        <extensions>
          <gpxtpx:TrackPointExtension>
            <gpxtpx:hr>114</gpxtpx:hr>
          </gpxtpx:TrackPointExtension>
        </extensions>
      </trkpt>
      <trkpt lat="1.4044550602327255" lon="103.88932853713786">
        <ele>8.274451360106468</ele>
        <time>2026-10-05T10:06:06Z</time>
        <extensions>
          <gpxtpx:TrackPointExtension>
            <gpxtpx:hr>114</gpxtpx:hr>
          </gpxtpx:TrackPointExtension>
        </extensions>
      </trkpt>
      <trkpt lat="1.4044489095829058" lon="103.88931604367825">
        <ele>8.265215281397104</ele>
        <time>2026-10-05T10:06:07Z</time>
        <extensions>
          <gpxtpx:TrackPointExtension>
            <gpxtpx:hr>114</gpxtpx:hr>
          </gpxtpx:TrackPointExtension>
        </extensions>
      </trkpt>
      <trkpt lat="1.4044424190802072" lon="103.88930361275423">
        <ele>8.256938427686691</ele>
        <time>2026-10-05T10:06:08Z</time>
        <extensions>
          <gpxtpx:TrackPointExtension>
            <gpxtpx:hr>114</gpxtpx:hr>
          </gpxtpx:TrackPointExtension>
        </extensions>
      </trkpt>
      <trkpt lat="1.4044359429288473" lon="103.88929118091332">
        <ele>8.249503430910408</ele>
        <time>2026-10-05T10:06:09Z</time>
        <extensions>
          <gpxtpx:TrackPointExtension>
            <gpxtpx:hr>114</gpxtpx:hr>
          </gpxtpx:TrackPointExtension>
        </extensions>
      </trkpt>
      <trkpt lat="1.4044297921145001" lon="103.88927889124834">
        <ele>8.242802006192505</ele>
        <time>2026-10-05T10:06:10Z</time>
        <extensions>
          <gpxtpx:TrackPointExtension>
            <gpxtpx:hr>114</gpxtpx:hr>
          </gpxtpx:TrackPointExtension>
        </extensions>
      </trkpt>
      <trkpt lat="1.4044241420680408" lon="103.88926672980378">
        <ele>8.236789422109723</ele>
        <time>2026-10-05T10:06:11Z</time>
        <extensions>
          <gpxtpx:TrackPointExtension>
            <gpxtpx:hr>114</gpxtpx:hr>
          </gpxtpx:TrackPointExtension>
        </extensions>
      </trkpt>
      <trkpt lat="1.4044185666467814" lon="103.88925454616944">
        <ele>8.231486138887703</ele>
        <time>2026-10-05T10:06:12Z</time>
        <extensions>
          <gpxtpx:TrackPointExtension>
            <gpxtpx:hr>114</gpxtpx:hr>
          </gpxtpx:TrackPointExtension>
        </extensions>
      </trkpt>
      <trkpt lat="1.4044125361188275" lon="103.88924224899824">
        <ele>8.22693882510066</ele>
        <time>2026-10-05T10:06:13Z</time>
        <extensions>
          <gpxtpx:TrackPointExtension>
            <gpxtpx:hr>114</gpxtpx:hr>
          </gpxtpx:TrackPointExtension>
        </extensions>
      </trkpt>
      <trkpt lat="1.4044061220858457" lon="103.88923010534971">
        <ele>8.223144366405904</ele>
        <time>2026-10-05T10:06:14Z</time>
        <extensions>
          <gpxtpx:TrackPointExtension>
            <gpxtpx:hr>114</gpxtpx:hr>
          </gpxtpx:TrackPointExtension>
        </extensions>
      </trkpt>
      <trkpt lat="1.4043998228508943" lon="103.8892187046278">
        <ele>8.22002221737057</ele>
        <time>2026-10-05T10:06:15Z</time>
        <extensions>
          <gpxtpx:TrackPointExtension>
            <gpxtpx:hr>113</gpxtpx:hr>
          </gpxtpx:TrackPointExtension>
        </extensions>
      </trkpt>
      <trkpt lat="1.4043936330967683" lon="103.88920771527455">
        <ele>8.217421675100923</ele>
        <time>2026-10-05T10:06:16Z</time>
        <extensions>
          <gpxtpx:TrackPointExtension>
            <gpxtpx:hr>113</gpxtpx:hr>
          </gpxtpx:TrackPointExtension>
        </extensions>
      </trkpt>
      <trkpt lat="1.4043876093077354" lon="103.88919636192327">
        <ele>8.215099988505244</ele>
        <time>2026-10-05T10:06:17Z</time>
        <extensions>
          <gpxtpx:TrackPointExtension>
            <gpxtpx:hr>113</gpxtpx:hr>
          </gpxtpx:TrackPointExtension>
        </extensions>
      </trkpt>
      <trkpt lat="1.4043818928611436" lon="103.88918438681543">
        <ele>8.212950810790062</ele>
        <time>2026-10-05T10:06:18Z</time>
        <extensions>
          <gpxtpx:TrackPointExtension>
            <gpxtpx:hr>113</gpxtpx:hr>
          </gpxtpx:TrackPointExtension>
        </extensions>
      </trkpt>
      <trkpt lat="1.4043764440561084" lon="103.88917178019416">
        <ele>8.210927162319422</ele>
        <time>2026-10-05T10:06:19Z</time>
        <extensions>
          <gpxtpx:TrackPointExtension>
            <gpxtpx:hr>113</gpxtpx:hr>
          </gpxtpx:TrackPointExtension>
        </extensions>
      </trkpt>
      <trkpt lat="1.4043712353921616" lon="103.88915908768482">
        <ele>8.209083840250969</ele>
        <time>2026-10-05T10:06:20Z</time>
        <extensions>
          <gpxtpx:TrackPointExtension>
            <gpxtpx:hr>113</gpxtpx:hr>
          </gpxtpx:TrackPointExtension>
        </extensions>
      </trkpt>
      <trkpt lat="1.4043661103703415" lon="103.88914668793149">
        <ele>8.207583910785615</ele>
        <time>2026-10-05T10:06:21Z</time>
        <extensions>
          <gpxtpx:TrackPointExtension>
            <gpxtpx:hr>113</gpxtpx:hr>
          </gpxtpx:TrackPointExtension>
        </extensions>
      </trkpt>
      <trkpt lat="1.4043609851973438" lon="103.88913473447103">
        <ele>8.206714836880565</ele>
        <time>2026-10-05T10:06:22Z</time>
        <extensions>
          <gpxtpx:TrackPointExtension>
            <gpxtpx:hr>113</gpxtpx:hr>
          </gpxtpx:TrackPointExtension>
        </extensions>
      </trkpt>
      <trkpt lat="1.4043558753494623" lon="103.88912361031049">
        <ele>8.206722939386964</ele>
        <time>2026-10-05T10:06:23Z</time>
        <extensions>
          <gpxtpx:TrackPointExtension>
            <gpxtpx:hr>113</gpxtpx:hr>
          </gpxtpx:TrackPointExtension>
        </extensions>
      </trkpt>
      <trkpt lat="1.4043508835265823" lon="103.88911342332078">
        <ele>8.207870432175696</ele>
        <time>2026-10-05T10:06:24Z</time>
        <extensions>
          <gpxtpx:TrackPointExtension>
            <gpxtpx:hr>110</gpxtpx:hr>
          </gpxtpx:TrackPointExtension>
        </extensions>
      </trkpt>
      <trkpt lat="1.404346014678103" lon="103.88910361678276">
        <ele>8.210356695577502</ele>
        <time>2026-10-05T10:06:25Z</time>
        <extensions>
          <gpxtpx:TrackPointExtension>
            <gpxtpx:hr>110</gpxtpx:hr>
          </gpxtpx:TrackPointExtension>
        </extensions>
      </trkpt>
      <trkpt lat="1.4043406129110336" lon="103.88909339522442">
        <ele>8.21420575492084</ele>
        <time>2026-10-05T10:06:26Z</time>
        <extensions>
          <gpxtpx:TrackPointExtension>
            <gpxtpx:hr>110</gpxtpx:hr>
          </gpxtpx:TrackPointExtension>
        </extensions>
      </trkpt>
      <trkpt lat="1.4043343325152666" lon="103.88908255311607">
        <ele>8.219292896799743</ele>
        <time>2026-10-05T10:06:27Z</time>
        <extensions>
          <gpxtpx:TrackPointExtension>
            <gpxtpx:hr>110</gpxtpx:hr>
          </gpxtpx:TrackPointExtension>
        </extensions>
      </trkpt>
      <trkpt lat="1.4043278741901288" lon="103.88907162283371">
        <ele>8.225235427729785</ele>
        <time>2026-10-05T10:06:28Z</time>
        <extensions>
          <gpxtpx:TrackPointExtension>
            <gpxtpx:hr>110</gpxtpx:hr>
          </gpxtpx:TrackPointExtension>
        </extensions>
      </trkpt>
      <trkpt lat="1.4043216102304388" lon="103.88906082179241">
        <ele>8.231454704888165</ele>
        <time>2026-10-05T10:06:29Z</time>
        <extensions>
          <gpxtpx:TrackPointExtension>
            <gpxtpx:hr>110</gpxtpx:hr>
          </gpxtpx:TrackPointExtension>
        </extensions>
      </trkpt>
      <trkpt lat="1.4043156112659245" lon="103.8890501473717">
        <ele>8.237285082228482</ele>
        <time>2026-10-05T10:06:30Z</time>
        <extensions>
          <gpxtpx:TrackPointExtension>
            <gpxtpx:hr>110</gpxtpx:hr>
          </gpxtpx:TrackPointExtension>
        </extensions>
      </trkpt>
      <trkpt lat="1.4043096756425977" lon="103.88903923787935">
        <ele>8.242193658836186</ele>
        <time>2026-10-05T10:06:31Z</time>
        <extensions>
          <gpxtpx:TrackPointExtension>
            <gpxtpx:hr>110</gpxtpx:hr>
          </gpxtpx:TrackPointExtension>
        </extensions>
      </trkpt>
      <trkpt lat="1.4043037503316895" lon="103.88902799780865">
        <ele>8.245780916884542</ele>
        <time>2026-10-05T10:06:32Z</time>
        <extensions>
          <gpxtpx:TrackPointExtension>
            <gpxtpx:hr>110</gpxtpx:hr>
          </gpxtpx:TrackPointExtension>
        </extensions>
      </trkpt>
      <trkpt lat="1.4042981463065598" lon="103.88901670373859">
        <ele>8.247764282859862</ele>
        <time>2026-10-05T10:06:33Z</time>
        <extensions>
          <gpxtpx:TrackPointExtension>
            <gpxtpx:hr>110</gpxtpx:hr>
          </gpxtpx:TrackPointExtension>
        </extensions>
      </trkpt>
      <trkpt lat="1.4042929510995756" lon="103.8890054529995">
        <ele>8.248029713518918</ele>
        <time>2026-10-05T10:06:34Z</time>
        <extensions>
          <gpxtpx:TrackPointExtension>
            <gpxtpx:hr>110</gpxtpx:hr>
          </gpxtpx:TrackPointExtension>
        </extensions>
      </trkpt>
      <trkpt lat="1.404287837386546" lon="103.88899328108874">
        <ele>8.24665142223239</ele>
        <time>2026-10-05T10:06:35Z</time>
        <extensions>
          <gpxtpx:TrackPointExtension>
            <gpxtpx:hr>110</gpxtpx:hr>
          </gpxtpx:TrackPointExtension>
        </extensions>
      </trkpt>
      <trkpt lat="1.4042826844554699" lon="103.88897951601486">
        <ele>8.243980538100004</ele>
        <time>2026-10-05T10:06:36Z</time>
        <extensions>
          <gpxtpx:TrackPointExtension>
            <gpxtpx:hr>110</gpxtpx:hr>
          </gpxtpx:TrackPointExtension>
        </extensions>
      </trkpt>
      <trkpt lat="1.4042773532428736" lon="103.8889646323795">
        <ele>8.24048257432878</ele>
        <time>2026-10-05T10:06:37Z</time>
        <extensions>
          <gpxtpx:TrackPointExtension>
            <gpxtpx:hr>110</gpxtpx:hr>
          </gpxtpx:TrackPointExtension>
        </extensions>
      </trkpt>
      <trkpt lat="1.404271491098624" lon="103.88894937847763">
        <ele>8.236722671426833</ele>
        <time>2026-10-05T10:06:38Z</time>
        <extensions>
          <gpxtpx:TrackPointExtension>
            <gpxtpx:hr>110</gpxtpx:hr>
          </gpxtpx:TrackPointExtension>
        </extensions>
      </trkpt>
      <trkpt lat="1.4042654337735343" lon="103.88893462548788">
        <ele>8.233258942142129</ele>
        <time>2026-10-05T10:06:39Z</time>
        <extensions>
          <gpxtpx:TrackPointExtension>
            <gpxtpx:hr>110</gpxtpx:hr>
          </gpxtpx:TrackPointExtension>
        </extensions>
      </trkpt>
      <trkpt lat="1.404259285841379" lon="103.8889198165666">
        <ele>8.230561971664429</ele>
        <time>2026-10-05T10:06:40Z</time>
        <extensions>
          <gpxtpx:TrackPointExtension>
            <gpxtpx:hr>110</gpxtpx:hr>
          </gpxtpx:TrackPointExtension>
        </extensions>
      </trkpt>
      <trkpt lat="1.4042531050088298" lon="103.88890525652722">
        <ele>8.228714790195227</ele>
        <time>2026-10-05T10:06:41Z</time>
        <extensions>
          <gpxtpx:TrackPointExtension>
            <gpxtpx:hr>110</gpxtpx:hr>
          </gpxtpx:TrackPointExtension>
        </extensions>
      </trkpt>
      <trkpt lat="1.4042467318051632" lon="103.88889122800722">
        <ele>8.22772558964789</ele>
        <time>2026-10-05T10:06:42Z</time>
        <extensions>
          <gpxtpx:TrackPointExtension>
            <gpxtpx:hr>110</gpxtpx:hr>
          </gpxtpx:TrackPointExtension>
        </extensions>
      </trkpt>
      <trkpt lat="1.404240326145819" lon="103.88887742212876">
        <ele>8.2275782963261</ele>
        <time>2026-10-05T10:06:43Z</time>
        <extensions>
          <gpxtpx:TrackPointExtension>
            <gpxtpx:hr>110</gpxtpx:hr>
          </gpxtpx:TrackPointExtension>
        </extensions>
      </trkpt>
      <trkpt lat="1.4042340974194223" lon="103.888863758342">
        <ele>8.228205794468522</ele>
        <time>2026-10-05T10:06:44Z</time>
        <extensions>
          <gpxtpx:TrackPointExtension>
            <gpxtpx:hr>110</gpxtpx:hr>
          </gpxtpx:TrackPointExtension>
        </extensions>
      </trkpt>
      <trkpt lat="1.404227520787028" lon="103.88884981011634">
        <ele>8.229376651346684</ele>
        <time>2026-10-05T10:06:45Z</time>
        <extensions>
          <gpxtpx:TrackPointExtension>
            <gpxtpx:hr>110</gpxtpx:hr>
          </gpxtpx:TrackPointExtension>
        </extensions>
      </trkpt>
      <trkpt lat="1.4042210839255618" lon="103.8888364627992">
        <ele>8.230815964750946</ele>
        <time>2026-10-05T10:06:46Z</time>
        <extensions>
          <gpxtpx:TrackPointExtension>
            <gpxtpx:hr>110</gpxtpx:hr>
          </gpxtpx:TrackPointExtension>
        </extensions>
      </trkpt>
      <trkpt lat="1.404214877863949" lon="103.88882393107964">
        <ele>8.232092347927392</ele>
        <time>2026-10-05T10:06:47Z</time>
        <extensions>
          <gpxtpx:TrackPointExtension>
            <gpxtpx:hr>110</gpxtpx:hr>
          </gpxtpx:TrackPointExtension>
        </extensions>
      </trkpt>
      <trkpt lat="1.4042088060176368" lon="103.88881196677124">
        <ele>8.232669366523623</ele>
        <time>2026-10-05T10:06:48Z</time>
        <extensions>
          <gpxtpx:TrackPointExtension>
            <gpxtpx:hr>110</gpxtpx:hr>
          </gpxtpx:TrackPointExtension>
        </extensions>
      </trkpt>
      <trkpt lat="1.404203288622482" lon="103.88880068361091">
        <ele>8.232017301023006</ele>
        <time>2026-10-05T10:06:49Z</time>
        <extensions>
          <gpxtpx:TrackPointExtension>
            <gpxtpx:hr>110</gpxtpx:hr>
          </gpxtpx:TrackPointExtension>
        </extensions>
      </trkpt>
      <trkpt lat="1.4041981323785133" lon="103.88878981096299">
        <ele>8.229806878603995</ele>
        <time>2026-10-05T10:06:50Z</time>
        <extensions>
          <gpxtpx:TrackPointExtension>
            <gpxtpx:hr>110</gpxtpx:hr>
          </gpxtpx:TrackPointExtension>
        </extensions>
      </trkpt>
      <trkpt lat="1.4041930094656532" lon="103.88877896016612">
        <ele>8.225999592803419</ele>
        <time>2026-10-05T10:06:51Z</time>
        <extensions>
          <gpxtpx:TrackPointExtension>
            <gpxtpx:hr>110</gpxtpx:hr>
          </gpxtpx:TrackPointExtension>
        </extensions>
      </trkpt>
      <trkpt lat="1.4041877725027914" lon="103.88876795814551">
        <ele>8.22082565817982</ele>
        <time>2026-10-05T10:06:52Z</time>
        <extensions>
          <gpxtpx:TrackPointExtension>
            <gpxtpx:hr>110</gpxtpx:hr>
          </gpxtpx:TrackPointExtension>
        </extensions>
      </trkpt>
      <trkpt lat="1.4041825667396817" lon="103.8887569537428">
        <ele>8.214691370725632</ele>
        <time>2026-10-05T10:06:53Z</time>
        <extensions>
          <gpxtpx:TrackPointExtension>
            <gpxtpx:hr>110</gpxtpx:hr>
          </gpxtpx:TrackPointExtension>
        </extensions>
      </trkpt>
      <trkpt lat="1.4041777312341646" lon="103.8887458847466">
        <ele>8.208079707808793</ele>
        <time>2026-10-05T10:06:54Z</time>
        <extensions>
          <gpxtpx:TrackPointExtension>
            <gpxtpx:hr>110</gpxtpx:hr>
          </gpxtpx:TrackPointExtension>
        </extensions>
      </trkpt>
      <trkpt lat="1.404173128761087" lon="103.88873460130873">
        <ele>8.201325124129653</ele>
        <time>2026-10-05T10:06:55Z</time>
        <extensions>
          <gpxtpx:TrackPointExtension>
            <gpxtpx:hr>110</gpxtpx:hr>
          </gpxtpx:TrackPointExtension>
        </extensions>
      </trkpt>
      <trkpt lat="1.4041684443823061" lon="103.8887225430745">
        <ele>8.194718073122203</ele>
        <time>2026-10-05T10:06:56Z</time>
        <extensions>
          <gpxtpx:TrackPointExtension>
            <gpxtpx:hr>109</gpxtpx:hr>
          </gpxtpx:TrackPointExtension>
        </extensions>
      </trkpt>
      <trkpt lat="1.4041635559799457" lon="103.88870956849736">
        <ele>8.188460571691394</ele>
        <time>2026-10-05T10:06:57Z</time>
        <extensions>
          <gpxtpx:TrackPointExtension>
            <gpxtpx:hr>109</gpxtpx:hr>
          </gpxtpx:TrackPointExtension>
        </extensions>
      </trkpt>
      <trkpt lat="1.4041583761842704" lon="103.8886964757062">
        <ele>8.182708889245987</ele>
        <time>2026-10-05T10:06:58Z</time>
        <extensions>
          <gpxtpx:TrackPointExtension>
            <gpxtpx:hr>109</gpxtpx:hr>
          </gpxtpx:TrackPointExtension>
        </extensions>
      </trkpt>
      <trkpt lat="1.4041526622608245" lon="103.88868364578242">
        <ele>8.177550102584064</ele>
        <time>2026-10-05T10:06:59Z</time>
        <extensions>
          <gpxtpx:TrackPointExtension>
            <gpxtpx:hr>109</gpxtpx:hr>
          </gpxtpx:TrackPointExtension>
        </extensions>
      </trkpt>
      <trkpt lat="1.4041463837522883" lon="103.88867143760154">
        <ele>8.17310468107462</ele>
        <time>2026-10-05T10:07:00Z</time>
        <extensions>
          <gpxtpx:TrackPointExtension>
            <gpxtpx:hr>109</gpxtpx:hr>
          </gpxtpx:TrackPointExtension>
        </extensions>
      </trkpt>
      <trkpt lat="1.4041396472768997" lon="103.88865986841284">
        <ele>8.169562700204551</ele>
        <time>2026-10-05T10:07:01Z</time>
        <extensions>
          <gpxtpx:TrackPointExtension>
            <gpxtpx:hr>109</gpxtpx:hr>
          </gpxtpx:TrackPointExtension>
        </extensions>
      </trkpt>
      <trkpt lat="1.4041326260577685" lon="103.88864831514945">
        <ele>8.167132334783673</ele>
        <time>2026-10-05T10:07:02Z</time>
        <extensions>
          <gpxtpx:TrackPointExtension>
            <gpxtpx:hr>109</gpxtpx:hr>
          </gpxtpx:TrackPointExtension>
        </extensions>
      </trkpt>
      <trkpt lat="1.404125724190403" lon="103.88863630839674">
        <ele>8.166022160090506</ele>
        <time>2026-10-05T10:07:03Z</time>
        <extensions>
          <gpxtpx:TrackPointExtension>
            <gpxtpx:hr>109</gpxtpx:hr>
          </gpxtpx:TrackPointExtension>
        </extensions>
      </trkpt>
      <trkpt lat="1.4041192862497975" lon="103.88862381637144">
        <ele>8.1663538813591</ele>
        <time>2026-10-05T10:07:04Z</time>
        <extensions>
          <gpxtpx:TrackPointExtension>
            <gpxtpx:hr>108</gpxtpx:hr>
          </gpxtpx:TrackPointExtension>
        </extensions>
      </trkpt>
      <trkpt lat="1.404113399539645" lon="103.88861133569847">
        <ele>8.168069220148027</ele>
        <time>2026-10-05T10:07:05Z</time>
        <extensions>
          <gpxtpx:TrackPointExtension>
            <gpxtpx:hr>108</gpxtpx:hr>
          </gpxtpx:TrackPointExtension>
        </extensions>
      </trkpt>
      <trkpt lat="1.404107429969377" lon="103.88859858799792">
        <ele>8.17095118202269</ele>
        <time>2026-10-05T10:07:06Z</time>
        <extensions>
          <gpxtpx:TrackPointExtension>
            <gpxtpx:hr>108</gpxtpx:hr>
          </gpxtpx:TrackPointExtension>
        </extensions>
      </trkpt>
      <trkpt lat="1.4041009082150038" lon="103.88858520582791">
        <ele>8.174704108387232</ele>
        <time>2026-10-05T10:07:07Z</time>
        <extensions>
          <gpxtpx:TrackPointExtension>
            <gpxtpx:hr>108</gpxtpx:hr>
          </gpxtpx:TrackPointExtension>
        </extensions>
      </trkpt>
      <trkpt lat="1.4040941148780344" lon="103.88857202104823">
        <ele>8.179125307127833</ele>
        <time>2026-10-05T10:07:08Z</time>
        <extensions>
          <gpxtpx:TrackPointExtension>
            <gpxtpx:hr>108</gpxtpx:hr>
          </gpxtpx:TrackPointExtension>
        </extensions>
      </trkpt>
      <trkpt lat="1.4040873003744982" lon="103.88855940012097">
        <ele>8.183943399228156</ele>
        <time>2026-10-05T10:07:09Z</time>
        <extensions>
          <gpxtpx:TrackPointExtension>
            <gpxtpx:hr>108</gpxtpx:hr>
          </gpxtpx:TrackPointExtension>
        </extensions>
      </trkpt>
      <trkpt lat="1.404080406290173" lon="103.88854699287133">
        <ele>8.18894993327558</ele>
        <time>2026-10-05T10:07:10Z</time>
        <extensions>
          <gpxtpx:TrackPointExtension>
            <gpxtpx:hr>108</gpxtpx:hr>
          </gpxtpx:TrackPointExtension>
        </extensions>
      </trkpt>
      <trkpt lat="1.4040734368791898" lon="103.88853513672873">
        <ele>8.194039830937982</ele>
        <time>2026-10-05T10:07:10Z</time>
        <extensions>
          <gpxtpx:TrackPointExtension>
            <gpxtpx:hr>108</gpxtpx:hr>
          </gpxtpx:TrackPointExtension>
        </extensions>
      </trkpt>
      <trkpt lat="1.404066446528723" lon="103.88852384936153">
        <ele>8.199227743782103</ele>
        <time>2026-10-05T10:07:11Z</time>
        <extensions>
          <gpxtpx:TrackPointExtension>
            <gpxtpx:hr>108</gpxtpx:hr>
          </gpxtpx:TrackPointExtension>
        </extensions>
      </trkpt>
      <trkpt lat="1.4040596762226731" lon="103.88851312580974">
        <ele>8.204570099711418</ele>
        <time>2026-10-05T10:07:12Z</time>
        <extensions>
          <gpxtpx:TrackPointExtension>
            <gpxtpx:hr>108</gpxtpx:hr>
          </gpxtpx:TrackPointExtension>
        </extensions>
      </trkpt>
      <trkpt lat="1.4040529789082696" lon="103.88850250848172">
        <ele>8.21001288946718</ele>
        <time>2026-10-05T10:07:13Z</time>
        <extensions>
          <gpxtpx:TrackPointExtension>
            <gpxtpx:hr>108</gpxtpx:hr>
          </gpxtpx:TrackPointExtension>
        </extensions>
      </trkpt>
      <trkpt lat="1.404046114288122" lon="103.88849158694303">
        <ele>8.215442867018282</ele>
        <time>2026-10-05T10:07:15Z</time>
        <extensions>
          <gpxtpx:TrackPointExtension>
            <gpxtpx:hr>110</gpxtpx:hr>
          </gpxtpx:TrackPointExtension>
        </extensions>
      </trkpt>
      <trkpt lat="1.4040391913546961" lon="103.8884802379188">
        <ele>8.220672713592649</ele>
        <time>2026-10-05T10:07:16Z</time>
        <extensions>
          <gpxtpx:TrackPointExtension>
            <gpxtpx:hr>110</gpxtpx:hr>
          </gpxtpx:TrackPointExtension>
        </extensions>
      </trkpt>
      <trkpt lat="1.4040325351200504" lon="103.88846885627359">
        <ele>8.225497319363058</ele>
        <time>2026-10-05T10:07:17Z</time>
        <extensions>
          <gpxtpx:TrackPointExtension>
            <gpxtpx:hr>110</gpxtpx:hr>
          </gpxtpx:TrackPointExtension>
        </extensions>
      </trkpt>
      <trkpt lat="1.4040263728493976" lon="103.88845818722777">
        <ele>8.229840472340584</ele>
        <time>2026-10-05T10:07:18Z</time>
        <extensions>
          <gpxtpx:TrackPointExtension>
            <gpxtpx:hr>110</gpxtpx:hr>
          </gpxtpx:TrackPointExtension>
        </extensions>
      </trkpt>
      <trkpt lat="1.4040205393801137" lon="103.88844822613893">
        <ele>8.233701918274164</ele>
        <time>2026-10-05T10:07:19Z</time>
        <extensions>
          <gpxtpx:TrackPointExtension>
            <gpxtpx:hr>110</gpxtpx:hr>
          </gpxtpx:TrackPointExtension>
        </extensions>
      </trkpt>
      <trkpt lat="1.4040149984282395" lon="103.88843822324588">
        <ele>8.23709224909544</ele>
        <time>2026-10-05T10:07:20Z</time>
        <extensions>
          <gpxtpx:TrackPointExtension>
            <gpxtpx:hr>109</gpxtpx:hr>
          </gpxtpx:TrackPointExtension>
        </extensions>
      </trkpt>
      <trkpt lat="1.4040100111108864" lon="103.88842771662891">
        <ele>8.239933489821851</ele>
        <time>2026-10-05T10:07:21Z</time>
        <extensions>
          <gpxtpx:TrackPointExtension>
            <gpxtpx:hr>109</gpxtpx:hr>
          </gpxtpx:TrackPointExtension>
        </extensions>
      </trkpt>
      <trkpt lat="1.4040054781535576" lon="103.88841656800717">
        <ele>8.242200068198144</ele>
        <time>2026-10-05T10:07:22Z</time>
        <extensions>
          <gpxtpx:TrackPointExtension>
            <gpxtpx:hr>109</gpxtpx:hr>
          </gpxtpx:TrackPointExtension>
        </extensions>
      </trkpt>
      <trkpt lat="1.4040010771555695" lon="103.88840537629125">
        <ele>8.243864431977272</ele>
        <time>2026-10-05T10:07:23Z</time>
        <extensions>
          <gpxtpx:TrackPointExtension>
            <gpxtpx:hr>111</gpxtpx:hr>
          </gpxtpx:TrackPointExtension>
        </extensions>
      </trkpt>
      <trkpt lat="1.4039969678364321" lon="103.88839482390078">
        <ele>8.244964647106826</ele>
        <time>2026-10-05T10:07:24Z</time>
        <extensions>
          <gpxtpx:TrackPointExtension>
            <gpxtpx:hr>111</gpxtpx:hr>
          </gpxtpx:TrackPointExtension>
        </extensions>
      </trkpt>
      <trkpt lat="1.403993174470254" lon="103.88838439239778">
        <ele>8.245629008859396</ele>
        <time>2026-10-05T10:07:25Z</time>
        <extensions>
          <gpxtpx:TrackPointExtension>
            <gpxtpx:hr>111</gpxtpx:hr>
          </gpxtpx:TrackPointExtension>
        </extensions>
      </trkpt>
      <trkpt lat="1.4039890163827966" lon="103.8883732685789">
        <ele>8.246067604981363</ele>
        <time>2026-10-05T10:07:26Z</time>
        <extensions>
          <gpxtpx:TrackPointExtension>
            <gpxtpx:hr>111</gpxtpx:hr>
          </gpxtpx:TrackPointExtension>
        </extensions>
      </trkpt>
      <trkpt lat="1.4039839234481475" lon="103.88836149540448">
        <ele>8.246464834548533</ele>
        <time>2026-10-05T10:07:27Z</time>
        <extensions>
          <gpxtpx:TrackPointExtension>
            <gpxtpx:hr>111</gpxtpx:hr>
          </gpxtpx:TrackPointExtension>
        </extensions>
      </trkpt>
      <trkpt lat="1.4039782989663456" lon="103.88834976060555">
        <ele>8.247089099138975</ele>
        <time>2026-10-05T10:07:28Z</time>
        <extensions>
          <gpxtpx:TrackPointExtension>
            <gpxtpx:hr>111</gpxtpx:hr>
          </gpxtpx:TrackPointExtension>
        </extensions>
      </trkpt>
      <trkpt lat="1.4039732041673705" lon="103.88833858613934">
        <ele>8.248251528479159</ele>
        <time>2026-10-05T10:07:29Z</time>
        <extensions>
          <gpxtpx:TrackPointExtension>
            <gpxtpx:hr>111</gpxtpx:hr>
          </gpxtpx:TrackPointExtension>
        </extensions>
      </trkpt>
      <trkpt lat="1.403968996067162" lon="103.88832804086783">
        <ele>8.250198472291231</ele>
        <time>2026-10-05T10:07:30Z</time>
        <extensions>
          <gpxtpx:TrackPointExtension>
            <gpxtpx:hr>112</gpxtpx:hr>
          </gpxtpx:TrackPointExtension>
        </extensions>
      </trkpt>
      <trkpt lat="1.4039649820866682" lon="103.88831758755462">
        <ele>8.25294722430408</ele>
        <time>2026-10-05T10:07:31Z</time>
        <extensions>
          <gpxtpx:TrackPointExtension>
            <gpxtpx:hr>112</gpxtpx:hr>
          </gpxtpx:TrackPointExtension>
        </extensions>
      </trkpt>
      <trkpt lat="1.4039604426392671" lon="103.88830609829247">
        <ele>8.256329650059342</ele>
        <time>2026-10-05T10:07:32Z</time>
        <extensions>
          <gpxtpx:TrackPointExtension>
            <gpxtpx:hr>112</gpxtpx:hr>
          </gpxtpx:TrackPointExtension>
        </extensions>
      </trkpt>
      <trkpt lat="1.4039551360744489" lon="103.88829322930764">
        <ele>8.26002654619515</ele>
        <time>2026-10-05T10:07:33Z</time>
        <extensions>
          <gpxtpx:TrackPointExtension>
            <gpxtpx:hr>112</gpxtpx:hr>
          </gpxtpx:TrackPointExtension>
        </extensions>
      </trkpt>
      <trkpt lat="1.4039492810254923" lon="103.88827971076763">
        <ele>8.263651135377586</ele>
        <time>2026-10-05T10:07:34Z</time>
        <extensions>
          <gpxtpx:TrackPointExtension>
            <gpxtpx:hr>112</gpxtpx:hr>
          </gpxtpx:TrackPointExtension>
        </extensions>
      </trkpt>
      <trkpt lat="1.403943492029344" lon="103.88826591398045">
        <ele>8.266832379624248</ele>
        <time>2026-10-05T10:07:35Z</time>
        <extensions>
          <gpxtpx:TrackPointExtension>
            <gpxtpx:hr>113</gpxtpx:hr>
          </gpxtpx:TrackPointExtension>
        </extensions>
      </trkpt>
      <trkpt lat="1.4039381627641625" lon="103.88825188350398">
        <ele>8.26930869743228</ele>
        <time>2026-10-05T10:07:36Z</time>
        <extensions>
          <gpxtpx:TrackPointExtension>
            <gpxtpx:hr>113</gpxtpx:hr>
          </gpxtpx:TrackPointExtension>
        </extensions>
      </trkpt>
      <trkpt lat="1.4039330010867968" lon="103.888238087787">
        <ele>8.27102545555681</ele>
        <time>2026-10-05T10:07:37Z</time>
        <extensions>
          <gpxtpx:TrackPointExtension>
            <gpxtpx:hr>113</gpxtpx:hr>
          </gpxtpx:TrackPointExtension>
        </extensions>
      </trkpt>
      <trkpt lat="1.4039278167558917" lon="103.88822479502875">
        <ele>8.272100884467363</ele>
        <time>2026-10-05T10:07:38Z</time>
        <extensions>
          <gpxtpx:TrackPointExtension>
            <gpxtpx:hr>113</gpxtpx:hr>
          </gpxtpx:TrackPointExtension>
        </extensions>
      </trkpt>
      <trkpt lat="1.4039227134683578" lon="103.88821219167129">
        <ele>8.272698546759784</ele>
        <time>2026-10-05T10:07:39Z</time>
        <extensions>
          <gpxtpx:TrackPointExtension>
            <gpxtpx:hr>113</gpxtpx:hr>
          </gpxtpx:TrackPointExtension>
        </extensions>
      </trkpt>
      <trkpt lat="1.403917596333631" lon="103.88820004813778">
        <ele>8.272881221026182</ele>
        <time>2026-10-05T10:07:40Z</time>
        <extensions>
          <gpxtpx:TrackPointExtension>
            <gpxtpx:hr>113</gpxtpx:hr>
          </gpxtpx:TrackPointExtension>
        </extensions>
      </trkpt>
      <trkpt lat="1.4039125879069727" lon="103.8881879426482">
        <ele>8.272580742835999</ele>
        <time>2026-10-05T10:07:41Z</time>
        <extensions>
          <gpxtpx:TrackPointExtension>
            <gpxtpx:hr>113</gpxtpx:hr>
          </gpxtpx:TrackPointExtension>
        </extensions>
      </trkpt>
      <trkpt lat="1.4039079494162954" lon="103.88817597167927">
        <ele>8.271737489849329</ele>
        <time>2026-10-05T10:07:42Z</time>
        <extensions>
          <gpxtpx:TrackPointExtension>
            <gpxtpx:hr>113</gpxtpx:hr>
          </gpxtpx:TrackPointExtension>
        </extensions>
      </trkpt>
      <trkpt lat="1.4039037029393853" lon="103.88816396816631">
        <ele>8.270231341943145</ele>
        <time>2026-10-05T10:07:43Z</time>
        <extensions>
          <gpxtpx:TrackPointExtension>
            <gpxtpx:hr>113</gpxtpx:hr>
          </gpxtpx:TrackPointExtension>
        </extensions>
      </trkpt>
      <trkpt lat="1.4038995475543772" lon="103.88815152584426">
        <ele>8.267951776273549</ele>
        <time>2026-10-05T10:07:44Z</time>
        <extensions>
          <gpxtpx:TrackPointExtension>
            <gpxtpx:hr>113</gpxtpx:hr>
          </gpxtpx:TrackPointExtension>
        </extensions>
      </trkpt>
      <trkpt lat="1.4038954054378348" lon="103.88813830540857">
        <ele>8.264884081669152</ele>
        <time>2026-10-05T10:07:45Z</time>
        <extensions>
          <gpxtpx:TrackPointExtension>
            <gpxtpx:hr>113</gpxtpx:hr>
          </gpxtpx:TrackPointExtension>
        </extensions>
      </trkpt>
      <trkpt lat="1.4038916916018112" lon="103.8881248234993">
        <ele>8.261054190807045</ele>
        <time>2026-10-05T10:07:46Z</time>
        <extensions>
          <gpxtpx:TrackPointExtension>
            <gpxtpx:hr>113</gpxtpx:hr>
          </gpxtpx:TrackPointExtension>
        </extensions>
      </trkpt>
      <trkpt lat="1.4038883007494214" lon="103.88811207771616">
        <ele>8.256485965102911</ele>
        <time>2026-10-05T10:07:47Z</time>
        <extensions>
          <gpxtpx:TrackPointExtension>
            <gpxtpx:hr>113</gpxtpx:hr>
          </gpxtpx:TrackPointExtension>
        </extensions>
      </trkpt>
      <trkpt lat="1.4038844893799662" lon="103.88810002498509">
        <ele>8.251312356442213</ele>
        <time>2026-10-05T10:07:48Z</time>
        <extensions>
          <gpxtpx:TrackPointExtension>
            <gpxtpx:hr>113</gpxtpx:hr>
          </gpxtpx:TrackPointExtension>
        </extensions>
      </trkpt>
      <trkpt lat="1.4038798485188693" lon="103.88808783543274">
        <ele>8.245868337340653</ele>
        <time>2026-10-05T10:07:49Z</time>
        <extensions>
          <gpxtpx:TrackPointExtension>
            <gpxtpx:hr>113</gpxtpx:hr>
          </gpxtpx:TrackPointExtension>
        </extensions>
      </trkpt>
      <trkpt lat="1.4038746481221083" lon="103.88807521442537">
        <ele>8.240548841655254</ele>
        <time>2026-10-05T10:07:50Z</time>
        <extensions>
          <gpxtpx:TrackPointExtension>
            <gpxtpx:hr>111</gpxtpx:hr>
          </gpxtpx:TrackPointExtension>
        </extensions>
      </trkpt>
      <trkpt lat="1.4038693007060812" lon="103.88806246260688">
        <ele>8.235671298578382</ele>
        <time>2026-10-05T10:07:51Z</time>
        <extensions>
          <gpxtpx:TrackPointExtension>
            <gpxtpx:hr>111</gpxtpx:hr>
          </gpxtpx:TrackPointExtension>
        </extensions>
      </trkpt>
      <trkpt lat="1.4038638412792241" lon="103.88804981951148">
        <ele>8.231496728025377</ele>
        <time>2026-10-05T10:07:52Z</time>
        <extensions>
          <gpxtpx:TrackPointExtension>
            <gpxtpx:hr>111</gpxtpx:hr>
          </gpxtpx:TrackPointExtension>
        </extensions>
      </trkpt>
      <trkpt lat="1.4038582891996332" lon="103.88803737993182">
        <ele>8.228150773793459</ele>
        <time>2026-10-05T10:07:53Z</time>
        <extensions>
          <gpxtpx:TrackPointExtension>
            <gpxtpx:hr>111</gpxtpx:hr>
          </gpxtpx:TrackPointExtension>
        </extensions>
      </trkpt>
      <trkpt lat="1.4038527239122565" lon="103.88802460783275">
        <ele>8.225608489476144</ele>
        <time>2026-10-05T10:07:54Z</time>
        <extensions>
          <gpxtpx:TrackPointExtension>
            <gpxtpx:hr>111</gpxtpx:hr>
          </gpxtpx:TrackPointExtension>
        </extensions>
      </trkpt>
      <trkpt lat="1.4038469917821306" lon="103.88801134000096">
        <ele>8.223591521382332</ele>
        <time>2026-10-05T10:07:55Z</time>
        <extensions>
          <gpxtpx:TrackPointExtension>
            <gpxtpx:hr>111</gpxtpx:hr>
          </gpxtpx:TrackPointExtension>
        </extensions>
      </trkpt>
      <trkpt lat="1.4038414297329964" lon="103.88799823721564">
        <ele>8.221764413639903</ele>
        <time>2026-10-05T10:07:56Z</time>
        <extensions>
          <gpxtpx:TrackPointExtension>
            <gpxtpx:hr>113</gpxtpx:hr>
          </gpxtpx:TrackPointExtension>
        </extensions>
      </trkpt>
      <trkpt lat="1.4038362994439437" lon="103.88798567097345">
        <ele>8.219907084479928</ele>
        <time>2026-10-05T10:07:57Z</time>
        <extensions>
          <gpxtpx:TrackPointExtension>
            <gpxtpx:hr>113</gpxtpx:hr>
          </gpxtpx:TrackPointExtension>
        </extensions>
      </trkpt>
      <trkpt lat="1.4038309968898295" lon="103.88797311826629">
        <ele>8.217980546876788</ele>
        <time>2026-10-05T10:07:58Z</time>
        <extensions>
          <gpxtpx:TrackPointExtension>
            <gpxtpx:hr>113</gpxtpx:hr>
          </gpxtpx:TrackPointExtension>
        </extensions>
      </trkpt>
      <trkpt lat="1.4038249630363162" lon="103.8879603119399">
        <ele>8.21616037376225</ele>
        <time>2026-10-05T10:07:59Z</time>
        <extensions>
          <gpxtpx:TrackPointExtension>
            <gpxtpx:hr>113</gpxtpx:hr>
          </gpxtpx:TrackPointExtension>
        </extensions>
      </trkpt>
      <trkpt lat="1.403818303800823" lon="103.8879473787085">
        <ele>8.214610652066767</ele>
        <time>2026-10-05T10:08:00Z</time>
        <extensions>
          <gpxtpx:TrackPointExtension>
            <gpxtpx:hr>113</gpxtpx:hr>
          </gpxtpx:TrackPointExtension>
        </extensions>
      </trkpt>
      <trkpt lat="1.4038118336559187" lon="103.88793473041612">
        <ele>8.213425907306373</ele>
        <time>2026-10-05T10:08:01Z</time>
        <extensions>
          <gpxtpx:TrackPointExtension>
            <gpxtpx:hr>113</gpxtpx:hr>
          </gpxtpx:TrackPointExtension>
        </extensions>
      </trkpt>
      <trkpt lat="1.4038062052861475" lon="103.88792279734182">
        <ele>8.21257137414068</ele>
        <time>2026-10-05T10:08:02Z</time>
        <extensions>
          <gpxtpx:TrackPointExtension>
            <gpxtpx:hr>112</gpxtpx:hr>
          </gpxtpx:TrackPointExtension>
        </extensions>
      </trkpt>
      <trkpt lat="1.403800881991233" lon="103.88791123893941">
        <ele>8.21195095591247</ele>
        <time>2026-10-05T10:08:03Z</time>
        <extensions>
          <gpxtpx:TrackPointExtension>
            <gpxtpx:hr>112</gpxtpx:hr>
          </gpxtpx:TrackPointExtension>
        </extensions>
      </trkpt>
      <trkpt lat="1.4037952833271365" lon="103.88789939072647">
        <ele>8.211497655138373</ele>
        <time>2026-10-05T10:08:04Z</time>
        <extensions>
          <gpxtpx:TrackPointExtension>
            <gpxtpx:hr>112</gpxtpx:hr>
          </gpxtpx:TrackPointExtension>
        </extensions>
      </trkpt>
      <trkpt lat="1.4037892790581956" lon="103.88788698505184">
        <ele>8.211171519011259</ele>
        <time>2026-10-05T10:08:05Z</time>
        <extensions>
          <gpxtpx:TrackPointExtension>
            <gpxtpx:hr>112</gpxtpx:hr>
          </gpxtpx:TrackPointExtension>
        </extensions>
      </trkpt>
      <trkpt lat="1.403783116111594" lon="103.88787473605157">
        <ele>8.210968364961445</ele>
        <time>2026-10-05T10:08:06Z</time>
        <extensions>
          <gpxtpx:TrackPointExtension>
            <gpxtpx:hr>112</gpxtpx:hr>
          </gpxtpx:TrackPointExtension>
        </extensions>
      </trkpt>
      <trkpt lat="1.4037766811870844" lon="103.8878630008664">
        <ele>8.210861519910395</ele>
        <time>2026-10-05T10:08:07Z</time>
        <extensions>
          <gpxtpx:TrackPointExtension>
            <gpxtpx:hr>112</gpxtpx:hr>
          </gpxtpx:TrackPointExtension>
        </extensions>
      </trkpt>
      <trkpt lat="1.4037697535693443" lon="103.88785167899076">
        <ele>8.21082787308842</ele>
        <time>2026-10-05T10:08:08Z</time>
        <extensions>
          <gpxtpx:TrackPointExtension>
            <gpxtpx:hr>112</gpxtpx:hr>
          </gpxtpx:TrackPointExtension>
        </extensions>
      </trkpt>
      <trkpt lat="1.4037625868239347" lon="103.88784081170938">
        <ele>8.210973020642996</ele>
        <time>2026-10-05T10:08:09Z</time>
        <extensions>
          <gpxtpx:TrackPointExtension>
            <gpxtpx:hr>113</gpxtpx:hr>
          </gpxtpx:TrackPointExtension>
        </extensions>
      </trkpt>
      <trkpt lat="1.403755557394845" lon="103.88783022827586">
        <ele>8.211379584856331</ele>
        <time>2026-10-05T10:08:10Z</time>
        <extensions>
          <gpxtpx:TrackPointExtension>
            <gpxtpx:hr>113</gpxtpx:hr>
          </gpxtpx:TrackPointExtension>
        </extensions>
      </trkpt>
      <trkpt lat="1.4037487800254" lon="103.88781999321571">
        <ele>8.212088156491518</ele>
        <time>2026-10-05T10:08:11Z</time>
        <extensions>
          <gpxtpx:TrackPointExtension>
            <gpxtpx:hr>113</gpxtpx:hr>
          </gpxtpx:TrackPointExtension>
        </extensions>
      </trkpt>
      <trkpt lat="1.4037421470927038" lon="103.88781035480723">
        <ele>8.21301139332354</ele>
        <time>2026-10-05T10:08:12Z</time>
        <extensions>
          <gpxtpx:TrackPointExtension>
            <gpxtpx:hr>113</gpxtpx:hr>
          </gpxtpx:TrackPointExtension>
        </extensions>
      </trkpt>
      <trkpt lat="1.4037353469713891" lon="103.88780069018317">
        <ele>8.214030302129686</ele>
        <time>2026-10-05T10:08:13Z</time>
        <extensions>
          <gpxtpx:TrackPointExtension>
            <gpxtpx:hr>113</gpxtpx:hr>
          </gpxtpx:TrackPointExtension>
        </extensions>
      </trkpt>
      <trkpt lat="1.4037283258584135" lon="103.8877901587225">
        <ele>8.214926889166236</ele>
        <time>2026-10-05T10:08:14Z</time>
        <extensions>
          <gpxtpx:TrackPointExtension>
            <gpxtpx:hr>113</gpxtpx:hr>
          </gpxtpx:TrackPointExtension>
        </extensions>
      </trkpt>
      <trkpt lat="1.4037210763184584" lon="103.88777847159588">
        <ele>8.215568696148694</ele>
        <time>2026-10-05T10:08:15Z</time>
        <extensions>
          <gpxtpx:TrackPointExtension>
            <gpxtpx:hr>113</gpxtpx:hr>
          </gpxtpx:TrackPointExtension>
        </extensions>
      </trkpt>
      <trkpt lat="1.4037140510386459" lon="103.88776621216145">
        <ele>8.21591251436621</ele>
        <time>2026-10-05T10:08:16Z</time>
        <extensions>
          <gpxtpx:TrackPointExtension>
            <gpxtpx:hr>114</gpxtpx:hr>
          </gpxtpx:TrackPointExtension>
        </extensions>
      </trkpt>
      <trkpt lat="1.4037074375343794" lon="103.88775384772413">
        <ele>8.215998817235231</ele>
        <time>2026-10-05T10:08:17Z</time>
        <extensions>
          <gpxtpx:TrackPointExtension>
            <gpxtpx:hr>114</gpxtpx:hr>
          </gpxtpx:TrackPointExtension>
        </extensions>
      </trkpt>
      <trkpt lat="1.4037009293063876" lon="103.88774139231803">
        <ele>8.215795717202127</ele>
        <time>2026-10-05T10:08:18Z</time>
        <extensions>
          <gpxtpx:TrackPointExtension>
            <gpxtpx:hr>114</gpxtpx:hr>
          </gpxtpx:TrackPointExtension>
        </extensions>
      </trkpt>
      <trkpt lat="1.4036945539600627" lon="103.88772925148888">
        <ele>8.215375954285264</ele>
        <time>2026-10-05T10:08:19Z</time>
        <extensions>
          <gpxtpx:TrackPointExtension>
            <gpxtpx:hr>114</gpxtpx:hr>
          </gpxtpx:TrackPointExtension>
        </extensions>
      </trkpt>
      <trkpt lat="1.4036882902931644" lon="103.8877175739932">
        <ele>8.215046566911042</ele>
        <time>2026-10-05T10:08:20Z</time>
        <extensions>
          <gpxtpx:TrackPointExtension>
            <gpxtpx:hr>113</gpxtpx:hr>
          </gpxtpx:TrackPointExtension>
        </extensions>
      </trkpt>
      <trkpt lat="1.4036817845309386" lon="103.8877056066833">
        <ele>8.215231714770198</ele>
        <time>2026-10-05T10:08:21Z</time>
        <extensions>
          <gpxtpx:TrackPointExtension>
            <gpxtpx:hr>113</gpxtpx:hr>
          </gpxtpx:TrackPointExtension>
        </extensions>
      </trkpt>
      <trkpt lat="1.403674674914202" lon="103.88769289456765">
        <ele>8.216255927458405</ele>
        <time>2026-10-05T10:08:22Z</time>
        <extensions>
          <gpxtpx:TrackPointExtension>
            <gpxtpx:hr>113</gpxtpx:hr>
          </gpxtpx:TrackPointExtension>
        </extensions>
      </trkpt>
      <trkpt lat="1.403667275739723" lon="103.8876804747505">
        <ele>8.218230579979718</ele>
        <time>2026-10-05T10:08:23Z</time>
        <extensions>
          <gpxtpx:TrackPointExtension>
            <gpxtpx:hr>113</gpxtpx:hr>
          </gpxtpx:TrackPointExtension>
        </extensions>
      </trkpt>
      <trkpt lat="1.4036600037824607" lon="103.88766902028145">
        <ele>8.221102480776608</ele>
        <time>2026-10-05T10:08:24Z</time>
        <extensions>
          <gpxtpx:TrackPointExtension>
            <gpxtpx:hr>113</gpxtpx:hr>
          </gpxtpx:TrackPointExtension>
        </extensions>
      </trkpt>
      <trkpt lat="1.4036529907041457" lon="103.88765822635227">
        <ele>8.224620488472283</ele>
        <time>2026-10-05T10:08:25Z</time>
        <extensions>
          <gpxtpx:TrackPointExtension>
            <gpxtpx:hr>111</gpxtpx:hr>
          </gpxtpx:TrackPointExtension>
        </extensions>
      </trkpt>
      <trkpt lat="1.4036463503511212" lon="103.88764795694597">
        <ele>8.228425012901425</ele>
        <time>2026-10-05T10:08:26Z</time>
        <extensions>
          <gpxtpx:TrackPointExtension>
            <gpxtpx:hr>111</gpxtpx:hr>
          </gpxtpx:TrackPointExtension>
        </extensions>
      </trkpt>
      <trkpt lat="1.4036400068282995" lon="103.88763805584863">
        <ele>8.232291927561164</ele>
        <time>2026-10-05T10:08:27Z</time>
        <extensions>
          <gpxtpx:TrackPointExtension>
            <gpxtpx:hr>111</gpxtpx:hr>
          </gpxtpx:TrackPointExtension>
        </extensions>
      </trkpt>
      <trkpt lat="1.403633652573164" lon="103.88762811295526">
        <ele>8.236096451058984</ele>
        <time>2026-10-05T10:08:28Z</time>
        <extensions>
          <gpxtpx:TrackPointExtension>
            <gpxtpx:hr>111</gpxtpx:hr>
          </gpxtpx:TrackPointExtension>
        </extensions>
      </trkpt>
      <trkpt lat="1.4036270123561265" lon="103.88761769208237">
        <ele>8.23972493223846</ele>
        <time>2026-10-05T10:08:29Z</time>
        <extensions>
          <gpxtpx:TrackPointExtension>
            <gpxtpx:hr>111</gpxtpx:hr>
          </gpxtpx:TrackPointExtension>
        </extensions>
      </trkpt>
      <trkpt lat="1.4036199567690189" lon="103.8876065158895">
        <ele>8.24298840481788</ele>
        <time>2026-10-05T10:08:30Z</time>
        <extensions>
          <gpxtpx:TrackPointExtension>
            <gpxtpx:hr>111</gpxtpx:hr>
          </gpxtpx:TrackPointExtension>
        </extensions>
      </trkpt>
      <trkpt lat="1.4036123220538999" lon="103.88759522913395">
        <ele>8.24564908631146</ele>
        <time>2026-10-05T10:08:31Z</time>
        <extensions>
          <gpxtpx:TrackPointExtension>
            <gpxtpx:hr>111</gpxtpx:hr>
          </gpxtpx:TrackPointExtension>
        </extensions>
      </trkpt>
      <trkpt lat="1.403604350829421" lon="103.88758481099684">
        <ele>8.247404069639742</ele>
        <time>2026-10-05T10:08:32Z</time>
        <extensions>
          <gpxtpx:TrackPointExtension>
            <gpxtpx:hr>111</gpxtpx:hr>
          </gpxtpx:TrackPointExtension>
        </extensions>
      </trkpt>
      <trkpt lat="1.4035964644553178" lon="103.88757492149611">
        <ele>8.247957769781351</ele>
        <time>2026-10-05T10:08:33Z</time>
        <extensions>
          <gpxtpx:TrackPointExtension>
            <gpxtpx:hr>114</gpxtpx:hr>
          </gpxtpx:TrackPointExtension>
        </extensions>
      </trkpt>
      <trkpt lat="1.4035887742498336" lon="103.88756503911488">
        <ele>8.247129811905324</ele>
        <time>2026-10-05T10:08:34Z</time>
        <extensions>
          <gpxtpx:TrackPointExtension>
            <gpxtpx:hr>114</gpxtpx:hr>
          </gpxtpx:TrackPointExtension>
        </extensions>
      </trkpt>
      <trkpt lat="1.4035807818155157" lon="103.88755462651018">
        <ele>8.24494580551982</ele>
        <time>2026-10-05T10:08:35Z</time>
        <extensions>
          <gpxtpx:TrackPointExtension>
            <gpxtpx:hr>114</gpxtpx:hr>
          </gpxtpx:TrackPointExtension>
        </extensions>
      </trkpt>
      <trkpt lat="1.4035727304163081" lon="103.88754374676934">
        <ele>8.241652643308043</ele>
        <time>2026-10-05T10:08:36Z</time>
        <extensions>
          <gpxtpx:TrackPointExtension>
            <gpxtpx:hr>114</gpxtpx:hr>
          </gpxtpx:TrackPointExtension>
        </extensions>
      </trkpt>
      <trkpt lat="1.4035649914552" lon="103.88753309063675">
        <ele>8.237643445841968</ele>
        <time>2026-10-05T10:08:37Z</time>
        <extensions>
          <gpxtpx:TrackPointExtension>
            <gpxtpx:hr>114</gpxtpx:hr>
          </gpxtpx:TrackPointExtension>
        </extensions>
      </trkpt>
      <trkpt lat="1.4035573610501066" lon="103.88752273077218">
        <ele>8.233423917554319</ele>
        <time>2026-10-05T10:08:38Z</time>
        <extensions>
          <gpxtpx:TrackPointExtension>
            <gpxtpx:hr>114</gpxtpx:hr>
          </gpxtpx:TrackPointExtension>
        </extensions>
      </trkpt>
      <trkpt lat="1.403549776366897" lon="103.88751224898915">
        <ele>8.22947674896568</ele>
        <time>2026-10-05T10:08:39Z</time>
        <extensions>
          <gpxtpx:TrackPointExtension>
            <gpxtpx:hr>114</gpxtpx:hr>
          </gpxtpx:TrackPointExtension>
        </extensions>
      </trkpt>
      <trkpt lat="1.4035424614583962" lon="103.88750157703292">
        <ele>8.226138452067971</ele>
        <time>2026-10-05T10:08:40Z</time>
        <extensions>
          <gpxtpx:TrackPointExtension>
            <gpxtpx:hr>119</gpxtpx:hr>
          </gpxtpx:TrackPointExtension>
        </extensions>
      </trkpt>
      <trkpt lat="1.4035350280846834" lon="103.8874909206777">
        <ele>8.22354013286531</ele>
        <time>2026-10-05T10:08:41Z</time>
        <extensions>
          <gpxtpx:TrackPointExtension>
            <gpxtpx:hr>119</gpxtpx:hr>
          </gpxtpx:TrackPointExtension>
        </extensions>
      </trkpt>
      <trkpt lat="1.4035273743406254" lon="103.88748048539185">
        <ele>8.221710639074445</ele>
        <time>2026-10-05T10:08:42Z</time>
        <extensions>
          <gpxtpx:TrackPointExtension>
            <gpxtpx:hr>119</gpxtpx:hr>
          </gpxtpx:TrackPointExtension>
        </extensions>
      </trkpt>
      <trkpt lat="1.4035203472741105" lon="103.88747055314575">
        <ele>8.220594864338636</ele>
        <time>2026-10-05T10:08:43Z</time>
        <extensions>
          <gpxtpx:TrackPointExtension>
            <gpxtpx:hr>119</gpxtpx:hr>
          </gpxtpx:TrackPointExtension>
        </extensions>
      </trkpt>
      <trkpt lat="1.4035141854084814" lon="103.8874611778705">
        <ele>8.220103688538074</ele>
        <time>2026-10-05T10:08:44Z</time>
        <extensions>
          <gpxtpx:TrackPointExtension>
            <gpxtpx:hr>119</gpxtpx:hr>
          </gpxtpx:TrackPointExtension>
        </extensions>
      </trkpt>
      <trkpt lat="1.4035083558253827" lon="103.88745227923076">
        <ele>8.22015308123082</ele>
        <time>2026-10-05T10:08:45Z</time>
        <extensions>
          <gpxtpx:TrackPointExtension>
            <gpxtpx:hr>119</gpxtpx:hr>
          </gpxtpx:TrackPointExtension>
        </extensions>
      </trkpt>
      <trkpt lat="1.403502341029505" lon="103.88744356158594">
        <ele>8.220568628050387</ele>
        <time>2026-10-05T10:08:46Z</time>
        <extensions>
          <gpxtpx:TrackPointExtension>
            <gpxtpx:hr>119</gpxtpx:hr>
          </gpxtpx:TrackPointExtension>
        </extensions>
      </trkpt>
      <trkpt lat="1.4034956700095755" lon="103.88743469219989">
        <ele>8.221121619455516</ele>
        <time>2026-10-05T10:08:47Z</time>
        <extensions>
          <gpxtpx:TrackPointExtension>
            <gpxtpx:hr>122</gpxtpx:hr>
          </gpxtpx:TrackPointExtension>
        </extensions>
      </trkpt>
      <trkpt lat="1.4034881583504144" lon="103.88742547432976">
        <ele>8.221537075936794</ele>
        <time>2026-10-05T10:08:48Z</time>
        <extensions>
          <gpxtpx:TrackPointExtension>
            <gpxtpx:hr>122</gpxtpx:hr>
          </gpxtpx:TrackPointExtension>
        </extensions>
      </trkpt>
      <trkpt lat="1.4034797907362762" lon="103.8874158442602">
        <ele>8.221515083685517</ele>
        <time>2026-10-05T10:08:49Z</time>
        <extensions>
          <gpxtpx:TrackPointExtension>
            <gpxtpx:hr>122</gpxtpx:hr>
          </gpxtpx:TrackPointExtension>
        </extensions>
      </trkpt>
      <trkpt lat="1.4034706056149424" lon="103.88740625958464">
        <ele>8.220757199451327</ele>
        <time>2026-10-05T10:08:50Z</time>
        <extensions>
          <gpxtpx:TrackPointExtension>
            <gpxtpx:hr>122</gpxtpx:hr>
          </gpxtpx:TrackPointExtension>
        </extensions>
      </trkpt>
      <trkpt lat="1.4034607136396198" lon="103.8873972119882">
        <ele>8.21902659907937</ele>
        <time>2026-10-05T10:08:51Z</time>
        <extensions>
          <gpxtpx:TrackPointExtension>
            <gpxtpx:hr>122</gpxtpx:hr>
          </gpxtpx:TrackPointExtension>
        </extensions>
      </trkpt>
      <trkpt lat="1.4034507326059718" lon="103.88738879044715">
        <ele>8.216155534610152</ele>
        <time>2026-10-05T10:08:52Z</time>
        <extensions>
          <gpxtpx:TrackPointExtension>
            <gpxtpx:hr>122</gpxtpx:hr>
          </gpxtpx:TrackPointExtension>
        </extensions>
      </trkpt>
      <trkpt lat="1.4034411555288306" lon="103.88738061179752">
        <ele>8.212080559693277</ele>
        <time>2026-10-05T10:08:53Z</time>
        <extensions>
          <gpxtpx:TrackPointExtension>
            <gpxtpx:hr>122</gpxtpx:hr>
          </gpxtpx:TrackPointExtension>
        </extensions>
      </trkpt>
      <trkpt lat="1.4034320520542383" lon="103.88737211615266">
        <ele>8.206858837977052</ele>
        <time>2026-10-05T10:08:54Z</time>
        <extensions>
          <gpxtpx:TrackPointExtension>
            <gpxtpx:hr>122</gpxtpx:hr>
          </gpxtpx:TrackPointExtension>
        </extensions>
      </trkpt>
      <trkpt lat="1.4034238564196775" lon="103.88736368849897">
        <ele>8.200596552342176</ele>
        <time>2026-10-05T10:08:55Z</time>
        <extensions>
          <gpxtpx:TrackPointExtension>
            <gpxtpx:hr>123</gpxtpx:hr>
          </gpxtpx:TrackPointExtension>
        </extensions>
      </trkpt>
      <trkpt lat="1.403416567508802" lon="103.88735562907142">
        <ele>8.193630635738373</ele>
        <time>2026-10-05T10:08:56Z</time>
        <extensions>
          <gpxtpx:TrackPointExtension>
            <gpxtpx:hr>123</gpxtpx:hr>
          </gpxtpx:TrackPointExtension>
        </extensions>
      </trkpt>
      <trkpt lat="1.4034093843781132" lon="103.88734683593047">
        <ele>8.186390505172312</ele>
        <time>2026-10-05T10:08:57Z</time>
        <extensions>
          <gpxtpx:TrackPointExtension>
            <gpxtpx:hr>123</gpxtpx:hr>
          </gpxtpx:TrackPointExtension>
        </extensions>
      </trkpt>
      <trkpt lat="1.4034019029434226" lon="103.88733681620889">
        <ele>8.1792809413746</ele>
        <time>2026-10-05T10:08:58Z</time>
        <extensions>
          <gpxtpx:TrackPointExtension>
            <gpxtpx:hr>123</gpxtpx:hr>
          </gpxtpx:TrackPointExtension>
        </extensions>
      </trkpt>
      <trkpt lat="1.403394330810747" lon="103.88732640788048">
        <ele>8.172557231038809</ele>
        <time>2026-10-05T10:08:59Z</time>
        <extensions>
          <gpxtpx:TrackPointExtension>
            <gpxtpx:hr>123</gpxtpx:hr>
          </gpxtpx:TrackPointExtension>
        </extensions>
      </trkpt>
      <trkpt lat="1.403387017676766" lon="103.88731665932438">
        <ele>8.166376768611372</ele>
        <time>2026-10-05T10:09:00Z</time>
        <extensions>
          <gpxtpx:TrackPointExtension>
            <gpxtpx:hr>123</gpxtpx:hr>
          </gpxtpx:TrackPointExtension>
        </extensions>
      </trkpt>
      <trkpt lat="1.4033800917394255" lon="103.88730772543842">
        <ele>8.160948027856648</ele>
        <time>2026-10-05T10:09:01Z</time>
        <extensions>
          <gpxtpx:TrackPointExtension>
            <gpxtpx:hr>123</gpxtpx:hr>
          </gpxtpx:TrackPointExtension>
        </extensions>
      </trkpt>
      <trkpt lat="1.4033730997160072" lon="103.88729930397479">
        <ele>8.156449155882001</ele>
        <time>2026-10-05T10:09:02Z</time>
        <extensions>
          <gpxtpx:TrackPointExtension>
            <gpxtpx:hr>123</gpxtpx:hr>
          </gpxtpx:TrackPointExtension>
        </extensions>
      </trkpt>
      <trkpt lat="1.4033656479287933" lon="103.88729137861186">
        <ele>8.152986759319901</ele>
        <time>2026-10-05T10:09:03Z</time>
        <extensions>
          <gpxtpx:TrackPointExtension>
            <gpxtpx:hr>123</gpxtpx:hr>
          </gpxtpx:TrackPointExtension>
        </extensions>
      </trkpt>
      <trkpt lat="1.403357856875317" lon="103.88728366184426">
        <ele>8.150544322095811</ele>
        <time>2026-10-05T10:09:04Z</time>
        <extensions>
          <gpxtpx:TrackPointExtension>
            <gpxtpx:hr>123</gpxtpx:hr>
          </gpxtpx:TrackPointExtension>
        </extensions>
      </trkpt>
      <trkpt lat="1.4033497422472785" lon="103.88727544014417">
        <ele>8.14906745031476</ele>
        <time>2026-10-05T10:09:05Z</time>
        <extensions>
          <gpxtpx:TrackPointExtension>
            <gpxtpx:hr>119</gpxtpx:hr>
          </gpxtpx:TrackPointExtension>
        </extensions>
      </trkpt>
      <trkpt lat="1.4033415820532062" lon="103.88726715716248">
        <ele>8.148204104043543</ele>
        <time>2026-10-05T10:09:06Z</time>
        <extensions>
          <gpxtpx:TrackPointExtension>
            <gpxtpx:hr>119</gpxtpx:hr>
          </gpxtpx:TrackPointExtension>
        </extensions>
      </trkpt>
      <trkpt lat="1.4033337155416075" lon="103.88725965740079">
        <ele>8.147488325834274</ele>
        <time>2026-10-05T10:09:07Z</time>
        <extensions>
          <gpxtpx:TrackPointExtension>
            <gpxtpx:hr>119</gpxtpx:hr>
          </gpxtpx:TrackPointExtension>
        </extensions>
      </trkpt>
      <trkpt lat="1.403325597737433" lon="103.88725293442366">
        <ele>8.146525942720473</ele>
        <time>2026-10-05T10:09:08Z</time>
        <extensions>
          <gpxtpx:TrackPointExtension>
            <gpxtpx:hr>119</gpxtpx:hr>
          </gpxtpx:TrackPointExtension>
        </extensions>
      </trkpt>
      <trkpt lat="1.4033168959259295" lon="103.8872460261952">
        <ele>8.145186738111079</ele>
        <time>2026-10-05T10:09:09Z</time>
        <extensions>
          <gpxtpx:TrackPointExtension>
            <gpxtpx:hr>119</gpxtpx:hr>
          </gpxtpx:TrackPointExtension>
        </extensions>
      </trkpt>
      <trkpt lat="1.4033078472103913" lon="103.88723869740117">
        <ele>8.14326020423323</ele>
        <time>2026-10-05T10:09:10Z</time>
        <extensions>
          <gpxtpx:TrackPointExtension>
            <gpxtpx:hr>116</gpxtpx:hr>
          </gpxtpx:TrackPointExtension>
        </extensions>
      </trkpt>
      <trkpt lat="1.4032986030526817" lon="103.8872314037932">
        <ele>8.140550878830254</ele>
        <time>2026-10-05T10:09:11Z</time>
        <extensions>
          <gpxtpx:TrackPointExtension>
            <gpxtpx:hr>116</gpxtpx:hr>
          </gpxtpx:TrackPointExtension>
        </extensions>
      </trkpt>
      <trkpt lat="1.4032896417217937" lon="103.8872244428235">
        <ele>8.136881470680237</ele>
        <time>2026-10-05T10:09:12Z</time>
        <extensions>
          <gpxtpx:TrackPointExtension>
            <gpxtpx:hr>116</gpxtpx:hr>
          </gpxtpx:TrackPointExtension>
        </extensions>
      </trkpt>
      <trkpt lat="1.4032827907736964" lon="103.8872192894178">
        <ele>8.13209333177656</ele>
        <time>2026-10-05T10:09:13Z</time>
        <extensions>
          <gpxtpx:TrackPointExtension>
            <gpxtpx:hr>116</gpxtpx:hr>
          </gpxtpx:TrackPointExtension>
        </extensions>
      </trkpt>
      <trkpt lat="1.4032779080389393" lon="103.8872162042239">
        <ele>8.12627110723406</ele>
        <time>2026-10-05T10:09:14Z</time>
        <extensions>
          <gpxtpx:TrackPointExtension>
            <gpxtpx:hr>116</gpxtpx:hr>
          </gpxtpx:TrackPointExtension>
        </extensions>
      </trkpt>
      <trkpt lat="1.4032725182643384" lon="103.88721273948484">
        <ele>8.119850785471499</ele>
        <time>2026-10-05T10:09:15Z</time>
        <extensions>
          <gpxtpx:TrackPointExtension>
            <gpxtpx:hr>115</gpxtpx:hr>
          </gpxtpx:TrackPointExtension>
        </extensions>
      </trkpt>
      <trkpt lat="1.40326602518753" lon="103.8872089231468">
        <ele>8.1136096380651</ele>
        <time>2026-10-05T10:09:16Z</time>
        <extensions>
          <gpxtpx:TrackPointExtension>
            <gpxtpx:hr>115</gpxtpx:hr>
          </gpxtpx:TrackPointExtension>
        </extensions>
      </trkpt>
      <trkpt lat="1.4032599787619875" lon="103.88720588147817">
        <ele>8.108513022772968</ele>
        <time>2026-10-05T10:09:17Z</time>
        <extensions>
          <gpxtpx:TrackPointExtension>
            <gpxtpx:hr>115</gpxtpx:hr>
          </gpxtpx:TrackPointExtension>
        </extensions>
      </trkpt>
      <trkpt lat="1.4032548201772281" lon="103.88720274954908">
        <ele>8.105526002123952</ele>
        <time>2026-10-05T10:09:18Z</time>
        <extensions>
          <gpxtpx:TrackPointExtension>
            <gpxtpx:hr>115</gpxtpx:hr>
          </gpxtpx:TrackPointExtension>
        </extensions>
      </trkpt>
      <trkpt lat="1.4032488847415059" lon="103.88719830953255">
        <ele>8.105351289734244</ele>
        <time>2026-10-05T10:09:19Z</time>
        <extensions>
          <gpxtpx:TrackPointExtension>
            <gpxtpx:hr>114</gpxtpx:hr>
          </gpxtpx:TrackPointExtension>
        </extensions>
      </trkpt>
      <trkpt lat="1.4032413920676858" lon="103.88719216496955">
        <ele>8.108369229361415</ele>
        <time>2026-10-05T10:09:20Z</time>
        <extensions>
          <gpxtpx:TrackPointExtension>
            <gpxtpx:hr>114</gpxtpx:hr>
          </gpxtpx:TrackPointExtension>
        </extensions>
      </trkpt>
      <trkpt lat="1.4032326090847203" lon="103.88718478968825">
        <ele>8.114482639357448</ele>
        <time>2026-10-05T10:09:21Z</time>
        <extensions>
          <gpxtpx:TrackPointExtension>
            <gpxtpx:hr>114</gpxtpx:hr>
          </gpxtpx:TrackPointExtension>
        </extensions>
      </trkpt>
      <trkpt lat="1.4032234915901707" lon="103.88717660337862">
        <ele>8.123063085600734</ele>
        <time>2026-10-05T10:09:22Z</time>
        <extensions>
          <gpxtpx:TrackPointExtension>
            <gpxtpx:hr>114</gpxtpx:hr>
          </gpxtpx:TrackPointExtension>
        </extensions>
      </trkpt>
      <trkpt lat="1.4032150007674604" lon="103.88716872341229">
        <ele>8.132998826913536</ele>
        <time>2026-10-05T10:09:23Z</time>
        <extensions>
          <gpxtpx:TrackPointExtension>
            <gpxtpx:hr>114</gpxtpx:hr>
          </gpxtpx:TrackPointExtension>
        </extensions>
      </trkpt>
      <trkpt lat="1.4032066431308203" lon="103.88716151779123">
        <ele>8.143473670817912</ele>
        <time>2026-10-05T10:09:24Z</time>
        <extensions>
          <gpxtpx:TrackPointExtension>
            <gpxtpx:hr>113</gpxtpx:hr>
          </gpxtpx:TrackPointExtension>
        </extensions>
      </trkpt>
      <trkpt lat="1.4031972605153702" lon="103.88715372620095">
        <ele>8.15381412487477</ele>
        <time>2026-10-05T10:09:25Z</time>
        <extensions>
          <gpxtpx:TrackPointExtension>
            <gpxtpx:hr>113</gpxtpx:hr>
          </gpxtpx:TrackPointExtension>
        </extensions>
      </trkpt>
      <trkpt lat="1.4031871127483078" lon="103.88714480194369">
        <ele>8.163558985106647</ele>
        <time>2026-10-05T10:09:26Z</time>
        <extensions>
          <gpxtpx:TrackPointExtension>
            <gpxtpx:hr>113</gpxtpx:hr>
          </gpxtpx:TrackPointExtension>
        </extensions>
      </trkpt>
      <trkpt lat="1.4031770356510627" lon="103.88713544530117">
        <ele>8.172385212033987</ele>
        <time>2026-10-05T10:09:27Z</time>
        <extensions>
          <gpxtpx:TrackPointExtension>
            <gpxtpx:hr>113</gpxtpx:hr>
          </gpxtpx:TrackPointExtension>
        </extensions>
      </trkpt>
      <trkpt lat="1.403167430183373" lon="103.88712640775815">
        <ele>8.18027411121875</ele>
        <time>2026-10-05T10:09:28Z</time>
        <extensions>
          <gpxtpx:TrackPointExtension>
            <gpxtpx:hr>113</gpxtpx:hr>
          </gpxtpx:TrackPointExtension>
        </extensions>
      </trkpt>
      <trkpt lat="1.4031580857062325" lon="103.8871179587549">
        <ele>8.187397132627666</ele>
        <time>2026-10-05T10:09:29Z</time>
        <extensions>
          <gpxtpx:TrackPointExtension>
            <gpxtpx:hr>113</gpxtpx:hr>
          </gpxtpx:TrackPointExtension>
        </extensions>
      </trkpt>
      <trkpt lat="1.4031485663006042" lon="103.88711003161353">
        <ele>8.194178697653115</ele>
        <time>2026-10-05T10:09:30Z</time>
        <extensions>
          <gpxtpx:TrackPointExtension>
            <gpxtpx:hr>113</gpxtpx:hr>
          </gpxtpx:TrackPointExtension>
        </extensions>
      </trkpt>
      <trkpt lat="1.4031389616087382" lon="103.88710251109272">
        <ele>8.201288452371955</ele>
        <time>2026-10-05T10:09:31Z</time>
        <extensions>
          <gpxtpx:TrackPointExtension>
            <gpxtpx:hr>110</gpxtpx:hr>
          </gpxtpx:TrackPointExtension>
        </extensions>
      </trkpt>
      <trkpt lat="1.4031296343791169" lon="103.88709479472408">
        <ele>8.20927675627172</ele>
        <time>2026-10-05T10:09:32Z</time>
        <extensions>
          <gpxtpx:TrackPointExtension>
            <gpxtpx:hr>110</gpxtpx:hr>
          </gpxtpx:TrackPointExtension>
        </extensions>
      </trkpt>
      <trkpt lat="1.4031206335722037" lon="103.88708626414666">
        <ele>8.218317141756415</ele>
        <time>2026-10-05T10:09:33Z</time>
        <extensions>
          <gpxtpx:TrackPointExtension>
            <gpxtpx:hr>110</gpxtpx:hr>
          </gpxtpx:TrackPointExtension>
        </extensions>
      </trkpt>
      <trkpt lat="1.4031115082478154" lon="103.88707703773933">
        <ele>8.228043830022216</ele>
        <time>2026-10-05T10:09:34Z</time>
        <extensions>
          <gpxtpx:TrackPointExtension>
            <gpxtpx:hr>110</gpxtpx:hr>
          </gpxtpx:TrackPointExtension>
        </extensions>
      </trkpt>
      <trkpt lat="1.4031024183399858" lon="103.88706809593727">
        <ele>8.237678215838969</ele>
        <time>2026-10-05T10:09:35Z</time>
        <extensions>
          <gpxtpx:TrackPointExtension>
            <gpxtpx:hr>110</gpxtpx:hr>
          </gpxtpx:TrackPointExtension>
        </extensions>
      </trkpt>
      <trkpt lat="1.4030928445725375" lon="103.88705951951667">
        <ele>8.246336728334427</ele>
        <time>2026-10-05T10:09:36Z</time>
        <extensions>
          <gpxtpx:TrackPointExtension>
            <gpxtpx:hr>110</gpxtpx:hr>
          </gpxtpx:TrackPointExtension>
        </extensions>
      </trkpt>
      <trkpt lat="1.4030823445292153" lon="103.8870509348246">
        <ele>8.253323642536998</ele>
        <time>2026-10-05T10:09:37Z</time>
        <extensions>
          <gpxtpx:TrackPointExtension>
            <gpxtpx:hr>110</gpxtpx:hr>
          </gpxtpx:TrackPointExtension>
        </extensions>
      </trkpt>
      <trkpt lat="1.4030714153650812" lon="103.88704252705658">
        <ele>8.258140843361616</ele>
        <time>2026-10-05T10:09:38Z</time>
        <extensions>
          <gpxtpx:TrackPointExtension>
            <gpxtpx:hr>112</gpxtpx:hr>
          </gpxtpx:TrackPointExtension>
        </extensions>
      </trkpt>
      <trkpt lat="1.4030604503974715" lon="103.88703435395666">
        <ele>8.26059721596539</ele>
        <time>2026-10-05T10:09:39Z</time>
        <extensions>
          <gpxtpx:TrackPointExtension>
            <gpxtpx:hr>112</gpxtpx:hr>
          </gpxtpx:TrackPointExtension>
        </extensions>
      </trkpt>
      <trkpt lat="1.4030494244239897" lon="103.88702606200768">
        <ele>8.260833255946636</ele>
        <time>2026-10-05T10:09:40Z</time>
        <extensions>
          <gpxtpx:TrackPointExtension>
            <gpxtpx:hr>112</gpxtpx:hr>
          </gpxtpx:TrackPointExtension>
        </extensions>
      </trkpt>
      <trkpt lat="1.4030378409856379" lon="103.88701732070223">
        <ele>8.259210074320436</ele>
        <time>2026-10-05T10:09:41Z</time>
        <extensions>
          <gpxtpx:TrackPointExtension>
            <gpxtpx:hr>112</gpxtpx:hr>
          </gpxtpx:TrackPointExtension>
        </extensions>
      </trkpt>
      <trkpt lat="1.4030261533511088" lon="103.88700825902171">
        <ele>8.256555957719684</ele>
        <time>2026-10-05T10:09:42Z</time>
        <extensions>
          <gpxtpx:TrackPointExtension>
            <gpxtpx:hr>112</gpxtpx:hr>
          </gpxtpx:TrackPointExtension>
        </extensions>
      </trkpt>
      <trkpt lat="1.4030148691893578" lon="103.88699896696222">
        <ele>8.25391791574657</ele>
        <time>2026-10-05T10:09:43Z</time>
        <extensions>
          <gpxtpx:TrackPointExtension>
            <gpxtpx:hr>112</gpxtpx:hr>
          </gpxtpx:TrackPointExtension>
        </extensions>
      </trkpt>
      <trkpt lat="1.4030036394344678" lon="103.88698884938441">
        <ele>8.252170923165977</ele>
        <time>2026-10-05T10:09:44Z</time>
        <extensions>
          <gpxtpx:TrackPointExtension>
            <gpxtpx:hr>112</gpxtpx:hr>
          </gpxtpx:TrackPointExtension>
        </extensions>
      </trkpt>
      <trkpt lat="1.4029925590788481" lon="103.88697819131339">
        <ele>8.251819399185479</ele>
        <time>2026-10-05T10:09:45Z</time>
        <extensions>
          <gpxtpx:TrackPointExtension>
            <gpxtpx:hr>110</gpxtpx:hr>
          </gpxtpx:TrackPointExtension>
        </extensions>
      </trkpt>
      <trkpt lat="1.40298122109047" lon="103.88696761149482">
        <ele>8.253307085484266</ele>
        <time>2026-10-05T10:09:46Z</time>
        <extensions>
          <gpxtpx:TrackPointExtension>
            <gpxtpx:hr>110</gpxtpx:hr>
          </gpxtpx:TrackPointExtension>
        </extensions>
      </trkpt>
      <trkpt lat="1.4029700091586457" lon="103.88695739930648">
        <ele>8.256644210778177</ele>
        <time>2026-10-05T10:09:47Z</time>
        <extensions>
          <gpxtpx:TrackPointExtension>
            <gpxtpx:hr>110</gpxtpx:hr>
          </gpxtpx:TrackPointExtension>
        </extensions>
      </trkpt>
      <trkpt lat="1.4029589198279206" lon="103.88694713896751">
        <ele>8.261517025530338</ele>
        <time>2026-10-05T10:09:48Z</time>
        <extensions>
          <gpxtpx:TrackPointExtension>
            <gpxtpx:hr>110</gpxtpx:hr>
          </gpxtpx:TrackPointExtension>
        </extensions>
      </trkpt>
      <trkpt lat="1.4029472705759782" lon="103.88693638157064">
        <ele>8.267326015047729</ele>
        <time>2026-10-05T10:09:49Z</time>
        <extensions>
          <gpxtpx:TrackPointExtension>
            <gpxtpx:hr>110</gpxtpx:hr>
          </gpxtpx:TrackPointExtension>
        </extensions>
      </trkpt>
      <trkpt lat="1.4029351854577445" lon="103.88692549441073">
        <ele>8.273302365094423</ele>
        <time>2026-10-05T10:09:50Z</time>
        <extensions>
          <gpxtpx:TrackPointExtension>
            <gpxtpx:hr>110</gpxtpx:hr>
          </gpxtpx:TrackPointExtension>
        </extensions>
      </trkpt>
      <trkpt lat="1.4029226492802298" lon="103.88691473003114">
        <ele>8.278318488039076</ele>
        <time>2026-10-05T10:09:51Z</time>
        <extensions>
          <gpxtpx:TrackPointExtension>
            <gpxtpx:hr>110</gpxtpx:hr>
          </gpxtpx:TrackPointExtension>
        </extensions>
      </trkpt>
      <trkpt lat="1.4029099275354824" lon="103.88690419068847">
        <ele>8.28114481177181</ele>
        <time>2026-10-05T10:09:52Z</time>
        <extensions>
          <gpxtpx:TrackPointExtension>
            <gpxtpx:hr>110</gpxtpx:hr>
          </gpxtpx:TrackPointExtension>
        </extensions>
      </trkpt>
      <trkpt lat="1.4028978552958629" lon="103.88689397471475">
        <ele>8.280699979513884</ele>
        <time>2026-10-05T10:09:53Z</time>
        <extensions>
          <gpxtpx:TrackPointExtension>
            <gpxtpx:hr>110</gpxtpx:hr>
          </gpxtpx:TrackPointExtension>
        </extensions>
      </trkpt>
      <trkpt lat="1.4028862145123981" lon="103.88688343646837">
        <ele>8.276426413096488</ele>
        <time>2026-10-05T10:09:54Z</time>
        <extensions>
          <gpxtpx:TrackPointExtension>
            <gpxtpx:hr>110</gpxtpx:hr>
          </gpxtpx:TrackPointExtension>
        </extensions>
      </trkpt>
      <trkpt lat="1.4028745458440797" lon="103.88687240200588">
        <ele>8.268543773330748</ele>
        <time>2026-10-05T10:09:55Z</time>
        <extensions>
          <gpxtpx:TrackPointExtension>
            <gpxtpx:hr>108</gpxtpx:hr>
          </gpxtpx:TrackPointExtension>
        </extensions>
      </trkpt>
      <trkpt lat="1.4028630251114111" lon="103.88686178187102">
        <ele>8.257922478951514</ele>
        <time>2026-10-05T10:09:56Z</time>
        <extensions>
          <gpxtpx:TrackPointExtension>
            <gpxtpx:hr>108</gpxtpx:hr>
          </gpxtpx:TrackPointExtension>
        </extensions>
      </trkpt>
      <trkpt lat="1.402851566000441" lon="103.8868517368074">
        <ele>8.245857015252113</ele>
        <time>2026-10-05T10:09:57Z</time>
        <extensions>
          <gpxtpx:TrackPointExtension>
            <gpxtpx:hr>108</gpxtpx:hr>
          </gpxtpx:TrackPointExtension>
        </extensions>
      </trkpt>
      <trkpt lat="1.402840082150245" lon="103.88684207832455">
        <ele>8.233795939013362</ele>
        <time>2026-10-05T10:09:58Z</time>
        <extensions>
          <gpxtpx:TrackPointExtension>
            <gpxtpx:hr>108</gpxtpx:hr>
          </gpxtpx:TrackPointExtension>
        </extensions>
      </trkpt>
      <trkpt lat="1.4028289053424465" lon="103.88683293661357">
        <ele>8.223030897788703</ele>
        <time>2026-10-05T10:09:59Z</time>
        <extensions>
          <gpxtpx:TrackPointExtension>
            <gpxtpx:hr>108</gpxtpx:hr>
          </gpxtpx:TrackPointExtension>
        </extensions>
      </trkpt>
      <trkpt lat="1.4028180001381996" lon="103.88682435349416">
        <ele>8.21432500705123</ele>
        <time>2026-10-05T10:10:00Z</time>
        <extensions>
          <gpxtpx:TrackPointExtension>
            <gpxtpx:hr>108</gpxtpx:hr>
          </gpxtpx:TrackPointExtension>
        </extensions>
      </trkpt>
      <trkpt lat="1.4028070192090316" lon="103.88681612157627">
        <ele>8.208014999516308</ele>
        <time>2026-10-05T10:10:01Z</time>
        <extensions>
          <gpxtpx:TrackPointExtension>
            <gpxtpx:hr>108</gpxtpx:hr>
          </gpxtpx:TrackPointExtension>
        </extensions>
      </trkpt>
      <trkpt lat="1.4027962230232178" lon="103.88680795091308">
        <ele>8.204100578092039</ele>
        <time>2026-10-05T10:10:02Z</time>
        <extensions>
          <gpxtpx:TrackPointExtension>
            <gpxtpx:hr>108</gpxtpx:hr>
          </gpxtpx:TrackPointExtension>
        </extensions>
      </trkpt>
      <trkpt lat="1.4027859345903846" lon="103.88679992730498">
        <ele>8.202291244640946</ele>
        <time>2026-10-05T10:10:03Z</time>
        <extensions>
          <gpxtpx:TrackPointExtension>
            <gpxtpx:hr>107</gpxtpx:hr>
          </gpxtpx:TrackPointExtension>
        </extensions>
      </trkpt>
      <trkpt lat="1.4027761815559214" lon="103.88679265528297">
        <ele>8.202056693844497</ele>
        <time>2026-10-05T10:10:04Z</time>
        <extensions>
          <gpxtpx:TrackPointExtension>
            <gpxtpx:hr>107</gpxtpx:hr>
          </gpxtpx:TrackPointExtension>
        </extensions>
      </trkpt>
      <trkpt lat="1.4027665380967254" lon="103.8867860582875">
        <ele>8.202622182667255</ele>
        <time>2026-10-05T10:10:05Z</time>
        <extensions>
          <gpxtpx:TrackPointExtension>
            <gpxtpx:hr>107</gpxtpx:hr>
          </gpxtpx:TrackPointExtension>
        </extensions>
      </trkpt>
      <trkpt lat="1.4027569725157463" lon="103.88677986603646">
        <ele>8.20311394892633</ele>
        <time>2026-10-05T10:10:06Z</time>
        <extensions>
          <gpxtpx:TrackPointExtension>
            <gpxtpx:hr>107</gpxtpx:hr>
          </gpxtpx:TrackPointExtension>
        </extensions>
      </trkpt>
      <trkpt lat="1.4027479195205441" lon="103.88677403872143">
        <ele>8.202851876616478</ele>
        <time>2026-10-05T10:10:07Z</time>
        <extensions>
          <gpxtpx:TrackPointExtension>
            <gpxtpx:hr>107</gpxtpx:hr>
          </gpxtpx:TrackPointExtension>
        </extensions>
      </trkpt>
      <trkpt lat="1.4027390820931076" lon="103.88676833540535">
        <ele>8.201490862295032</ele>
        <time>2026-10-05T10:10:08Z</time>
        <extensions>
          <gpxtpx:TrackPointExtension>
            <gpxtpx:hr>109</gpxtpx:hr>
          </gpxtpx:TrackPointExtension>
        </extensions>
      </trkpt>
      <trkpt lat="1.4027298521316705" lon="103.8867622936522">
        <ele>8.199023751541972</ele>
        <time>2026-10-05T10:10:09Z</time>
        <extensions>
          <gpxtpx:TrackPointExtension>
            <gpxtpx:hr>109</gpxtpx:hr>
          </gpxtpx:TrackPointExtension>
        </extensions>
      </trkpt>
      <trkpt lat="1.4027198789176731" lon="103.8867554218613">
        <ele>8.195658481679857</ele>
        <time>2026-10-05T10:10:10Z</time>
        <extensions>
          <gpxtpx:TrackPointExtension>
            <gpxtpx:hr>109</gpxtpx:hr>
          </gpxtpx:TrackPointExtension>
        </extensions>
      </trkpt>
      <trkpt lat="1.4027094290000317" lon="103.88674740657743">
        <ele>8.191811176016927</ele>
        <time>2026-10-05T10:10:11Z</time>
        <extensions>
          <gpxtpx:TrackPointExtension>
            <gpxtpx:hr>109</gpxtpx:hr>
          </gpxtpx:TrackPointExtension>
        </extensions>
      </trkpt>
      <trkpt lat="1.402698952071156" lon="103.88673890495616">
        <ele>8.187921050004661</ele>
        <time>2026-10-05T10:10:12Z</time>
        <extensions>
          <gpxtpx:TrackPointExtension>
            <gpxtpx:hr>109</gpxtpx:hr>
          </gpxtpx:TrackPointExtension>
        </extensions>
      </trkpt>
      <trkpt lat="1.4026886853700131" lon="103.88673029002446">
        <ele>8.184341797605157</ele>
        <time>2026-10-05T10:10:13Z</time>
        <extensions>
          <gpxtpx:TrackPointExtension>
            <gpxtpx:hr>109</gpxtpx:hr>
          </gpxtpx:TrackPointExtension>
        </extensions>
      </trkpt>
      <trkpt lat="1.402678431460476" lon="103.88672172324033">
        <ele>8.18144958652556</ele>
        <time>2026-10-05T10:10:14Z</time>
        <extensions>
          <gpxtpx:TrackPointExtension>
            <gpxtpx:hr>108</gpxtpx:hr>
          </gpxtpx:TrackPointExtension>
        </extensions>
      </trkpt>
      <trkpt lat="1.4026680555664555" lon="103.8867133510423">
        <ele>8.179483741521835</ele>
        <time>2026-10-05T10:10:15Z</time>
        <extensions>
          <gpxtpx:TrackPointExtension>
            <gpxtpx:hr>108</gpxtpx:hr>
          </gpxtpx:TrackPointExtension>
        </extensions>
      </trkpt>
      <trkpt lat="1.402657524417192" lon="103.8867048430935">
        <ele>8.178465678356588</ele>
        <time>2026-10-05T10:10:16Z</time>
        <extensions>
          <gpxtpx:TrackPointExtension>
            <gpxtpx:hr>108</gpxtpx:hr>
          </gpxtpx:TrackPointExtension>
        </extensions>
      </trkpt>
      <trkpt lat="1.4026473632259338" lon="103.88669631742913">
        <ele>8.17810660135001</ele>
        <time>2026-10-05T10:10:17Z</time>
        <extensions>
          <gpxtpx:TrackPointExtension>
            <gpxtpx:hr>108</gpxtpx:hr>
          </gpxtpx:TrackPointExtension>
        </extensions>
      </trkpt>
      <trkpt lat="1.402637889424737" lon="103.88668839296992">
        <ele>8.177918524481356</ele>
        <time>2026-10-05T10:10:18Z</time>
        <extensions>
          <gpxtpx:TrackPointExtension>
            <gpxtpx:hr>108</gpxtpx:hr>
          </gpxtpx:TrackPointExtension>
        </extensions>
      </trkpt>
      <trkpt lat="1.402628599325577" lon="103.88668143803298">
        <ele>8.177155820652843</ele>
        <time>2026-10-05T10:10:19Z</time>
        <extensions>
          <gpxtpx:TrackPointExtension>
            <gpxtpx:hr>109</gpxtpx:hr>
          </gpxtpx:TrackPointExtension>
        </extensions>
      </trkpt>
      <trkpt lat="1.4026191935357861" lon="103.88667529201786">
        <ele>8.175419435836375</ele>
        <time>2026-10-05T10:10:20Z</time>
        <extensions>
          <gpxtpx:TrackPointExtension>
            <gpxtpx:hr>109</gpxtpx:hr>
          </gpxtpx:TrackPointExtension>
        </extensions>
      </trkpt>
      <trkpt lat="1.4026097336134826" lon="103.88666961047892">
        <ele>8.172563853673637</ele>
        <time>2026-10-05T10:10:21Z</time>
        <extensions>
          <gpxtpx:TrackPointExtension>
            <gpxtpx:hr>109</gpxtpx:hr>
          </gpxtpx:TrackPointExtension>
        </extensions>
      </trkpt>
      <trkpt lat="1.4026000907186298" lon="103.88666416949017">
        <ele>8.168699972331524</ele>
        <time>2026-10-05T10:10:22Z</time>
        <extensions>
          <gpxtpx:TrackPointExtension>
            <gpxtpx:hr>109</gpxtpx:hr>
          </gpxtpx:TrackPointExtension>
        </extensions>
      </trkpt>
      <trkpt lat="1.402590115205037" lon="103.88665884877209">
        <ele>8.164467670954764</ele>
        <time>2026-10-05T10:10:23Z</time>
        <extensions>
          <gpxtpx:TrackPointExtension>
            <gpxtpx:hr>109</gpxtpx:hr>
          </gpxtpx:TrackPointExtension>
        </extensions>
      </trkpt>
      <trkpt lat="1.4025802441988369" lon="103.88665368603671">
        <ele>8.160896329209208</ele>
        <time>2026-10-05T10:10:24Z</time>
        <extensions>
          <gpxtpx:TrackPointExtension>
            <gpxtpx:hr>108</gpxtpx:hr>
          </gpxtpx:TrackPointExtension>
        </extensions>
      </trkpt>
      <trkpt lat="1.4025706296890632" lon="103.88664867139715">
        <ele>8.159201247617602</ele>
        <time>2026-10-05T10:10:25Z</time>
        <extensions>
          <gpxtpx:TrackPointExtension>
            <gpxtpx:hr>108</gpxtpx:hr>
          </gpxtpx:TrackPointExtension>
        </extensions>
      </trkpt>
      <trkpt lat="1.4025608910302534" lon="103.88664364919158">
        <ele>8.160676597617567</ele>
        <time>2026-10-05T10:10:26Z</time>
        <extensions>
          <gpxtpx:TrackPointExtension>
            <gpxtpx:hr>108</gpxtpx:hr>
          </gpxtpx:TrackPointExtension>
        </extensions>
      </trkpt>
      <trkpt lat="1.4025506218252957" lon="103.88663859756126">
        <ele>8.166518369689584</ele>
        <time>2026-10-05T10:10:27Z</time>
        <extensions>
          <gpxtpx:TrackPointExtension>
            <gpxtpx:hr>108</gpxtpx:hr>
          </gpxtpx:TrackPointExtension>
        </extensions>
      </trkpt>
      <trkpt lat="1.4025402644004341" lon="103.8866338409506">
        <ele>8.177844389341772</ele>
        <time>2026-10-05T10:10:28Z</time>
        <extensions>
          <gpxtpx:TrackPointExtension>
            <gpxtpx:hr>108</gpxtpx:hr>
          </gpxtpx:TrackPointExtension>
        </extensions>
      </trkpt>
      <trkpt lat="1.4025302391997705" lon="103.88662915423478">
        <ele>8.195469986647367</ele>
        <time>2026-10-05T10:10:29Z</time>
        <extensions>
          <gpxtpx:TrackPointExtension>
            <gpxtpx:hr>108</gpxtpx:hr>
          </gpxtpx:TrackPointExtension>
        </extensions>
      </trkpt>
      <trkpt lat="1.4025202721165733" lon="103.88662434190609">
        <ele>8.219483167864382</ele>
        <time>2026-10-05T10:10:30Z</time>
        <extensions>
          <gpxtpx:TrackPointExtension>
            <gpxtpx:hr>108</gpxtpx:hr>
          </gpxtpx:TrackPointExtension>
        </extensions>
      </trkpt>
      <trkpt lat="1.4025099025175305" lon="103.88661966105282">
        <ele>8.249258025549352</ele>
        <time>2026-10-05T10:10:31Z</time>
        <extensions>
          <gpxtpx:TrackPointExtension>
            <gpxtpx:hr>108</gpxtpx:hr>
          </gpxtpx:TrackPointExtension>
        </extensions>
      </trkpt>
      <trkpt lat="1.4024988011880708" lon="103.8866149324922">
        <ele>8.283738601021469</ele>
        <time>2026-10-05T10:10:32Z</time>
        <extensions>
          <gpxtpx:TrackPointExtension>
            <gpxtpx:hr>108</gpxtpx:hr>
          </gpxtpx:TrackPointExtension>
        </extensions>
      </trkpt>
      <trkpt lat="1.4024871497674758" lon="103.88660974696668">
        <ele>8.321568467654288</ele>
        <time>2026-10-05T10:10:33Z</time>
        <extensions>
          <gpxtpx:TrackPointExtension>
            <gpxtpx:hr>108</gpxtpx:hr>
          </gpxtpx:TrackPointExtension>
        </extensions>
      </trkpt>
      <trkpt lat="1.402475465814542" lon="103.88660424084271">
        <ele>8.361388040706515</ele>
        <time>2026-10-05T10:10:34Z</time>
        <extensions>
          <gpxtpx:TrackPointExtension>
            <gpxtpx:hr>108</gpxtpx:hr>
          </gpxtpx:TrackPointExtension>
        </extensions>
      </trkpt>
      <trkpt lat="1.402464215936766" lon="103.88659856945874">
        <ele>8.401922984048724</ele>
        <time>2026-10-05T10:10:35Z</time>
        <extensions>
          <gpxtpx:TrackPointExtension>
            <gpxtpx:hr>108</gpxtpx:hr>
          </gpxtpx:TrackPointExtension>
        </extensions>
      </trkpt>
      <trkpt lat="1.4024538526043464" lon="103.88659283323719">
        <ele>8.441927860490978</ele>
        <time>2026-10-05T10:10:36Z</time>
        <extensions>
          <gpxtpx:TrackPointExtension>
            <gpxtpx:hr>108</gpxtpx:hr>
          </gpxtpx:TrackPointExtension>
        </extensions>
      </trkpt>
      <trkpt lat="1.4024435675997575" lon="103.88658721075872">
        <ele>8.48027719091624</ele>
        <time>2026-10-05T10:10:37Z</time>
        <extensions>
          <gpxtpx:TrackPointExtension>
            <gpxtpx:hr>108</gpxtpx:hr>
          </gpxtpx:TrackPointExtension>
        </extensions>
      </trkpt>
      <trkpt lat="1.4024323544335757" lon="103.88658168872871">
        <ele>8.51565338857472</ele>
        <time>2026-10-05T10:10:38Z</time>
        <extensions>
          <gpxtpx:TrackPointExtension>
            <gpxtpx:hr>108</gpxtpx:hr>
          </gpxtpx:TrackPointExtension>
        </extensions>
      </trkpt>
      <trkpt lat="1.4024202488871398" lon="103.88657607327065">
        <ele>8.546855992637575</ele>
        <time>2026-10-05T10:10:39Z</time>
        <extensions>
          <gpxtpx:TrackPointExtension>
            <gpxtpx:hr>108</gpxtpx:hr>
          </gpxtpx:TrackPointExtension>
        </extensions>
      </trkpt>
      <trkpt lat="1.4024071368976296" lon="103.88657018392263">
        <ele>8.573097184300423</ele>
        <time>2026-10-05T10:10:40Z</time>
        <extensions>
          <gpxtpx:TrackPointExtension>
            <gpxtpx:hr>108</gpxtpx:hr>
          </gpxtpx:TrackPointExtension>
        </extensions>
      </trkpt>
      <trkpt lat="1.402393341325794" lon="103.88656400500462">
        <ele>8.594139710068703</ele>
        <time>2026-10-05T10:10:41Z</time>
        <extensions>
          <gpxtpx:TrackPointExtension>
            <gpxtpx:hr>108</gpxtpx:hr>
          </gpxtpx:TrackPointExtension>
        </extensions>
      </trkpt>
      <trkpt lat="1.4023797643176297" lon="103.88655747748724">
        <ele>8.609866396524012</ele>
        <time>2026-10-05T10:10:42Z</time>
        <extensions>
          <gpxtpx:TrackPointExtension>
            <gpxtpx:hr>108</gpxtpx:hr>
          </gpxtpx:TrackPointExtension>
        </extensions>
      </trkpt>
      <trkpt lat="1.402367141179084" lon="103.88655072126592">
        <ele>8.62053189240396</ele>
        <time>2026-10-05T10:10:43Z</time>
        <extensions>
          <gpxtpx:TrackPointExtension>
            <gpxtpx:hr>108</gpxtpx:hr>
          </gpxtpx:TrackPointExtension>
        </extensions>
      </trkpt>
      <trkpt lat="1.4023552958416483" lon="103.88654378858308">
        <ele>8.6266197450459</ele>
        <time>2026-10-05T10:10:44Z</time>
        <extensions>
          <gpxtpx:TrackPointExtension>
            <gpxtpx:hr>108</gpxtpx:hr>
          </gpxtpx:TrackPointExtension>
        </extensions>
      </trkpt>
      <trkpt lat="1.4023434204528396" lon="103.88653667826053">
        <ele>8.628874024376273</ele>
        <time>2026-10-05T10:10:45Z</time>
        <extensions>
          <gpxtpx:TrackPointExtension>
            <gpxtpx:hr>107</gpxtpx:hr>
          </gpxtpx:TrackPointExtension>
        </extensions>
      </trkpt>
      <trkpt lat="1.4023306412402232" lon="103.88652934140035">
        <ele>8.628249464556575</ele>
        <time>2026-10-05T10:10:46Z</time>
        <extensions>
          <gpxtpx:TrackPointExtension>
            <gpxtpx:hr>107</gpxtpx:hr>
          </gpxtpx:TrackPointExtension>
        </extensions>
      </trkpt>
      <trkpt lat="1.4023168135331179" lon="103.8865219761307">
        <ele>8.626101332716644</ele>
        <time>2026-10-05T10:10:47Z</time>
        <extensions>
          <gpxtpx:TrackPointExtension>
            <gpxtpx:hr>107</gpxtpx:hr>
          </gpxtpx:TrackPointExtension>
        </extensions>
      </trkpt>
      <trkpt lat="1.4023021022768647" lon="103.88651506119525">
        <ele>8.623808965086937</ele>
        <time>2026-10-05T10:10:48Z</time>
        <extensions>
          <gpxtpx:TrackPointExtension>
            <gpxtpx:hr>107</gpxtpx:hr>
          </gpxtpx:TrackPointExtension>
        </extensions>
      </trkpt>
      <trkpt lat="1.4022870140108117" lon="103.88650811127451">
        <ele>8.622644571587443</ele>
        <time>2026-10-05T10:10:49Z</time>
        <extensions>
          <gpxtpx:TrackPointExtension>
            <gpxtpx:hr>107</gpxtpx:hr>
          </gpxtpx:TrackPointExtension>
        </extensions>
      </trkpt>
      <trkpt lat="1.4022733433834478" lon="103.88650155593363">
        <ele>8.623548303730786</ele>
        <time>2026-10-05T10:10:50Z</time>
        <extensions>
          <gpxtpx:TrackPointExtension>
            <gpxtpx:hr>107</gpxtpx:hr>
          </gpxtpx:TrackPointExtension>
        </extensions>
      </trkpt>
      <trkpt lat="1.4022624467757525" lon="103.8864964682022">
        <ele>8.62685380037874</ele>
        <time>2026-10-05T10:10:51Z</time>
        <extensions>
          <gpxtpx:TrackPointExtension>
            <gpxtpx:hr>107</gpxtpx:hr>
          </gpxtpx:TrackPointExtension>
        </extensions>
      </trkpt>
      <trkpt lat="1.4022530814935672" lon="103.88649197213591">
        <ele>8.632247364148498</ele>
        <time>2026-10-05T10:10:52Z</time>
        <extensions>
          <gpxtpx:TrackPointExtension>
            <gpxtpx:hr>107</gpxtpx:hr>
          </gpxtpx:TrackPointExtension>
        </extensions>
      </trkpt>
      <trkpt lat="1.4022438001567594" lon="103.88648706884645">
        <ele>8.638858580961823</ele>
        <time>2026-10-05T10:10:53Z</time>
        <extensions>
          <gpxtpx:TrackPointExtension>
            <gpxtpx:hr>107</gpxtpx:hr>
          </gpxtpx:TrackPointExtension>
        </extensions>
      </trkpt>
      <trkpt lat="1.4022347363412693" lon="103.88648133746494">
        <ele>8.64546278025955</ele>
        <time>2026-10-05T10:10:54Z</time>
        <extensions>
          <gpxtpx:TrackPointExtension>
            <gpxtpx:hr>107</gpxtpx:hr>
          </gpxtpx:TrackPointExtension>
        </extensions>
      </trkpt>
      <trkpt lat="1.4022259750312425" lon="103.88647481080466">
        <ele>8.650722483173013</ele>
        <time>2026-10-05T10:10:55Z</time>
        <extensions>
          <gpxtpx:TrackPointExtension>
            <gpxtpx:hr>111</gpxtpx:hr>
          </gpxtpx:TrackPointExtension>
        </extensions>
      </trkpt>
      <trkpt lat="1.4022173706817918" lon="103.88646821301418">
        <ele>8.65366493165493</ele>
        <time>2026-10-05T10:10:56Z</time>
        <extensions>
          <gpxtpx:TrackPointExtension>
            <gpxtpx:hr>111</gpxtpx:hr>
          </gpxtpx:TrackPointExtension>
        </extensions>
      </trkpt>
      <trkpt lat="1.4022088661025762" lon="103.88646230969172">
        <ele>8.653685744851828</ele>
        <time>2026-10-05T10:10:57Z</time>
        <extensions>
          <gpxtpx:TrackPointExtension>
            <gpxtpx:hr>111</gpxtpx:hr>
          </gpxtpx:TrackPointExtension>
        </extensions>
      </trkpt>
      <trkpt lat="1.402199719571496" lon="103.8864570561323">
        <ele>8.65074096340686</ele>
        <time>2026-10-05T10:10:58Z</time>
        <extensions>
          <gpxtpx:TrackPointExtension>
            <gpxtpx:hr>111</gpxtpx:hr>
          </gpxtpx:TrackPointExtension>
        </extensions>
      </trkpt>
      <trkpt lat="1.4021893331325614" lon="103.88645207417494">
        <ele>8.645325903780758</ele>
        <time>2026-10-05T10:10:59Z</time>
        <extensions>
          <gpxtpx:TrackPointExtension>
            <gpxtpx:hr>111</gpxtpx:hr>
          </gpxtpx:TrackPointExtension>
        </extensions>
      </trkpt>
      <trkpt lat="1.40217737613778" lon="103.88644732186717">
        <ele>8.638281022198498</ele>
        <time>2026-10-05T10:11:00Z</time>
        <extensions>
          <gpxtpx:TrackPointExtension>
            <gpxtpx:hr>111</gpxtpx:hr>
          </gpxtpx:TrackPointExtension>
        </extensions>
      </trkpt>
      <trkpt lat="1.4021640301551528" lon="103.88644256578445">
        <ele>8.630649973638356</ele>
        <time>2026-10-05T10:11:01Z</time>
        <extensions>
          <gpxtpx:TrackPointExtension>
            <gpxtpx:hr>112</gpxtpx:hr>
          </gpxtpx:TrackPointExtension>
        </extensions>
      </trkpt>
      <trkpt lat="1.402150529849111" lon="103.88643786320135">
        <ele>8.623556884005666</ele>
        <time>2026-10-05T10:11:02Z</time>
        <extensions>
          <gpxtpx:TrackPointExtension>
            <gpxtpx:hr>112</gpxtpx:hr>
          </gpxtpx:TrackPointExtension>
        </extensions>
      </trkpt>
      <trkpt lat="1.4021382217157334" lon="103.88643312092411">
        <ele>8.617994780652225</ele>
        <time>2026-10-05T10:11:03Z</time>
        <extensions>
          <gpxtpx:TrackPointExtension>
            <gpxtpx:hr>112</gpxtpx:hr>
          </gpxtpx:TrackPointExtension>
        </extensions>
      </trkpt>
      <trkpt lat="1.4021270877689396" lon="103.88642843138697">
        <ele>8.614660543389618</ele>
        <time>2026-10-05T10:11:04Z</time>
        <extensions>
          <gpxtpx:TrackPointExtension>
            <gpxtpx:hr>113</gpxtpx:hr>
          </gpxtpx:TrackPointExtension>
        </extensions>
      </trkpt>
      <trkpt lat="1.4021171842965041" lon="103.88642437323314">
        <ele>8.614045813679695</ele>
        <time>2026-10-05T10:11:05Z</time>
        <extensions>
          <gpxtpx:TrackPointExtension>
            <gpxtpx:hr>113</gpxtpx:hr>
          </gpxtpx:TrackPointExtension>
        </extensions>
      </trkpt>
      <trkpt lat="1.4021084881709172" lon="103.88642171969556">
        <ele>8.616110784001648</ele>
        <time>2026-10-05T10:11:06Z</time>
        <extensions>
          <gpxtpx:TrackPointExtension>
            <gpxtpx:hr>113</gpxtpx:hr>
          </gpxtpx:TrackPointExtension>
        </extensions>
      </trkpt>
      <trkpt lat="1.4021001860264588" lon="103.8864203946654">
        <ele>8.620423402637243</ele>
        <time>2026-10-05T10:11:07Z</time>
        <extensions>
          <gpxtpx:TrackPointExtension>
            <gpxtpx:hr>113</gpxtpx:hr>
          </gpxtpx:TrackPointExtension>
        </extensions>
      </trkpt>
      <trkpt lat="1.4020912081123678" lon="103.88641947052167">
        <ele>8.626269726082683</ele>
        <time>2026-10-05T10:11:08Z</time>
        <extensions>
          <gpxtpx:TrackPointExtension>
            <gpxtpx:hr>113</gpxtpx:hr>
          </gpxtpx:TrackPointExtension>
        </extensions>
      </trkpt>
      <trkpt lat="1.4020812050894844" lon="103.88641835797225">
        <ele>8.632859401404858</ele>
        <time>2026-10-05T10:11:09Z</time>
        <extensions>
          <gpxtpx:TrackPointExtension>
            <gpxtpx:hr>113</gpxtpx:hr>
          </gpxtpx:TrackPointExtension>
        </extensions>
      </trkpt>
      <trkpt lat="1.4020707792760774" lon="103.88641725963161">
        <ele>8.639211093075573</ele>
        <time>2026-10-05T10:11:10Z</time>
        <extensions>
          <gpxtpx:TrackPointExtension>
            <gpxtpx:hr>109</gpxtpx:hr>
          </gpxtpx:TrackPointExtension>
        </extensions>
      </trkpt>
      <trkpt lat="1.402059860669693" lon="103.88641643316872">
        <ele>8.644562448374927</ele>
        <time>2026-10-05T10:11:11Z</time>
        <extensions>
          <gpxtpx:TrackPointExtension>
            <gpxtpx:hr>109</gpxtpx:hr>
          </gpxtpx:TrackPointExtension>
        </extensions>
      </trkpt>
      <trkpt lat="1.402048335978813" lon="103.88641599480992">
        <ele>8.648395709693432</ele>
        <time>2026-10-05T10:11:12Z</time>
        <extensions>
          <gpxtpx:TrackPointExtension>
            <gpxtpx:hr>109</gpxtpx:hr>
          </gpxtpx:TrackPointExtension>
        </extensions>
      </trkpt>
      <trkpt lat="1.402036414858758" lon="103.88641555244111">
        <ele>8.650523029267788</ele>
        <time>2026-10-05T10:11:13Z</time>
        <extensions>
          <gpxtpx:TrackPointExtension>
            <gpxtpx:hr>109</gpxtpx:hr>
          </gpxtpx:TrackPointExtension>
        </extensions>
      </trkpt>
      <trkpt lat="1.4020241189453146" lon="103.88641486565935">
        <ele>8.651091391220689</ele>
        <time>2026-10-05T10:11:14Z</time>
        <extensions>
          <gpxtpx:TrackPointExtension>
            <gpxtpx:hr>109</gpxtpx:hr>
          </gpxtpx:TrackPointExtension>
        </extensions>
      </trkpt>
      <trkpt lat="1.4020107171771252" lon="103.88641404081524">
        <ele>8.650768238119781</ele>
        <time>2026-10-05T10:11:15Z</time>
        <extensions>
          <gpxtpx:TrackPointExtension>
            <gpxtpx:hr>109</gpxtpx:hr>
          </gpxtpx:TrackPointExtension>
        </extensions>
      </trkpt>
      <trkpt lat="1.401996073764225" lon="103.88641303080941">
        <ele>8.650392306037247</ele>
        <time>2026-10-05T10:11:16Z</time>
        <extensions>
          <gpxtpx:TrackPointExtension>
            <gpxtpx:hr>109</gpxtpx:hr>
          </gpxtpx:TrackPointExtension>
        </extensions>
      </trkpt>
      <trkpt lat="1.4019807090347312" lon="103.8864119012742">
        <ele>8.650801129639149</ele>
        <time>2026-10-05T10:11:17Z</time>
        <extensions>
          <gpxtpx:TrackPointExtension>
            <gpxtpx:hr>109</gpxtpx:hr>
          </gpxtpx:TrackPointExtension>
        </extensions>
      </trkpt>
      <trkpt lat="1.4019650773338748" lon="103.88641104537754">
        <ele>8.652595195919275</ele>
        <time>2026-10-05T10:11:18Z</time>
        <extensions>
          <gpxtpx:TrackPointExtension>
            <gpxtpx:hr>109</gpxtpx:hr>
          </gpxtpx:TrackPointExtension>
        </extensions>
      </trkpt>
      <trkpt lat="1.4019491466028322" lon="103.88641069956685">
        <ele>8.656204937957227</ele>
        <time>2026-10-05T10:11:19Z</time>
        <extensions>
          <gpxtpx:TrackPointExtension>
            <gpxtpx:hr>109</gpxtpx:hr>
          </gpxtpx:TrackPointExtension>
        </extensions>
      </trkpt>
      <trkpt lat="1.4019327700579942" lon="103.88641041575347">
        <ele>8.661608862690628</ele>
        <time>2026-10-05T10:11:20Z</time>
        <extensions>
          <gpxtpx:TrackPointExtension>
            <gpxtpx:hr>110</gpxtpx:hr>
          </gpxtpx:TrackPointExtension>
        </extensions>
      </trkpt>
      <trkpt lat="1.4019170032643484" lon="103.88640948799986">
        <ele>8.668287439271808</ele>
        <time>2026-10-05T10:11:21Z</time>
        <extensions>
          <gpxtpx:TrackPointExtension>
            <gpxtpx:hr>110</gpxtpx:hr>
          </gpxtpx:TrackPointExtension>
        </extensions>
      </trkpt>
      <trkpt lat="1.401902446995871" lon="103.8864079946665">
        <ele>8.675388069823384</ele>
        <time>2026-10-05T10:11:22Z</time>
        <extensions>
          <gpxtpx:TrackPointExtension>
            <gpxtpx:hr>110</gpxtpx:hr>
          </gpxtpx:TrackPointExtension>
        </extensions>
      </trkpt>
      <trkpt lat="1.4018882506944792" lon="103.88640618858193">
        <ele>8.682033145800233</ele>
        <time>2026-10-05T10:11:23Z</time>
        <extensions>
          <gpxtpx:TrackPointExtension>
            <gpxtpx:hr>110</gpxtpx:hr>
          </gpxtpx:TrackPointExtension>
        </extensions>
      </trkpt>
      <trkpt lat="1.4018741771342131" lon="103.88640406484187">
        <ele>8.687515277415514</ele>
        <time>2026-10-05T10:11:24Z</time>
        <extensions>
          <gpxtpx:TrackPointExtension>
            <gpxtpx:hr>110</gpxtpx:hr>
          </gpxtpx:TrackPointExtension>
        </extensions>
      </trkpt>
      <trkpt lat="1.4018597453638806" lon="103.8864017886882">
        <ele>8.691478724591434</ele>
        <time>2026-10-05T10:11:25Z</time>
        <extensions>
          <gpxtpx:TrackPointExtension>
            <gpxtpx:hr>110</gpxtpx:hr>
          </gpxtpx:TrackPointExtension>
        </extensions>
      </trkpt>
      <trkpt lat="1.401844645895797" lon="103.88639965377841">
        <ele>8.694040220230818</ele>
        <time>2026-10-05T10:11:25Z</time>
        <extensions>
          <gpxtpx:TrackPointExtension>
            <gpxtpx:hr>112</gpxtpx:hr>
          </gpxtpx:TrackPointExtension>
        </extensions>
      </trkpt>
      <trkpt lat="1.4018291439928279" lon="103.88639757748206">
        <ele>8.69566213246435</ele>
        <time>2026-10-05T10:11:26Z</time>
        <extensions>
          <gpxtpx:TrackPointExtension>
            <gpxtpx:hr>112</gpxtpx:hr>
          </gpxtpx:TrackPointExtension>
        </extensions>
      </trkpt>
      <trkpt lat="1.4018138765512482" lon="103.88639562396357">
        <ele>8.696904849261045</ele>
        <time>2026-10-05T10:11:27Z</time>
        <extensions>
          <gpxtpx:TrackPointExtension>
            <gpxtpx:hr>112</gpxtpx:hr>
          </gpxtpx:TrackPointExtension>
        </extensions>
      </trkpt>
      <trkpt lat="1.4017989045812396" lon="103.88639399360204">
        <ele>8.697913797572255</ele>
        <time>2026-10-05T10:11:28Z</time>
        <extensions>
          <gpxtpx:TrackPointExtension>
            <gpxtpx:hr>112</gpxtpx:hr>
          </gpxtpx:TrackPointExtension>
        </extensions>
      </trkpt>
      <trkpt lat="1.4017844150379803" lon="103.886392414283">
        <ele>8.698630403727293</ele>
        <time>2026-10-05T10:11:30Z</time>
        <extensions>
          <gpxtpx:TrackPointExtension>
            <gpxtpx:hr>111</gpxtpx:hr>
          </gpxtpx:TrackPointExtension>
        </extensions>
      </trkpt>
      <trkpt lat="1.4017707381838749" lon="103.88639040481408">
        <ele>8.69896007888019</ele>
        <time>2026-10-05T10:11:31Z</time>
        <extensions>
          <gpxtpx:TrackPointExtension>
            <gpxtpx:hr>111</gpxtpx:hr>
          </gpxtpx:TrackPointExtension>
        </extensions>
      </trkpt>
      <trkpt lat="1.4017573259171732" lon="103.88638812626597">
        <ele>8.698906690813601</ele>
        <time>2026-10-05T10:11:32Z</time>
        <extensions>
          <gpxtpx:TrackPointExtension>
            <gpxtpx:hr>111</gpxtpx:hr>
          </gpxtpx:TrackPointExtension>
        </extensions>
      </trkpt>
      <trkpt lat="1.4017439704153527" lon="103.88638639030897">
        <ele>8.69857325963676</ele>
        <time>2026-10-05T10:11:33Z</time>
        <extensions>
          <gpxtpx:TrackPointExtension>
            <gpxtpx:hr>113</gpxtpx:hr>
          </gpxtpx:TrackPointExtension>
        </extensions>
      </trkpt>
      <trkpt lat="1.4017308550229415" lon="103.88638575302696">
        <ele>8.697853360325098</ele>
        <time>2026-10-05T10:11:34Z</time>
        <extensions>
          <gpxtpx:TrackPointExtension>
            <gpxtpx:hr>113</gpxtpx:hr>
          </gpxtpx:TrackPointExtension>
        </extensions>
      </trkpt>
      <trkpt lat="1.4017181201005198" lon="103.88638628925597">
        <ele>8.69654281809926</ele>
        <time>2026-10-05T10:11:35Z</time>
        <extensions>
          <gpxtpx:TrackPointExtension>
            <gpxtpx:hr>113</gpxtpx:hr>
          </gpxtpx:TrackPointExtension>
        </extensions>
      </trkpt>
      <trkpt lat="1.401705749660237" lon="103.88638729746147">
        <ele>8.694338897243142</ele>
        <time>2026-10-05T10:11:36Z</time>
        <extensions>
          <gpxtpx:TrackPointExtension>
            <gpxtpx:hr>113</gpxtpx:hr>
          </gpxtpx:TrackPointExtension>
        </extensions>
      </trkpt>
      <trkpt lat="1.4016931851158232" lon="103.88638819805277">
        <ele>8.690808083862066</ele>
        <time>2026-10-05T10:11:37Z</time>
        <extensions>
          <gpxtpx:TrackPointExtension>
            <gpxtpx:hr>113</gpxtpx:hr>
          </gpxtpx:TrackPointExtension>
        </extensions>
      </trkpt>
      <trkpt lat="1.4016798694726345" lon="103.88638866917495">
        <ele>8.685425581410527</ele>
        <time>2026-10-05T10:11:38Z</time>
        <extensions>
          <gpxtpx:TrackPointExtension>
            <gpxtpx:hr>113</gpxtpx:hr>
          </gpxtpx:TrackPointExtension>
        </extensions>
      </trkpt>
      <trkpt lat="1.4016661981141105" lon="103.88638861360964">
        <ele>8.678143775090575</ele>
        <time>2026-10-05T10:11:39Z</time>
        <extensions>
          <gpxtpx:TrackPointExtension>
            <gpxtpx:hr>116</gpxtpx:hr>
          </gpxtpx:TrackPointExtension>
        </extensions>
      </trkpt>
      <trkpt lat="1.4016527377938421" lon="103.8863881815042">
        <ele>8.669150958769023</ele>
        <time>2026-10-05T10:11:40Z</time>
        <extensions>
          <gpxtpx:TrackPointExtension>
            <gpxtpx:hr>116</gpxtpx:hr>
          </gpxtpx:TrackPointExtension>
        </extensions>
      </trkpt>
      <trkpt lat="1.4016390931566336" lon="103.88638743119446">
        <ele>8.658624538220465</ele>
        <time>2026-10-05T10:11:41Z</time>
        <extensions>
          <gpxtpx:TrackPointExtension>
            <gpxtpx:hr>116</gpxtpx:hr>
          </gpxtpx:TrackPointExtension>
        </extensions>
      </trkpt>
      <trkpt lat="1.4016254283174818" lon="103.88638656526871">
        <ele>8.646596717648208</ele>
        <time>2026-10-05T10:11:42Z</time>
        <extensions>
          <gpxtpx:TrackPointExtension>
            <gpxtpx:hr>116</gpxtpx:hr>
          </gpxtpx:TrackPointExtension>
        </extensions>
      </trkpt>
      <trkpt lat="1.4016125897578817" lon="103.8863854317183">
        <ele>8.63328735716641</ele>
        <time>2026-10-05T10:11:43Z</time>
        <extensions>
          <gpxtpx:TrackPointExtension>
            <gpxtpx:hr>116</gpxtpx:hr>
          </gpxtpx:TrackPointExtension>
        </extensions>
      </trkpt>
      <trkpt lat="1.4016008995594873" lon="103.88638329554412">
        <ele>8.619172134436667</ele>
        <time>2026-10-05T10:11:44Z</time>
        <extensions>
          <gpxtpx:TrackPointExtension>
            <gpxtpx:hr>116</gpxtpx:hr>
          </gpxtpx:TrackPointExtension>
        </extensions>
      </trkpt>
      <trkpt lat="1.4015896722298813" lon="103.88638002998866">
        <ele>8.604975996538997</ele>
        <time>2026-10-05T10:11:45Z</time>
        <extensions>
          <gpxtpx:TrackPointExtension>
            <gpxtpx:hr>116</gpxtpx:hr>
          </gpxtpx:TrackPointExtension>
        </extensions>
      </trkpt>
      <trkpt lat="1.4015773563989944" lon="103.88637599587027">
        <ele>8.591560169123113</ele>
        <time>2026-10-05T10:11:46Z</time>
        <extensions>
          <gpxtpx:TrackPointExtension>
            <gpxtpx:hr>116</gpxtpx:hr>
          </gpxtpx:TrackPointExtension>
        </extensions>
      </trkpt>
      <trkpt lat="1.4015640162320413" lon="103.88637155132174">
        <ele>8.579809457063675</ele>
        <time>2026-10-05T10:11:47Z</time>
        <extensions>
          <gpxtpx:TrackPointExtension>
            <gpxtpx:hr>116</gpxtpx:hr>
          </gpxtpx:TrackPointExtension>
        </extensions>
      </trkpt>
      <trkpt lat="1.4015508910388805" lon="103.88636704102773">
        <ele>8.570180215872824</ele>
        <time>2026-10-05T10:11:48Z</time>
        <extensions>
          <gpxtpx:TrackPointExtension>
            <gpxtpx:hr>116</gpxtpx:hr>
          </gpxtpx:TrackPointExtension>
        </extensions>
      </trkpt>
      <trkpt lat="1.401538525346103" lon="103.8863627719572">
        <ele>8.562626930885017</ele>
        <time>2026-10-05T10:11:49Z</time>
        <extensions>
          <gpxtpx:TrackPointExtension>
            <gpxtpx:hr>115</gpxtpx:hr>
          </gpxtpx:TrackPointExtension>
        </extensions>
      </trkpt>
      <trkpt lat="1.4015268009706674" lon="103.8863591078224">
        <ele>8.556765569373965</ele>
        <time>2026-10-05T10:11:50Z</time>
        <extensions>
          <gpxtpx:TrackPointExtension>
            <gpxtpx:hr>115</gpxtpx:hr>
          </gpxtpx:TrackPointExtension>
        </extensions>
      </trkpt>
      <trkpt lat="1.4015153663525448" lon="103.886356163801">
        <ele>8.551838179118931</ele>
        <time>2026-10-05T10:11:51Z</time>
        <extensions>
          <gpxtpx:TrackPointExtension>
            <gpxtpx:hr>115</gpxtpx:hr>
          </gpxtpx:TrackPointExtension>
        </extensions>
      </trkpt>
      <trkpt lat="1.4015036606925728" lon="103.88635338022611">
        <ele>8.547798198647797</ele>
        <time>2026-10-05T10:11:52Z</time>
        <extensions>
          <gpxtpx:TrackPointExtension>
            <gpxtpx:hr>115</gpxtpx:hr>
          </gpxtpx:TrackPointExtension>
        </extensions>
      </trkpt>
      <trkpt lat="1.4014919402054644" lon="103.88635082433058">
        <ele>8.545019461773336</ele>
        <time>2026-10-05T10:11:53Z</time>
        <extensions>
          <gpxtpx:TrackPointExtension>
            <gpxtpx:hr>116</gpxtpx:hr>
          </gpxtpx:TrackPointExtension>
        </extensions>
      </trkpt>
      <trkpt lat="1.4014803479255398" lon="103.88634891821748">
        <ele>8.544196022674441</ele>
        <time>2026-10-05T10:11:54Z</time>
        <extensions>
          <gpxtpx:TrackPointExtension>
            <gpxtpx:hr>116</gpxtpx:hr>
          </gpxtpx:TrackPointExtension>
        </extensions>
      </trkpt>
      <trkpt lat="1.4014682732637924" lon="103.88634762457303">
        <ele>8.54614095389843</ele>
        <time>2026-10-05T10:11:55Z</time>
        <extensions>
          <gpxtpx:TrackPointExtension>
            <gpxtpx:hr>116</gpxtpx:hr>
          </gpxtpx:TrackPointExtension>
        </extensions>
      </trkpt>
      <trkpt lat="1.4014553728964072" lon="103.88634660233048">
        <ele>8.551903464831412</ele>
        <time>2026-10-05T10:11:56Z</time>
        <extensions>
          <gpxtpx:TrackPointExtension>
            <gpxtpx:hr>116</gpxtpx:hr>
          </gpxtpx:TrackPointExtension>
        </extensions>
      </trkpt>
      <trkpt lat="1.4014417668199515" lon="103.88634578267096">
        <ele>8.562438726425171</ele>
        <time>2026-10-05T10:11:57Z</time>
        <extensions>
          <gpxtpx:TrackPointExtension>
            <gpxtpx:hr>116</gpxtpx:hr>
          </gpxtpx:TrackPointExtension>
        </extensions>
      </trkpt>
      <trkpt lat="1.401427716419368" lon="103.8863453887723">
        <ele>8.578650707378983</ele>
        <time>2026-10-05T10:11:58Z</time>
        <extensions>
          <gpxtpx:TrackPointExtension>
            <gpxtpx:hr>116</gpxtpx:hr>
          </gpxtpx:TrackPointExtension>
        </extensions>
      </trkpt>
      <trkpt lat="1.4014137672341147" lon="103.88634516926845">
        <ele>8.600995658896863</ele>
        <time>2026-10-05T10:11:59Z</time>
        <extensions>
          <gpxtpx:TrackPointExtension>
            <gpxtpx:hr>114</gpxtpx:hr>
          </gpxtpx:TrackPointExtension>
        </extensions>
      </trkpt>
      <trkpt lat="1.401399933695741" lon="103.886344622582">
        <ele>8.628611166961491</ele>
        <time>2026-10-05T10:12:00Z</time>
        <extensions>
          <gpxtpx:TrackPointExtension>
            <gpxtpx:hr>114</gpxtpx:hr>
          </gpxtpx:TrackPointExtension>
        </extensions>
      </trkpt>
      <trkpt lat="1.401385829152201" lon="103.88634359560311">
        <ele>8.659701290540397</ele>
        <time>2026-10-05T10:12:01Z</time>
        <extensions>
          <gpxtpx:TrackPointExtension>
            <gpxtpx:hr>114</gpxtpx:hr>
          </gpxtpx:TrackPointExtension>
        </extensions>
      </trkpt>
      <trkpt lat="1.401371266657761" lon="103.88634270782269">
        <ele>8.691859203390777</ele>
        <time>2026-10-05T10:12:02Z</time>
        <extensions>
          <gpxtpx:TrackPointExtension>
            <gpxtpx:hr>114</gpxtpx:hr>
          </gpxtpx:TrackPointExtension>
        </extensions>
      </trkpt>
      <trkpt lat="1.4013562289603723" lon="103.88634227085518">
        <ele>8.722286886535585</ele>
        <time>2026-10-05T10:12:03Z</time>
        <extensions>
          <gpxtpx:TrackPointExtension>
            <gpxtpx:hr>114</gpxtpx:hr>
          </gpxtpx:TrackPointExtension>
        </extensions>
      </trkpt>
      <trkpt lat="1.4013415900786883" lon="103.88634206681603">
        <ele>8.748248471878469</ele>
        <time>2026-10-05T10:12:04Z</time>
        <extensions>
          <gpxtpx:TrackPointExtension>
            <gpxtpx:hr>115</gpxtpx:hr>
          </gpxtpx:TrackPointExtension>
        </extensions>
      </trkpt>
      <trkpt lat="1.401327513891865" lon="103.886342027895">
        <ele>8.767446666955948</ele>
        <time>2026-10-05T10:12:05Z</time>
        <extensions>
          <gpxtpx:TrackPointExtension>
            <gpxtpx:hr>115</gpxtpx:hr>
          </gpxtpx:TrackPointExtension>
        </extensions>
      </trkpt>
      <trkpt lat="1.4013136099455967" lon="103.88634223191609">
        <ele>8.778081675060093</ele>
        <time>2026-10-05T10:12:06Z</time>
        <extensions>
          <gpxtpx:TrackPointExtension>
            <gpxtpx:hr>115</gpxtpx:hr>
          </gpxtpx:TrackPointExtension>
        </extensions>
      </trkpt>
      <trkpt lat="1.4013005031031214" lon="103.88634247114682">
        <ele>8.778899455443025</ele>
        <time>2026-10-05T10:12:07Z</time>
        <extensions>
          <gpxtpx:TrackPointExtension>
            <gpxtpx:hr>115</gpxtpx:hr>
          </gpxtpx:TrackPointExtension>
        </extensions>
      </trkpt>
      <trkpt lat="1.4012883048096243" lon="103.88634252438798">
        <ele>8.769460123963654</ele>
        <time>2026-10-05T10:12:08Z</time>
        <extensions>
          <gpxtpx:TrackPointExtension>
            <gpxtpx:hr>115</gpxtpx:hr>
          </gpxtpx:TrackPointExtension>
        </extensions>
      </trkpt>
      <trkpt lat="1.401276390586694" lon="103.88634210730322">
        <ele>8.750440771691501</ele>
        <time>2026-10-05T10:12:09Z</time>
        <extensions>
          <gpxtpx:TrackPointExtension>
            <gpxtpx:hr>115</gpxtpx:hr>
          </gpxtpx:TrackPointExtension>
        </extensions>
      </trkpt>
      <trkpt lat="1.4012644100757017" lon="103.88634107651085">
        <ele>8.723760740831494</ele>
        <time>2026-10-05T10:12:10Z</time>
        <extensions>
          <gpxtpx:TrackPointExtension>
            <gpxtpx:hr>115</gpxtpx:hr>
          </gpxtpx:TrackPointExtension>
        </extensions>
      </trkpt>
      <trkpt lat="1.4012520194753961" lon="103.88633950448154">
        <ele>8.691764838062227</ele>
        <time>2026-10-05T10:12:11Z</time>
        <extensions>
          <gpxtpx:TrackPointExtension>
            <gpxtpx:hr>115</gpxtpx:hr>
          </gpxtpx:TrackPointExtension>
        </extensions>
      </trkpt>
      <trkpt lat="1.4012393327442096" lon="103.88633791600307">
        <ele>8.656593288294971</ele>
        <time>2026-10-05T10:12:12Z</time>
        <extensions>
          <gpxtpx:TrackPointExtension>
            <gpxtpx:hr>115</gpxtpx:hr>
          </gpxtpx:TrackPointExtension>
        </extensions>
      </trkpt>
      <trkpt lat="1.4012267039495325" lon="103.88633673482526">
        <ele>8.6199293974787</ele>
        <time>2026-10-05T10:12:13Z</time>
        <extensions>
          <gpxtpx:TrackPointExtension>
            <gpxtpx:hr>115</gpxtpx:hr>
          </gpxtpx:TrackPointExtension>
        </extensions>
      </trkpt>
      <trkpt lat="1.4012137771290691" lon="103.88633577986246">
        <ele>8.582993029616773</ele>
        <time>2026-10-05T10:12:14Z</time>
        <extensions>
          <gpxtpx:TrackPointExtension>
            <gpxtpx:hr>115</gpxtpx:hr>
          </gpxtpx:TrackPointExtension>
        </extensions>
      </trkpt>
      <trkpt lat="1.4012007961315356" lon="103.88633481660884">
        <ele>8.546578115783632</ele>
        <time>2026-10-05T10:12:15Z</time>
        <extensions>
          <gpxtpx:TrackPointExtension>
            <gpxtpx:hr>115</gpxtpx:hr>
          </gpxtpx:TrackPointExtension>
        </extensions>
      </trkpt>
      <trkpt lat="1.4011881790846998" lon="103.88633394236365">
        <ele>8.511270838789642</ele>
        <time>2026-10-05T10:12:16Z</time>
        <extensions>
          <gpxtpx:TrackPointExtension>
            <gpxtpx:hr>115</gpxtpx:hr>
          </gpxtpx:TrackPointExtension>
        </extensions>
      </trkpt>
      <trkpt lat="1.4011760127696204" lon="103.88633295906197">
        <ele>8.477511920966208</ele>
        <time>2026-10-05T10:12:17Z</time>
        <extensions>
          <gpxtpx:TrackPointExtension>
            <gpxtpx:hr>115</gpxtpx:hr>
          </gpxtpx:TrackPointExtension>
        </extensions>
      </trkpt>
      <trkpt lat="1.401164121039487" lon="103.88633194153638">
        <ele>8.445567556656897</ele>
        <time>2026-10-05T10:12:18Z</time>
        <extensions>
          <gpxtpx:TrackPointExtension>
            <gpxtpx:hr>115</gpxtpx:hr>
          </gpxtpx:TrackPointExtension>
        </extensions>
      </trkpt>
      <trkpt lat="1.4011512340541141" lon="103.88633107401895">
        <ele>8.415531083010137</ele>
        <time>2026-10-05T10:12:19Z</time>
        <extensions>
          <gpxtpx:TrackPointExtension>
            <gpxtpx:hr>115</gpxtpx:hr>
          </gpxtpx:TrackPointExtension>
        </extensions>
      </trkpt>
      <trkpt lat="1.4011368856062878" lon="103.88633009067858">
        <ele>8.387187695130706</ele>
        <time>2026-10-05T10:12:20Z</time>
        <extensions>
          <gpxtpx:TrackPointExtension>
            <gpxtpx:hr>113</gpxtpx:hr>
          </gpxtpx:TrackPointExtension>
        </extensions>
      </trkpt>
      <trkpt lat="1.4011225277516335" lon="103.88632914741295">
        <ele>8.36011582519859</ele>
        <time>2026-10-05T10:12:21Z</time>
        <extensions>
          <gpxtpx:TrackPointExtension>
            <gpxtpx:hr>113</gpxtpx:hr>
          </gpxtpx:TrackPointExtension>
        </extensions>
      </trkpt>
      <trkpt lat="1.4011092322093548" lon="103.88632879689285">
        <ele>8.33373799547553</ele>
        <time>2026-10-05T10:12:22Z</time>
        <extensions>
          <gpxtpx:TrackPointExtension>
            <gpxtpx:hr>113</gpxtpx:hr>
          </gpxtpx:TrackPointExtension>
        </extensions>
      </trkpt>
      <trkpt lat="1.401096827645753" lon="103.88632900346025">
        <ele>8.307341732084751</ele>
        <time>2026-10-05T10:12:23Z</time>
        <extensions>
          <gpxtpx:TrackPointExtension>
            <gpxtpx:hr>113</gpxtpx:hr>
          </gpxtpx:TrackPointExtension>
        </extensions>
      </trkpt>
      <trkpt lat="1.4010847963911262" lon="103.8863293089701">
        <ele>8.280143276788294</ele>
        <time>2026-10-05T10:12:24Z</time>
        <extensions>
          <gpxtpx:TrackPointExtension>
            <gpxtpx:hr>113</gpxtpx:hr>
          </gpxtpx:TrackPointExtension>
        </extensions>
      </trkpt>
      <trkpt lat="1.4010725009909775" lon="103.88632923985294">
        <ele>8.251582210883498</ele>
        <time>2026-10-05T10:12:25Z</time>
        <extensions>
          <gpxtpx:TrackPointExtension>
            <gpxtpx:hr>113</gpxtpx:hr>
          </gpxtpx:TrackPointExtension>
        </extensions>
      </trkpt>
      <trkpt lat="1.4010596858641213" lon="103.88632856584593">
        <ele>8.221295358613133</ele>
        <time>2026-10-05T10:12:26Z</time>
        <extensions>
          <gpxtpx:TrackPointExtension>
            <gpxtpx:hr>113</gpxtpx:hr>
          </gpxtpx:TrackPointExtension>
        </extensions>
      </trkpt>
      <trkpt lat="1.4010463443133458" lon="103.88632748715087">
        <ele>8.18912531901151</ele>
        <time>2026-10-05T10:12:27Z</time>
        <extensions>
          <gpxtpx:TrackPointExtension>
            <gpxtpx:hr>114</gpxtpx:hr>
          </gpxtpx:TrackPointExtension>
        </extensions>
      </trkpt>
      <trkpt lat="1.401032787255375" lon="103.88632626929656">
        <ele>8.154991019517183</ele>
        <time>2026-10-05T10:12:28Z</time>
        <extensions>
          <gpxtpx:TrackPointExtension>
            <gpxtpx:hr>114</gpxtpx:hr>
          </gpxtpx:TrackPointExtension>
        </extensions>
      </trkpt>
      <trkpt lat="1.4010193637908095" lon="103.8863252779617">
        <ele>8.118982964195311</ele>
        <time>2026-10-05T10:12:29Z</time>
        <extensions>
          <gpxtpx:TrackPointExtension>
            <gpxtpx:hr>114</gpxtpx:hr>
          </gpxtpx:TrackPointExtension>
        </extensions>
      </trkpt>
      <trkpt lat="1.4010063356262017" lon="103.88632471787125">
        <ele>8.081316770985723</ele>
        <time>2026-10-05T10:12:30Z</time>
        <extensions>
          <gpxtpx:TrackPointExtension>
            <gpxtpx:hr>114</gpxtpx:hr>
          </gpxtpx:TrackPointExtension>
        </extensions>
      </trkpt>
      <trkpt lat="1.4009936373915832" lon="103.88632448246706">
        <ele>8.042303685098886</ele>
        <time>2026-10-05T10:12:31Z</time>
        <extensions>
          <gpxtpx:TrackPointExtension>
            <gpxtpx:hr>114</gpxtpx:hr>
          </gpxtpx:TrackPointExtension>
        </extensions>
      </trkpt>
      <trkpt lat="1.4009807887509793" lon="103.88632428441397">
        <ele>8.002318732440472</ele>
        <time>2026-10-05T10:12:32Z</time>
        <extensions>
          <gpxtpx:TrackPointExtension>
            <gpxtpx:hr>114</gpxtpx:hr>
          </gpxtpx:TrackPointExtension>
        </extensions>
      </trkpt>
      <trkpt lat="1.4009675590905826" lon="103.88632389610403">
        <ele>7.961638570763171</ele>
        <time>2026-10-05T10:12:33Z</time>
        <extensions>
          <gpxtpx:TrackPointExtension>
            <gpxtpx:hr>112</gpxtpx:hr>
          </gpxtpx:TrackPointExtension>
        </extensions>
      </trkpt>
      <trkpt lat="1.400954453567723" lon="103.88632311351665">
        <ele>7.920218198560178</ele>
        <time>2026-10-05T10:12:34Z</time>
        <extensions>
          <gpxtpx:TrackPointExtension>
            <gpxtpx:hr>112</gpxtpx:hr>
          </gpxtpx:TrackPointExtension>
        </extensions>
      </trkpt>
      <trkpt lat="1.4009426937005547" lon="103.88632190717716">
        <ele>7.878019947558641</ele>
        <time>2026-10-05T10:12:35Z</time>
        <extensions>
          <gpxtpx:TrackPointExtension>
            <gpxtpx:hr>112</gpxtpx:hr>
          </gpxtpx:TrackPointExtension>
        </extensions>
      </trkpt>
      <trkpt lat="1.4009337153027428" lon="103.88632089164638">
        <ele>7.835063321515918</ele>
        <time>2026-10-05T10:12:36Z</time>
        <extensions>
          <gpxtpx:TrackPointExtension>
            <gpxtpx:hr>112</gpxtpx:hr>
          </gpxtpx:TrackPointExtension>
        </extensions>
      </trkpt>
      <trkpt lat="1.400927785794198" lon="103.88632063273856">
        <ele>7.791352610103786</ele>
        <time>2026-10-05T10:12:37Z</time>
        <extensions>
          <gpxtpx:TrackPointExtension>
            <gpxtpx:hr>112</gpxtpx:hr>
          </gpxtpx:TrackPointExtension>
        </extensions>
      </trkpt>
      <trkpt lat="1.4009239088897252" lon="103.88632135166218">
        <ele>7.747395518235862</ele>
        <time>2026-10-05T10:12:38Z</time>
        <extensions>
          <gpxtpx:TrackPointExtension>
            <gpxtpx:hr>112</gpxtpx:hr>
          </gpxtpx:TrackPointExtension>
        </extensions>
      </trkpt>
      <trkpt lat="1.400921078140533" lon="103.88632306165898">
        <ele>7.703968753106892</ele>
        <time>2026-10-05T10:12:39Z</time>
        <extensions>
          <gpxtpx:TrackPointExtension>
            <gpxtpx:hr>109</gpxtpx:hr>
          </gpxtpx:TrackPointExtension>
        </extensions>
      </trkpt>
      <trkpt lat="1.400918417279864" lon="103.88632553980457">
        <ele>7.66207108553499</ele>
        <time>2026-10-05T10:12:40Z</time>
        <extensions>
          <gpxtpx:TrackPointExtension>
            <gpxtpx:hr>109</gpxtpx:hr>
          </gpxtpx:TrackPointExtension>
        </extensions>
      </trkpt>
      <trkpt lat="1.4009160755532868" lon="103.8863284907131">
        <ele>7.622900132089853</ele>
        <time>2026-10-05T10:12:41Z</time>
        <extensions>
          <gpxtpx:TrackPointExtension>
            <gpxtpx:hr>109</gpxtpx:hr>
          </gpxtpx:TrackPointExtension>
        </extensions>
      </trkpt>
      <trkpt lat="1.4009143203658956" lon="103.8863315841598">
        <ele>7.587789126671851</ele>
        <time>2026-10-05T10:12:42Z</time>
        <extensions>
          <gpxtpx:TrackPointExtension>
            <gpxtpx:hr>109</gpxtpx:hr>
          </gpxtpx:TrackPointExtension>
        </extensions>
      </trkpt>
      <trkpt lat="1.4009119593072532" lon="103.88633488667577">
        <ele>7.558213912881911</ele>
        <time>2026-10-05T10:12:43Z</time>
        <extensions>
          <gpxtpx:TrackPointExtension>
            <gpxtpx:hr>109</gpxtpx:hr>
          </gpxtpx:TrackPointExtension>
        </extensions>
      </trkpt>
      <trkpt lat="1.400908752460699" lon="103.88633841459786">
        <ele>7.535346566699445</ele>
        <time>2026-10-05T10:12:44Z</time>
        <extensions>
          <gpxtpx:TrackPointExtension>
            <gpxtpx:hr>109</gpxtpx:hr>
          </gpxtpx:TrackPointExtension>
        </extensions>
      </trkpt>
      <trkpt lat="1.4009045965294609" lon="103.88634173954395">
        <ele>7.5198358334600925</ele>
        <time>2026-10-05T10:12:45Z</time>
        <extensions>
          <gpxtpx:TrackPointExtension>
            <gpxtpx:hr>109</gpxtpx:hr>
          </gpxtpx:TrackPointExtension>
        </extensions>
      </trkpt>
      <trkpt lat="1.4008987276843725" lon="103.88634558906466">
        <ele>7.511838228441775</ele>
        <time>2026-10-05T10:12:46Z</time>
        <extensions>
          <gpxtpx:TrackPointExtension>
            <gpxtpx:hr>111</gpxtpx:hr>
          </gpxtpx:TrackPointExtension>
        </extensions>
      </trkpt>
      <trkpt lat="1.4008902400705325" lon="103.88635034113507">
        <ele>7.511235184036195</ele>
        <time>2026-10-05T10:12:47Z</time>
        <extensions>
          <gpxtpx:TrackPointExtension>
            <gpxtpx:hr>111</gpxtpx:hr>
          </gpxtpx:TrackPointExtension>
        </extensions>
      </trkpt>
      <trkpt lat="1.4008780374304057" lon="103.8863553221983">
        <ele>7.517044378444552</ele>
        <time>2026-10-05T10:12:48Z</time>
        <extensions>
          <gpxtpx:TrackPointExtension>
            <gpxtpx:hr>111</gpxtpx:hr>
          </gpxtpx:TrackPointExtension>
        </extensions>
      </trkpt>
      <trkpt lat="1.4008637032203324" lon="103.88635875202863">
        <ele>7.528128209523857</ele>
        <time>2026-10-05T10:12:49Z</time>
        <extensions>
          <gpxtpx:TrackPointExtension>
            <gpxtpx:hr>111</gpxtpx:hr>
          </gpxtpx:TrackPointExtension>
        </extensions>
      </trkpt>
      <trkpt lat="1.4008493037413885" lon="103.88636032316788">
        <ele>7.543395978398621</ele>
        <time>2026-10-05T10:12:50Z</time>
        <extensions>
          <gpxtpx:TrackPointExtension>
            <gpxtpx:hr>112</gpxtpx:hr>
          </gpxtpx:TrackPointExtension>
        </extensions>
      </trkpt>
      <trkpt lat="1.4008349029205" lon="103.88636032052891">
        <ele>7.5616236962378025</ele>
        <time>2026-10-05T10:12:51Z</time>
        <extensions>
          <gpxtpx:TrackPointExtension>
            <gpxtpx:hr>112</gpxtpx:hr>
          </gpxtpx:TrackPointExtension>
        </extensions>
      </trkpt>
      <trkpt lat="1.400820181646067" lon="103.88635884064054">
        <ele>7.58146913908422</ele>
        <time>2026-10-05T10:12:52Z</time>
        <extensions>
          <gpxtpx:TrackPointExtension>
            <gpxtpx:hr>112</gpxtpx:hr>
          </gpxtpx:TrackPointExtension>
        </extensions>
      </trkpt>
      <trkpt lat="1.4008047686887486" lon="103.88635619873024">
        <ele>7.60163635853678</ele>
        <time>2026-10-05T10:12:53Z</time>
        <extensions>
          <gpxtpx:TrackPointExtension>
            <gpxtpx:hr>112</gpxtpx:hr>
          </gpxtpx:TrackPointExtension>
        </extensions>
      </trkpt>
      <trkpt lat="1.400789917238027" lon="103.88635333022577">
        <ele>7.620626236312091</ele>
        <time>2026-10-05T10:12:54Z</time>
        <extensions>
          <gpxtpx:TrackPointExtension>
            <gpxtpx:hr>111</gpxtpx:hr>
          </gpxtpx:TrackPointExtension>
        </extensions>
      </trkpt>
      <trkpt lat="1.4007760326007646" lon="103.88634986728405">
        <ele>7.636688102968037</ele>
        <time>2026-10-05T10:12:55Z</time>
        <extensions>
          <gpxtpx:TrackPointExtension>
            <gpxtpx:hr>111</gpxtpx:hr>
          </gpxtpx:TrackPointExtension>
        </extensions>
      </trkpt>
      <trkpt lat="1.400762428726379" lon="103.88634466954566">
        <ele>7.648423524573445</ele>
        <time>2026-10-05T10:12:56Z</time>
        <extensions>
          <gpxtpx:TrackPointExtension>
            <gpxtpx:hr>111</gpxtpx:hr>
          </gpxtpx:TrackPointExtension>
        </extensions>
      </trkpt>
      <trkpt lat="1.4007485835218416" lon="103.88633764152148">
        <ele>7.654982474632561</ele>
        <time>2026-10-05T10:12:57Z</time>
        <extensions>
          <gpxtpx:TrackPointExtension>
            <gpxtpx:hr>111</gpxtpx:hr>
          </gpxtpx:TrackPointExtension>
        </extensions>
      </trkpt>
      <trkpt lat="1.4007338947046648" lon="103.8863290305052">
        <ele>7.656274898909032</ele>
        <time>2026-10-05T10:12:58Z</time>
        <extensions>
          <gpxtpx:TrackPointExtension>
            <gpxtpx:hr>111</gpxtpx:hr>
          </gpxtpx:TrackPointExtension>
        </extensions>
      </trkpt>
      <trkpt lat="1.4007185455666324" lon="103.88631940515518">
        <ele>7.653028049506247</ele>
        <time>2026-10-05T10:12:59Z</time>
        <extensions>
          <gpxtpx:TrackPointExtension>
            <gpxtpx:hr>111</gpxtpx:hr>
          </gpxtpx:TrackPointExtension>
        </extensions>
      </trkpt>
      <trkpt lat="1.4007029362669274" lon="103.88630873723919">
        <ele>7.646635337732732</ele>
        <time>2026-10-05T10:13:00Z</time>
        <extensions>
          <gpxtpx:TrackPointExtension>
            <gpxtpx:hr>111</gpxtpx:hr>
          </gpxtpx:TrackPointExtension>
        </extensions>
      </trkpt>
      <trkpt lat="1.4006864588815682" lon="103.88629830359818">
        <ele>7.639136585406959</ele>
        <time>2026-10-05T10:13:01Z</time>
        <extensions>
          <gpxtpx:TrackPointExtension>
            <gpxtpx:hr>111</gpxtpx:hr>
          </gpxtpx:TrackPointExtension>
        </extensions>
      </trkpt>
      <trkpt lat="1.4006689764820457" lon="103.88628995984268">
        <ele>7.632699192501605</ele>
        <time>2026-10-05T10:13:02Z</time>
        <extensions>
          <gpxtpx:TrackPointExtension>
            <gpxtpx:hr>111</gpxtpx:hr>
          </gpxtpx:TrackPointExtension>
        </extensions>
      </trkpt>
      <trkpt lat="1.4006506583690497" lon="103.88628270975252">
        <ele>7.628945212811232</ele>
        <time>2026-10-05T10:13:03Z</time>
        <extensions>
          <gpxtpx:TrackPointExtension>
            <gpxtpx:hr>111</gpxtpx:hr>
          </gpxtpx:TrackPointExtension>
        </extensions>
      </trkpt>
      <trkpt lat="1.4006316259043106" lon="103.8862761298052">
        <ele>7.628722481429577</ele>
        <time>2026-10-05T10:13:04Z</time>
        <extensions>
          <gpxtpx:TrackPointExtension>
            <gpxtpx:hr>111</gpxtpx:hr>
          </gpxtpx:TrackPointExtension>
        </extensions>
      </trkpt>
      <trkpt lat="1.4006124738849466" lon="103.88626978674107">
        <ele>7.632256513461471</ele>
        <time>2026-10-05T10:13:05Z</time>
        <extensions>
          <gpxtpx:TrackPointExtension>
            <gpxtpx:hr>112</gpxtpx:hr>
          </gpxtpx:TrackPointExtension>
        </extensions>
      </trkpt>
      <trkpt lat="1.4005939190486847" lon="103.88626380450388">
        <ele>7.638839377090335</ele>
        <time>2026-10-05T10:13:06Z</time>
        <extensions>
          <gpxtpx:TrackPointExtension>
            <gpxtpx:hr>112</gpxtpx:hr>
          </gpxtpx:TrackPointExtension>
        </extensions>
      </trkpt>
      <trkpt lat="1.400575627646256" lon="103.8862579051689">
        <ele>7.647330857813358</ele>
        <time>2026-10-05T10:13:07Z</time>
        <extensions>
          <gpxtpx:TrackPointExtension>
            <gpxtpx:hr>112</gpxtpx:hr>
          </gpxtpx:TrackPointExtension>
        </extensions>
      </trkpt>
      <trkpt lat="1.4005572225572154" lon="103.88625201462935">
        <ele>7.656588597223163</ele>
        <time>2026-10-05T10:13:08Z</time>
        <extensions>
          <gpxtpx:TrackPointExtension>
            <gpxtpx:hr>112</gpxtpx:hr>
          </gpxtpx:TrackPointExtension>
        </extensions>
      </trkpt>
      <trkpt lat="1.4005379354956926" lon="103.88624641535196">
        <ele>7.665609228424728</ele>
        <time>2026-10-05T10:13:09Z</time>
        <extensions>
          <gpxtpx:TrackPointExtension>
            <gpxtpx:hr>112</gpxtpx:hr>
          </gpxtpx:TrackPointExtension>
        </extensions>
      </trkpt>
      <trkpt lat="1.400517768988895" lon="103.88624161302208">
        <ele>7.672888236120343</ele>
        <time>2026-10-05T10:13:10Z</time>
        <extensions>
          <gpxtpx:TrackPointExtension>
            <gpxtpx:hr>114</gpxtpx:hr>
          </gpxtpx:TrackPointExtension>
        </extensions>
      </trkpt>
      <trkpt lat="1.400496855448523" lon="103.88623798921456">
        <ele>7.677786076441407</ele>
        <time>2026-10-05T10:13:11Z</time>
        <extensions>
          <gpxtpx:TrackPointExtension>
            <gpxtpx:hr>114</gpxtpx:hr>
          </gpxtpx:TrackPointExtension>
        </extensions>
      </trkpt>
      <trkpt lat="1.4004767336939563" lon="103.88623614243345">
        <ele>7.680036049336195</ele>
        <time>2026-10-05T10:13:12Z</time>
        <extensions>
          <gpxtpx:TrackPointExtension>
            <gpxtpx:hr>114</gpxtpx:hr>
          </gpxtpx:TrackPointExtension>
        </extensions>
      </trkpt>
      <trkpt lat="1.400458189315591" lon="103.8862361902458">
        <ele>7.679968987591565</ele>
        <time>2026-10-05T10:13:13Z</time>
        <extensions>
          <gpxtpx:TrackPointExtension>
            <gpxtpx:hr>114</gpxtpx:hr>
          </gpxtpx:TrackPointExtension>
        </extensions>
      </trkpt>
      <trkpt lat="1.4004413200160728" lon="103.88623731766408">
        <ele>7.6785468105226755</ele>
        <time>2026-10-05T10:13:14Z</time>
        <extensions>
          <gpxtpx:TrackPointExtension>
            <gpxtpx:hr>112</gpxtpx:hr>
          </gpxtpx:TrackPointExtension>
        </extensions>
      </trkpt>
      <trkpt lat="1.400425201154637" lon="103.88623826034103">
        <ele>7.677575150504708</ele>
        <time>2026-10-05T10:13:15Z</time>
        <extensions>
          <gpxtpx:TrackPointExtension>
            <gpxtpx:hr>112</gpxtpx:hr>
          </gpxtpx:TrackPointExtension>
        </extensions>
      </trkpt>
      <trkpt lat="1.4004089138645355" lon="103.8862385246942">
        <ele>7.679254534654319</ele>
        <time>2026-10-05T10:13:16Z</time>
        <extensions>
          <gpxtpx:TrackPointExtension>
            <gpxtpx:hr>112</gpxtpx:hr>
          </gpxtpx:TrackPointExtension>
        </extensions>
      </trkpt>
      <trkpt lat="1.400392818616492" lon="103.88623836589244">
        <ele>7.685933117754757</ele>
        <time>2026-10-05T10:13:17Z</time>
        <extensions>
          <gpxtpx:TrackPointExtension>
            <gpxtpx:hr>112</gpxtpx:hr>
          </gpxtpx:TrackPointExtension>
        </extensions>
      </trkpt>
      <trkpt lat="1.4003765648251914" lon="103.88623772146794">
        <ele>7.699666043743491</ele>
        <time>2026-10-05T10:13:18Z</time>
        <extensions>
          <gpxtpx:TrackPointExtension>
            <gpxtpx:hr>111</gpxtpx:hr>
          </gpxtpx:TrackPointExtension>
        </extensions>
      </trkpt>
      <trkpt lat="1.400359982325636" lon="103.88623615792284">
        <ele>7.721859739162028</ele>
        <time>2026-10-05T10:13:19Z</time>
        <extensions>
          <gpxtpx:TrackPointExtension>
            <gpxtpx:hr>111</gpxtpx:hr>
          </gpxtpx:TrackPointExtension>
        </extensions>
      </trkpt>
      <trkpt lat="1.4003438443728273" lon="103.88623390218885">
        <ele>7.752721077762544</ele>
        <time>2026-10-05T10:13:20Z</time>
        <extensions>
          <gpxtpx:TrackPointExtension>
            <gpxtpx:hr>111</gpxtpx:hr>
          </gpxtpx:TrackPointExtension>
        </extensions>
      </trkpt>
      <trkpt lat="1.4003276130796976" lon="103.88623128206476">
        <ele>7.791176865808666</ele>
        <time>2026-10-05T10:13:21Z</time>
        <extensions>
          <gpxtpx:TrackPointExtension>
            <gpxtpx:hr>111</gpxtpx:hr>
          </gpxtpx:TrackPointExtension>
        </extensions>
      </trkpt>
      <trkpt lat="1.400310862818358" lon="103.88622840522208">
        <ele>7.835325742140412</ele>
        <time>2026-10-05T10:13:22Z</time>
        <extensions>
          <gpxtpx:TrackPointExtension>
            <gpxtpx:hr>111</gpxtpx:hr>
          </gpxtpx:TrackPointExtension>
        </extensions>
      </trkpt>
      <trkpt lat="1.400294380990286" lon="103.88622557694657">
        <ele>7.883179786615074</ele>
        <time>2026-10-05T10:13:23Z</time>
        <extensions>
          <gpxtpx:TrackPointExtension>
            <gpxtpx:hr>115</gpxtpx:hr>
          </gpxtpx:TrackPointExtension>
        </extensions>
      </trkpt>
      <trkpt lat="1.4002783710646098" lon="103.88622288383479">
        <ele>7.932914501056075</ele>
        <time>2026-10-05T10:13:24Z</time>
        <extensions>
          <gpxtpx:TrackPointExtension>
            <gpxtpx:hr>115</gpxtpx:hr>
          </gpxtpx:TrackPointExtension>
        </extensions>
      </trkpt>
      <trkpt lat="1.4002627777502172" lon="103.8862204903357">
        <ele>7.983290961943567</ele>
        <time>2026-10-05T10:13:25Z</time>
        <extensions>
          <gpxtpx:TrackPointExtension>
            <gpxtpx:hr>115</gpxtpx:hr>
          </gpxtpx:TrackPointExtension>
        </extensions>
      </trkpt>
      <trkpt lat="1.400247361355929" lon="103.88621896803723">
        <ele>8.033601871691644</ele>
        <time>2026-10-05T10:13:26Z</time>
        <extensions>
          <gpxtpx:TrackPointExtension>
            <gpxtpx:hr>115</gpxtpx:hr>
          </gpxtpx:TrackPointExtension>
        </extensions>
      </trkpt>
      <trkpt lat="1.400231672886792" lon="103.88621913381672">
        <ele>8.083535616286099</ele>
        <time>2026-10-05T10:13:27Z</time>
        <extensions>
          <gpxtpx:TrackPointExtension>
            <gpxtpx:hr>115</gpxtpx:hr>
          </gpxtpx:TrackPointExtension>
        </extensions>
      </trkpt>
      <trkpt lat="1.4002155045010456" lon="103.88622112779338">
        <ele>8.133044007234275</ele>
        <time>2026-10-05T10:13:28Z</time>
        <extensions>
          <gpxtpx:TrackPointExtension>
            <gpxtpx:hr>115</gpxtpx:hr>
          </gpxtpx:TrackPointExtension>
        </extensions>
      </trkpt>
      <trkpt lat="1.4002001759904883" lon="103.88622404507946">
        <ele>8.181768766604364</ele>
        <time>2026-10-05T10:13:29Z</time>
        <extensions>
          <gpxtpx:TrackPointExtension>
            <gpxtpx:hr>116</gpxtpx:hr>
          </gpxtpx:TrackPointExtension>
        </extensions>
      </trkpt>
      <trkpt lat="1.400186059543317" lon="103.8862278280276">
        <ele>8.229305139742792</ele>
        <time>2026-10-05T10:13:30Z</time>
        <extensions>
          <gpxtpx:TrackPointExtension>
            <gpxtpx:hr>116</gpxtpx:hr>
          </gpxtpx:TrackPointExtension>
        </extensions>
      </trkpt>
      <trkpt lat="1.4001724305890269" lon="103.88623342777868">
        <ele>8.274898428469896</ele>
        <time>2026-10-05T10:13:31Z</time>
        <extensions>
          <gpxtpx:TrackPointExtension>
            <gpxtpx:hr>116</gpxtpx:hr>
          </gpxtpx:TrackPointExtension>
        </extensions>
      </trkpt>
      <trkpt lat="1.4001595318506828" lon="103.88624030215884">
        <ele>8.317433110438287</ele>
        <time>2026-10-05T10:13:32Z</time>
        <extensions>
          <gpxtpx:TrackPointExtension>
            <gpxtpx:hr>116</gpxtpx:hr>
          </gpxtpx:TrackPointExtension>
        </extensions>
      </trkpt>
      <trkpt lat="1.4001466989297024" lon="103.88624733891317">
        <ele>8.355774995870888</ele>
        <time>2026-10-05T10:13:33Z</time>
        <extensions>
          <gpxtpx:TrackPointExtension>
            <gpxtpx:hr>116</gpxtpx:hr>
          </gpxtpx:TrackPointExtension>
        </extensions>
      </trkpt>
      <trkpt lat="1.4001338924359132" lon="103.88625362019837">
        <ele>8.388870625756681</ele>
        <time>2026-10-05T10:13:34Z</time>
        <extensions>
          <gpxtpx:TrackPointExtension>
            <gpxtpx:hr>116</gpxtpx:hr>
          </gpxtpx:TrackPointExtension>
        </extensions>
      </trkpt>
      <trkpt lat="1.4001210853889974" lon="103.88625919286359">
        <ele>8.415679114870727</ele>
        <time>2026-10-05T10:13:35Z</time>
        <extensions>
          <gpxtpx:TrackPointExtension>
            <gpxtpx:hr>116</gpxtpx:hr>
          </gpxtpx:TrackPointExtension>
        </extensions>
      </trkpt>
      <trkpt lat="1.4001081384105039" lon="103.8862643745936">
        <ele>8.43531362619251</ele>
        <time>2026-10-05T10:13:36Z</time>
        <extensions>
          <gpxtpx:TrackPointExtension>
            <gpxtpx:hr>116</gpxtpx:hr>
          </gpxtpx:TrackPointExtension>
        </extensions>
      </trkpt>
      <trkpt lat="1.4000952468594603" lon="103.88626808517364">
        <ele>8.447241112589836</ele>
        <time>2026-10-05T10:13:37Z</time>
        <extensions>
          <gpxtpx:TrackPointExtension>
            <gpxtpx:hr>116</gpxtpx:hr>
          </gpxtpx:TrackPointExtension>
        </extensions>
      </trkpt>
      <trkpt lat="1.4000819840694358" lon="103.88626962176878">
        <ele>8.451062643900514</ele>
        <time>2026-10-05T10:13:38Z</time>
        <extensions>
          <gpxtpx:TrackPointExtension>
            <gpxtpx:hr>116</gpxtpx:hr>
          </gpxtpx:TrackPointExtension>
        </extensions>
      </trkpt>
      <trkpt lat="1.4000685277196112" lon="103.88626904979823">
        <ele>8.447166512720287</ele>
        <time>2026-10-05T10:13:39Z</time>
        <extensions>
          <gpxtpx:TrackPointExtension>
            <gpxtpx:hr>115</gpxtpx:hr>
          </gpxtpx:TrackPointExtension>
        </extensions>
      </trkpt>
      <trkpt lat="1.4000551618095753" lon="103.88626626867826">
        <ele>8.436639474704862</ele>
        <time>2026-10-05T10:13:40Z</time>
        <extensions>
          <gpxtpx:TrackPointExtension>
            <gpxtpx:hr>115</gpxtpx:hr>
          </gpxtpx:TrackPointExtension>
        </extensions>
      </trkpt>
      <trkpt lat="1.40004206141259" lon="103.88626184585073">
        <ele>8.421163094229996</ele>
        <time>2026-10-05T10:13:41Z</time>
        <extensions>
          <gpxtpx:TrackPointExtension>
            <gpxtpx:hr>115</gpxtpx:hr>
          </gpxtpx:TrackPointExtension>
        </extensions>
      </trkpt>
      <trkpt lat="1.4000294233871677" lon="103.88625681123588">
        <ele>8.402504259720445</ele>
        <time>2026-10-05T10:13:42Z</time>
        <extensions>
          <gpxtpx:TrackPointExtension>
            <gpxtpx:hr>115</gpxtpx:hr>
          </gpxtpx:TrackPointExtension>
        </extensions>
      </trkpt>
      <trkpt lat="1.4000174039893079" lon="103.88625170889976">
        <ele>8.382664103992283</ele>
        <time>2026-10-05T10:13:43Z</time>
        <extensions>
          <gpxtpx:TrackPointExtension>
            <gpxtpx:hr>115</gpxtpx:hr>
          </gpxtpx:TrackPointExtension>
        </extensions>
      </trkpt>
      <trkpt lat="1.4000054478908293" lon="103.88624674222369">
        <ele>8.363441101275384</ele>
        <time>2026-10-05T10:13:44Z</time>
        <extensions>
          <gpxtpx:TrackPointExtension>
            <gpxtpx:hr>115</gpxtpx:hr>
          </gpxtpx:TrackPointExtension>
        </extensions>
      </trkpt>
      <trkpt lat="1.3999933944198244" lon="103.88624173067787">
        <ele>8.34614042378962</ele>
        <time>2026-10-05T10:13:45Z</time>
        <extensions>
          <gpxtpx:TrackPointExtension>
            <gpxtpx:hr>114</gpxtpx:hr>
          </gpxtpx:TrackPointExtension>
        </extensions>
      </trkpt>
      <trkpt lat="1.3999816935495055" lon="103.88623666414571">
        <ele>8.33131838683039</ele>
        <time>2026-10-05T10:13:46Z</time>
        <extensions>
          <gpxtpx:TrackPointExtension>
            <gpxtpx:hr>114</gpxtpx:hr>
          </gpxtpx:TrackPointExtension>
        </extensions>
      </trkpt>
      <trkpt lat="1.3999699660949585" lon="103.88623201688671">
        <ele>8.318956525996327</ele>
        <time>2026-10-05T10:13:47Z</time>
        <extensions>
          <gpxtpx:TrackPointExtension>
            <gpxtpx:hr>114</gpxtpx:hr>
          </gpxtpx:TrackPointExtension>
        </extensions>
      </trkpt>
      <trkpt lat="1.3999579695655398" lon="103.88622814779137">
        <ele>8.308089554309845</ele>
        <time>2026-10-05T10:13:48Z</time>
        <extensions>
          <gpxtpx:TrackPointExtension>
            <gpxtpx:hr>114</gpxtpx:hr>
          </gpxtpx:TrackPointExtension>
        </extensions>
      </trkpt>
      <trkpt lat="1.3999462183506215" lon="103.88622473748">
        <ele>8.29747540038079</ele>
        <time>2026-10-05T10:13:49Z</time>
        <extensions>
          <gpxtpx:TrackPointExtension>
            <gpxtpx:hr>114</gpxtpx:hr>
          </gpxtpx:TrackPointExtension>
        </extensions>
      </trkpt>
      <trkpt lat="1.3999343368136377" lon="103.8862212606301">
        <ele>8.2859829608351</ele>
        <time>2026-10-05T10:13:50Z</time>
        <extensions>
          <gpxtpx:TrackPointExtension>
            <gpxtpx:hr>114</gpxtpx:hr>
          </gpxtpx:TrackPointExtension>
        </extensions>
      </trkpt>
      <trkpt lat="1.3999218617005365" lon="103.88621732758199">
        <ele>8.273017580620944</ele>
        <time>2026-10-05T10:13:51Z</time>
        <extensions>
          <gpxtpx:TrackPointExtension>
            <gpxtpx:hr>113</gpxtpx:hr>
          </gpxtpx:TrackPointExtension>
        </extensions>
      </trkpt>
      <trkpt lat="1.399908793812393" lon="103.88621366385931">
        <ele>8.259087118320167</ele>
        <time>2026-10-05T10:13:52Z</time>
        <extensions>
          <gpxtpx:TrackPointExtension>
            <gpxtpx:hr>113</gpxtpx:hr>
          </gpxtpx:TrackPointExtension>
        </extensions>
      </trkpt>
      <trkpt lat="1.3998953971572585" lon="103.88621081739505">
        <ele>8.245528545230627</ele>
        <time>2026-10-05T10:13:53Z</time>
        <extensions>
          <gpxtpx:TrackPointExtension>
            <gpxtpx:hr>113</gpxtpx:hr>
          </gpxtpx:TrackPointExtension>
        </extensions>
      </trkpt>
      <trkpt lat="1.399881980011643" lon="103.8862087797832">
        <ele>8.234209313988686</ele>
        <time>2026-10-05T10:13:54Z</time>
        <extensions>
          <gpxtpx:TrackPointExtension>
            <gpxtpx:hr>113</gpxtpx:hr>
          </gpxtpx:TrackPointExtension>
        </extensions>
      </trkpt>
      <trkpt lat="1.39986876267418" lon="103.88620711267389">
        <ele>8.22720695193857</ele>
        <time>2026-10-05T10:13:55Z</time>
        <extensions>
          <gpxtpx:TrackPointExtension>
            <gpxtpx:hr>114</gpxtpx:hr>
          </gpxtpx:TrackPointExtension>
        </extensions>
      </trkpt>
      <trkpt lat="1.3998555761213975" lon="103.88620561765872">
        <ele>8.226542350836098</ele>
        <time>2026-10-05T10:13:56Z</time>
        <extensions>
          <gpxtpx:TrackPointExtension>
            <gpxtpx:hr>114</gpxtpx:hr>
          </gpxtpx:TrackPointExtension>
        </extensions>
      </trkpt>
      <trkpt lat="1.3998422660136196" lon="103.8862043134332">
        <ele>8.233530767261982</ele>
        <time>2026-10-05T10:13:57Z</time>
        <extensions>
          <gpxtpx:TrackPointExtension>
            <gpxtpx:hr>114</gpxtpx:hr>
          </gpxtpx:TrackPointExtension>
        </extensions>
      </trkpt>
      <trkpt lat="1.3998290620228435" lon="103.88620317242739">
        <ele>8.248812635429204</ele>
        <time>2026-10-05T10:13:58Z</time>
        <extensions>
          <gpxtpx:TrackPointExtension>
            <gpxtpx:hr>114</gpxtpx:hr>
          </gpxtpx:TrackPointExtension>
        </extensions>
      </trkpt>
      <trkpt lat="1.3998161011009913" lon="103.88620238786693">
        <ele>8.272220396436751</ele>
        <time>2026-10-05T10:13:59Z</time>
        <extensions>
          <gpxtpx:TrackPointExtension>
            <gpxtpx:hr>113</gpxtpx:hr>
          </gpxtpx:TrackPointExtension>
        </extensions>
      </trkpt>
      <trkpt lat="1.3998035177088075" lon="103.88620190622623">
        <ele>8.302849529311061</ele>
        <time>2026-10-05T10:14:00Z</time>
        <extensions>
          <gpxtpx:TrackPointExtension>
            <gpxtpx:hr>113</gpxtpx:hr>
          </gpxtpx:TrackPointExtension>
        </extensions>
      </trkpt>
      <trkpt lat="1.3997913141425544" lon="103.88620130036998">
        <ele>8.33931637648493</ele>
        <time>2026-10-05T10:14:01Z</time>
        <extensions>
          <gpxtpx:TrackPointExtension>
            <gpxtpx:hr>113</gpxtpx:hr>
          </gpxtpx:TrackPointExtension>
        </extensions>
      </trkpt>
      <trkpt lat="1.3997787220102074" lon="103.88620026396798">
        <ele>8.379801866598427</ele>
        <time>2026-10-05T10:14:02Z</time>
        <extensions>
          <gpxtpx:TrackPointExtension>
            <gpxtpx:hr>113</gpxtpx:hr>
          </gpxtpx:TrackPointExtension>
        </extensions>
      </trkpt>
      <trkpt lat="1.3997655753521807" lon="103.88619895067818">
        <ele>8.422384483739734</ele>
        <time>2026-10-05T10:14:03Z</time>
        <extensions>
          <gpxtpx:TrackPointExtension>
            <gpxtpx:hr>113</gpxtpx:hr>
          </gpxtpx:TrackPointExtension>
        </extensions>
      </trkpt>
      <trkpt lat="1.399752138429866" lon="103.88619797056694">
        <ele>8.465306275524199</ele>
        <time>2026-10-05T10:14:04Z</time>
        <extensions>
          <gpxtpx:TrackPointExtension>
            <gpxtpx:hr>115</gpxtpx:hr>
          </gpxtpx:TrackPointExtension>
        </extensions>
      </trkpt>
      <trkpt lat="1.3997377809236093" lon="103.8861977465461">
        <ele>8.507173472084105</ele>
        <time>2026-10-05T10:14:05Z</time>
        <extensions>
          <gpxtpx:TrackPointExtension>
            <gpxtpx:hr>115</gpxtpx:hr>
          </gpxtpx:TrackPointExtension>
        </extensions>
      </trkpt>
      <trkpt lat="1.3997232957878347" lon="103.88619829070801">
        <ele>8.546933745965362</ele>
        <time>2026-10-05T10:14:06Z</time>
        <extensions>
          <gpxtpx:TrackPointExtension>
            <gpxtpx:hr>115</gpxtpx:hr>
          </gpxtpx:TrackPointExtension>
        </extensions>
      </trkpt>
      <trkpt lat="1.3997093784797334" lon="103.8861990720074">
        <ele>8.584219625219703</ele>
        <time>2026-10-05T10:14:07Z</time>
        <extensions>
          <gpxtpx:TrackPointExtension>
            <gpxtpx:hr>115</gpxtpx:hr>
          </gpxtpx:TrackPointExtension>
        </extensions>
      </trkpt>
      <trkpt lat="1.3996956339867237" lon="103.88619942974915">
        <ele>8.619117083027959</ele>
        <time>2026-10-05T10:14:08Z</time>
        <extensions>
          <gpxtpx:TrackPointExtension>
            <gpxtpx:hr>113</gpxtpx:hr>
          </gpxtpx:TrackPointExtension>
        </extensions>
      </trkpt>
      <trkpt lat="1.3996819007196573" lon="103.88619935655784">
        <ele>8.651980177499354</ele>
        <time>2026-10-05T10:14:09Z</time>
        <extensions>
          <gpxtpx:TrackPointExtension>
            <gpxtpx:hr>113</gpxtpx:hr>
          </gpxtpx:TrackPointExtension>
        </extensions>
      </trkpt>
      <trkpt lat="1.3996680043435288" lon="103.8861987645607">
        <ele>8.683270369656384</ele>
        <time>2026-10-05T10:14:10Z</time>
        <extensions>
          <gpxtpx:TrackPointExtension>
            <gpxtpx:hr>113</gpxtpx:hr>
          </gpxtpx:TrackPointExtension>
        </extensions>
      </trkpt>
      <trkpt lat="1.39965405403198" lon="103.88619739391143">
        <ele>8.713908101432025</ele>
        <time>2026-10-05T10:14:11Z</time>
        <extensions>
          <gpxtpx:TrackPointExtension>
            <gpxtpx:hr>113</gpxtpx:hr>
          </gpxtpx:TrackPointExtension>
        </extensions>
      </trkpt>
      <trkpt lat="1.3996404390495873" lon="103.88619543641941">
        <ele>8.7444235291332</ele>
        <time>2026-10-05T10:14:12Z</time>
        <extensions>
          <gpxtpx:TrackPointExtension>
            <gpxtpx:hr>113</gpxtpx:hr>
          </gpxtpx:TrackPointExtension>
        </extensions>
      </trkpt>
      <trkpt lat="1.3996268080607461" lon="103.8861933528077">
        <ele>8.77509865630418</ele>
        <time>2026-10-05T10:14:13Z</time>
        <extensions>
          <gpxtpx:TrackPointExtension>
            <gpxtpx:hr>113</gpxtpx:hr>
          </gpxtpx:TrackPointExtension>
        </extensions>
      </trkpt>
      <trkpt lat="1.3996131002338739" lon="103.88619104514625">
        <ele>8.80599135812372</ele>
        <time>2026-10-05T10:14:14Z</time>
        <extensions>
          <gpxtpx:TrackPointExtension>
            <gpxtpx:hr>113</gpxtpx:hr>
          </gpxtpx:TrackPointExtension>
        </extensions>
      </trkpt>
      <trkpt lat="1.3996000813348684" lon="103.88618798424942">
        <ele>8.836738432757556</ele>
        <time>2026-10-05T10:14:15Z</time>
        <extensions>
          <gpxtpx:TrackPointExtension>
            <gpxtpx:hr>113</gpxtpx:hr>
          </gpxtpx:TrackPointExtension>
        </extensions>
      </trkpt>
      <trkpt lat="1.399587378744755" lon="103.88618417554038">
        <ele>8.866382556036115</ele>
        <time>2026-10-05T10:14:16Z</time>
        <extensions>
          <gpxtpx:TrackPointExtension>
            <gpxtpx:hr>113</gpxtpx:hr>
          </gpxtpx:TrackPointExtension>
        </extensions>
      </trkpt>
      <trkpt lat="1.3995743349456014" lon="103.88617966185606">
        <ele>8.893491003662348</ele>
        <time>2026-10-05T10:14:17Z</time>
        <extensions>
          <gpxtpx:TrackPointExtension>
            <gpxtpx:hr>113</gpxtpx:hr>
          </gpxtpx:TrackPointExtension>
        </extensions>
      </trkpt>
      <trkpt lat="1.3995614711272124" lon="103.88617469141101">
        <ele>8.916313914582133</ele>
        <time>2026-10-05T10:14:18Z</time>
        <extensions>
          <gpxtpx:TrackPointExtension>
            <gpxtpx:hr>113</gpxtpx:hr>
          </gpxtpx:TrackPointExtension>
        </extensions>
      </trkpt>
      <trkpt lat="1.3995493240135528" lon="103.88616939780373">
        <ele>8.933044513687491</ele>
        <time>2026-10-05T10:14:19Z</time>
        <extensions>
          <gpxtpx:TrackPointExtension>
            <gpxtpx:hr>113</gpxtpx:hr>
          </gpxtpx:TrackPointExtension>
        </extensions>
      </trkpt>
      <trkpt lat="1.3995374481196237" lon="103.88616396147216">
        <ele>8.94220669567585</ele>
        <time>2026-10-05T10:14:20Z</time>
        <extensions>
          <gpxtpx:TrackPointExtension>
            <gpxtpx:hr>116</gpxtpx:hr>
          </gpxtpx:TrackPointExtension>
        </extensions>
      </trkpt>
      <trkpt lat="1.3995252784093624" lon="103.88615849914132">
        <ele>8.943060826510191</ele>
        <time>2026-10-05T10:14:21Z</time>
        <extensions>
          <gpxtpx:TrackPointExtension>
            <gpxtpx:hr>116</gpxtpx:hr>
          </gpxtpx:TrackPointExtension>
        </extensions>
      </trkpt>
      <trkpt lat="1.3995127979863544" lon="103.88615263660597">
        <ele>8.935962183400989</ele>
        <time>2026-10-05T10:14:22Z</time>
        <extensions>
          <gpxtpx:TrackPointExtension>
            <gpxtpx:hr>116</gpxtpx:hr>
          </gpxtpx:TrackPointExtension>
        </extensions>
      </trkpt>
      <trkpt lat="1.3995006199805853" lon="103.88614656254477">
        <ele>8.922219211235642</ele>
        <time>2026-10-05T10:14:23Z</time>
        <extensions>
          <gpxtpx:TrackPointExtension>
            <gpxtpx:hr>116</gpxtpx:hr>
          </gpxtpx:TrackPointExtension>
        </extensions>
      </trkpt>
      <trkpt lat="1.399489298413471" lon="103.88614036583239">
        <ele>8.90369319729507</ele>
        <time>2026-10-05T10:14:24Z</time>
        <extensions>
          <gpxtpx:TrackPointExtension>
            <gpxtpx:hr>116</gpxtpx:hr>
          </gpxtpx:TrackPointExtension>
        </extensions>
      </trkpt>
      <trkpt lat="1.3994790326111664" lon="103.88613367267132">
        <ele>8.882146219722927</ele>
        <time>2026-10-05T10:14:25Z</time>
        <extensions>
          <gpxtpx:TrackPointExtension>
            <gpxtpx:hr>116</gpxtpx:hr>
          </gpxtpx:TrackPointExtension>
        </extensions>
      </trkpt>
      <trkpt lat="1.3994696683961982" lon="103.88612689566757">
        <ele>8.859162746928632</ele>
        <time>2026-10-05T10:14:26Z</time>
        <extensions>
          <gpxtpx:TrackPointExtension>
            <gpxtpx:hr>116</gpxtpx:hr>
          </gpxtpx:TrackPointExtension>
        </extensions>
      </trkpt>
      <trkpt lat="1.399460531693251" lon="103.8861205117638">
        <ele>8.835853145457804</ele>
        <time>2026-10-05T10:14:27Z</time>
        <extensions>
          <gpxtpx:TrackPointExtension>
            <gpxtpx:hr>116</gpxtpx:hr>
          </gpxtpx:TrackPointExtension>
        </extensions>
      </trkpt>
      <trkpt lat="1.3994507292400886" lon="103.88611418279658">
        <ele>8.812712072394788</ele>
        <time>2026-10-05T10:14:28Z</time>
        <extensions>
          <gpxtpx:TrackPointExtension>
            <gpxtpx:hr>116</gpxtpx:hr>
          </gpxtpx:TrackPointExtension>
        </extensions>
      </trkpt>
      <trkpt lat="1.3994403450641464" lon="103.8861075852001">
        <ele>8.789938983507454</ele>
        <time>2026-10-05T10:14:29Z</time>
        <extensions>
          <gpxtpx:TrackPointExtension>
            <gpxtpx:hr>116</gpxtpx:hr>
          </gpxtpx:TrackPointExtension>
        </extensions>
      </trkpt>
      <trkpt lat="1.3994303806953254" lon="103.88610087565245">
        <ele>8.767173479311168</ele>
        <time>2026-10-05T10:14:30Z</time>
        <extensions>
          <gpxtpx:TrackPointExtension>
            <gpxtpx:hr>116</gpxtpx:hr>
          </gpxtpx:TrackPointExtension>
        </extensions>
      </trkpt>
      <trkpt lat="1.3994203128009268" lon="103.8860940050975">
        <ele>8.743709452450275</ele>
        <time>2026-10-05T10:14:31Z</time>
        <extensions>
          <gpxtpx:TrackPointExtension>
            <gpxtpx:hr>112</gpxtpx:hr>
          </gpxtpx:TrackPointExtension>
        </extensions>
      </trkpt>
      <trkpt lat="1.3994095974289045" lon="103.88608688651973">
        <ele>8.718579740263522</ele>
        <time>2026-10-05T10:14:32Z</time>
        <extensions>
          <gpxtpx:TrackPointExtension>
            <gpxtpx:hr>112</gpxtpx:hr>
          </gpxtpx:TrackPointExtension>
        </extensions>
      </trkpt>
      <trkpt lat="1.3993988883198343" lon="103.88607991968574">
        <ele>8.690714934840798</ele>
        <time>2026-10-05T10:14:33Z</time>
        <extensions>
          <gpxtpx:TrackPointExtension>
            <gpxtpx:hr>112</gpxtpx:hr>
          </gpxtpx:TrackPointExtension>
        </extensions>
      </trkpt>
      <trkpt lat="1.3993881369188592" lon="103.88607313480155">
        <ele>8.658928603865206</ele>
        <time>2026-10-05T10:14:34Z</time>
        <extensions>
          <gpxtpx:TrackPointExtension>
            <gpxtpx:hr>112</gpxtpx:hr>
          </gpxtpx:TrackPointExtension>
        </extensions>
      </trkpt>
      <trkpt lat="1.3993770565734767" lon="103.88606638295614">
        <ele>8.622493345290422</ele>
        <time>2026-10-05T10:14:35Z</time>
        <extensions>
          <gpxtpx:TrackPointExtension>
            <gpxtpx:hr>112</gpxtpx:hr>
          </gpxtpx:TrackPointExtension>
        </extensions>
      </trkpt>
      <trkpt lat="1.3993660037623454" lon="103.88605995392338">
        <ele>8.581087145023048</ele>
        <time>2026-10-05T10:14:36Z</time>
        <extensions>
          <gpxtpx:TrackPointExtension>
            <gpxtpx:hr>113</gpxtpx:hr>
          </gpxtpx:TrackPointExtension>
        </extensions>
      </trkpt>
      <trkpt lat="1.3993557814080235" lon="103.88605395404964">
        <ele>8.534806853160262</ele>
        <time>2026-10-05T10:14:37Z</time>
        <extensions>
          <gpxtpx:TrackPointExtension>
            <gpxtpx:hr>113</gpxtpx:hr>
          </gpxtpx:TrackPointExtension>
        </extensions>
      </trkpt>
      <trkpt lat="1.3993465849194087" lon="103.88604827777">
        <ele>8.484145991504192</ele>
        <time>2026-10-05T10:14:38Z</time>
        <extensions>
          <gpxtpx:TrackPointExtension>
            <gpxtpx:hr>113</gpxtpx:hr>
          </gpxtpx:TrackPointExtension>
        </extensions>
      </trkpt>
      <trkpt lat="1.3993377682505803" lon="103.88604265791459">
        <ele>8.430037461221218</ele>
        <time>2026-10-05T10:14:39Z</time>
        <extensions>
          <gpxtpx:TrackPointExtension>
            <gpxtpx:hr>113</gpxtpx:hr>
          </gpxtpx:TrackPointExtension>
        </extensions>
      </trkpt>
      <trkpt lat="1.3993288058979516" lon="103.88603722225939">
        <ele>8.373840818181634</ele>
        <time>2026-10-05T10:14:40Z</time>
        <extensions>
          <gpxtpx:TrackPointExtension>
            <gpxtpx:hr>113</gpxtpx:hr>
          </gpxtpx:TrackPointExtension>
        </extensions>
      </trkpt>
      <trkpt lat="1.3993195584616347" lon="103.8860324507676">
        <ele>8.317127879709005</ele>
        <time>2026-10-05T10:14:41Z</time>
        <extensions>
          <gpxtpx:TrackPointExtension>
            <gpxtpx:hr>113</gpxtpx:hr>
          </gpxtpx:TrackPointExtension>
        </extensions>
      </trkpt>
      <trkpt lat="1.3993098069742376" lon="103.88602831691621">
        <ele>8.261393642053008</ele>
        <time>2026-10-05T10:14:42Z</time>
        <extensions>
          <gpxtpx:TrackPointExtension>
            <gpxtpx:hr>113</gpxtpx:hr>
          </gpxtpx:TrackPointExtension>
        </extensions>
      </trkpt>
      <trkpt lat="1.3992993410756231" lon="103.88602428957695">
        <ele>8.207836640998721</ele>
        <time>2026-10-05T10:14:43Z</time>
        <extensions>
          <gpxtpx:TrackPointExtension>
            <gpxtpx:hr>113</gpxtpx:hr>
          </gpxtpx:TrackPointExtension>
        </extensions>
      </trkpt>
      <trkpt lat="1.3992883547353272" lon="103.88602030227574">
        <ele>8.15710487216711</ele>
        <time>2026-10-05T10:14:44Z</time>
        <extensions>
          <gpxtpx:TrackPointExtension>
            <gpxtpx:hr>113</gpxtpx:hr>
          </gpxtpx:TrackPointExtension>
        </extensions>
      </trkpt>
      <trkpt lat="1.3992776517459136" lon="103.88601684322884">
        <ele>8.109397143125534</ele>
        <time>2026-10-05T10:14:45Z</time>
        <extensions>
          <gpxtpx:TrackPointExtension>
            <gpxtpx:hr>109</gpxtpx:hr>
          </gpxtpx:TrackPointExtension>
        </extensions>
      </trkpt>
      <trkpt lat="1.399267448067623" lon="103.88601370869546">
        <ele>8.064609439112246</ele>
        <time>2026-10-05T10:14:46Z</time>
        <extensions>
          <gpxtpx:TrackPointExtension>
            <gpxtpx:hr>109</gpxtpx:hr>
          </gpxtpx:TrackPointExtension>
        </extensions>
      </trkpt>
      <trkpt lat="1.3992570455992235" lon="103.88601027996096">
        <ele>8.022331052459776</ele>
        <time>2026-10-05T10:14:47Z</time>
        <extensions>
          <gpxtpx:TrackPointExtension>
            <gpxtpx:hr>109</gpxtpx:hr>
          </gpxtpx:TrackPointExtension>
        </extensions>
      </trkpt>
      <trkpt lat="1.3992457000958987" lon="103.88600657354036">
        <ele>7.982620698399842</ele>
        <time>2026-10-05T10:14:48Z</time>
        <extensions>
          <gpxtpx:TrackPointExtension>
            <gpxtpx:hr>109</gpxtpx:hr>
          </gpxtpx:TrackPointExtension>
        </extensions>
      </trkpt>
      <trkpt lat="1.3992336937450012" lon="103.88600307675188">
        <ele>7.945621902123094</ele>
        <time>2026-10-05T10:14:49Z</time>
        <extensions>
          <gpxtpx:TrackPointExtension>
            <gpxtpx:hr>109</gpxtpx:hr>
          </gpxtpx:TrackPointExtension>
        </extensions>
      </trkpt>
      <trkpt lat="1.3992217763284673" lon="103.88600046223853">
        <ele>7.91170837264508</ele>
        <time>2026-10-05T10:14:50Z</time>
        <extensions>
          <gpxtpx:TrackPointExtension>
            <gpxtpx:hr>109</gpxtpx:hr>
          </gpxtpx:TrackPointExtension>
        </extensions>
      </trkpt>
      <trkpt lat="1.399210655357825" lon="103.88599951722864">
        <ele>7.881585858762264</ele>
        <time>2026-10-05T10:14:51Z</time>
        <extensions>
          <gpxtpx:TrackPointExtension>
            <gpxtpx:hr>109</gpxtpx:hr>
          </gpxtpx:TrackPointExtension>
        </extensions>
      </trkpt>
      <trkpt lat="1.3992004463890768" lon="103.88600050301419">
        <ele>7.856115218251944</ele>
        <time>2026-10-05T10:14:52Z</time>
        <extensions>
          <gpxtpx:TrackPointExtension>
            <gpxtpx:hr>109</gpxtpx:hr>
          </gpxtpx:TrackPointExtension>
        </extensions>
      </trkpt>
      <trkpt lat="1.3991906113920007" lon="103.88600244505581">
        <ele>7.8364463886246085</ele>
        <time>2026-10-05T10:14:53Z</time>
        <extensions>
          <gpxtpx:TrackPointExtension>
            <gpxtpx:hr>109</gpxtpx:hr>
          </gpxtpx:TrackPointExtension>
        </extensions>
      </trkpt>
      <trkpt lat="1.3991809537654543" lon="103.88600429331">
        <ele>7.823715765029192</ele>
        <time>2026-10-05T10:14:54Z</time>
        <extensions>
          <gpxtpx:TrackPointExtension>
            <gpxtpx:hr>109</gpxtpx:hr>
          </gpxtpx:TrackPointExtension>
        </extensions>
      </trkpt>
      <trkpt lat="1.3991712324672123" lon="103.88600541913846">
        <ele>7.818949357606471</ele>
        <time>2026-10-05T10:14:55Z</time>
        <extensions>
          <gpxtpx:TrackPointExtension>
            <gpxtpx:hr>108</gpxtpx:hr>
          </gpxtpx:TrackPointExtension>
        </extensions>
      </trkpt>
      <trkpt lat="1.3991609540151575" lon="103.88600542494594">
        <ele>7.823091477155685</ele>
        <time>2026-10-05T10:14:56Z</time>
        <extensions>
          <gpxtpx:TrackPointExtension>
            <gpxtpx:hr>108</gpxtpx:hr>
          </gpxtpx:TrackPointExtension>
        </extensions>
      </trkpt>
      <trkpt lat="1.3991505948654286" lon="103.88600434200006">
        <ele>7.8366110464558005</ele>
        <time>2026-10-05T10:14:57Z</time>
        <extensions>
          <gpxtpx:TrackPointExtension>
            <gpxtpx:hr>108</gpxtpx:hr>
          </gpxtpx:TrackPointExtension>
        </extensions>
      </trkpt>
      <trkpt lat="1.3991414353362415" lon="103.8860028709011">
        <ele>7.859722386114299</ele>
        <time>2026-10-05T10:14:58Z</time>
        <extensions>
          <gpxtpx:TrackPointExtension>
            <gpxtpx:hr>108</gpxtpx:hr>
          </gpxtpx:TrackPointExtension>
        </extensions>
      </trkpt>
      <trkpt lat="1.3991337161541217" lon="103.88600222096252">
        <ele>7.8924386678263545</ele>
        <time>2026-10-05T10:14:59Z</time>
        <extensions>
          <gpxtpx:TrackPointExtension>
            <gpxtpx:hr>110</gpxtpx:hr>
          </gpxtpx:TrackPointExtension>
        </extensions>
      </trkpt>
      <trkpt lat="1.3991279435336923" lon="103.88600351701541">
        <ele>7.934600204229355</ele>
        <time>2026-10-05T10:15:00Z</time>
        <extensions>
          <gpxtpx:TrackPointExtension>
            <gpxtpx:hr>110</gpxtpx:hr>
          </gpxtpx:TrackPointExtension>
        </extensions>
      </trkpt>
      <trkpt lat="1.3991245082381905" lon="103.88600672003894">
        <ele>7.985447121784091</ele>
        <time>2026-10-05T10:15:01Z</time>
        <extensions>
          <gpxtpx:TrackPointExtension>
            <gpxtpx:hr>110</gpxtpx:hr>
          </gpxtpx:TrackPointExtension>
        </extensions>
      </trkpt>
      <trkpt lat="1.399123924936972" lon="103.88601080876307">
        <ele>8.044093690812588</ele>
        <time>2026-10-05T10:15:02Z</time>
        <extensions>
          <gpxtpx:TrackPointExtension>
            <gpxtpx:hr>110</gpxtpx:hr>
          </gpxtpx:TrackPointExtension>
        </extensions>
      </trkpt>
      <trkpt lat="1.3991267227244224" lon="103.88601489508447">
        <ele>8.109683699905872</ele>
        <time>2026-10-05T10:15:03Z</time>
        <extensions>
          <gpxtpx:TrackPointExtension>
            <gpxtpx:hr>114</gpxtpx:hr>
          </gpxtpx:TrackPointExtension>
        </extensions>
      </trkpt>
      <trkpt lat="1.3991323259506232" lon="103.8860185758335">
        <ele>8.18121541570872</ele>
        <time>2026-10-05T10:15:04Z</time>
        <extensions>
          <gpxtpx:TrackPointExtension>
            <gpxtpx:hr>114</gpxtpx:hr>
          </gpxtpx:TrackPointExtension>
        </extensions>
      </trkpt>
      <trkpt lat="1.3991401890728659" lon="103.8860215312001">
        <ele>8.25734115485102</ele>
        <time>2026-10-05T10:15:05Z</time>
        <extensions>
          <gpxtpx:TrackPointExtension>
            <gpxtpx:hr>114</gpxtpx:hr>
          </gpxtpx:TrackPointExtension>
        </extensions>
      </trkpt>
      <trkpt lat="1.3991493133591106" lon="103.88602343872785">
        <ele>8.336821811273694</ele>
        <time>2026-10-05T10:15:06Z</time>
        <extensions>
          <gpxtpx:TrackPointExtension>
            <gpxtpx:hr>114</gpxtpx:hr>
          </gpxtpx:TrackPointExtension>
        </extensions>
      </trkpt>
      <trkpt lat="1.3991589387090304" lon="103.88602474581496">
        <ele>8.418311377987266</ele>
        <time>2026-10-05T10:15:07Z</time>
        <extensions>
          <gpxtpx:TrackPointExtension>
            <gpxtpx:hr>114</gpxtpx:hr>
          </gpxtpx:TrackPointExtension>
        </extensions>
      </trkpt>
      <trkpt lat="1.3991685006160277" lon="103.88602592569026">
        <ele>8.500305252149701</ele>
        <time>2026-10-05T10:15:08Z</time>
        <extensions>
          <gpxtpx:TrackPointExtension>
            <gpxtpx:hr>114</gpxtpx:hr>
          </gpxtpx:TrackPointExtension>
        </extensions>
      </trkpt>
      <trkpt lat="1.3991769534599319" lon="103.8860267848924">
        <ele>8.58153363969177</ele>
        <time>2026-10-05T10:15:09Z</time>
        <extensions>
          <gpxtpx:TrackPointExtension>
            <gpxtpx:hr>114</gpxtpx:hr>
          </gpxtpx:TrackPointExtension>
        </extensions>
      </trkpt>
      <trkpt lat="1.3991851758176572" lon="103.8860282172112">
        <ele>8.661411359906197</ele>
        <time>2026-10-05T10:15:10Z</time>
        <extensions>
          <gpxtpx:TrackPointExtension>
            <gpxtpx:hr>114</gpxtpx:hr>
          </gpxtpx:TrackPointExtension>
        </extensions>
      </trkpt>
      <trkpt lat="1.3991942105604667" lon="103.88603133126462">
        <ele>8.740594824776053</ele>
        <time>2026-10-05T10:15:11Z</time>
        <extensions>
          <gpxtpx:TrackPointExtension>
            <gpxtpx:hr>114</gpxtpx:hr>
          </gpxtpx:TrackPointExtension>
        </extensions>
      </trkpt>
      <trkpt lat="1.3992026148402277" lon="103.88603629096458">
        <ele>8.820016008801758</ele>
        <time>2026-10-05T10:15:12Z</time>
        <extensions>
          <gpxtpx:TrackPointExtension>
            <gpxtpx:hr>114</gpxtpx:hr>
          </gpxtpx:TrackPointExtension>
        </extensions>
      </trkpt>
      <trkpt lat="1.3992089018422027" lon="103.88604252988834">
        <ele>8.901048448868096</ele>
        <time>2026-10-05T10:15:13Z</time>
        <extensions>
          <gpxtpx:TrackPointExtension>
            <gpxtpx:hr>114</gpxtpx:hr>
          </gpxtpx:TrackPointExtension>
        </extensions>
      </trkpt>
      <trkpt lat="1.3992131715874536" lon="103.88604956499324">
        <ele>8.985368298366666</ele>
        <time>2026-10-05T10:15:14Z</time>
        <extensions>
          <gpxtpx:TrackPointExtension>
            <gpxtpx:hr>114</gpxtpx:hr>
          </gpxtpx:TrackPointExtension>
        </extensions>
      </trkpt>
      <trkpt lat="1.3992164352178993" lon="103.88605751936954">
        <ele>9.074340390972793</ele>
        <time>2026-10-05T10:15:15Z</time>
        <extensions>
          <gpxtpx:TrackPointExtension>
            <gpxtpx:hr>114</gpxtpx:hr>
          </gpxtpx:TrackPointExtension>
        </extensions>
      </trkpt>
      <trkpt lat="1.3992192639168226" lon="103.88606638528661">
        <ele>9.168902363628149</ele>
        <time>2026-10-05T10:15:16Z</time>
        <extensions>
          <gpxtpx:TrackPointExtension>
            <gpxtpx:hr>114</gpxtpx:hr>
          </gpxtpx:TrackPointExtension>
        </extensions>
      </trkpt>
      <trkpt lat="1.3992212246735776" lon="103.88607561130652">
        <ele>9.2701569898054</ele>
        <time>2026-10-05T10:15:17Z</time>
        <extensions>
          <gpxtpx:TrackPointExtension>
            <gpxtpx:hr>114</gpxtpx:hr>
          </gpxtpx:TrackPointExtension>
        </extensions>
      </trkpt>
      <trkpt lat="1.3992220788889618" lon="103.88608439459294">
        <ele>9.379504568874836</ele>
        <time>2026-10-05T10:15:18Z</time>
        <extensions>
          <gpxtpx:TrackPointExtension>
            <gpxtpx:hr>114</gpxtpx:hr>
          </gpxtpx:TrackPointExtension>
        </extensions>
      </trkpt>
      <trkpt lat="1.399221633791441" lon="103.88609238139196">
        <ele>9.498373288661242</ele>
        <time>2026-10-05T10:15:19Z</time>
        <extensions>
          <gpxtpx:TrackPointExtension>
            <gpxtpx:hr>114</gpxtpx:hr>
          </gpxtpx:TrackPointExtension>
        </extensions>
      </trkpt>
      <trkpt lat="1.399219776764145" lon="103.88609982364964">
        <ele>9.627893443219364</ele>
        <time>2026-10-05T10:15:20Z</time>
        <extensions>
          <gpxtpx:TrackPointExtension>
            <gpxtpx:hr>114</gpxtpx:hr>
          </gpxtpx:TrackPointExtension>
        </extensions>
      </trkpt>
      <trkpt lat="1.3992163935603648" lon="103.88610660435937">
        <ele>9.769101151265204</ele>
        <time>2026-10-05T10:15:21Z</time>
        <extensions>
          <gpxtpx:TrackPointExtension>
            <gpxtpx:hr>114</gpxtpx:hr>
          </gpxtpx:TrackPointExtension>
        </extensions>
      </trkpt>
      <trkpt lat="1.3992108719765537" lon="103.88611269315047">
        <ele>9.922163262963295</ele>
        <time>2026-10-05T10:15:22Z</time>
        <extensions>
          <gpxtpx:TrackPointExtension>
            <gpxtpx:hr>114</gpxtpx:hr>
          </gpxtpx:TrackPointExtension>
        </extensions>
      </trkpt>
      <trkpt lat="1.399202675767181" lon="103.88611932132888">
        <ele>10.085989431478083</ele>
        <time>2026-10-05T10:15:23Z</time>
        <extensions>
          <gpxtpx:TrackPointExtension>
            <gpxtpx:hr>114</gpxtpx:hr>
          </gpxtpx:TrackPointExtension>
        </extensions>
      </trkpt>
      <trkpt lat="1.3991921309315063" lon="103.88612663103967">
        <ele>10.258288798853755</ele>
        <time>2026-10-05T10:15:24Z</time>
        <extensions>
          <gpxtpx:TrackPointExtension>
            <gpxtpx:hr>114</gpxtpx:hr>
          </gpxtpx:TrackPointExtension>
        </extensions>
      </trkpt>
      <trkpt lat="1.3991806404807978" lon="103.88613299605565">
        <ele>10.436822504736483</ele>
        <time>2026-10-05T10:15:25Z</time>
        <extensions>
          <gpxtpx:TrackPointExtension>
            <gpxtpx:hr>115</gpxtpx:hr>
          </gpxtpx:TrackPointExtension>
        </extensions>
      </trkpt>
      <trkpt lat="1.3991689803564622" lon="103.8861371539151">
        <ele>10.618745128624141</ele>
        <time>2026-10-05T10:15:26Z</time>
        <extensions>
          <gpxtpx:TrackPointExtension>
            <gpxtpx:hr>115</gpxtpx:hr>
          </gpxtpx:TrackPointExtension>
        </extensions>
      </trkpt>
      <trkpt lat="1.3991584289257568" lon="103.88613906514365">
        <ele>10.801637419499457</ele>
        <time>2026-10-05T10:15:27Z</time>
        <extensions>
          <gpxtpx:TrackPointExtension>
            <gpxtpx:hr>115</gpxtpx:hr>
          </gpxtpx:TrackPointExtension>
        </extensions>
      </trkpt>
      <trkpt lat="1.3991494025104347" lon="103.88613938998468">
        <ele>10.983849870972335</ele>
        <time>2026-10-05T10:15:28Z</time>
        <extensions>
          <gpxtpx:TrackPointExtension>
            <gpxtpx:hr>115</gpxtpx:hr>
          </gpxtpx:TrackPointExtension>
        </extensions>
      </trkpt>
      <trkpt lat="1.3991400143298975" lon="103.88613855212468">
        <ele>11.163691089488566</ele>
        <time>2026-10-05T10:15:29Z</time>
        <extensions>
          <gpxtpx:TrackPointExtension>
            <gpxtpx:hr>117</gpxtpx:hr>
          </gpxtpx:TrackPointExtension>
        </extensions>
      </trkpt>
      <trkpt lat="1.3991305845014943" lon="103.88613601690832">
        <ele>11.339245175942779</ele>
        <time>2026-10-05T10:15:30Z</time>
        <extensions>
          <gpxtpx:TrackPointExtension>
            <gpxtpx:hr>117</gpxtpx:hr>
          </gpxtpx:TrackPointExtension>
        </extensions>
      </trkpt>
      <trkpt lat="1.399123054570553" lon="103.88613136992315">
        <ele>11.507984665222466</ele>
        <time>2026-10-05T10:15:31Z</time>
        <extensions>
          <gpxtpx:TrackPointExtension>
            <gpxtpx:hr>117</gpxtpx:hr>
          </gpxtpx:TrackPointExtension>
        </extensions>
      </trkpt>
      <trkpt lat="1.3991182200446002" lon="103.88612546834663">
        <ele>11.666797704063356</ele>
        <time>2026-10-05T10:15:32Z</time>
        <extensions>
          <gpxtpx:TrackPointExtension>
            <gpxtpx:hr>117</gpxtpx:hr>
          </gpxtpx:TrackPointExtension>
        </extensions>
      </trkpt>
      <trkpt lat="1.3991163781282614" lon="103.88612024423217">
        <ele>11.812379610724747</ele>
        <time>2026-10-05T10:15:33Z</time>
        <extensions>
          <gpxtpx:TrackPointExtension>
            <gpxtpx:hr>117</gpxtpx:hr>
          </gpxtpx:TrackPointExtension>
        </extensions>
      </trkpt>
      <trkpt lat="1.399116736959529" lon="103.88611515039156">
        <ele>11.941667745821178</ele>
        <time>2026-10-05T10:15:34Z</time>
        <extensions>
          <gpxtpx:TrackPointExtension>
            <gpxtpx:hr>120</gpxtpx:hr>
          </gpxtpx:TrackPointExtension>
        </extensions>
      </trkpt>
      <trkpt lat="1.3991178518316594" lon="103.88610927452841">
        <ele>12.052626178599894</ele>
        <time>2026-10-05T10:15:35Z</time>
        <extensions>
          <gpxtpx:TrackPointExtension>
            <gpxtpx:hr>120</gpxtpx:hr>
          </gpxtpx:TrackPointExtension>
        </extensions>
      </trkpt>
      <trkpt lat="1.3991179113597527" lon="103.8861045358226">
        <ele>12.144596084952354</ele>
        <time>2026-10-05T10:15:36Z</time>
        <extensions>
          <gpxtpx:TrackPointExtension>
            <gpxtpx:hr>120</gpxtpx:hr>
          </gpxtpx:TrackPointExtension>
        </extensions>
      </trkpt>
      <trkpt lat="1.3991162339073913" lon="103.88610165926407">
        <ele>12.21825831476599</ele>
        <time>2026-10-05T10:15:37Z</time>
        <extensions>
          <gpxtpx:TrackPointExtension>
            <gpxtpx:hr>120</gpxtpx:hr>
          </gpxtpx:TrackPointExtension>
        </extensions>
      </trkpt>
      <trkpt lat="1.399112964494484" lon="103.88610002712971">
        <ele>12.27532380912453</ele>
        <time>2026-10-05T10:15:38Z</time>
        <extensions>
          <gpxtpx:TrackPointExtension>
            <gpxtpx:hr>120</gpxtpx:hr>
          </gpxtpx:TrackPointExtension>
        </extensions>
      </trkpt>
      <trkpt lat="1.3991068829018978" lon="103.88609951040677">
        <ele>12.318534056656063</ele>
        <time>2026-10-05T10:15:39Z</time>
        <extensions>
          <gpxtpx:TrackPointExtension>
            <gpxtpx:hr>119</gpxtpx:hr>
          </gpxtpx:TrackPointExtension>
        </extensions>
      </trkpt>
      <trkpt lat="1.3990974854978029" lon="103.88609923366079">
        <ele>12.350705468095839</ele>
        <time>2026-10-05T10:15:40Z</time>
        <extensions>
          <gpxtpx:TrackPointExtension>
            <gpxtpx:hr>119</gpxtpx:hr>
          </gpxtpx:TrackPointExtension>
        </extensions>
      </trkpt>
      <trkpt lat="1.3990865267500998" lon="103.88609635823107">
        <ele>12.374413539655507</ele>
        <time>2026-10-05T10:15:41Z</time>
        <extensions>
          <gpxtpx:TrackPointExtension>
            <gpxtpx:hr>119</gpxtpx:hr>
          </gpxtpx:TrackPointExtension>
        </extensions>
      </trkpt>
      <trkpt lat="1.3990769411947694" lon="103.88608810640487">
        <ele>12.391947736032307</ele>
        <time>2026-10-05T10:15:42Z</time>
        <extensions>
          <gpxtpx:TrackPointExtension>
            <gpxtpx:hr>119</gpxtpx:hr>
          </gpxtpx:TrackPointExtension>
        </extensions>
      </trkpt>
      <trkpt lat="1.399069798449766" lon="103.88607587345126">
        <ele>12.405444889329374</ele>
        <time>2026-10-05T10:15:43Z</time>
        <extensions>
          <gpxtpx:TrackPointExtension>
            <gpxtpx:hr>119</gpxtpx:hr>
          </gpxtpx:TrackPointExtension>
        </extensions>
      </trkpt>
      <trkpt lat="1.3990647408679115" lon="103.88606315531372">
        <ele>12.416300313547254</ele>
        <time>2026-10-05T10:15:44Z</time>
        <extensions>
          <gpxtpx:TrackPointExtension>
            <gpxtpx:hr>119</gpxtpx:hr>
          </gpxtpx:TrackPointExtension>
        </extensions>
      </trkpt>
      <trkpt lat="1.3990607444066863" lon="103.88605165741339">
        <ele>12.425811739638448</ele>
        <time>2026-10-05T10:15:45Z</time>
        <extensions>
          <gpxtpx:TrackPointExtension>
            <gpxtpx:hr>123</gpxtpx:hr>
          </gpxtpx:TrackPointExtension>
        </extensions>
      </trkpt>
      <trkpt lat="1.3990569971969833" lon="103.88604161021664">
        <ele>12.435267218388617</ele>
        <time>2026-10-05T10:15:45Z</time>
        <extensions>
          <gpxtpx:TrackPointExtension>
            <gpxtpx:hr>123</gpxtpx:hr>
          </gpxtpx:TrackPointExtension>
        </extensions>
      </trkpt>
      <trkpt lat="1.3990530957669918" lon="103.88603207735147">
        <ele>12.445754027925432</ele>
        <time>2026-10-05T10:15:46Z</time>
        <extensions>
          <gpxtpx:TrackPointExtension>
            <gpxtpx:hr>123</gpxtpx:hr>
          </gpxtpx:TrackPointExtension>
        </extensions>
      </trkpt>
      <trkpt lat="1.399048977714053" lon="103.88602276369717">
        <ele>12.457920862361789</ele>
        <time>2026-10-05T10:15:47Z</time>
        <extensions>
          <gpxtpx:TrackPointExtension>
            <gpxtpx:hr>123</gpxtpx:hr>
          </gpxtpx:TrackPointExtension>
        </extensions>
      </trkpt>
      <trkpt lat="1.3990446276041217" lon="103.88601351364325">
        <ele>12.471883344464004</ele>
        <time>2026-10-05T10:15:48Z</time>
        <extensions>
          <gpxtpx:TrackPointExtension>
            <gpxtpx:hr>123</gpxtpx:hr>
          </gpxtpx:TrackPointExtension>
        </extensions>
      </trkpt>
      <trkpt lat="1.3990401951793245" lon="103.88600377390759">
        <ele>12.487178465351462</ele>
        <time>2026-10-05T10:15:49Z</time>
        <extensions>
          <gpxtpx:TrackPointExtension>
            <gpxtpx:hr>123</gpxtpx:hr>
          </gpxtpx:TrackPointExtension>
        </extensions>
      </trkpt>
      <trkpt lat="1.3990368321187021" lon="103.88599382347887">
        <ele>12.50274657830596</ele>
        <time>2026-10-05T10:15:50Z</time>
        <extensions>
          <gpxtpx:TrackPointExtension>
            <gpxtpx:hr>121</gpxtpx:hr>
          </gpxtpx:TrackPointExtension>
        </extensions>
      </trkpt>
      <trkpt lat="1.3990347826025016" lon="103.88598342475618">
        <ele>12.51656261086464</ele>
        <time>2026-10-05T10:15:51Z</time>
        <extensions>
          <gpxtpx:TrackPointExtension>
            <gpxtpx:hr>121</gpxtpx:hr>
          </gpxtpx:TrackPointExtension>
        </extensions>
      </trkpt>
      <trkpt lat="1.399033478342204" lon="103.88597188083125">
        <ele>12.526633521541953</ele>
        <time>2026-10-05T10:15:52Z</time>
        <extensions>
          <gpxtpx:TrackPointExtension>
            <gpxtpx:hr>121</gpxtpx:hr>
          </gpxtpx:TrackPointExtension>
        </extensions>
      </trkpt>
      <trkpt lat="1.3990326139371425" lon="103.88595894782027">
        <ele>12.531651336699724</ele>
        <time>2026-10-05T10:15:53Z</time>
        <extensions>
          <gpxtpx:TrackPointExtension>
            <gpxtpx:hr>120</gpxtpx:hr>
          </gpxtpx:TrackPointExtension>
        </extensions>
      </trkpt>
      <trkpt lat="1.3990322646991808" lon="103.88594532241488">
        <ele>12.530879211612046</ele>
        <time>2026-10-05T10:15:54Z</time>
        <extensions>
          <gpxtpx:TrackPointExtension>
            <gpxtpx:hr>120</gpxtpx:hr>
          </gpxtpx:TrackPointExtension>
        </extensions>
      </trkpt>
      <trkpt lat="1.3990326322840025" lon="103.88593195860223">
        <ele>12.523854304105043</ele>
        <time>2026-10-05T10:15:55Z</time>
        <extensions>
          <gpxtpx:TrackPointExtension>
            <gpxtpx:hr>120</gpxtpx:hr>
          </gpxtpx:TrackPointExtension>
        </extensions>
      </trkpt>
      <trkpt lat="1.39903348396593" lon="103.88591861947155">
        <ele>12.510541204363108</ele>
        <time>2026-10-05T10:15:56Z</time>
        <extensions>
          <gpxtpx:TrackPointExtension>
            <gpxtpx:hr>120</gpxtpx:hr>
          </gpxtpx:TrackPointExtension>
        </extensions>
      </trkpt>
      <trkpt lat="1.3990343308908837" lon="103.88590517330266">
        <ele>12.490897706709802</ele>
        <time>2026-10-05T10:15:57Z</time>
        <extensions>
          <gpxtpx:TrackPointExtension>
            <gpxtpx:hr>120</gpxtpx:hr>
          </gpxtpx:TrackPointExtension>
        </extensions>
      </trkpt>
      <trkpt lat="1.3990350633791608" lon="103.88589217851538">
        <ele>12.464932419359684</ele>
        <time>2026-10-05T10:15:58Z</time>
        <extensions>
          <gpxtpx:TrackPointExtension>
            <gpxtpx:hr>116</gpxtpx:hr>
          </gpxtpx:TrackPointExtension>
        </extensions>
      </trkpt>
      <trkpt lat="1.3990357756106218" lon="103.88587929677468">
        <ele>12.432978981174529</ele>
        <time>2026-10-05T10:15:59Z</time>
        <extensions>
          <gpxtpx:TrackPointExtension>
            <gpxtpx:hr>116</gpxtpx:hr>
          </gpxtpx:TrackPointExtension>
        </extensions>
      </trkpt>
      <trkpt lat="1.3990364635617734" lon="103.88586593069698">
        <ele>12.396168345585465</ele>
        <time>2026-10-05T10:16:00Z</time>
        <extensions>
          <gpxtpx:TrackPointExtension>
            <gpxtpx:hr>116</gpxtpx:hr>
          </gpxtpx:TrackPointExtension>
        </extensions>
      </trkpt>
      <trkpt lat="1.3990371101579908" lon="103.88585256172735">
        <ele>12.356121070683002</ele>
        <time>2026-10-05T10:16:01Z</time>
        <extensions>
          <gpxtpx:TrackPointExtension>
            <gpxtpx:hr>116</gpxtpx:hr>
          </gpxtpx:TrackPointExtension>
        </extensions>
      </trkpt>
      <trkpt lat="1.39903783083658" lon="103.88583933784214">
        <ele>12.314804889261723</ele>
        <time>2026-10-05T10:16:02Z</time>
        <extensions>
          <gpxtpx:TrackPointExtension>
            <gpxtpx:hr>116</gpxtpx:hr>
          </gpxtpx:TrackPointExtension>
        </extensions>
      </trkpt>
      <trkpt lat="1.3990385794120357" lon="103.88582654793697">
        <ele>12.273937055841088</ele>
        <time>2026-10-05T10:16:03Z</time>
        <extensions>
          <gpxtpx:TrackPointExtension>
            <gpxtpx:hr>116</gpxtpx:hr>
          </gpxtpx:TrackPointExtension>
        </extensions>
      </trkpt>
      <trkpt lat="1.3990390399027128" lon="103.88581433884254">
        <ele>12.234669121913612</ele>
        <time>2026-10-05T10:16:04Z</time>
        <extensions>
          <gpxtpx:TrackPointExtension>
            <gpxtpx:hr>116</gpxtpx:hr>
          </gpxtpx:TrackPointExtension>
        </extensions>
      </trkpt>
      <trkpt lat="1.399039223990427" lon="103.88580226506267">
        <ele>12.197152598761022</ele>
        <time>2026-10-05T10:16:05Z</time>
        <extensions>
          <gpxtpx:TrackPointExtension>
            <gpxtpx:hr>116</gpxtpx:hr>
          </gpxtpx:TrackPointExtension>
        </extensions>
      </trkpt>
      <trkpt lat="1.3990393078653516" lon="103.88579055838987">
        <ele>12.161560540087521</ele>
        <time>2026-10-05T10:16:06Z</time>
        <extensions>
          <gpxtpx:TrackPointExtension>
            <gpxtpx:hr>116</gpxtpx:hr>
          </gpxtpx:TrackPointExtension>
        </extensions>
      </trkpt>
      <trkpt lat="1.3990394050496233" lon="103.88577988869586">
        <ele>12.127662477083504</ele>
        <time>2026-10-05T10:16:07Z</time>
        <extensions>
          <gpxtpx:TrackPointExtension>
            <gpxtpx:hr>116</gpxtpx:hr>
          </gpxtpx:TrackPointExtension>
        </extensions>
      </trkpt>
      <trkpt lat="1.399039472670875" lon="103.88576965010827">
        <ele>12.094976662658155</ele>
        <time>2026-10-05T10:16:08Z</time>
        <extensions>
          <gpxtpx:TrackPointExtension>
            <gpxtpx:hr>116</gpxtpx:hr>
          </gpxtpx:TrackPointExtension>
        </extensions>
      </trkpt>
      <trkpt lat="1.3990393657596878" lon="103.88575856340817">
        <ele>12.0629389481619</ele>
        <time>2026-10-05T10:16:09Z</time>
        <extensions>
          <gpxtpx:TrackPointExtension>
            <gpxtpx:hr>116</gpxtpx:hr>
          </gpxtpx:TrackPointExtension>
        </extensions>
      </trkpt>
      <trkpt lat="1.3990394233804462" lon="103.88574553457896">
        <ele>12.031409235671163</ele>
        <time>2026-10-05T10:16:10Z</time>
        <extensions>
          <gpxtpx:TrackPointExtension>
            <gpxtpx:hr>113</gpxtpx:hr>
          </gpxtpx:TrackPointExtension>
        </extensions>
      </trkpt>
      <trkpt lat="1.3990398520639549" lon="103.88573182406871">
        <ele>12.000709662213922</ele>
        <time>2026-10-05T10:16:11Z</time>
        <extensions>
          <gpxtpx:TrackPointExtension>
            <gpxtpx:hr>113</gpxtpx:hr>
          </gpxtpx:TrackPointExtension>
        </extensions>
      </trkpt>
      <trkpt lat="1.3990405975224245" lon="103.88571970281336">
        <ele>11.971562781371176</ele>
        <time>2026-10-05T10:16:12Z</time>
        <extensions>
          <gpxtpx:TrackPointExtension>
            <gpxtpx:hr>113</gpxtpx:hr>
          </gpxtpx:TrackPointExtension>
        </extensions>
      </trkpt>
      <trkpt lat="1.399041553460701" lon="103.88570842359131">
        <ele>11.944910192862153</ele>
        <time>2026-10-05T10:16:13Z</time>
        <extensions>
          <gpxtpx:TrackPointExtension>
            <gpxtpx:hr>113</gpxtpx:hr>
          </gpxtpx:TrackPointExtension>
        </extensions>
      </trkpt>
      <trkpt lat="1.3990422421245023" lon="103.8856961535767">
        <ele>11.921764285303652</ele>
        <time>2026-10-05T10:16:14Z</time>
        <extensions>
          <gpxtpx:TrackPointExtension>
            <gpxtpx:hr>109</gpxtpx:hr>
          </gpxtpx:TrackPointExtension>
        </extensions>
      </trkpt>
      <trkpt lat="1.3990426356024486" lon="103.88568290017126">
        <ele>11.90263301692903</ele>
        <time>2026-10-05T10:16:15Z</time>
        <extensions>
          <gpxtpx:TrackPointExtension>
            <gpxtpx:hr>109</gpxtpx:hr>
          </gpxtpx:TrackPointExtension>
        </extensions>
      </trkpt>
      <trkpt lat="1.3990437057616005" lon="103.88566954666996">
        <ele>11.887086015194654</ele>
        <time>2026-10-05T10:16:16Z</time>
        <extensions>
          <gpxtpx:TrackPointExtension>
            <gpxtpx:hr>109</gpxtpx:hr>
          </gpxtpx:TrackPointExtension>
        </extensions>
      </trkpt>
      <trkpt lat="1.3990456520293084" lon="103.8856561562738">
        <ele>11.8741533793509</ele>
        <time>2026-10-05T10:16:17Z</time>
        <extensions>
          <gpxtpx:TrackPointExtension>
            <gpxtpx:hr>109</gpxtpx:hr>
          </gpxtpx:TrackPointExtension>
        </extensions>
      </trkpt>
      <trkpt lat="1.3990478267545026" lon="103.88564279612946">
        <ele>11.862882640212774</ele>
        <time>2026-10-05T10:16:18Z</time>
        <extensions>
          <gpxtpx:TrackPointExtension>
            <gpxtpx:hr>109</gpxtpx:hr>
          </gpxtpx:TrackPointExtension>
        </extensions>
      </trkpt>
      <trkpt lat="1.3990499665791636" lon="103.88562961788631">
        <ele>11.852612355723977</ele>
        <time>2026-10-05T10:16:19Z</time>
        <extensions>
          <gpxtpx:TrackPointExtension>
            <gpxtpx:hr>109</gpxtpx:hr>
          </gpxtpx:TrackPointExtension>
        </extensions>
      </trkpt>
      <trkpt lat="1.3990518406035148" lon="103.88561674114207">
        <ele>11.842959514819086</ele>
        <time>2026-10-05T10:16:20Z</time>
        <extensions>
          <gpxtpx:TrackPointExtension>
            <gpxtpx:hr>109</gpxtpx:hr>
          </gpxtpx:TrackPointExtension>
        </extensions>
      </trkpt>
      <trkpt lat="1.3990534072947245" lon="103.88560422733134">
        <ele>11.83387956675142</ele>
        <time>2026-10-05T10:16:21Z</time>
        <extensions>
          <gpxtpx:TrackPointExtension>
            <gpxtpx:hr>109</gpxtpx:hr>
          </gpxtpx:TrackPointExtension>
        </extensions>
      </trkpt>
      <trkpt lat="1.3990549157754149" lon="103.8855921527617">
        <ele>11.825471365824342</ele>
        <time>2026-10-05T10:16:22Z</time>
        <extensions>
          <gpxtpx:TrackPointExtension>
            <gpxtpx:hr>105</gpxtpx:hr>
          </gpxtpx:TrackPointExtension>
        </extensions>
      </trkpt>
      <trkpt lat="1.3990564579844298" lon="103.88558011006425">
        <ele>11.81777525972575</ele>
        <time>2026-10-05T10:16:23Z</time>
        <extensions>
          <gpxtpx:TrackPointExtension>
            <gpxtpx:hr>105</gpxtpx:hr>
          </gpxtpx:TrackPointExtension>
        </extensions>
      </trkpt>
      <trkpt lat="1.3990579500978062" lon="103.8855674350562">
        <ele>11.810484078712761</ele>
        <time>2026-10-05T10:16:24Z</time>
        <extensions>
          <gpxtpx:TrackPointExtension>
            <gpxtpx:hr>105</gpxtpx:hr>
          </gpxtpx:TrackPointExtension>
        </extensions>
      </trkpt>
      <trkpt lat="1.3990594305273674" lon="103.885553999642">
        <ele>11.803400561213493</ele>
        <time>2026-10-05T10:16:25Z</time>
        <extensions>
          <gpxtpx:TrackPointExtension>
            <gpxtpx:hr>105</gpxtpx:hr>
          </gpxtpx:TrackPointExtension>
        </extensions>
      </trkpt>
      <trkpt lat="1.3990609634586442" lon="103.88554045302429">
        <ele>11.79628377314657</ele>
        <time>2026-10-05T10:16:26Z</time>
        <extensions>
          <gpxtpx:TrackPointExtension>
            <gpxtpx:hr>105</gpxtpx:hr>
          </gpxtpx:TrackPointExtension>
        </extensions>
      </trkpt>
      <trkpt lat="1.3990619801782456" lon="103.88552735571253">
        <ele>11.788809000514448</ele>
        <time>2026-10-05T10:16:27Z</time>
        <extensions>
          <gpxtpx:TrackPointExtension>
            <gpxtpx:hr>109</gpxtpx:hr>
          </gpxtpx:TrackPointExtension>
        </extensions>
      </trkpt>
      <trkpt lat="1.3990622352274165" lon="103.88551479167732">
        <ele>11.780511126853526</ele>
        <time>2026-10-05T10:16:28Z</time>
        <extensions>
          <gpxtpx:TrackPointExtension>
            <gpxtpx:hr>109</gpxtpx:hr>
          </gpxtpx:TrackPointExtension>
        </extensions>
      </trkpt>
      <trkpt lat="1.3990624318088174" lon="103.88550232765388">
        <ele>11.771161256358027</ele>
        <time>2026-10-05T10:16:29Z</time>
        <extensions>
          <gpxtpx:TrackPointExtension>
            <gpxtpx:hr>109</gpxtpx:hr>
          </gpxtpx:TrackPointExtension>
        </extensions>
      </trkpt>
      <trkpt lat="1.3990627577034436" lon="103.88548955995773">
        <ele>11.760306350886822</ele>
        <time>2026-10-05T10:16:30Z</time>
        <extensions>
          <gpxtpx:TrackPointExtension>
            <gpxtpx:hr>109</gpxtpx:hr>
          </gpxtpx:TrackPointExtension>
        </extensions>
      </trkpt>
      <trkpt lat="1.3990629715281073" lon="103.88547689781595">
        <ele>11.747272960841656</ele>
        <time>2026-10-05T10:16:31Z</time>
        <extensions>
          <gpxtpx:TrackPointExtension>
            <gpxtpx:hr>109</gpxtpx:hr>
          </gpxtpx:TrackPointExtension>
        </extensions>
      </trkpt>
      <trkpt lat="1.3990637285971665" lon="103.8854651623122">
        <ele>11.731315039098263</ele>
        <time>2026-10-05T10:16:32Z</time>
        <extensions>
          <gpxtpx:TrackPointExtension>
            <gpxtpx:hr>109</gpxtpx:hr>
          </gpxtpx:TrackPointExtension>
        </extensions>
      </trkpt>
      <trkpt lat="1.3990655809308015" lon="103.88545415899048">
        <ele>11.711798680946231</ele>
        <time>2026-10-05T10:16:33Z</time>
        <extensions>
          <gpxtpx:TrackPointExtension>
            <gpxtpx:hr>109</gpxtpx:hr>
          </gpxtpx:TrackPointExtension>
        </extensions>
      </trkpt>
      <trkpt lat="1.3990680882081215" lon="103.88544297421689">
        <ele>11.688543716445565</ele>
        <time>2026-10-05T10:16:34Z</time>
        <extensions>
          <gpxtpx:TrackPointExtension>
            <gpxtpx:hr>109</gpxtpx:hr>
          </gpxtpx:TrackPointExtension>
        </extensions>
      </trkpt>
      <trkpt lat="1.3990709073479781" lon="103.88543121041049">
        <ele>11.661903546191752</ele>
        <time>2026-10-05T10:16:35Z</time>
        <extensions>
          <gpxtpx:TrackPointExtension>
            <gpxtpx:hr>109</gpxtpx:hr>
          </gpxtpx:TrackPointExtension>
        </extensions>
      </trkpt>
      <trkpt lat="1.3990737038735883" lon="103.8854184723385">
        <ele>11.63286084216088</ele>
        <time>2026-10-05T10:16:36Z</time>
        <extensions>
          <gpxtpx:TrackPointExtension>
            <gpxtpx:hr>109</gpxtpx:hr>
          </gpxtpx:TrackPointExtension>
        </extensions>
      </trkpt>
      <trkpt lat="1.3990760262296353" lon="103.88540512660362">
        <ele>11.60291831754148</ele>
        <time>2026-10-05T10:16:37Z</time>
        <extensions>
          <gpxtpx:TrackPointExtension>
            <gpxtpx:hr>109</gpxtpx:hr>
          </gpxtpx:TrackPointExtension>
        </extensions>
      </trkpt>
      <trkpt lat="1.3990776782335688" lon="103.88539184907961">
        <ele>11.573566996492445</ele>
        <time>2026-10-05T10:16:38Z</time>
        <extensions>
          <gpxtpx:TrackPointExtension>
            <gpxtpx:hr>109</gpxtpx:hr>
          </gpxtpx:TrackPointExtension>
        </extensions>
      </trkpt>
      <trkpt lat="1.3990788992310528" lon="103.88537865522626">
        <ele>11.545943230390549</ele>
        <time>2026-10-05T10:16:39Z</time>
        <extensions>
          <gpxtpx:TrackPointExtension>
            <gpxtpx:hr>109</gpxtpx:hr>
          </gpxtpx:TrackPointExtension>
        </extensions>
      </trkpt>
      <trkpt lat="1.399080151348447" lon="103.88536532468152">
        <ele>11.520824280567467</ele>
        <time>2026-10-05T10:16:40Z</time>
        <extensions>
          <gpxtpx:TrackPointExtension>
            <gpxtpx:hr>109</gpxtpx:hr>
          </gpxtpx:TrackPointExtension>
        </extensions>
      </trkpt>
      <trkpt lat="1.3990816941271598" lon="103.88535202966018">
        <ele>11.498705041594803</ele>
        <time>2026-10-05T10:16:41Z</time>
        <extensions>
          <gpxtpx:TrackPointExtension>
            <gpxtpx:hr>109</gpxtpx:hr>
          </gpxtpx:TrackPointExtension>
        </extensions>
      </trkpt>
      <trkpt lat="1.399083314787822" lon="103.8853389796741">
        <ele>11.47969271056354</ele>
        <time>2026-10-05T10:16:42Z</time>
        <extensions>
          <gpxtpx:TrackPointExtension>
            <gpxtpx:hr>109</gpxtpx:hr>
          </gpxtpx:TrackPointExtension>
        </extensions>
      </trkpt>
      <trkpt lat="1.399084904164135" lon="103.88532604020313">
        <ele>11.463717364706099</ele>
        <time>2026-10-05T10:16:43Z</time>
        <extensions>
          <gpxtpx:TrackPointExtension>
            <gpxtpx:hr>109</gpxtpx:hr>
          </gpxtpx:TrackPointExtension>
        </extensions>
      </trkpt>
      <trkpt lat="1.3990864710775606" lon="103.88531307453246">
        <ele>11.45051255915314</ele>
        <time>2026-10-05T10:16:44Z</time>
        <extensions>
          <gpxtpx:TrackPointExtension>
            <gpxtpx:hr>109</gpxtpx:hr>
          </gpxtpx:TrackPointExtension>
        </extensions>
      </trkpt>
      <trkpt lat="1.3990879614448548" lon="103.88530010802357">
        <ele>11.439603314734995</ele>
        <time>2026-10-05T10:16:45Z</time>
        <extensions>
          <gpxtpx:TrackPointExtension>
            <gpxtpx:hr>110</gpxtpx:hr>
          </gpxtpx:TrackPointExtension>
        </extensions>
      </trkpt>
      <trkpt lat="1.3990895995145844" lon="103.8852872191129">
        <ele>11.43027323205024</ele>
        <time>2026-10-05T10:16:46Z</time>
        <extensions>
          <gpxtpx:TrackPointExtension>
            <gpxtpx:hr>110</gpxtpx:hr>
          </gpxtpx:TrackPointExtension>
        </extensions>
      </trkpt>
      <trkpt lat="1.3990916839979017" lon="103.88527443453185">
        <ele>11.421852556057274</ele>
        <time>2026-10-05T10:16:47Z</time>
        <extensions>
          <gpxtpx:TrackPointExtension>
            <gpxtpx:hr>110</gpxtpx:hr>
          </gpxtpx:TrackPointExtension>
        </extensions>
      </trkpt>
      <trkpt lat="1.3990941745120578" lon="103.88526159916569">
        <ele>11.413572726771235</ele>
        <time>2026-10-05T10:16:48Z</time>
        <extensions>
          <gpxtpx:TrackPointExtension>
            <gpxtpx:hr>110</gpxtpx:hr>
          </gpxtpx:TrackPointExtension>
        </extensions>
      </trkpt>
      <trkpt lat="1.3990967191196164" lon="103.88524868019138">
        <ele>11.404824601486325</ele>
        <time>2026-10-05T10:16:49Z</time>
        <extensions>
          <gpxtpx:TrackPointExtension>
            <gpxtpx:hr>110</gpxtpx:hr>
          </gpxtpx:TrackPointExtension>
        </extensions>
      </trkpt>
      <trkpt lat="1.399098933771585" lon="103.88523586543991">
        <ele>11.395300163887441</ele>
        <time>2026-10-05T10:16:50Z</time>
        <extensions>
          <gpxtpx:TrackPointExtension>
            <gpxtpx:hr>107</gpxtpx:hr>
          </gpxtpx:TrackPointExtension>
        </extensions>
      </trkpt>
      <trkpt lat="1.3991006888839075" lon="103.88522307064898">
        <ele>11.385217194445431</ele>
        <time>2026-10-05T10:16:51Z</time>
        <extensions>
          <gpxtpx:TrackPointExtension>
            <gpxtpx:hr>107</gpxtpx:hr>
          </gpxtpx:TrackPointExtension>
        </extensions>
      </trkpt>
      <trkpt lat="1.3991026512144573" lon="103.88521004926967">
        <ele>11.374748105183244</ele>
        <time>2026-10-05T10:16:52Z</time>
        <extensions>
          <gpxtpx:TrackPointExtension>
            <gpxtpx:hr>107</gpxtpx:hr>
          </gpxtpx:TrackPointExtension>
        </extensions>
      </trkpt>
      <trkpt lat="1.3991051400844607" lon="103.88519697723196">
        <ele>11.364363446831703</ele>
        <time>2026-10-05T10:16:53Z</time>
        <extensions>
          <gpxtpx:TrackPointExtension>
            <gpxtpx:hr>107</gpxtpx:hr>
          </gpxtpx:TrackPointExtension>
        </extensions>
      </trkpt>
      <trkpt lat="1.3991079351992985" lon="103.88518412925309">
        <ele>11.354596517048776</ele>
        <time>2026-10-05T10:16:54Z</time>
        <extensions>
          <gpxtpx:TrackPointExtension>
            <gpxtpx:hr>107</gpxtpx:hr>
          </gpxtpx:TrackPointExtension>
        </extensions>
      </trkpt>
      <trkpt lat="1.399111025137452" lon="103.88517152574563">
        <ele>11.34581930283457</ele>
        <time>2026-10-05T10:16:55Z</time>
        <extensions>
          <gpxtpx:TrackPointExtension>
            <gpxtpx:hr>107</gpxtpx:hr>
          </gpxtpx:TrackPointExtension>
        </extensions>
      </trkpt>
      <trkpt lat="1.399114281393945" lon="103.88515926842013">
        <ele>11.337796154431999</ele>
        <time>2026-10-05T10:16:56Z</time>
        <extensions>
          <gpxtpx:TrackPointExtension>
            <gpxtpx:hr>107</gpxtpx:hr>
          </gpxtpx:TrackPointExtension>
        </extensions>
      </trkpt>
      <trkpt lat="1.3991175576270076" lon="103.88514718810971">
        <ele>11.330396948382258</ele>
        <time>2026-10-05T10:16:57Z</time>
        <extensions>
          <gpxtpx:TrackPointExtension>
            <gpxtpx:hr>107</gpxtpx:hr>
          </gpxtpx:TrackPointExtension>
        </extensions>
      </trkpt>
      <trkpt lat="1.3991206978662838" lon="103.88513505211073">
        <ele>11.32308621890843</ele>
        <time>2026-10-05T10:16:58Z</time>
        <extensions>
          <gpxtpx:TrackPointExtension>
            <gpxtpx:hr>107</gpxtpx:hr>
          </gpxtpx:TrackPointExtension>
        </extensions>
      </trkpt>
      <trkpt lat="1.399123948966216" lon="103.8851230017977">
        <ele>11.31511316075921</ele>
        <time>2026-10-05T10:16:59Z</time>
        <extensions>
          <gpxtpx:TrackPointExtension>
            <gpxtpx:hr>107</gpxtpx:hr>
          </gpxtpx:TrackPointExtension>
        </extensions>
      </trkpt>
      <trkpt lat="1.3991273678379137" lon="103.88511142274403">
        <ele>11.305838235653937</ele>
        <time>2026-10-05T10:17:00Z</time>
        <extensions>
          <gpxtpx:TrackPointExtension>
            <gpxtpx:hr>107</gpxtpx:hr>
          </gpxtpx:TrackPointExtension>
        </extensions>
      </trkpt>
      <trkpt lat="1.3991306251326652" lon="103.88510019097204">
        <ele>11.295349329710007</ele>
        <time>2026-10-05T10:17:01Z</time>
        <extensions>
          <gpxtpx:TrackPointExtension>
            <gpxtpx:hr>107</gpxtpx:hr>
          </gpxtpx:TrackPointExtension>
        </extensions>
      </trkpt>
      <trkpt lat="1.3991339073697688" lon="103.88508840178514">
        <ele>11.283963474445045</ele>
        <time>2026-10-05T10:17:02Z</time>
        <extensions>
          <gpxtpx:TrackPointExtension>
            <gpxtpx:hr>106</gpxtpx:hr>
          </gpxtpx:TrackPointExtension>
        </extensions>
      </trkpt>
      <trkpt lat="1.3991373186362517" lon="103.8850758771572">
        <ele>11.272417660802603</ele>
        <time>2026-10-05T10:17:03Z</time>
        <extensions>
          <gpxtpx:TrackPointExtension>
            <gpxtpx:hr>106</gpxtpx:hr>
          </gpxtpx:TrackPointExtension>
        </extensions>
      </trkpt>
      <trkpt lat="1.3991405986156011" lon="103.88506311657294">
        <ele>11.261725167743862</ele>
        <time>2026-10-05T10:17:04Z</time>
        <extensions>
          <gpxtpx:TrackPointExtension>
            <gpxtpx:hr>106</gpxtpx:hr>
          </gpxtpx:TrackPointExtension>
        </extensions>
      </trkpt>
      <trkpt lat="1.3991434487456487" lon="103.88505041337741">
        <ele>11.253240261226892</ele>
        <time>2026-10-05T10:17:05Z</time>
        <extensions>
          <gpxtpx:TrackPointExtension>
            <gpxtpx:hr>106</gpxtpx:hr>
          </gpxtpx:TrackPointExtension>
        </extensions>
      </trkpt>
      <trkpt lat="1.3991459077072503" lon="103.88503780457067">
        <ele>11.247611340135336</ele>
        <time>2026-10-05T10:17:06Z</time>
        <extensions>
          <gpxtpx:TrackPointExtension>
            <gpxtpx:hr>106</gpxtpx:hr>
          </gpxtpx:TrackPointExtension>
        </extensions>
      </trkpt>
      <trkpt lat="1.3991489195510645" lon="103.8850257016189">
        <ele>11.245035241357982</ele>
        <time>2026-10-05T10:17:07Z</time>
        <extensions>
          <gpxtpx:TrackPointExtension>
            <gpxtpx:hr>108</gpxtpx:hr>
          </gpxtpx:TrackPointExtension>
        </extensions>
      </trkpt>
      <trkpt lat="1.3991529955471909" lon="103.88501382997966">
        <ele>11.245321336202323</ele>
        <time>2026-10-05T10:17:08Z</time>
        <extensions>
          <gpxtpx:TrackPointExtension>
            <gpxtpx:hr>108</gpxtpx:hr>
          </gpxtpx:TrackPointExtension>
        </extensions>
      </trkpt>
      <trkpt lat="1.399157353398925" lon="103.88500128683549">
        <ele>11.248208618722856</ele>
        <time>2026-10-05T10:17:09Z</time>
        <extensions>
          <gpxtpx:TrackPointExtension>
            <gpxtpx:hr>108</gpxtpx:hr>
          </gpxtpx:TrackPointExtension>
        </extensions>
      </trkpt>
      <trkpt lat="1.399161112928351" lon="103.88498771996862">
        <ele>11.253036689013243</ele>
        <time>2026-10-05T10:17:10Z</time>
        <extensions>
          <gpxtpx:TrackPointExtension>
            <gpxtpx:hr>108</gpxtpx:hr>
          </gpxtpx:TrackPointExtension>
        </extensions>
      </trkpt>
      <trkpt lat="1.3991643747693305" lon="103.88497349266437">
        <ele>11.259984731674194</ele>
        <time>2026-10-05T10:17:11Z</time>
        <extensions>
          <gpxtpx:TrackPointExtension>
            <gpxtpx:hr>108</gpxtpx:hr>
          </gpxtpx:TrackPointExtension>
        </extensions>
      </trkpt>
      <trkpt lat="1.3991676957595605" lon="103.88495935411345">
        <ele>11.269501528702676</ele>
        <time>2026-10-05T10:17:12Z</time>
        <extensions>
          <gpxtpx:TrackPointExtension>
            <gpxtpx:hr>108</gpxtpx:hr>
          </gpxtpx:TrackPointExtension>
        </extensions>
      </trkpt>
      <trkpt lat="1.3991714416688978" lon="103.88494553339956">
        <ele>11.282039309851825</ele>
        <time>2026-10-05T10:17:13Z</time>
        <extensions>
          <gpxtpx:TrackPointExtension>
            <gpxtpx:hr>111</gpxtpx:hr>
          </gpxtpx:TrackPointExtension>
        </extensions>
      </trkpt>
      <trkpt lat="1.3991756686292134" lon="103.88493179866344">
        <ele>11.297676810994744</ele>
        <time>2026-10-05T10:17:14Z</time>
        <extensions>
          <gpxtpx:TrackPointExtension>
            <gpxtpx:hr>111</gpxtpx:hr>
          </gpxtpx:TrackPointExtension>
        </extensions>
      </trkpt>
      <trkpt lat="1.3991802364792754" lon="103.88491815001954">
        <ele>11.315053302794695</ele>
        <time>2026-10-05T10:17:15Z</time>
        <extensions>
          <gpxtpx:TrackPointExtension>
            <gpxtpx:hr>111</gpxtpx:hr>
          </gpxtpx:TrackPointExtension>
        </extensions>
      </trkpt>
      <trkpt lat="1.399184973472519" lon="103.88490469926046">
        <ele>11.331603915430605</ele>
        <time>2026-10-05T10:17:16Z</time>
        <extensions>
          <gpxtpx:TrackPointExtension>
            <gpxtpx:hr>111</gpxtpx:hr>
          </gpxtpx:TrackPointExtension>
        </extensions>
      </trkpt>
      <trkpt lat="1.399189840084367" lon="103.88489128067711">
        <ele>11.34386227838695</ele>
        <time>2026-10-05T10:17:17Z</time>
        <extensions>
          <gpxtpx:TrackPointExtension>
            <gpxtpx:hr>111</gpxtpx:hr>
          </gpxtpx:TrackPointExtension>
        </extensions>
      </trkpt>
      <trkpt lat="1.3991945894953828" lon="103.88487792721787">
        <ele>11.348001673817635</ele>
        <time>2026-10-05T10:17:18Z</time>
        <extensions>
          <gpxtpx:TrackPointExtension>
            <gpxtpx:hr>111</gpxtpx:hr>
          </gpxtpx:TrackPointExtension>
        </extensions>
      </trkpt>
      <trkpt lat="1.3991991512861723" lon="103.88486459386422">
        <ele>11.34030091483146</ele>
        <time>2026-10-05T10:17:19Z</time>
        <extensions>
          <gpxtpx:TrackPointExtension>
            <gpxtpx:hr>111</gpxtpx:hr>
          </gpxtpx:TrackPointExtension>
        </extensions>
      </trkpt>
      <trkpt lat="1.3992033078274377" lon="103.88485130308503">
        <ele>11.318667783401906</ele>
        <time>2026-10-05T10:17:20Z</time>
        <extensions>
          <gpxtpx:TrackPointExtension>
            <gpxtpx:hr>114</gpxtpx:hr>
          </gpxtpx:TrackPointExtension>
        </extensions>
      </trkpt>
      <trkpt lat="1.3992072263352509" lon="103.88483747446216">
        <ele>11.282244492322206</ele>
        <time>2026-10-05T10:17:21Z</time>
        <extensions>
          <gpxtpx:TrackPointExtension>
            <gpxtpx:hr>114</gpxtpx:hr>
          </gpxtpx:TrackPointExtension>
        </extensions>
      </trkpt>
      <trkpt lat="1.3992113690605783" lon="103.88482365185519">
        <ele>11.231680668890476</ele>
        <time>2026-10-05T10:17:22Z</time>
        <extensions>
          <gpxtpx:TrackPointExtension>
            <gpxtpx:hr>114</gpxtpx:hr>
          </gpxtpx:TrackPointExtension>
        </extensions>
      </trkpt>
      <trkpt lat="1.3992153816100503" lon="103.88481089141762">
        <ele>11.16911053750664</ele>
        <time>2026-10-05T10:17:23Z</time>
        <extensions>
          <gpxtpx:TrackPointExtension>
            <gpxtpx:hr>114</gpxtpx:hr>
          </gpxtpx:TrackPointExtension>
        </extensions>
      </trkpt>
      <trkpt lat="1.3992195782958772" lon="103.88479865444341">
        <ele>11.097625319845974</ele>
        <time>2026-10-05T10:17:24Z</time>
        <extensions>
          <gpxtpx:TrackPointExtension>
            <gpxtpx:hr>114</gpxtpx:hr>
          </gpxtpx:TrackPointExtension>
        </extensions>
      </trkpt>
      <trkpt lat="1.399224171646315" lon="103.88478659178611">
        <ele>11.02127695363015</ele>
        <time>2026-10-05T10:17:25Z</time>
        <extensions>
          <gpxtpx:TrackPointExtension>
            <gpxtpx:hr>114</gpxtpx:hr>
          </gpxtpx:TrackPointExtension>
        </extensions>
      </trkpt>
      <trkpt lat="1.3992287061204651" lon="103.88477424995925">
        <ele>10.944394884631038</ele>
        <time>2026-10-05T10:17:26Z</time>
        <extensions>
          <gpxtpx:TrackPointExtension>
            <gpxtpx:hr>114</gpxtpx:hr>
          </gpxtpx:TrackPointExtension>
        </extensions>
      </trkpt>
      <trkpt lat="1.3992330725266842" lon="103.88476196025448">
        <ele>10.870968712493777</ele>
        <time>2026-10-05T10:17:27Z</time>
        <extensions>
          <gpxtpx:TrackPointExtension>
            <gpxtpx:hr>114</gpxtpx:hr>
          </gpxtpx:TrackPointExtension>
        </extensions>
      </trkpt>
      <trkpt lat="1.3992374057304802" lon="103.8847500414998">
        <ele>10.80416978802532</ele>
        <time>2026-10-05T10:17:28Z</time>
        <extensions>
          <gpxtpx:TrackPointExtension>
            <gpxtpx:hr>114</gpxtpx:hr>
          </gpxtpx:TrackPointExtension>
        </extensions>
      </trkpt>
      <trkpt lat="1.3992416473239324" lon="103.88473812550743">
        <ele>10.746234259568155</ele>
        <time>2026-10-05T10:17:29Z</time>
        <extensions>
          <gpxtpx:TrackPointExtension>
            <gpxtpx:hr>114</gpxtpx:hr>
          </gpxtpx:TrackPointExtension>
        </extensions>
      </trkpt>
      <trkpt lat="1.3992457262313958" lon="103.88472605178977">
        <ele>10.698065642267466</ele>
        <time>2026-10-05T10:17:30Z</time>
        <extensions>
          <gpxtpx:TrackPointExtension>
            <gpxtpx:hr>114</gpxtpx:hr>
          </gpxtpx:TrackPointExtension>
        </extensions>
      </trkpt>
      <trkpt lat="1.3992499670296314" lon="103.88471386743176">
        <ele>10.659523671492934</ele>
        <time>2026-10-05T10:17:31Z</time>
        <extensions>
          <gpxtpx:TrackPointExtension>
            <gpxtpx:hr>114</gpxtpx:hr>
          </gpxtpx:TrackPointExtension>
        </extensions>
      </trkpt>
      <trkpt lat="1.3992548972956038" lon="103.88470182037948">
        <ele>10.629700668156147</ele>
        <time>2026-10-05T10:17:32Z</time>
        <extensions>
          <gpxtpx:TrackPointExtension>
            <gpxtpx:hr>114</gpxtpx:hr>
          </gpxtpx:TrackPointExtension>
        </extensions>
      </trkpt>
      <trkpt lat="1.3992604823895274" lon="103.88468989537365">
        <ele>10.607072566635907</ele>
        <time>2026-10-05T10:17:33Z</time>
        <extensions>
          <gpxtpx:TrackPointExtension>
            <gpxtpx:hr>109</gpxtpx:hr>
          </gpxtpx:TrackPointExtension>
        </extensions>
      </trkpt>
      <trkpt lat="1.399266602367206" lon="103.88467748063506">
        <ele>10.589579262770712</ele>
        <time>2026-10-05T10:17:34Z</time>
        <extensions>
          <gpxtpx:TrackPointExtension>
            <gpxtpx:hr>109</gpxtpx:hr>
          </gpxtpx:TrackPointExtension>
        </extensions>
      </trkpt>
      <trkpt lat="1.3992725862959248" lon="103.88466471183087">
        <ele>10.575186028145254</ele>
        <time>2026-10-05T10:17:35Z</time>
        <extensions>
          <gpxtpx:TrackPointExtension>
            <gpxtpx:hr>109</gpxtpx:hr>
          </gpxtpx:TrackPointExtension>
        </extensions>
      </trkpt>
      <trkpt lat="1.3992781679637736" lon="103.88465175814065">
        <ele>10.562047979794443</ele>
        <time>2026-10-05T10:17:36Z</time>
        <extensions>
          <gpxtpx:TrackPointExtension>
            <gpxtpx:hr>109</gpxtpx:hr>
          </gpxtpx:TrackPointExtension>
        </extensions>
      </trkpt>
      <trkpt lat="1.399283711136168" lon="103.88463878750572">
        <ele>10.548758866265416</ele>
        <time>2026-10-05T10:17:37Z</time>
        <extensions>
          <gpxtpx:TrackPointExtension>
            <gpxtpx:hr>109</gpxtpx:hr>
          </gpxtpx:TrackPointExtension>
        </extensions>
      </trkpt>
      <trkpt lat="1.3992887466729969" lon="103.88462646268191">
        <ele>10.534253998659551</ele>
        <time>2026-10-05T10:17:38Z</time>
        <extensions>
          <gpxtpx:TrackPointExtension>
            <gpxtpx:hr>109</gpxtpx:hr>
          </gpxtpx:TrackPointExtension>
        </extensions>
      </trkpt>
      <trkpt lat="1.3992941211970105" lon="103.8846143769353">
        <ele>10.518073635175824</ele>
        <time>2026-10-05T10:17:39Z</time>
        <extensions>
          <gpxtpx:TrackPointExtension>
            <gpxtpx:hr>109</gpxtpx:hr>
          </gpxtpx:TrackPointExtension>
        </extensions>
      </trkpt>
      <trkpt lat="1.399300004368521" lon="103.88460206587645">
        <ele>10.50025146547705</ele>
        <time>2026-10-05T10:17:40Z</time>
        <extensions>
          <gpxtpx:TrackPointExtension>
            <gpxtpx:hr>110</gpxtpx:hr>
          </gpxtpx:TrackPointExtension>
        </extensions>
      </trkpt>
      <trkpt lat="1.39930507362381" lon="103.8845894883269">
        <ele>10.481165897101164</ele>
        <time>2026-10-05T10:17:41Z</time>
        <extensions>
          <gpxtpx:TrackPointExtension>
            <gpxtpx:hr>110</gpxtpx:hr>
          </gpxtpx:TrackPointExtension>
        </extensions>
      </trkpt>
      <trkpt lat="1.3993091545379372" lon="103.88457656616741">
        <ele>10.46130211558193</ele>
        <time>2026-10-05T10:17:42Z</time>
        <extensions>
          <gpxtpx:TrackPointExtension>
            <gpxtpx:hr>110</gpxtpx:hr>
          </gpxtpx:TrackPointExtension>
        </extensions>
      </trkpt>
      <trkpt lat="1.3993124840319662" lon="103.88456334634584">
        <ele>10.441335030831397</ele>
        <time>2026-10-05T10:17:43Z</time>
        <extensions>
          <gpxtpx:TrackPointExtension>
            <gpxtpx:hr>110</gpxtpx:hr>
          </gpxtpx:TrackPointExtension>
        </extensions>
      </trkpt>
      <trkpt lat="1.3993159790970777" lon="103.88455051573634">
        <ele>10.42169915791601</ele>
        <time>2026-10-05T10:17:44Z</time>
        <extensions>
          <gpxtpx:TrackPointExtension>
            <gpxtpx:hr>109</gpxtpx:hr>
          </gpxtpx:TrackPointExtension>
        </extensions>
      </trkpt>
      <trkpt lat="1.3993203632898996" lon="103.88453883893636">
        <ele>10.402355796657503</ele>
        <time>2026-10-05T10:17:45Z</time>
        <extensions>
          <gpxtpx:TrackPointExtension>
            <gpxtpx:hr>109</gpxtpx:hr>
          </gpxtpx:TrackPointExtension>
        </extensions>
      </trkpt>
      <trkpt lat="1.3993253674217803" lon="103.88452767538725">
        <ele>10.3828986575827</ele>
        <time>2026-10-05T10:17:46Z</time>
        <extensions>
          <gpxtpx:TrackPointExtension>
            <gpxtpx:hr>109</gpxtpx:hr>
          </gpxtpx:TrackPointExtension>
        </extensions>
      </trkpt>
      <trkpt lat="1.3993307709916691" lon="103.88451643554913">
        <ele>10.362969734705985</ele>
        <time>2026-10-05T10:17:47Z</time>
        <extensions>
          <gpxtpx:TrackPointExtension>
            <gpxtpx:hr>109</gpxtpx:hr>
          </gpxtpx:TrackPointExtension>
        </extensions>
      </trkpt>
      <trkpt lat="1.3993360822889407" lon="103.8845048460736">
        <ele>10.342371045611799</ele>
        <time>2026-10-05T10:17:48Z</time>
        <extensions>
          <gpxtpx:TrackPointExtension>
            <gpxtpx:hr>108</gpxtpx:hr>
          </gpxtpx:TrackPointExtension>
        </extensions>
      </trkpt>
      <trkpt lat="1.3993411848364927" lon="103.88449277481824">
        <ele>10.321230938658118</ele>
        <time>2026-10-05T10:17:49Z</time>
        <extensions>
          <gpxtpx:TrackPointExtension>
            <gpxtpx:hr>108</gpxtpx:hr>
          </gpxtpx:TrackPointExtension>
        </extensions>
      </trkpt>
      <trkpt lat="1.3993459164785658" lon="103.88448046176995">
        <ele>10.299765105359256</ele>
        <time>2026-10-05T10:17:50Z</time>
        <extensions>
          <gpxtpx:TrackPointExtension>
            <gpxtpx:hr>108</gpxtpx:hr>
          </gpxtpx:TrackPointExtension>
        </extensions>
      </trkpt>
      <trkpt lat="1.3993501642643573" lon="103.88446793662322">
        <ele>10.27795702405274</ele>
        <time>2026-10-05T10:17:51Z</time>
        <extensions>
          <gpxtpx:TrackPointExtension>
            <gpxtpx:hr>108</gpxtpx:hr>
          </gpxtpx:TrackPointExtension>
        </extensions>
      </trkpt>
      <trkpt lat="1.3993545997814132" lon="103.88445548938249">
        <ele>10.2554144943133</ele>
        <time>2026-10-05T10:17:52Z</time>
        <extensions>
          <gpxtpx:TrackPointExtension>
            <gpxtpx:hr>108</gpxtpx:hr>
          </gpxtpx:TrackPointExtension>
        </extensions>
      </trkpt>
      <trkpt lat="1.399359376540185" lon="103.88444343603372">
        <ele>10.231748521327972</ele>
        <time>2026-10-05T10:17:53Z</time>
        <extensions>
          <gpxtpx:TrackPointExtension>
            <gpxtpx:hr>108</gpxtpx:hr>
          </gpxtpx:TrackPointExtension>
        </extensions>
      </trkpt>
      <trkpt lat="1.3993643754931173" lon="103.88443191515277">
        <ele>10.206468350254</ele>
        <time>2026-10-05T10:17:54Z</time>
        <extensions>
          <gpxtpx:TrackPointExtension>
            <gpxtpx:hr>106</gpxtpx:hr>
          </gpxtpx:TrackPointExtension>
        </extensions>
      </trkpt>
      <trkpt lat="1.3993703367868973" lon="103.88442046765088">
        <ele>10.179061135277152</ele>
        <time>2026-10-05T10:17:55Z</time>
        <extensions>
          <gpxtpx:TrackPointExtension>
            <gpxtpx:hr>106</gpxtpx:hr>
          </gpxtpx:TrackPointExtension>
        </extensions>
      </trkpt>
      <trkpt lat="1.3993778163508652" lon="103.88440903988412">
        <ele>10.148851541802287</ele>
        <time>2026-10-05T10:17:57Z</time>
        <extensions>
          <gpxtpx:TrackPointExtension>
            <gpxtpx:hr>106</gpxtpx:hr>
          </gpxtpx:TrackPointExtension>
        </extensions>
      </trkpt>
      <trkpt lat="1.3993861626802395" lon="103.88439782555739">
        <ele>10.115348625928164</ele>
        <time>2026-10-05T10:17:58Z</time>
        <extensions>
          <gpxtpx:TrackPointExtension>
            <gpxtpx:hr>106</gpxtpx:hr>
          </gpxtpx:TrackPointExtension>
        </extensions>
      </trkpt>
      <trkpt lat="1.3993944881963023" lon="103.88438635021481">
        <ele>10.078213113360107</ele>
        <time>2026-10-05T10:17:59Z</time>
        <extensions>
          <gpxtpx:TrackPointExtension>
            <gpxtpx:hr>106</gpxtpx:hr>
          </gpxtpx:TrackPointExtension>
        </extensions>
      </trkpt>
      <trkpt lat="1.39940239419063" lon="103.88437439459558">
        <ele>10.037401878274977</ele>
        <time>2026-10-05T10:18:00Z</time>
        <extensions>
          <gpxtpx:TrackPointExtension>
            <gpxtpx:hr>107</gpxtpx:hr>
          </gpxtpx:TrackPointExtension>
        </extensions>
      </trkpt>
      <trkpt lat="1.3994100260803835" lon="103.88436221286732">
        <ele>9.993244456127286</ele>
        <time>2026-10-05T10:18:01Z</time>
        <extensions>
          <gpxtpx:TrackPointExtension>
            <gpxtpx:hr>107</gpxtpx:hr>
          </gpxtpx:TrackPointExtension>
        </extensions>
      </trkpt>
      <trkpt lat="1.3994173665183223" lon="103.88435009873642">
        <ele>9.946023640222847</ele>
        <time>2026-10-05T10:18:02Z</time>
        <extensions>
          <gpxtpx:TrackPointExtension>
            <gpxtpx:hr>107</gpxtpx:hr>
          </gpxtpx:TrackPointExtension>
        </extensions>
      </trkpt>
      <trkpt lat="1.3994240193333016" lon="103.88433800928283">
        <ele>9.89566967729479</ele>
        <time>2026-10-05T10:18:03Z</time>
        <extensions>
          <gpxtpx:TrackPointExtension>
            <gpxtpx:hr>108</gpxtpx:hr>
          </gpxtpx:TrackPointExtension>
        </extensions>
      </trkpt>
      <trkpt lat="1.3994302040350273" lon="103.88432581315676">
        <ele>9.84194206725806</ele>
        <time>2026-10-05T10:18:04Z</time>
        <extensions>
          <gpxtpx:TrackPointExtension>
            <gpxtpx:hr>108</gpxtpx:hr>
          </gpxtpx:TrackPointExtension>
        </extensions>
      </trkpt>
      <trkpt lat="1.399436843613412" lon="103.88431363183894">
        <ele>9.784495803527534</ele>
        <time>2026-10-05T10:18:05Z</time>
        <extensions>
          <gpxtpx:TrackPointExtension>
            <gpxtpx:hr>108</gpxtpx:hr>
          </gpxtpx:TrackPointExtension>
        </extensions>
      </trkpt>
      <trkpt lat="1.399444134652217" lon="103.88430169893729">
        <ele>9.723124811425805</ele>
        <time>2026-10-05T10:18:06Z</time>
        <extensions>
          <gpxtpx:TrackPointExtension>
            <gpxtpx:hr>108</gpxtpx:hr>
          </gpxtpx:TrackPointExtension>
        </extensions>
      </trkpt>
      <trkpt lat="1.399451854419246" lon="103.88429005674452">
        <ele>9.657774182036519</ele>
        <time>2026-10-05T10:18:07Z</time>
        <extensions>
          <gpxtpx:TrackPointExtension>
            <gpxtpx:hr>108</gpxtpx:hr>
          </gpxtpx:TrackPointExtension>
        </extensions>
      </trkpt>
      <trkpt lat="1.3994597348407947" lon="103.88427866786307">
        <ele>9.588635209016502</ele>
        <time>2026-10-05T10:18:08Z</time>
        <extensions>
          <gpxtpx:TrackPointExtension>
            <gpxtpx:hr>108</gpxtpx:hr>
          </gpxtpx:TrackPointExtension>
        </extensions>
      </trkpt>
      <trkpt lat="1.3994675342012064" lon="103.8842674824388">
        <ele>9.516295308247209</ele>
        <time>2026-10-05T10:18:09Z</time>
        <extensions>
          <gpxtpx:TrackPointExtension>
            <gpxtpx:hr>108</gpxtpx:hr>
          </gpxtpx:TrackPointExtension>
        </extensions>
      </trkpt>
      <trkpt lat="1.39947543409324" lon="103.88425647795361">
        <ele>9.441751630045474</ele>
        <time>2026-10-05T10:18:10Z</time>
        <extensions>
          <gpxtpx:TrackPointExtension>
            <gpxtpx:hr>107</gpxtpx:hr>
          </gpxtpx:TrackPointExtension>
        </extensions>
      </trkpt>
      <trkpt lat="1.3994836429183302" lon="103.88424581791458">
        <ele>9.36639063898474</ele>
        <time>2026-10-05T10:18:11Z</time>
        <extensions>
          <gpxtpx:TrackPointExtension>
            <gpxtpx:hr>107</gpxtpx:hr>
          </gpxtpx:TrackPointExtension>
        </extensions>
      </trkpt>
      <trkpt lat="1.3994916600058978" lon="103.88423536453202">
        <ele>9.291545572690666</ele>
        <time>2026-10-05T10:18:12Z</time>
        <extensions>
          <gpxtpx:TrackPointExtension>
            <gpxtpx:hr>107</gpxtpx:hr>
          </gpxtpx:TrackPointExtension>
        </extensions>
      </trkpt>
      <trkpt lat="1.399499093888888" lon="103.88422470641062">
        <ele>9.218319543637335</ele>
        <time>2026-10-05T10:18:13Z</time>
        <extensions>
          <gpxtpx:TrackPointExtension>
            <gpxtpx:hr>107</gpxtpx:hr>
          </gpxtpx:TrackPointExtension>
        </extensions>
      </trkpt>
      <trkpt lat="1.3995064279160505" lon="103.88421368466601">
        <ele>9.147309930063784</ele>
        <time>2026-10-05T10:18:14Z</time>
        <extensions>
          <gpxtpx:TrackPointExtension>
            <gpxtpx:hr>107</gpxtpx:hr>
          </gpxtpx:TrackPointExtension>
        </extensions>
      </trkpt>
      <trkpt lat="1.3995141505501236" lon="103.88420257577997">
        <ele>9.07867537997663</ele>
        <time>2026-10-05T10:18:15Z</time>
        <extensions>
          <gpxtpx:TrackPointExtension>
            <gpxtpx:hr>107</gpxtpx:hr>
          </gpxtpx:TrackPointExtension>
        </extensions>
      </trkpt>
      <trkpt lat="1.3995221897406591" lon="103.88419159863874">
        <ele>9.012426710687578</ele>
        <time>2026-10-05T10:18:16Z</time>
        <extensions>
          <gpxtpx:TrackPointExtension>
            <gpxtpx:hr>107</gpxtpx:hr>
          </gpxtpx:TrackPointExtension>
        </extensions>
      </trkpt>
      <trkpt lat="1.3995302763687871" lon="103.88418075067081">
        <ele>8.948366894386709</ele>
        <time>2026-10-05T10:18:17Z</time>
        <extensions>
          <gpxtpx:TrackPointExtension>
            <gpxtpx:hr>107</gpxtpx:hr>
          </gpxtpx:TrackPointExtension>
        </extensions>
      </trkpt>
      <trkpt lat="1.3995382722422245" lon="103.88416987428411">
        <ele>8.886207395233214</ele>
        <time>2026-10-05T10:18:18Z</time>
        <extensions>
          <gpxtpx:TrackPointExtension>
            <gpxtpx:hr>107</gpxtpx:hr>
          </gpxtpx:TrackPointExtension>
        </extensions>
      </trkpt>
      <trkpt lat="1.39954661868635" lon="103.88415902893692">
        <ele>8.795044032856822</ele>
        <time>2026-10-05T10:18:19Z</time>
        <extensions>
          <gpxtpx:TrackPointExtension>
            <gpxtpx:hr>109</gpxtpx:hr>
          </gpxtpx:TrackPointExtension>
        </extensions>
      </trkpt>
      <trkpt lat="1.3995546258590577" lon="103.88414804149295">
        <ele>8.734474850818515</ele>
        <time>2026-10-05T10:18:20Z</time>
        <extensions>
          <gpxtpx:TrackPointExtension>
            <gpxtpx:hr>109</gpxtpx:hr>
          </gpxtpx:TrackPointExtension>
        </extensions>
      </trkpt>
      <trkpt lat="1.3995625377610044" lon="103.88413698925662">
        <ele>8.673813726752996</ele>
        <time>2026-10-05T10:18:21Z</time>
        <extensions>
          <gpxtpx:TrackPointExtension>
            <gpxtpx:hr>109</gpxtpx:hr>
          </gpxtpx:TrackPointExtension>
        </extensions>
      </trkpt>
      <trkpt lat="1.3995704117223284" lon="103.88412590446076">
        <ele>8.612620483152568</ele>
        <time>2026-10-05T10:18:22Z</time>
        <extensions>
          <gpxtpx:TrackPointExtension>
            <gpxtpx:hr>109</gpxtpx:hr>
          </gpxtpx:TrackPointExtension>
        </extensions>
      </trkpt>
      <trkpt lat="1.3995782954280906" lon="103.88411482254453">
        <ele>8.550603346899152</ele>
        <time>2026-10-05T10:18:23Z</time>
        <extensions>
          <gpxtpx:TrackPointExtension>
            <gpxtpx:hr>109</gpxtpx:hr>
          </gpxtpx:TrackPointExtension>
        </extensions>
      </trkpt>
      <trkpt lat="1.3995862040653517" lon="103.8841037672991">
        <ele>8.487507379613817</ele>
        <time>2026-10-05T10:18:24Z</time>
        <extensions>
          <gpxtpx:TrackPointExtension>
            <gpxtpx:hr>109</gpxtpx:hr>
          </gpxtpx:TrackPointExtension>
        </extensions>
      </trkpt>
      <trkpt lat="1.3995941211152783" lon="103.88409273396917">
        <ele>8.423121427185833</ele>
        <time>2026-10-05T10:18:25Z</time>
        <extensions>
          <gpxtpx:TrackPointExtension>
            <gpxtpx:hr>109</gpxtpx:hr>
          </gpxtpx:TrackPointExtension>
        </extensions>
      </trkpt>
      <trkpt lat="1.3996019950682985" lon="103.88408168822505">
        <ele>8.357416492886841</ele>
        <time>2026-10-05T10:18:26Z</time>
        <extensions>
          <gpxtpx:TrackPointExtension>
            <gpxtpx:hr>109</gpxtpx:hr>
          </gpxtpx:TrackPointExtension>
        </extensions>
      </trkpt>
      <trkpt lat="1.3996097621458392" lon="103.88407059032939">
        <ele>8.290675041265786</ele>
        <time>2026-10-05T10:18:27Z</time>
        <extensions>
          <gpxtpx:TrackPointExtension>
            <gpxtpx:hr>109</gpxtpx:hr>
          </gpxtpx:TrackPointExtension>
        </extensions>
      </trkpt>
      <trkpt lat="1.3996173675026553" lon="103.88405939963697">
        <ele>8.223497534170747</ele>
        <time>2026-10-05T10:18:28Z</time>
        <extensions>
          <gpxtpx:TrackPointExtension>
            <gpxtpx:hr>109</gpxtpx:hr>
          </gpxtpx:TrackPointExtension>
        </extensions>
      </trkpt>
      <trkpt lat="1.3996247497276517" lon="103.88404808463348">
        <ele>8.156734826043248</ele>
        <time>2026-10-05T10:18:29Z</time>
        <extensions>
          <gpxtpx:TrackPointExtension>
            <gpxtpx:hr>109</gpxtpx:hr>
          </gpxtpx:TrackPointExtension>
        </extensions>
      </trkpt>
      <trkpt lat="1.3996318325237624" lon="103.88403661290516">
        <ele>8.091352289542556</ele>
        <time>2026-10-05T10:18:30Z</time>
        <extensions>
          <gpxtpx:TrackPointExtension>
            <gpxtpx:hr>108</gpxtpx:hr>
          </gpxtpx:TrackPointExtension>
        </extensions>
      </trkpt>
      <trkpt lat="1.399638538729406" lon="103.88402494931039">
        <ele>8.028188227675855</ele>
        <time>2026-10-05T10:18:31Z</time>
        <extensions>
          <gpxtpx:TrackPointExtension>
            <gpxtpx:hr>108</gpxtpx:hr>
          </gpxtpx:TrackPointExtension>
        </extensions>
      </trkpt>
      <trkpt lat="1.3996447873377988" lon="103.88401305894638">
        <ele>7.967759559862316</ele>
        <time>2026-10-05T10:18:32Z</time>
        <extensions>
          <gpxtpx:TrackPointExtension>
            <gpxtpx:hr>108</gpxtpx:hr>
          </gpxtpx:TrackPointExtension>
        </extensions>
      </trkpt>
      <trkpt lat="1.3996504891405694" lon="103.88400092554022">
        <ele>7.910281050950289</ele>
        <time>2026-10-05T10:18:33Z</time>
        <extensions>
          <gpxtpx:TrackPointExtension>
            <gpxtpx:hr>108</gpxtpx:hr>
          </gpxtpx:TrackPointExtension>
        </extensions>
      </trkpt>
      <trkpt lat="1.399655582684682" lon="103.88398855794887">
        <ele>7.855788744054735</ele>
        <time>2026-10-05T10:18:34Z</time>
        <extensions>
          <gpxtpx:TrackPointExtension>
            <gpxtpx:hr>108</gpxtpx:hr>
          </gpxtpx:TrackPointExtension>
        </extensions>
      </trkpt>
      <trkpt lat="1.399660037190009" lon="103.88397596386172">
        <ele>7.804239263758063</ele>
        <time>2026-10-05T10:18:35Z</time>
        <extensions>
          <gpxtpx:TrackPointExtension>
            <gpxtpx:hr>108</gpxtpx:hr>
          </gpxtpx:TrackPointExtension>
        </extensions>
      </trkpt>
      <trkpt lat="1.399663846675426" lon="103.88396317196006">
        <ele>7.755575283430517</ele>
        <time>2026-10-05T10:18:36Z</time>
        <extensions>
          <gpxtpx:TrackPointExtension>
            <gpxtpx:hr>108</gpxtpx:hr>
          </gpxtpx:TrackPointExtension>
        </extensions>
      </trkpt>
      <trkpt lat="1.3996670252926882" lon="103.88395023016706">
        <ele>7.709769262932241</ele>
        <time>2026-10-05T10:18:37Z</time>
        <extensions>
          <gpxtpx:TrackPointExtension>
            <gpxtpx:hr>108</gpxtpx:hr>
          </gpxtpx:TrackPointExtension>
        </extensions>
      </trkpt>
      <trkpt lat="1.3996695724472188" lon="103.88393720388882">
        <ele>7.666872332803905</ele>
        <time>2026-10-05T10:18:38Z</time>
        <extensions>
          <gpxtpx:TrackPointExtension>
            <gpxtpx:hr>108</gpxtpx:hr>
          </gpxtpx:TrackPointExtension>
        </extensions>
      </trkpt>
      <trkpt lat="1.3996715029028715" lon="103.88392416045839">
        <ele>7.627056817524135</ele>
        <time>2026-10-05T10:18:39Z</time>
        <extensions>
          <gpxtpx:TrackPointExtension>
            <gpxtpx:hr>109</gpxtpx:hr>
          </gpxtpx:TrackPointExtension>
        </extensions>
      </trkpt>
      <trkpt lat="1.3996728636684113" lon="103.8839111026334">
        <ele>7.590625056996942</ele>
        <time>2026-10-05T10:18:40Z</time>
        <extensions>
          <gpxtpx:TrackPointExtension>
            <gpxtpx:hr>109</gpxtpx:hr>
          </gpxtpx:TrackPointExtension>
        </extensions>
      </trkpt>
      <trkpt lat="1.399673768954889" lon="103.88389797251513">
        <ele>7.557976161129773</ele>
        <time>2026-10-05T10:18:41Z</time>
        <extensions>
          <gpxtpx:TrackPointExtension>
            <gpxtpx:hr>109</gpxtpx:hr>
          </gpxtpx:TrackPointExtension>
        </extensions>
      </trkpt>
      <trkpt lat="1.3996743608516655" lon="103.88388468766293">
        <ele>7.529517215676606</ele>
        <time>2026-10-05T10:18:42Z</time>
        <extensions>
          <gpxtpx:TrackPointExtension>
            <gpxtpx:hr>109</gpxtpx:hr>
          </gpxtpx:TrackPointExtension>
        </extensions>
      </trkpt>
      <trkpt lat="1.3996747547287278" lon="103.88387128816329">
        <ele>7.50551666598767</ele>
        <time>2026-10-05T10:18:43Z</time>
        <extensions>
          <gpxtpx:TrackPointExtension>
            <gpxtpx:hr>109</gpxtpx:hr>
          </gpxtpx:TrackPointExtension>
        </extensions>
      </trkpt>
      <trkpt lat="1.3996750544090446" lon="103.88385784940071">
        <ele>7.485871121287346</ele>
        <time>2026-10-05T10:18:44Z</time>
        <extensions>
          <gpxtpx:TrackPointExtension>
            <gpxtpx:hr>109</gpxtpx:hr>
          </gpxtpx:TrackPointExtension>
        </extensions>
      </trkpt>
      <trkpt lat="1.3996753579587669" lon="103.88384437542977">
        <ele>7.4700348591431975</ele>
        <time>2026-10-05T10:18:45Z</time>
        <extensions>
          <gpxtpx:TrackPointExtension>
            <gpxtpx:hr>108</gpxtpx:hr>
          </gpxtpx:TrackPointExtension>
        </extensions>
      </trkpt>
      <trkpt lat="1.3996757726716065" lon="103.88383089646139">
        <ele>7.457278513349593</ele>
        <time>2026-10-05T10:18:46Z</time>
        <extensions>
          <gpxtpx:TrackPointExtension>
            <gpxtpx:hr>108</gpxtpx:hr>
          </gpxtpx:TrackPointExtension>
        </extensions>
      </trkpt>
      <trkpt lat="1.3996762575530213" lon="103.88381742466414">
        <ele>7.447035977616906</ele>
        <time>2026-10-05T10:18:47Z</time>
        <extensions>
          <gpxtpx:TrackPointExtension>
            <gpxtpx:hr>108</gpxtpx:hr>
          </gpxtpx:TrackPointExtension>
        </extensions>
      </trkpt>
      <trkpt lat="1.3996766901614397" lon="103.88380397208627">
        <ele>7.439048981294036</ele>
        <time>2026-10-05T10:18:48Z</time>
        <extensions>
          <gpxtpx:TrackPointExtension>
            <gpxtpx:hr>108</gpxtpx:hr>
          </gpxtpx:TrackPointExtension>
        </extensions>
      </trkpt>
      <trkpt lat="1.3996770038520514" lon="103.88379050997996">
        <ele>7.433342306874692</ele>
        <time>2026-10-05T10:18:49Z</time>
        <extensions>
          <gpxtpx:TrackPointExtension>
            <gpxtpx:hr>108</gpxtpx:hr>
          </gpxtpx:TrackPointExtension>
        </extensions>
      </trkpt>
      <trkpt lat="1.399677157530072" lon="103.88377707704286">
        <ele>7.430133616551757</ele>
        <time>2026-10-05T10:18:50Z</time>
        <extensions>
          <gpxtpx:TrackPointExtension>
            <gpxtpx:hr>108</gpxtpx:hr>
          </gpxtpx:TrackPointExtension>
        </extensions>
      </trkpt>
      <trkpt lat="1.3996771198700348" lon="103.88376369248282">
        <ele>7.429719869978726</ele>
        <time>2026-10-05T10:18:51Z</time>
        <extensions>
          <gpxtpx:TrackPointExtension>
            <gpxtpx:hr>108</gpxtpx:hr>
          </gpxtpx:TrackPointExtension>
        </extensions>
      </trkpt>
      <trkpt lat="1.3996768889122098" lon="103.88375038625273">
        <ele>7.432357703335583</ele>
        <time>2026-10-05T10:18:52Z</time>
        <extensions>
          <gpxtpx:TrackPointExtension>
            <gpxtpx:hr>108</gpxtpx:hr>
          </gpxtpx:TrackPointExtension>
        </extensions>
      </trkpt>
      <trkpt lat="1.3996764340895604" lon="103.88373714612415">
        <ele>7.43820221722126</ele>
        <time>2026-10-05T10:18:53Z</time>
        <extensions>
          <gpxtpx:TrackPointExtension>
            <gpxtpx:hr>106</gpxtpx:hr>
          </gpxtpx:TrackPointExtension>
        </extensions>
      </trkpt>
      <trkpt lat="1.399675737981357" lon="103.88372401521288">
        <ele>7.447304864414036</ele>
        <time>2026-10-05T10:18:54Z</time>
        <extensions>
          <gpxtpx:TrackPointExtension>
            <gpxtpx:hr>106</gpxtpx:hr>
          </gpxtpx:TrackPointExtension>
        </extensions>
      </trkpt>
      <trkpt lat="1.3996748119532842" lon="103.88371103113116">
        <ele>7.459595089778304</ele>
        <time>2026-10-05T10:18:55Z</time>
        <extensions>
          <gpxtpx:TrackPointExtension>
            <gpxtpx:hr>106</gpxtpx:hr>
          </gpxtpx:TrackPointExtension>
        </extensions>
      </trkpt>
      <trkpt lat="1.3996736959933647" lon="103.88369821849885">
        <ele>7.474811002612114</ele>
        <time>2026-10-05T10:18:56Z</time>
        <extensions>
          <gpxtpx:TrackPointExtension>
            <gpxtpx:hr>106</gpxtpx:hr>
          </gpxtpx:TrackPointExtension>
        </extensions>
      </trkpt>
      <trkpt lat="1.399672422451933" lon="103.88368560561726">
        <ele>7.492392651736736</ele>
        <time>2026-10-05T10:18:57Z</time>
        <extensions>
          <gpxtpx:TrackPointExtension>
            <gpxtpx:hr>106</gpxtpx:hr>
          </gpxtpx:TrackPointExtension>
        </extensions>
      </trkpt>
      <trkpt lat="1.3996710331520852" lon="103.88367323416452">
        <ele>7.511412028223276</ele>
        <time>2026-10-05T10:18:58Z</time>
        <extensions>
          <gpxtpx:TrackPointExtension>
            <gpxtpx:hr>106</gpxtpx:hr>
          </gpxtpx:TrackPointExtension>
        </extensions>
      </trkpt>
      <trkpt lat="1.399669573998008" lon="103.88366114969833">
        <ele>7.530576491728425</ele>
        <time>2026-10-05T10:18:59Z</time>
        <extensions>
          <gpxtpx:TrackPointExtension>
            <gpxtpx:hr>106</gpxtpx:hr>
          </gpxtpx:TrackPointExtension>
        </extensions>
      </trkpt>
      <trkpt lat="1.399668093841971" lon="103.88364942754149">
        <ele>7.548300376161933</ele>
        <time>2026-10-05T10:19:00Z</time>
        <extensions>
          <gpxtpx:TrackPointExtension>
            <gpxtpx:hr>105</gpxtpx:hr>
          </gpxtpx:TrackPointExtension>
        </extensions>
      </trkpt>
      <trkpt lat="1.3996666281022918" lon="103.88363805947628">
        <ele>7.562904270365834</ele>
        <time>2026-10-05T10:19:01Z</time>
        <extensions>
          <gpxtpx:TrackPointExtension>
            <gpxtpx:hr>105</gpxtpx:hr>
          </gpxtpx:TrackPointExtension>
        </extensions>
      </trkpt>
      <trkpt lat="1.3996651792452752" lon="103.88362690722312">
        <ele>7.572917822748423</ele>
        <time>2026-10-05T10:19:02Z</time>
        <extensions>
          <gpxtpx:TrackPointExtension>
            <gpxtpx:hr>105</gpxtpx:hr>
          </gpxtpx:TrackPointExtension>
        </extensions>
      </trkpt>
      <trkpt lat="1.3996637309231572" lon="103.88361585570246">
        <ele>7.577344759367406</ele>
        <time>2026-10-05T10:19:03Z</time>
        <extensions>
          <gpxtpx:TrackPointExtension>
            <gpxtpx:hr>105</gpxtpx:hr>
          </gpxtpx:TrackPointExtension>
        </extensions>
      </trkpt>
      <trkpt lat="1.3996622826920944" lon="103.8836048197036">
        <ele>7.575863488949835</ele>
        <time>2026-10-05T10:19:04Z</time>
        <extensions>
          <gpxtpx:TrackPointExtension>
            <gpxtpx:hr>105</gpxtpx:hr>
          </gpxtpx:TrackPointExtension>
        </extensions>
      </trkpt>
      <trkpt lat="1.3996608143411038" lon="103.88359370806087">
        <ele>7.568926943466067</ele>
        <time>2026-10-05T10:19:05Z</time>
        <extensions>
          <gpxtpx:TrackPointExtension>
            <gpxtpx:hr>105</gpxtpx:hr>
          </gpxtpx:TrackPointExtension>
        </extensions>
      </trkpt>
      <trkpt lat="1.3996593195598508" lon="103.88358248842674">
        <ele>7.557584282010794</ele>
        <time>2026-10-05T10:19:06Z</time>
        <extensions>
          <gpxtpx:TrackPointExtension>
            <gpxtpx:hr>104</gpxtpx:hr>
          </gpxtpx:TrackPointExtension>
        </extensions>
      </trkpt>
      <trkpt lat="1.3996577989976002" lon="103.88357120799222">
        <ele>7.54311353340745</ele>
        <time>2026-10-05T10:19:07Z</time>
        <extensions>
          <gpxtpx:TrackPointExtension>
            <gpxtpx:hr>104</gpxtpx:hr>
          </gpxtpx:TrackPointExtension>
        </extensions>
      </trkpt>
      <trkpt lat="1.3996562658954466" lon="103.88355997045515">
        <ele>7.526785125955939</ele>
        <time>2026-10-05T10:19:08Z</time>
        <extensions>
          <gpxtpx:TrackPointExtension>
            <gpxtpx:hr>104</gpxtpx:hr>
          </gpxtpx:TrackPointExtension>
        </extensions>
      </trkpt>
      <trkpt lat="1.3996547249246194" lon="103.88354888054513">
        <ele>7.509865069761872</ele>
        <time>2026-10-05T10:19:09Z</time>
        <extensions>
          <gpxtpx:TrackPointExtension>
            <gpxtpx:hr>104</gpxtpx:hr>
          </gpxtpx:TrackPointExtension>
        </extensions>
      </trkpt>
      <trkpt lat="1.399653167452326" lon="103.8835380481848">
        <ele>7.493676054291427</ele>
        <time>2026-10-05T10:19:10Z</time>
        <extensions>
          <gpxtpx:TrackPointExtension>
            <gpxtpx:hr>104</gpxtpx:hr>
          </gpxtpx:TrackPointExtension>
        </extensions>
      </trkpt>
      <trkpt lat="1.3996515853137734" lon="103.88352760474628">
        <ele>7.479504439048469</ele>
        <time>2026-10-05T10:19:11Z</time>
        <extensions>
          <gpxtpx:TrackPointExtension>
            <gpxtpx:hr>104</gpxtpx:hr>
          </gpxtpx:TrackPointExtension>
        </extensions>
      </trkpt>
      <trkpt lat="1.3996500212696035" lon="103.88351765972584">
        <ele>7.468335605226457</ele>
        <time>2026-10-05T10:19:12Z</time>
        <extensions>
          <gpxtpx:TrackPointExtension>
            <gpxtpx:hr>104</gpxtpx:hr>
          </gpxtpx:TrackPointExtension>
        </extensions>
      </trkpt>
      <trkpt lat="1.3996485771645937" lon="103.88350831537933">
        <ele>7.460608861409128</ele>
        <time>2026-10-05T10:19:13Z</time>
        <extensions>
          <gpxtpx:TrackPointExtension>
            <gpxtpx:hr>104</gpxtpx:hr>
          </gpxtpx:TrackPointExtension>
        </extensions>
      </trkpt>
      <trkpt lat="1.3996473491293833" lon="103.88349973852795">
        <ele>7.456121079623699</ele>
        <time>2026-10-05T10:19:14Z</time>
        <extensions>
          <gpxtpx:TrackPointExtension>
            <gpxtpx:hr>104</gpxtpx:hr>
          </gpxtpx:TrackPointExtension>
        </extensions>
      </trkpt>
      <trkpt lat="1.3996464292429387" lon="103.88349219040654">
        <ele>7.454022309742868</ele>
        <time>2026-10-05T10:19:15Z</time>
        <extensions>
          <gpxtpx:TrackPointExtension>
            <gpxtpx:hr>108</gpxtpx:hr>
          </gpxtpx:TrackPointExtension>
        </extensions>
      </trkpt>
      <trkpt lat="1.399645943918169" lon="103.88348594775036">
        <ele>7.452975758351386</ele>
        <time>2026-10-05T10:19:16Z</time>
        <extensions>
          <gpxtpx:TrackPointExtension>
            <gpxtpx:hr>108</gpxtpx:hr>
          </gpxtpx:TrackPointExtension>
        </extensions>
      </trkpt>
      <trkpt lat="1.399645922337023" lon="103.88348100224674">
        <ele>7.451525184325874</ele>
        <time>2026-10-05T10:19:17Z</time>
        <extensions>
          <gpxtpx:TrackPointExtension>
            <gpxtpx:hr>108</gpxtpx:hr>
          </gpxtpx:TrackPointExtension>
        </extensions>
      </trkpt>
      <trkpt lat="1.3996462642626075" lon="103.88347713626594">
        <ele>7.448448256589472</ele>
        <time>2026-10-05T10:19:18Z</time>
        <extensions>
          <gpxtpx:TrackPointExtension>
            <gpxtpx:hr>108</gpxtpx:hr>
          </gpxtpx:TrackPointExtension>
        </extensions>
      </trkpt>
      <trkpt lat="1.399646872876613" lon="103.88347417519441">
        <ele>7.442960863932967</ele>
        <time>2026-10-05T10:19:19Z</time>
        <extensions>
          <gpxtpx:TrackPointExtension>
            <gpxtpx:hr>108</gpxtpx:hr>
          </gpxtpx:TrackPointExtension>
        </extensions>
      </trkpt>
      <trkpt lat="1.3996476997065133" lon="103.88347202487526">
        <ele>7.434824960306287</ele>
        <time>2026-10-05T10:19:20Z</time>
        <extensions>
          <gpxtpx:TrackPointExtension>
            <gpxtpx:hr>108</gpxtpx:hr>
          </gpxtpx:TrackPointExtension>
        </extensions>
      </trkpt>
      <trkpt lat="1.3996487067926298" lon="103.8834705978591">
        <ele>7.424300825223327</ele>
        <time>2026-10-05T10:19:21Z</time>
        <extensions>
          <gpxtpx:TrackPointExtension>
            <gpxtpx:hr>108</gpxtpx:hr>
          </gpxtpx:TrackPointExtension>
        </extensions>
      </trkpt>
      <trkpt lat="1.3996498426315553" lon="103.88346976544437">
        <ele>7.411909970454872</ele>
        <time>2026-10-05T10:19:22Z</time>
        <extensions>
          <gpxtpx:TrackPointExtension>
            <gpxtpx:hr>106</gpxtpx:hr>
          </gpxtpx:TrackPointExtension>
        </extensions>
      </trkpt>
      <trkpt lat="1.399651078964913" lon="103.88346946281567">
        <ele>7.3982041804119945</ele>
        <time>2026-10-05T10:19:23Z</time>
        <extensions>
          <gpxtpx:TrackPointExtension>
            <gpxtpx:hr>106</gpxtpx:hr>
          </gpxtpx:TrackPointExtension>
        </extensions>
      </trkpt>
      <trkpt lat="1.3996523767476214" lon="103.88346957445816">
        <ele>7.383674377575517</ele>
        <time>2026-10-05T10:19:24Z</time>
        <extensions>
          <gpxtpx:TrackPointExtension>
            <gpxtpx:hr>106</gpxtpx:hr>
          </gpxtpx:TrackPointExtension>
        </extensions>
      </trkpt>
      <trkpt lat="1.3996537086064464" lon="103.88347000625355">
        <ele>7.368743480183184</ele>
        <time>2026-10-05T10:19:25Z</time>
        <extensions>
          <gpxtpx:TrackPointExtension>
            <gpxtpx:hr>107</gpxtpx:hr>
          </gpxtpx:TrackPointExtension>
        </extensions>
      </trkpt>
      <trkpt lat="1.399655048093653" lon="103.88347067009119">
        <ele>7.353781613521278</ele>
        <time>2026-10-05T10:19:26Z</time>
        <extensions>
          <gpxtpx:TrackPointExtension>
            <gpxtpx:hr>107</gpxtpx:hr>
          </gpxtpx:TrackPointExtension>
        </extensions>
      </trkpt>
      <trkpt lat="1.3996563736933718" lon="103.88347149643498">
        <ele>7.339127657935023</ele>
        <time>2026-10-05T10:19:27Z</time>
        <extensions>
          <gpxtpx:TrackPointExtension>
            <gpxtpx:hr>107</gpxtpx:hr>
          </gpxtpx:TrackPointExtension>
        </extensions>
      </trkpt>
      <trkpt lat="1.3996576644333225" lon="103.88347241506305">
        <ele>7.325107866898179</ele>
        <time>2026-10-05T10:19:28Z</time>
        <extensions>
          <gpxtpx:TrackPointExtension>
            <gpxtpx:hr>107</gpxtpx:hr>
          </gpxtpx:TrackPointExtension>
        </extensions>
      </trkpt>
      <trkpt lat="1.3996589009867813" lon="103.88347336311307">
        <ele>7.3120444770902395</ele>
        <time>2026-10-05T10:19:29Z</time>
        <extensions>
          <gpxtpx:TrackPointExtension>
            <gpxtpx:hr>104</gpxtpx:hr>
          </gpxtpx:TrackPointExtension>
        </extensions>
      </trkpt>
      <trkpt lat="1.3996600737654308" lon="103.88347430989407">
        <ele>7.3002472864463925</ele>
        <time>2026-10-05T10:19:30Z</time>
        <extensions>
          <gpxtpx:TrackPointExtension>
            <gpxtpx:hr>104</gpxtpx:hr>
          </gpxtpx:TrackPointExtension>
        </extensions>
      </trkpt>
      <trkpt lat="1.3996611763413578" lon="103.88347522778741">
        <ele>7.289984120987356</ele>
        <time>2026-10-05T10:19:31Z</time>
        <extensions>
          <gpxtpx:TrackPointExtension>
            <gpxtpx:hr>104</gpxtpx:hr>
          </gpxtpx:TrackPointExtension>
        </extensions>
      </trkpt>
      <trkpt lat="1.3996622016446714" lon="103.88347608636379">
        <ele>7.2814226765185595</ele>
        <time>2026-10-05T10:19:32Z</time>
        <extensions>
          <gpxtpx:TrackPointExtension>
            <gpxtpx:hr>104</gpxtpx:hr>
          </gpxtpx:TrackPointExtension>
        </extensions>
      </trkpt>
      <trkpt lat="1.3996631428614503" lon="103.88347685723066">
        <ele>7.274571165442467</ele>
        <time>2026-10-05T10:19:33Z</time>
        <extensions>
          <gpxtpx:TrackPointExtension>
            <gpxtpx:hr>104</gpxtpx:hr>
          </gpxtpx:TrackPointExtension>
        </extensions>
      </trkpt>
      <trkpt lat="1.3996639865392349" lon="103.8834774977104">
        <ele>7.269272777251899</ele>
        <time>2026-10-05T10:19:34Z</time>
        <extensions>
          <gpxtpx:TrackPointExtension>
            <gpxtpx:hr>104</gpxtpx:hr>
          </gpxtpx:TrackPointExtension>
        </extensions>
      </trkpt>
      <trkpt lat="1.3996647402837992" lon="103.8834780230176">
        <ele>7.26523947250098</ele>
        <time>2026-10-05T10:19:35Z</time>
        <extensions>
          <gpxtpx:TrackPointExtension>
            <gpxtpx:hr>104</gpxtpx:hr>
          </gpxtpx:TrackPointExtension>
        </extensions>
      </trkpt>
      <trkpt lat="1.3996654060410212" lon="103.88347843017675">
        <ele>7.262104941532016</ele>
        <time>2026-10-05T10:19:36Z</time>
        <extensions>
          <gpxtpx:TrackPointExtension>
            <gpxtpx:hr>105</gpxtpx:hr>
          </gpxtpx:TrackPointExtension>
        </extensions>
      </trkpt>
      <trkpt lat="1.3996659571454504" lon="103.88347864716695">
        <ele>7.259514240548015</ele>
        <time>2026-10-05T10:19:37Z</time>
        <extensions>
          <gpxtpx:TrackPointExtension>
            <gpxtpx:hr>105</gpxtpx:hr>
          </gpxtpx:TrackPointExtension>
        </extensions>
      </trkpt>
      <trkpt lat="1.399666371032026" lon="103.88347862312224">
        <ele>7.257216919213533</ele>
        <time>2026-10-05T10:19:38Z</time>
        <extensions>
          <gpxtpx:TrackPointExtension>
            <gpxtpx:hr>105</gpxtpx:hr>
          </gpxtpx:TrackPointExtension>
        </extensions>
      </trkpt>
      <trkpt lat="1.399666664736401" lon="103.8834783917287">
        <ele>7.255089468322694</ele>
        <time>2026-10-05T10:19:39Z</time>
        <extensions>
          <gpxtpx:TrackPointExtension>
            <gpxtpx:hr>105</gpxtpx:hr>
          </gpxtpx:TrackPointExtension>
        </extensions>
      </trkpt>
      <trkpt lat="1.399666845844208" lon="103.88347795732885">
        <ele>7.253102263435721</ele>
        <time>2026-10-05T10:19:40Z</time>
        <extensions>
          <gpxtpx:TrackPointExtension>
            <gpxtpx:hr>105</gpxtpx:hr>
          </gpxtpx:TrackPointExtension>
        </extensions>
      </trkpt>
      <trkpt lat="1.3996668906954708" lon="103.88347726070855">
        <ele>7.251277753151953</ele>
        <time>2026-10-05T10:19:41Z</time>
        <extensions>
          <gpxtpx:TrackPointExtension>
            <gpxtpx:hr>105</gpxtpx:hr>
          </gpxtpx:TrackPointExtension>
        </extensions>
      </trkpt>
      <trkpt lat="1.3996667893686958" lon="103.88347629652856">
        <ele>7.2495892671868205</ele>
        <time>2026-10-05T10:19:42Z</time>
        <extensions>
          <gpxtpx:TrackPointExtension>
            <gpxtpx:hr>105</gpxtpx:hr>
          </gpxtpx:TrackPointExtension>
        </extensions>
      </trkpt>
      <trkpt lat="1.3996666412045384" lon="103.88347531403006">
        <ele>7.2478975132107735</ele>
        <time>2026-10-05T10:19:43Z</time>
        <extensions>
          <gpxtpx:TrackPointExtension>
            <gpxtpx:hr>105</gpxtpx:hr>
          </gpxtpx:TrackPointExtension>
        </extensions>
      </trkpt>
      <trkpt lat="1.3996665871482734" lon="103.88347462518476">
        <ele>7.245874452404678</ele>
        <time>2026-10-05T10:19:44Z</time>
        <extensions>
          <gpxtpx:TrackPointExtension>
            <gpxtpx:hr>105</gpxtpx:hr>
          </gpxtpx:TrackPointExtension>
        </extensions>
      </trkpt>
      <trkpt lat="1.3996666183439603" lon="103.88347424005227">
        <ele>7.243047600612044</ele>
        <time>2026-10-05T10:19:45Z</time>
        <extensions>
          <gpxtpx:TrackPointExtension>
            <gpxtpx:hr>109</gpxtpx:hr>
          </gpxtpx:TrackPointExtension>
        </extensions>
      </trkpt>
      <trkpt lat="1.3996667008492287" lon="103.88347409852595">
        <ele>7.238715221174061</ele>
        <time>2026-10-05T10:19:46Z</time>
        <extensions>
          <gpxtpx:TrackPointExtension>
            <gpxtpx:hr>109</gpxtpx:hr>
          </gpxtpx:TrackPointExtension>
        </extensions>
      </trkpt>
      <trkpt lat="1.399666793290821" lon="103.88347412372408">
        <ele>7.231967671774328</ele>
        <time>2026-10-05T10:19:47Z</time>
        <extensions>
          <gpxtpx:TrackPointExtension>
            <gpxtpx:hr>109</gpxtpx:hr>
          </gpxtpx:TrackPointExtension>
        </extensions>
      </trkpt>
      <trkpt lat="1.3996668621294446" lon="103.88347425595217">
        <ele>7.221678012050688</ele>
        <time>2026-10-05T10:19:48Z</time>
        <extensions>
          <gpxtpx:TrackPointExtension>
            <gpxtpx:hr>109</gpxtpx:hr>
          </gpxtpx:TrackPointExtension>
        </extensions>
      </trkpt>
      <trkpt lat="1.3996668925380182" lon="103.88347448526245">
        <ele>7.206428399309516</ele>
        <time>2026-10-05T10:19:49Z</time>
        <extensions>
          <gpxtpx:TrackPointExtension>
            <gpxtpx:hr>109</gpxtpx:hr>
          </gpxtpx:TrackPointExtension>
        </extensions>
      </trkpt>
      <trkpt lat="1.399666877251406" lon="103.88347482858143">
        <ele>7.184505951590836</ele>
        <time>2026-10-05T10:19:50Z</time>
        <extensions>
          <gpxtpx:TrackPointExtension>
            <gpxtpx:hr>109</gpxtpx:hr>
          </gpxtpx:TrackPointExtension>
        </extensions>
      </trkpt>
      <trkpt lat="1.3996667785932146" lon="103.88347524263924">
        <ele>7.153867345303297</ele>
        <time>2026-10-05T10:19:51Z</time>
        <extensions>
          <gpxtpx:TrackPointExtension>
            <gpxtpx:hr>109</gpxtpx:hr>
          </gpxtpx:TrackPointExtension>
        </extensions>
      </trkpt>
      <trkpt lat="1.3996665763019236" lon="103.8834757294676">
        <ele>7.112285081297159</ele>
        <time>2026-10-05T10:19:52Z</time>
        <extensions>
          <gpxtpx:TrackPointExtension>
            <gpxtpx:hr>108</gpxtpx:hr>
          </gpxtpx:TrackPointExtension>
        </extensions>
      </trkpt>
      <trkpt lat="1.3996663204582023" lon="103.883476276883">
        <ele>7.057705314829946</ele>
        <time>2026-10-05T10:19:53Z</time>
        <extensions>
          <gpxtpx:TrackPointExtension>
            <gpxtpx:hr>108</gpxtpx:hr>
          </gpxtpx:TrackPointExtension>
        </extensions>
      </trkpt>
      <trkpt lat="1.399666028479117" lon="103.88347682041736">
        <ele>6.987819897010922</ele>
        <time>2026-10-05T10:19:54Z</time>
        <extensions>
          <gpxtpx:TrackPointExtension>
            <gpxtpx:hr>108</gpxtpx:hr>
          </gpxtpx:TrackPointExtension>
        </extensions>
      </trkpt>
      <trkpt lat="1.3996657068902814" lon="103.88347736143707">
        <ele>6.900370663031936</ele>
        <time>2026-10-05T10:19:55Z</time>
        <extensions>
          <gpxtpx:TrackPointExtension>
            <gpxtpx:hr>108</gpxtpx:hr>
          </gpxtpx:TrackPointExtension>
        </extensions>
      </trkpt>
      <trkpt lat="1.3996653699615487" lon="103.88347790670785">
        <ele>6.795883295126259</ele>
        <time>2026-10-05T10:19:56Z</time>
        <extensions>
          <gpxtpx:TrackPointExtension>
            <gpxtpx:hr>103</gpxtpx:hr>
          </gpxtpx:TrackPointExtension>
        </extensions>
      </trkpt>
      <trkpt lat="1.3996650242453006" lon="103.88347841985436">
        <ele>6.677487012930214</ele>
        <time>2026-10-05T10:19:57Z</time>
        <extensions>
          <gpxtpx:TrackPointExtension>
            <gpxtpx:hr>103</gpxtpx:hr>
          </gpxtpx:TrackPointExtension>
        </extensions>
      </trkpt>
      <trkpt lat="1.3996646793147156" lon="103.88347889576416">
        <ele>6.55146193690598</ele>
        <time>2026-10-05T10:19:58Z</time>
        <extensions>
          <gpxtpx:TrackPointExtension>
            <gpxtpx:hr>103</gpxtpx:hr>
          </gpxtpx:TrackPointExtension>
        </extensions>
      </trkpt>
      <trkpt lat="1.3996643202220571" lon="103.88347927093773">
        <ele>6.42307273298502</ele>
        <time>2026-10-05T10:19:59Z</time>
        <extensions>
          <gpxtpx:TrackPointExtension>
            <gpxtpx:hr>103</gpxtpx:hr>
          </gpxtpx:TrackPointExtension>
        </extensions>
      </trkpt>
      <trkpt lat="1.3996639426921005" lon="103.88347952504022">
        <ele>6.2963736820966005</ele>
        <time>2026-10-05T10:20:00Z</time>
        <extensions>
          <gpxtpx:TrackPointExtension>
            <gpxtpx:hr>103</gpxtpx:hr>
          </gpxtpx:TrackPointExtension>
        </extensions>
      </trkpt>
      <trkpt lat="1.399663553446998" lon="103.88347965890597">
        <ele>6.173333561047912</ele>
        <time>2026-10-05T10:20:01Z</time>
        <extensions>
          <gpxtpx:TrackPointExtension>
            <gpxtpx:hr>101</gpxtpx:hr>
          </gpxtpx:TrackPointExtension>
        </extensions>
      </trkpt>
      <trkpt lat="1.3996631442192513" lon="103.8834796439082">
        <ele>6.056086236611009</ele>
        <time>2026-10-05T10:20:02Z</time>
        <extensions>
          <gpxtpx:TrackPointExtension>
            <gpxtpx:hr>101</gpxtpx:hr>
          </gpxtpx:TrackPointExtension>
        </extensions>
      </trkpt>
      <trkpt lat="1.3996626985903695" lon="103.88347942733822">
        <ele>5.9456626027822495</ele>
        <time>2026-10-05T10:20:03Z</time>
        <extensions>
          <gpxtpx:TrackPointExtension>
            <gpxtpx:hr>101</gpxtpx:hr>
          </gpxtpx:TrackPointExtension>
        </extensions>
      </trkpt>
      <trkpt lat="1.3996621872644517" lon="103.88347892928641">
        <ele>5.842023112811148</ele>
        <time>2026-10-05T10:20:04Z</time>
        <extensions>
          <gpxtpx:TrackPointExtension>
            <gpxtpx:hr>101</gpxtpx:hr>
          </gpxtpx:TrackPointExtension>
        </extensions>
      </trkpt>
      <trkpt lat="1.3996615665702778" lon="103.88347806295944">
        <ele>5.7459780825302005</ele>
        <time>2026-10-05T10:20:05Z</time>
        <extensions>
          <gpxtpx:TrackPointExtension>
            <gpxtpx:hr>101</gpxtpx:hr>
          </gpxtpx:TrackPointExtension>
        </extensions>
      </trkpt>
      <trkpt lat="1.3996607807715873" lon="103.88347673745321">
        <ele>5.656635198742151</ele>
        <time>2026-10-05T10:20:06Z</time>
        <extensions>
          <gpxtpx:TrackPointExtension>
            <gpxtpx:hr>101</gpxtpx:hr>
          </gpxtpx:TrackPointExtension>
        </extensions>
      </trkpt>
      <trkpt lat="1.3996598484936242" lon="103.88347504045781">
        <ele>5.575730041600764</ele>
        <time>2026-10-05T10:20:07Z</time>
        <extensions>
          <gpxtpx:TrackPointExtension>
            <gpxtpx:hr>101</gpxtpx:hr>
          </gpxtpx:TrackPointExtension>
        </extensions>
      </trkpt>
      <trkpt lat="1.399658922550019" lon="103.8834732738426">
        <ele>5.480520663782954</ele>
        <time>2026-10-05T10:20:08Z</time>
        <extensions>
          <gpxtpx:TrackPointExtension>
            <gpxtpx:hr>101</gpxtpx:hr>
          </gpxtpx:TrackPointExtension>
        </extensions>
      </trkpt>
      <trkpt lat="1.3996581821687415" lon="103.88347174702565">
        <ele>5.39036869071424</ele>
        <time>2026-10-05T10:20:09Z</time>
        <extensions>
          <gpxtpx:TrackPointExtension>
            <gpxtpx:hr>101</gpxtpx:hr>
          </gpxtpx:TrackPointExtension>
        </extensions>
      </trkpt>
      <trkpt lat="1.3996576900847193" lon="103.88347062071912">
        <ele>5.305057778023183</ele>
        <time>2026-10-05T10:20:10Z</time>
        <extensions>
          <gpxtpx:TrackPointExtension>
            <gpxtpx:hr>100</gpxtpx:hr>
          </gpxtpx:TrackPointExtension>
        </extensions>
      </trkpt>
      <trkpt lat="1.3996574171568044" lon="103.88346990694687">
        <ele>5.224176850169897</ele>
        <time>2026-10-05T10:20:11Z</time>
        <extensions>
          <gpxtpx:TrackPointExtension>
            <gpxtpx:hr>100</gpxtpx:hr>
          </gpxtpx:TrackPointExtension>
        </extensions>
      </trkpt>
      <trkpt lat="1.3996573305935294" lon="103.88346956473704">
        <ele>5.147116573527455</ele>
        <time>2026-10-05T10:20:12Z</time>
        <extensions>
          <gpxtpx:TrackPointExtension>
            <gpxtpx:hr>100</gpxtpx:hr>
          </gpxtpx:TrackPointExtension>
        </extensions>
      </trkpt>
      <trkpt lat="1.3996573972009076" lon="103.88346952748473">
        <ele>5.073096097446978</ele>
        <time>2026-10-05T10:20:13Z</time>
        <extensions>
          <gpxtpx:TrackPointExtension>
            <gpxtpx:hr>100</gpxtpx:hr>
          </gpxtpx:TrackPointExtension>
        </extensions>
      </trkpt>
      <trkpt lat="1.3996575887184823" lon="103.88346974133788">
        <ele>5.001213959418237</ele>
        <time>2026-10-05T10:20:14Z</time>
        <extensions>
          <gpxtpx:TrackPointExtension>
            <gpxtpx:hr>100</gpxtpx:hr>
          </gpxtpx:TrackPointExtension>
        </extensions>
      </trkpt>
      <trkpt lat="1.3996578840642346" lon="103.88347017880612">
        <ele>4.930510842241347</ele>
        <time>2026-10-05T10:20:15Z</time>
        <extensions>
          <gpxtpx:TrackPointExtension>
            <gpxtpx:hr>102</gpxtpx:hr>
          </gpxtpx:TrackPointExtension>
        </extensions>
      </trkpt>
      <trkpt lat="1.3996582632475987" lon="103.88347080599293">
        <ele>4.860065654851496</ele>
        <time>2026-10-05T10:20:16Z</time>
        <extensions>
          <gpxtpx:TrackPointExtension>
            <gpxtpx:hr>102</gpxtpx:hr>
          </gpxtpx:TrackPointExtension>
        </extensions>
      </trkpt>
      <trkpt lat="1.3996587072602324" lon="103.88347158177797">
        <ele>4.789080080576241</ele>
        <time>2026-10-05T10:20:17Z</time>
        <extensions>
          <gpxtpx:TrackPointExtension>
            <gpxtpx:hr>102</gpxtpx:hr>
          </gpxtpx:TrackPointExtension>
        </extensions>
      </trkpt>
      <trkpt lat="1.3996591985203939" lon="103.88347246245162">
        <ele>4.716878036037087</ele>
        <time>2026-10-05T10:20:18Z</time>
        <extensions>
          <gpxtpx:TrackPointExtension>
            <gpxtpx:hr>102</gpxtpx:hr>
          </gpxtpx:TrackPointExtension>
        </extensions>
      </trkpt>
      <trkpt lat="1.3996597223028013" lon="103.88347341059018">
        <ele>4.642861022613943</ele>
        <time>2026-10-05T10:20:19Z</time>
        <extensions>
          <gpxtpx:TrackPointExtension>
            <gpxtpx:hr>102</gpxtpx:hr>
          </gpxtpx:TrackPointExtension>
        </extensions>
      </trkpt>
      <trkpt lat="1.3996602664984703" lon="103.88347439210986">
        <ele>4.566471565514803</ele>
        <time>2026-10-05T10:20:20Z</time>
        <extensions>
          <gpxtpx:TrackPointExtension>
            <gpxtpx:hr>102</gpxtpx:hr>
          </gpxtpx:TrackPointExtension>
        </extensions>
      </trkpt>
      <trkpt lat="1.3996608211133916" lon="103.88347537745727">
        <ele>4.487171292304993</ele>
        <time>2026-10-05T10:20:21Z</time>
        <extensions>
          <gpxtpx:TrackPointExtension>
            <gpxtpx:hr>102</gpxtpx:hr>
          </gpxtpx:TrackPointExtension>
        </extensions>
      </trkpt>
      <trkpt lat="1.3996613781961071" lon="103.8834763411148">
        <ele>4.4044251050800085</ele>
        <time>2026-10-05T10:20:22Z</time>
        <extensions>
          <gpxtpx:TrackPointExtension>
            <gpxtpx:hr>102</gpxtpx:hr>
          </gpxtpx:TrackPointExtension>
        </extensions>
      </trkpt>
      <trkpt lat="1.3996619313925749" lon="103.88347726044015">
        <ele>4.317687165923417</ele>
        <time>2026-10-05T10:20:23Z</time>
        <extensions>
          <gpxtpx:TrackPointExtension>
            <gpxtpx:hr>102</gpxtpx:hr>
          </gpxtpx:TrackPointExtension>
        </extensions>
      </trkpt>
      <trkpt lat="1.399662474602629" lon="103.8834781129206">
        <ele>4.226387379691005</ele>
        <time>2026-10-05T10:20:24Z</time>
        <extensions>
          <gpxtpx:TrackPointExtension>
            <gpxtpx:hr>102</gpxtpx:hr>
          </gpxtpx:TrackPointExtension>
        </extensions>
      </trkpt>
      <trkpt lat="1.3996630057502064" lon="103.8834788814425">
        <ele>4.129914733581245</ele>
        <time>2026-10-05T10:20:25Z</time>
        <extensions>
          <gpxtpx:TrackPointExtension>
            <gpxtpx:hr>101</gpxtpx:hr>
          </gpxtpx:TrackPointExtension>
        </extensions>
      </trkpt>
      <trkpt lat="1.3996635264173154" lon="103.88347955272373">
        <ele>4.027598785236478</ele>
        <time>2026-10-05T10:20:26Z</time>
        <extensions>
          <gpxtpx:TrackPointExtension>
            <gpxtpx:hr>101</gpxtpx:hr>
          </gpxtpx:TrackPointExtension>
        </extensions>
      </trkpt>
      <trkpt lat="1.3996640315619033" lon="103.88348010241096">
        <ele>3.918698698282242</ele>
        <time>2026-10-05T10:20:27Z</time>
        <extensions>
          <gpxtpx:TrackPointExtension>
            <gpxtpx:hr>101</gpxtpx:hr>
          </gpxtpx:TrackPointExtension>
        </extensions>
      </trkpt>
      <trkpt lat="1.3996645093196007" lon="103.88348049525551">
        <ele>3.8024012483656406</ele>
        <time>2026-10-05T10:20:28Z</time>
        <extensions>
          <gpxtpx:TrackPointExtension>
            <gpxtpx:hr>101</gpxtpx:hr>
          </gpxtpx:TrackPointExtension>
        </extensions>
      </trkpt>
      <trkpt lat="1.3996649464898774" lon="103.88348069228017">
        <ele>3.6778061781078577</ele>
        <time>2026-10-05T10:20:29Z</time>
        <extensions>
          <gpxtpx:TrackPointExtension>
            <gpxtpx:hr>100</gpxtpx:hr>
          </gpxtpx:TrackPointExtension>
        </extensions>
      </trkpt>
      <trkpt lat="1.399665328038339" lon="103.88348064970074">
        <ele>3.543894140049815</ele>
        <time>2026-10-05T10:20:30Z</time>
        <extensions>
          <gpxtpx:TrackPointExtension>
            <gpxtpx:hr>100</gpxtpx:hr>
          </gpxtpx:TrackPointExtension>
        </extensions>
      </trkpt>
      <trkpt lat="1.3996656374160028" lon="103.88348032216257">
        <ele>3.3995738234370947</ele>
        <time>2026-10-05T10:20:31Z</time>
        <extensions>
          <gpxtpx:TrackPointExtension>
            <gpxtpx:hr>100</gpxtpx:hr>
          </gpxtpx:TrackPointExtension>
        </extensions>
      </trkpt>
      <trkpt lat="1.3996658567951037" lon="103.88347966032882">
        <ele>3.243808316066861</ele>
        <time>2026-10-05T10:20:32Z</time>
        <extensions>
          <gpxtpx:TrackPointExtension>
            <gpxtpx:hr>100</gpxtpx:hr>
          </gpxtpx:TrackPointExtension>
        </extensions>
      </trkpt>
      <trkpt lat="1.399665967120381" lon="103.88347861234561">
        <ele>3.075665045529604</ele>
        <time>2026-10-05T10:20:33Z</time>
        <extensions>
          <gpxtpx:TrackPointExtension>
            <gpxtpx:hr>100</gpxtpx:hr>
          </gpxtpx:TrackPointExtension>
        </extensions>
      </trkpt>
      <trkpt lat="1.399665958735365" lon="103.88347721052585">
        <ele>2.8942650873214006</ele>
        <time>2026-10-05T10:20:34Z</time>
        <extensions>
          <gpxtpx:TrackPointExtension>
            <gpxtpx:hr>100</gpxtpx:hr>
          </gpxtpx:TrackPointExtension>
        </extensions>
      </trkpt>
      <trkpt lat="1.3996658981118542" lon="103.88347567077145">
        <ele>2.698717003688216</ele>
        <time>2026-10-05T10:20:35Z</time>
        <extensions>
          <gpxtpx:TrackPointExtension>
            <gpxtpx:hr>100</gpxtpx:hr>
          </gpxtpx:TrackPointExtension>
        </extensions>
      </trkpt>
      <trkpt lat="1.3996658713972978" lon="103.88347419757993">
        <ele>2.488050701096654</ele>
        <time>2026-10-05T10:20:36Z</time>
        <extensions>
          <gpxtpx:TrackPointExtension>
            <gpxtpx:hr>100</gpxtpx:hr>
          </gpxtpx:TrackPointExtension>
        </extensions>
      </trkpt>
      <trkpt lat="1.3996659089403638" lon="103.88347284905724">
        <ele>2.261143796145916</ele>
        <time>2026-10-05T10:20:37Z</time>
        <extensions>
          <gpxtpx:TrackPointExtension>
            <gpxtpx:hr>100</gpxtpx:hr>
          </gpxtpx:TrackPointExtension>
        </extensions>
      </trkpt>
      <trkpt lat="1.3996660189610683" lon="103.88347162499132">
        <ele>2.016731589101255</ele>
        <time>2026-10-05T10:20:38Z</time>
        <extensions>
          <gpxtpx:TrackPointExtension>
            <gpxtpx:hr>100</gpxtpx:hr>
          </gpxtpx:TrackPointExtension>
        </extensions>
      </trkpt>
      <trkpt lat="1.3996662033489928" lon="103.88347051163979">
        <ele>1.7534241853281856</ele>
        <time>2026-10-05T10:20:39Z</time>
        <extensions>
          <gpxtpx:TrackPointExtension>
            <gpxtpx:hr>100</gpxtpx:hr>
          </gpxtpx:TrackPointExtension>
        </extensions>
      </trkpt>
      <trkpt lat="1.3996664769184912" lon="103.88346951769985">
        <ele>1.469626061618328</ele>
        <time>2026-10-05T10:20:40Z</time>
        <extensions>
          <gpxtpx:TrackPointExtension>
            <gpxtpx:hr>104</gpxtpx:hr>
          </gpxtpx:TrackPointExtension>
        </extensions>
      </trkpt>
      <trkpt lat="1.3996668702362967" lon="103.8834686858548">
        <ele>1.1635699877515435</ele>
        <time>2026-10-05T10:20:41Z</time>
        <extensions>
          <gpxtpx:TrackPointExtension>
            <gpxtpx:hr>104</gpxtpx:hr>
          </gpxtpx:TrackPointExtension>
        </extensions>
      </trkpt>
      <trkpt lat="1.3996673839057334" lon="103.88346803494396">
        <ele>0.8333767345175147</ele>
        <time>2026-10-05T10:20:42Z</time>
        <extensions>
          <gpxtpx:TrackPointExtension>
            <gpxtpx:hr>104</gpxtpx:hr>
          </gpxtpx:TrackPointExtension>
        </extensions>
      </trkpt>
      <trkpt lat="1.399667972617244" lon="103.8834675493093">
        <ele>0.4770120121538639</ele>
        <time>2026-10-05T10:20:43Z</time>
        <extensions>
          <gpxtpx:TrackPointExtension>
            <gpxtpx:hr>104</gpxtpx:hr>
          </gpxtpx:TrackPointExtension>
        </extensions>
      </trkpt>
      <trkpt lat="1.399668608686914" lon="103.88346720413293">
        <ele>0.09245343692600727</ele>
        <time>2026-10-05T10:20:44Z</time>
        <extensions>
          <gpxtpx:TrackPointExtension>
            <gpxtpx:hr>104</gpxtpx:hr>
          </gpxtpx:TrackPointExtension>
        </extensions>
      </trkpt>
      <trkpt lat="1.3996692875598575" lon="103.88346695699144">
        <ele>-0.3220253260806203</ele>
        <time>2026-10-05T10:20:45Z</time>
        <extensions>
          <gpxtpx:TrackPointExtension>
            <gpxtpx:hr>103</gpxtpx:hr>
          </gpxtpx:TrackPointExtension>
        </extensions>
      </trkpt>
      <trkpt lat="1.399670006865217" lon="103.88346676979124">
        <ele>-0.7678858544677496</ele>
        <time>2026-10-05T10:20:46Z</time>
        <extensions>
          <gpxtpx:TrackPointExtension>
            <gpxtpx:hr>103</gpxtpx:hr>
          </gpxtpx:TrackPointExtension>
        </extensions>
      </trkpt>
      <trkpt lat="1.3996707471885454" lon="103.88346662831651">
        <ele>-1.2465088944882154</ele>
        <time>2026-10-05T10:20:47Z</time>
        <extensions>
          <gpxtpx:TrackPointExtension>
            <gpxtpx:hr>103</gpxtpx:hr>
          </gpxtpx:TrackPointExtension>
        </extensions>
      </trkpt>
      <trkpt lat="1.399671492067936" lon="103.88346652193255">
        <ele>-1.7592226127162576</ele>
        <time>2026-10-05T10:20:48Z</time>
        <extensions>
          <gpxtpx:TrackPointExtension>
            <gpxtpx:hr>103</gpxtpx:hr>
          </gpxtpx:TrackPointExtension>
        </extensions>
      </trkpt>
      <trkpt lat="1.3996722395453258" lon="103.8834664313654">
        <ele>-2.3072073254734278</ele>
        <time>2026-10-05T10:20:49Z</time>
        <extensions>
          <gpxtpx:TrackPointExtension>
            <gpxtpx:hr>105</gpxtpx:hr>
          </gpxtpx:TrackPointExtension>
        </extensions>
      </trkpt>
      <trkpt lat="1.3996729898658273" lon="103.88346633949615">
        <ele>-2.891385736875236</ele>
        <time>2026-10-05T10:20:50Z</time>
        <extensions>
          <gpxtpx:TrackPointExtension>
            <gpxtpx:hr>105</gpxtpx:hr>
          </gpxtpx:TrackPointExtension>
        </extensions>
      </trkpt>
      <trkpt lat="1.3996737495883111" lon="103.88346622670105">
        <ele>-3.5123146176338196</ele>
        <time>2026-10-05T10:20:51Z</time>
        <extensions>
          <gpxtpx:TrackPointExtension>
            <gpxtpx:hr>105</gpxtpx:hr>
          </gpxtpx:TrackPointExtension>
        </extensions>
      </trkpt>
      <trkpt lat="1.3996745208087313" lon="103.88346608228731">
        <ele>-4.170061433687806</ele>
        <time>2026-10-05T10:20:52Z</time>
        <extensions>
          <gpxtpx:TrackPointExtension>
            <gpxtpx:hr>105</gpxtpx:hr>
          </gpxtpx:TrackPointExtension>
        </extensions>
      </trkpt>
      <trkpt lat="1.3996753076766713" lon="103.88346589715879">
        <ele>-4.864019014872611</ele>
        <time>2026-10-05T10:20:53Z</time>
        <extensions>
          <gpxtpx:TrackPointExtension>
            <gpxtpx:hr>105</gpxtpx:hr>
          </gpxtpx:TrackPointExtension>
        </extensions>
      </trkpt>
      <trkpt lat="1.3996761156492525" lon="103.88346566376646">
        <ele>-5.592595277354121</ele>
        <time>2026-10-05T10:20:54Z</time>
        <extensions>
          <gpxtpx:TrackPointExtension>
            <gpxtpx:hr>105</gpxtpx:hr>
          </gpxtpx:TrackPointExtension>
        </extensions>
      </trkpt>
      <trkpt lat="1.3996769488378065" lon="103.88346537866708">
        <ele>-6.352753662504256</ele>
        <time>2026-10-05T10:20:55Z</time>
        <extensions>
          <gpxtpx:TrackPointExtension>
            <gpxtpx:hr>105</gpxtpx:hr>
          </gpxtpx:TrackPointExtension>
        </extensions>
      </trkpt>
      <trkpt lat="1.399677801244307" lon="103.88346505187177">
        <ele>-7.139421347528696</ele>
        <time>2026-10-05T10:20:56Z</time>
        <extensions>
          <gpxtpx:TrackPointExtension>
            <gpxtpx:hr>105</gpxtpx:hr>
          </gpxtpx:TrackPointExtension>
        </extensions>
      </trkpt>
      <trkpt lat="1.3996786614630934" lon="103.88346470192651">
        <ele>-7.944733830168843</ele>
        <time>2026-10-05T10:20:57Z</time>
        <extensions>
          <gpxtpx:TrackPointExtension>
            <gpxtpx:hr>105</gpxtpx:hr>
          </gpxtpx:TrackPointExtension>
        </extensions>
      </trkpt>
    </trkseg>
  </trk>
</gpx>