<?xml version="1.0" encoding="UTF-8"?>
<gpx xmlns="http://www.topografix.com/GPX/1/1" xmlns:gpxtpx="http://www.garmin.com/xmlschemas/TrackPointExtension/v1" xmlns:xsi="http://www.w3.org/2001/XMLSchema-instance" xsi:schemaLocation="http://www.topografix.com/GPX/1/1 http://www.topografix.com/GPX/1/1/gpx.xsd" version="1.1" creator="gpx.py -- https://github.com/tkrajina/gpxpy">
  <trk>
    <name>gpx from keep</name>
    <type>Run</type>
    <trkseg>
      <trkpt lat="1.3957336945523164" lon="103.89644934775389">
        <ele>31.813679962418973</ele>
        <time>7640-06-22T23:19:19Z</time>
      </trkpt>
      <trkpt lat="1.3957571960474082" lon="103.89644682851399">
        <ele>31.631448723375797</ele>
        <time>2026-09-14T23:08:22Z</time>
        <extensions>
          <gpxtpx:TrackPointExtension>
            <gpxtpx:hr>98</gpxtpx:hr>
          </gpxtpx:TrackPointExtension>
        </extensions>
      </trkpt>
      <trkpt lat="1.3957770726374177" lon="103.89644383166709">
        <ele>31.56623839121312</ele>
        <time>2026-09-14T23:08:23Z</time>
        <extensions>
          <gpxtpx:TrackPointExtension>
            <gpxtpx:hr>98</gpxtpx:hr>
          </gpxtpx:TrackPointExtension>
        </extensions>
      </trkpt>
      <trkpt lat="1.3957973189138468" lon="103.89644097116071">
        <ele>31.501109881326556</ele>
        <time>2026-09-14T23:08:24Z</time>
        <extensions>
          <gpxtpx:TrackPointExtension>
            <gpxtpx:hr>98</gpxtpx:hr>
          </gpxtpx:TrackPointExtension>
        </extensions>
      </trkpt>
      <trkpt lat="1.395817586882407" lon="103.8964379628834">
        <ele>31.41439863294363</ele>
        <time>2026-09-14T23:08:25Z</time>
        <extensions>
          <gpxtpx:TrackPointExtension>
            <gpxtpx:hr>98</gpxtpx:hr>
          </gpxtpx:TrackPointExtension>
        </extensions>
      </trkpt>
      <trkpt lat="1.3958384650262767" lon="103.8964341844331">
        <ele>31.233572778292</ele>
        <time>2026-09-14T23:08:26Z</time>
        <extensions>
          <gpxtpx:TrackPointExtension>
            <gpxtpx:hr>101</gpxtpx:hr>
          </gpxtpx:TrackPointExtension>
        </extensions>
      </trkpt>
      <trkpt lat="1.3958612000378467" lon="103.89642940007919">
        <ele>30.71267494931817</ele>
        <time>2026-09-14T23:08:27Z</time>
        <extensions>
          <gpxtpx:TrackPointExtension>
            <gpxtpx:hr>101</gpxtpx:hr>
          </gpxtpx:TrackPointExtension>
        </extensions>
      </trkpt>
      <trkpt lat="1.3958852776491988" lon="103.8964236862669">
        <ele>30.634969217702746</ele>
        <time>2026-09-14T23:08:28Z</time>
        <extensions>
          <gpxtpx:TrackPointExtension>
            <gpxtpx:hr>101</gpxtpx:hr>
          </gpxtpx:TrackPointExtension>
        </extensions>
      </trkpt>
      <trkpt lat="1.3959106291195473" lon="103.89641731782905">
        <ele>30.537512335926294</ele>
        <time>2026-09-14T23:08:29Z</time>
        <extensions>
          <gpxtpx:TrackPointExtension>
            <gpxtpx:hr>103</gpxtpx:hr>
          </gpxtpx:TrackPointExtension>
        </extensions>
      </trkpt>
      <trkpt lat="1.3959366996455278" lon="103.89641034216862">
        <ele>30.49373056832701</ele>
        <time>2026-09-14T23:08:30Z</time>
        <extensions>
          <gpxtpx:TrackPointExtension>
            <gpxtpx:hr>103</gpxtpx:hr>
          </gpxtpx:TrackPointExtension>
        </extensions>
      </trkpt>
      <trkpt lat="1.3959638594914403" lon="103.89640343250484">
        <ele>30.43763522617519</ele>
        <time>2026-09-14T23:08:31Z</time>
        <extensions>
          <gpxtpx:TrackPointExtension>
            <gpxtpx:hr>103</gpxtpx:hr>
          </gpxtpx:TrackPointExtension>
        </extensions>
      </trkpt>
      <trkpt lat="1.3959921776206046" lon="103.89639660492911">
        <ele>30.366344776004553</ele>
        <time>2026-09-14T23:08:32Z</time>
        <extensions>
          <gpxtpx:TrackPointExtension>
            <gpxtpx:hr>106</gpxtpx:hr>
          </gpxtpx:TrackPointExtension>
        </extensions>
      </trkpt>
      <trkpt lat="1.3960220000860357" lon="103.8963904353672">
        <ele>30.306257692165673</ele>
        <time>2026-09-14T23:08:33Z</time>
        <extensions>
          <gpxtpx:TrackPointExtension>
            <gpxtpx:hr>106</gpxtpx:hr>
          </gpxtpx:TrackPointExtension>
        </extensions>
      </trkpt>
      <trkpt lat="1.396052326816874" lon="103.89638591453756">
        <ele>30.210605492815375</ele>
        <time>2026-09-14T23:08:34Z</time>
        <extensions>
          <gpxtpx:TrackPointExtension>
            <gpxtpx:hr>106</gpxtpx:hr>
          </gpxtpx:TrackPointExtension>
        </extensions>
      </trkpt>
      <trkpt lat="1.3960828889804975" lon="103.89638227948574">
        <ele>30.070611788891256</ele>
        <time>2026-09-14T23:08:35Z</time>
        <extensions>
          <gpxtpx:TrackPointExtension>
            <gpxtpx:hr>106</gpxtpx:hr>
          </gpxtpx:TrackPointExtension>
        </extensions>
      </trkpt>
      <trkpt lat="1.3961140365903322" lon="103.89637968704298">
        <ele>29.938197078183293</ele>
        <time>2026-09-14T23:08:36Z</time>
        <extensions>
          <gpxtpx:TrackPointExtension>
            <gpxtpx:hr>106</gpxtpx:hr>
          </gpxtpx:TrackPointExtension>
        </extensions>
      </trkpt>
      <trkpt lat="1.3961467333237203" lon="103.89637838066196">
        <ele>29.860911080613732</ele>
        <time>2026-09-14T23:08:37Z</time>
        <extensions>
          <gpxtpx:TrackPointExtension>
            <gpxtpx:hr>106</gpxtpx:hr>
          </gpxtpx:TrackPointExtension>
        </extensions>
      </trkpt>
      <trkpt lat="1.3961806869731568" lon="103.89637802569692">
        <ele>29.788652108982205</ele>
        <time>2026-09-14T23:08:38Z</time>
        <extensions>
          <gpxtpx:TrackPointExtension>
            <gpxtpx:hr>106</gpxtpx:hr>
          </gpxtpx:TrackPointExtension>
        </extensions>
      </trkpt>
      <trkpt lat="1.3962149350832072" lon="103.89637923652886">
        <ele>29.72965609282255</ele>
        <time>2026-09-14T23:08:39Z</time>
        <extensions>
          <gpxtpx:TrackPointExtension>
            <gpxtpx:hr>119</gpxtpx:hr>
          </gpxtpx:TrackPointExtension>
        </extensions>
      </trkpt>
      <trkpt lat="1.3962498763893512" lon="103.89638157296297">
        <ele>29.678075204603374</ele>
        <time>2026-09-14T23:08:40Z</time>
        <extensions>
          <gpxtpx:TrackPointExtension>
            <gpxtpx:hr>119</gpxtpx:hr>
          </gpxtpx:TrackPointExtension>
        </extensions>
      </trkpt>
      <trkpt lat="1.396284797274464" lon="103.89638581708533">
        <ele>29.633106441237032</ele>
        <time>2026-09-14T23:08:41Z</time>
        <extensions>
          <gpxtpx:TrackPointExtension>
            <gpxtpx:hr>119</gpxtpx:hr>
          </gpxtpx:TrackPointExtension>
        </extensions>
      </trkpt>
      <trkpt lat="1.3963199515374307" lon="103.89639253960777">
        <ele>29.588434138335288</ele>
        <time>2026-09-14T23:08:42Z</time>
        <extensions>
          <gpxtpx:TrackPointExtension>
            <gpxtpx:hr>119</gpxtpx:hr>
          </gpxtpx:TrackPointExtension>
        </extensions>
      </trkpt>
      <trkpt lat="1.3963539248254788" lon="103.89640329145264">
        <ele>29.566713360138237</ele>
        <time>2026-09-14T23:08:43Z</time>
        <extensions>
          <gpxtpx:TrackPointExtension>
            <gpxtpx:hr>119</gpxtpx:hr>
          </gpxtpx:TrackPointExtension>
        </extensions>
      </trkpt>
      <trkpt lat="1.3963820464670327" lon="103.8964172174614">
        <ele>29.552385170012712</ele>
        <time>2026-09-14T23:08:44Z</time>
        <extensions>
          <gpxtpx:TrackPointExtension>
            <gpxtpx:hr>119</gpxtpx:hr>
          </gpxtpx:TrackPointExtension>
        </extensions>
      </trkpt>
      <trkpt lat="1.3964046322799024" lon="103.89643770335735">
        <ele>29.538416888564825</ele>
        <time>2026-09-14T23:08:45Z</time>
        <extensions>
          <gpxtpx:TrackPointExtension>
            <gpxtpx:hr>121</gpxtpx:hr>
          </gpxtpx:TrackPointExtension>
        </extensions>
      </trkpt>
      <trkpt lat="1.396419605147581" lon="103.89646054858737">
        <ele>28.929944957606494</ele>
        <time>2026-09-14T23:08:46Z</time>
        <extensions>
          <gpxtpx:TrackPointExtension>
            <gpxtpx:hr>121</gpxtpx:hr>
          </gpxtpx:TrackPointExtension>
        </extensions>
      </trkpt>
      <trkpt lat="1.3964348489688252" lon="103.89648047840568">
        <ele>29.103729703463614</ele>
        <time>2026-09-14T23:08:47Z</time>
        <extensions>
          <gpxtpx:TrackPointExtension>
            <gpxtpx:hr>121</gpxtpx:hr>
          </gpxtpx:TrackPointExtension>
        </extensions>
      </trkpt>
      <trkpt lat="1.396449451837196" lon="103.8965005502638">
        <ele>29.338585373945534</ele>
        <time>2026-09-14T23:08:48Z</time>
        <extensions>
          <gpxtpx:TrackPointExtension>
            <gpxtpx:hr>122</gpxtpx:hr>
          </gpxtpx:TrackPointExtension>
        </extensions>
      </trkpt>
      <trkpt lat="1.396463345687747" lon="103.89652070418825">
        <ele>29.529714371077716</ele>
        <time>2026-09-14T23:08:49Z</time>
        <extensions>
          <gpxtpx:TrackPointExtension>
            <gpxtpx:hr>122</gpxtpx:hr>
          </gpxtpx:TrackPointExtension>
        </extensions>
      </trkpt>
      <trkpt lat="1.3964765187504098" lon="103.8965408554205">
        <ele>29.605775851756334</ele>
        <time>2026-09-14T23:08:50Z</time>
        <extensions>
          <gpxtpx:TrackPointExtension>
            <gpxtpx:hr>122</gpxtpx:hr>
          </gpxtpx:TrackPointExtension>
        </extensions>
      </trkpt>
      <trkpt lat="1.3964890049292245" lon="103.89656089945063">
        <ele>29.355552759952843</ele>
        <time>2026-09-14T23:08:51Z</time>
        <extensions>
          <gpxtpx:TrackPointExtension>
            <gpxtpx:hr>122</gpxtpx:hr>
          </gpxtpx:TrackPointExtension>
        </extensions>
      </trkpt>
      <trkpt lat="1.3965008811782451" lon="103.89658071160204">
        <ele>29.122286996804178</ele>
        <time>2026-09-14T23:08:52Z</time>
        <extensions>
          <gpxtpx:TrackPointExtension>
            <gpxtpx:hr>122</gpxtpx:hr>
          </gpxtpx:TrackPointExtension>
        </extensions>
      </trkpt>
      <trkpt lat="1.3965122665168648" lon="103.89660017052772">
        <ele>28.910418989136815</ele>
        <time>2026-09-14T23:08:53Z</time>
        <extensions>
          <gpxtpx:TrackPointExtension>
            <gpxtpx:hr>122</gpxtpx:hr>
          </gpxtpx:TrackPointExtension>
        </extensions>
      </trkpt>
      <trkpt lat="1.396523346029529" lon="103.89661919389833">
        <ele>28.714934701099992</ele>
        <time>2026-09-14T23:08:54Z</time>
        <extensions>
          <gpxtpx:TrackPointExtension>
            <gpxtpx:hr>126</gpxtpx:hr>
          </gpxtpx:TrackPointExtension>
        </extensions>
      </trkpt>
      <trkpt lat="1.396534296761418" lon="103.89663774014818">
        <ele>28.46268376801163</ele>
        <time>2026-09-14T23:08:55Z</time>
        <extensions>
          <gpxtpx:TrackPointExtension>
            <gpxtpx:hr>126</gpxtpx:hr>
          </gpxtpx:TrackPointExtension>
        </extensions>
      </trkpt>
      <trkpt lat="1.3965452762240338" lon="103.89665588304355">
        <ele>28.27197317685932</ele>
        <time>2026-09-14T23:08:56Z</time>
        <extensions>
          <gpxtpx:TrackPointExtension>
            <gpxtpx:hr>126</gpxtpx:hr>
          </gpxtpx:TrackPointExtension>
        </extensions>
      </trkpt>
      <trkpt lat="1.3965563870575974" lon="103.89667372070669">
        <ele>28.174268431961536</ele>
        <time>2026-09-14T23:08:57Z</time>
        <extensions>
          <gpxtpx:TrackPointExtension>
            <gpxtpx:hr>126</gpxtpx:hr>
          </gpxtpx:TrackPointExtension>
        </extensions>
      </trkpt>
      <trkpt lat="1.3965680602207116" lon="103.89669069356202">
        <ele>28.124224284663796</ele>
        <time>2026-09-14T23:08:58Z</time>
        <extensions>
          <gpxtpx:TrackPointExtension>
            <gpxtpx:hr>126</gpxtpx:hr>
          </gpxtpx:TrackPointExtension>
        </extensions>
      </trkpt>
      <trkpt lat="1.3965807575282543" lon="103.89670636331627">
        <ele>28.11139950621873</ele>
        <time>2026-09-14T23:08:59Z</time>
        <extensions>
          <gpxtpx:TrackPointExtension>
            <gpxtpx:hr>126</gpxtpx:hr>
          </gpxtpx:TrackPointExtension>
        </extensions>
      </trkpt>
      <trkpt lat="1.3965945772832888" lon="103.8967209059733">
        <ele>28.09426604397595</ele>
        <time>2026-09-14T23:09:00Z</time>
        <extensions>
          <gpxtpx:TrackPointExtension>
            <gpxtpx:hr>126</gpxtpx:hr>
          </gpxtpx:TrackPointExtension>
        </extensions>
      </trkpt>
      <trkpt lat="1.3966096944466704" lon="103.89673428072606">
        <ele>28.089274319820106</ele>
        <time>2026-09-14T23:09:01Z</time>
        <extensions>
          <gpxtpx:TrackPointExtension>
            <gpxtpx:hr>127</gpxtpx:hr>
          </gpxtpx:TrackPointExtension>
        </extensions>
      </trkpt>
      <trkpt lat="1.3966261823489439" lon="103.89674611127128">
        <ele>28.087029862217605</ele>
        <time>2026-09-14T23:09:02Z</time>
        <extensions>
          <gpxtpx:TrackPointExtension>
            <gpxtpx:hr>127</gpxtpx:hr>
          </gpxtpx:TrackPointExtension>
        </extensions>
      </trkpt>
      <trkpt lat="1.3966438755502577" lon="103.89675580982633">
        <ele>28.057579800486565</ele>
        <time>2026-09-14T23:09:03Z</time>
        <extensions>
          <gpxtpx:TrackPointExtension>
            <gpxtpx:hr>127</gpxtpx:hr>
          </gpxtpx:TrackPointExtension>
        </extensions>
      </trkpt>
      <trkpt lat="1.3966624826029943" lon="103.89676276437648">
        <ele>28.006517896428704</ele>
        <time>2026-09-14T23:09:04Z</time>
        <extensions>
          <gpxtpx:TrackPointExtension>
            <gpxtpx:hr>127</gpxtpx:hr>
          </gpxtpx:TrackPointExtension>
        </extensions>
      </trkpt>
      <trkpt lat="1.396681510971042" lon="103.89676645697963">
        <ele>27.93576986156404</ele>
        <time>2026-09-14T23:09:05Z</time>
        <extensions>
          <gpxtpx:TrackPointExtension>
            <gpxtpx:hr>127</gpxtpx:hr>
          </gpxtpx:TrackPointExtension>
        </extensions>
      </trkpt>
      <trkpt lat="1.3967001893559112" lon="103.89676655919894">
        <ele>27.854658647440374</ele>
        <time>2026-09-14T23:09:06Z</time>
        <extensions>
          <gpxtpx:TrackPointExtension>
            <gpxtpx:hr>127</gpxtpx:hr>
          </gpxtpx:TrackPointExtension>
        </extensions>
      </trkpt>
      <trkpt lat="1.3967175427075504" lon="103.8967629231506">
        <ele>27.787245373241603</ele>
        <time>2026-09-14T23:09:07Z</time>
        <extensions>
          <gpxtpx:TrackPointExtension>
            <gpxtpx:hr>127</gpxtpx:hr>
          </gpxtpx:TrackPointExtension>
        </extensions>
      </trkpt>
      <trkpt lat="1.3967326687897679" lon="103.89675591290002">
        <ele>27.751926789991558</ele>
        <time>2026-09-14T23:09:08Z</time>
        <extensions>
          <gpxtpx:TrackPointExtension>
            <gpxtpx:hr>127</gpxtpx:hr>
          </gpxtpx:TrackPointExtension>
        </extensions>
      </trkpt>
      <trkpt lat="1.3967451475203128" lon="103.89674657556559">
        <ele>27.699776766821742</ele>
        <time>2026-09-14T23:09:09Z</time>
        <extensions>
          <gpxtpx:TrackPointExtension>
            <gpxtpx:hr>127</gpxtpx:hr>
          </gpxtpx:TrackPointExtension>
        </extensions>
      </trkpt>
      <trkpt lat="1.396755195237975" lon="103.89673571543752">
        <ele>27.636520693078637</ele>
        <time>2026-09-14T23:09:10Z</time>
        <extensions>
          <gpxtpx:TrackPointExtension>
            <gpxtpx:hr>129</gpxtpx:hr>
          </gpxtpx:TrackPointExtension>
        </extensions>
      </trkpt>
      <trkpt lat="1.3967634123144517" lon="103.89672348221359">
        <ele>27.594073528423905</ele>
        <time>2026-09-14T23:09:11Z</time>
        <extensions>
          <gpxtpx:TrackPointExtension>
            <gpxtpx:hr>129</gpxtpx:hr>
          </gpxtpx:TrackPointExtension>
        </extensions>
      </trkpt>
      <trkpt lat="1.396770498409322" lon="103.89670970721434">
        <ele>27.561073945835233</ele>
        <time>2026-09-14T23:09:12Z</time>
        <extensions>
          <gpxtpx:TrackPointExtension>
            <gpxtpx:hr>129</gpxtpx:hr>
          </gpxtpx:TrackPointExtension>
        </extensions>
      </trkpt>
      <trkpt lat="1.3967770718995287" lon="103.89669405460599">
        <ele>27.523907447233796</ele>
        <time>2026-09-14T23:09:13Z</time>
        <extensions>
          <gpxtpx:TrackPointExtension>
            <gpxtpx:hr>129</gpxtpx:hr>
          </gpxtpx:TrackPointExtension>
        </extensions>
      </trkpt>
      <trkpt lat="1.3967833695677356" lon="103.89667691592223">
        <ele>27.484804013743997</ele>
        <time>2026-09-14T23:09:14Z</time>
        <extensions>
          <gpxtpx:TrackPointExtension>
            <gpxtpx:hr>131</gpxtpx:hr>
          </gpxtpx:TrackPointExtension>
        </extensions>
      </trkpt>
      <trkpt lat="1.3967892743037948" lon="103.89665932116885">
        <ele>27.442505015991628</ele>
        <time>2026-09-14T23:09:15Z</time>
        <extensions>
          <gpxtpx:TrackPointExtension>
            <gpxtpx:hr>131</gpxtpx:hr>
          </gpxtpx:TrackPointExtension>
        </extensions>
      </trkpt>
      <trkpt lat="1.3967949515000453" lon="103.89664116655646">
        <ele>27.390124262310565</ele>
        <time>2026-09-14T23:09:16Z</time>
        <extensions>
          <gpxtpx:TrackPointExtension>
            <gpxtpx:hr>131</gpxtpx:hr>
          </gpxtpx:TrackPointExtension>
        </extensions>
      </trkpt>
      <trkpt lat="1.3968007107686942" lon="103.89662187083468">
        <ele>27.318804775364697</ele>
        <time>2026-09-14T23:09:17Z</time>
        <extensions>
          <gpxtpx:TrackPointExtension>
            <gpxtpx:hr>131</gpxtpx:hr>
          </gpxtpx:TrackPointExtension>
        </extensions>
      </trkpt>
      <trkpt lat="1.3968068000586402" lon="103.89660088868388">
        <ele>27.262872672639787</ele>
        <time>2026-09-14T23:09:18Z</time>
        <extensions>
          <gpxtpx:TrackPointExtension>
            <gpxtpx:hr>131</gpxtpx:hr>
          </gpxtpx:TrackPointExtension>
        </extensions>
      </trkpt>
      <trkpt lat="1.3968134459305765" lon="103.8965777716155">
        <ele>27.191182588227093</ele>
        <time>2026-09-14T23:09:19Z</time>
        <extensions>
          <gpxtpx:TrackPointExtension>
            <gpxtpx:hr>131</gpxtpx:hr>
          </gpxtpx:TrackPointExtension>
        </extensions>
      </trkpt>
      <trkpt lat="1.3968205290829734" lon="103.89655295161428">
        <ele>27.122225978411734</ele>
        <time>2026-09-14T23:09:20Z</time>
        <extensions>
          <gpxtpx:TrackPointExtension>
            <gpxtpx:hr>132</gpxtpx:hr>
          </gpxtpx:TrackPointExtension>
        </extensions>
      </trkpt>
      <trkpt lat="1.3968278460803207" lon="103.89652712590538">
        <ele>27.04798116069287</ele>
        <time>2026-09-14T23:09:21Z</time>
        <extensions>
          <gpxtpx:TrackPointExtension>
            <gpxtpx:hr>132</gpxtpx:hr>
          </gpxtpx:TrackPointExtension>
        </extensions>
      </trkpt>
      <trkpt lat="1.3968351930368097" lon="103.89650092959842">
        <ele>26.971775487065315</ele>
        <time>2026-09-14T23:09:22Z</time>
        <extensions>
          <gpxtpx:TrackPointExtension>
            <gpxtpx:hr>132</gpxtpx:hr>
          </gpxtpx:TrackPointExtension>
        </extensions>
      </trkpt>
      <trkpt lat="1.3968424207378993" lon="103.89647464861686">
        <ele>26.906017656438053</ele>
        <time>2026-09-14T23:09:23Z</time>
        <extensions>
          <gpxtpx:TrackPointExtension>
            <gpxtpx:hr>132</gpxtpx:hr>
          </gpxtpx:TrackPointExtension>
        </extensions>
      </trkpt>
      <trkpt lat="1.3968495807511676" lon="103.89644811515386">
        <ele>26.839012587442994</ele>
        <time>2026-09-14T23:09:24Z</time>
        <extensions>
          <gpxtpx:TrackPointExtension>
            <gpxtpx:hr>132</gpxtpx:hr>
          </gpxtpx:TrackPointExtension>
        </extensions>
      </trkpt>
      <trkpt lat="1.3968566420527004" lon="103.89642099491682">
        <ele>26.777758616022766</ele>
        <time>2026-09-14T23:09:25Z</time>
        <extensions>
          <gpxtpx:TrackPointExtension>
            <gpxtpx:hr>132</gpxtpx:hr>
          </gpxtpx:TrackPointExtension>
        </extensions>
      </trkpt>
      <trkpt lat="1.3968634858075741" lon="103.89639333764528">
        <ele>26.713279112242162</ele>
        <time>2026-09-14T23:09:26Z</time>
        <extensions>
          <gpxtpx:TrackPointExtension>
            <gpxtpx:hr>132</gpxtpx:hr>
          </gpxtpx:TrackPointExtension>
        </extensions>
      </trkpt>
      <trkpt lat="1.3968699104499682" lon="103.89636547776743">
        <ele>26.653817746788263</ele>
        <time>2026-09-14T23:09:27Z</time>
        <extensions>
          <gpxtpx:TrackPointExtension>
            <gpxtpx:hr>132</gpxtpx:hr>
          </gpxtpx:TrackPointExtension>
        </extensions>
      </trkpt>
      <trkpt lat="1.3968757366145874" lon="103.89633755164337">
        <ele>26.59824774041772</ele>
        <time>2026-09-14T23:09:28Z</time>
        <extensions>
          <gpxtpx:TrackPointExtension>
            <gpxtpx:hr>135</gpxtpx:hr>
          </gpxtpx:TrackPointExtension>
        </extensions>
      </trkpt>
      <trkpt lat="1.3968809630108245" lon="103.89630954350518">
        <ele>26.53936663363129</ele>
        <time>2026-09-14T23:09:29Z</time>
        <extensions>
          <gpxtpx:TrackPointExtension>
            <gpxtpx:hr>135</gpxtpx:hr>
          </gpxtpx:TrackPointExtension>
        </extensions>
      </trkpt>
      <trkpt lat="1.3968855788791956" lon="103.89628140581942">
        <ele>26.48305788449943</ele>
        <time>2026-09-14T23:09:30Z</time>
        <extensions>
          <gpxtpx:TrackPointExtension>
            <gpxtpx:hr>135</gpxtpx:hr>
          </gpxtpx:TrackPointExtension>
        </extensions>
      </trkpt>
      <trkpt lat="1.3968895494879383" lon="103.89625324962115">
        <ele>26.42303331848234</ele>
        <time>2026-09-14T23:09:31Z</time>
        <extensions>
          <gpxtpx:TrackPointExtension>
            <gpxtpx:hr>135</gpxtpx:hr>
          </gpxtpx:TrackPointExtension>
        </extensions>
      </trkpt>
      <trkpt lat="1.396892770454777" lon="103.89622533926604">
        <ele>26.36712261289358</ele>
        <time>2026-09-14T23:09:32Z</time>
        <extensions>
          <gpxtpx:TrackPointExtension>
            <gpxtpx:hr>135</gpxtpx:hr>
          </gpxtpx:TrackPointExtension>
        </extensions>
      </trkpt>
      <trkpt lat="1.3968951684016144" lon="103.89619784127535">
        <ele>26.30601408239454</ele>
        <time>2026-09-14T23:09:33Z</time>
        <extensions>
          <gpxtpx:TrackPointExtension>
            <gpxtpx:hr>135</gpxtpx:hr>
          </gpxtpx:TrackPointExtension>
        </extensions>
      </trkpt>
      <trkpt lat="1.3968967672140664" lon="103.89617081845323">
        <ele>26.24358798470348</ele>
        <time>2026-09-14T23:09:34Z</time>
        <extensions>
          <gpxtpx:TrackPointExtension>
            <gpxtpx:hr>135</gpxtpx:hr>
          </gpxtpx:TrackPointExtension>
        </extensions>
      </trkpt>
      <trkpt lat="1.3968975450806347" lon="103.89614430718312">
        <ele>26.179972021840513</ele>
        <time>2026-09-14T23:09:35Z</time>
        <extensions>
          <gpxtpx:TrackPointExtension>
            <gpxtpx:hr>137</gpxtpx:hr>
          </gpxtpx:TrackPointExtension>
        </extensions>
      </trkpt>
      <trkpt lat="1.3968974967367573" lon="103.896118421162">
        <ele>26.11317660100758</ele>
        <time>2026-09-14T23:09:36Z</time>
        <extensions>
          <gpxtpx:TrackPointExtension>
            <gpxtpx:hr>137</gpxtpx:hr>
          </gpxtpx:TrackPointExtension>
        </extensions>
      </trkpt>
      <trkpt lat="1.3968965673864409" lon="103.89609336822647">
        <ele>26.0422401484102</ele>
        <time>2026-09-14T23:09:37Z</time>
        <extensions>
          <gpxtpx:TrackPointExtension>
            <gpxtpx:hr>137</gpxtpx:hr>
          </gpxtpx:TrackPointExtension>
        </extensions>
      </trkpt>
      <trkpt lat="1.3968948307460867" lon="103.89606922035506">
        <ele>25.96549355238676</ele>
        <time>2026-09-14T23:09:38Z</time>
        <extensions>
          <gpxtpx:TrackPointExtension>
            <gpxtpx:hr>137</gpxtpx:hr>
          </gpxtpx:TrackPointExtension>
        </extensions>
      </trkpt>
      <trkpt lat="1.3968924585845972" lon="103.89604568445941">
        <ele>25.882523613981903</ele>
        <time>2026-09-14T23:09:39Z</time>
        <extensions>
          <gpxtpx:TrackPointExtension>
            <gpxtpx:hr>137</gpxtpx:hr>
          </gpxtpx:TrackPointExtension>
        </extensions>
      </trkpt>
      <trkpt lat="1.3968893695047262" lon="103.89602241616201">
        <ele>25.79371455218643</ele>
        <time>2026-09-14T23:09:40Z</time>
        <extensions>
          <gpxtpx:TrackPointExtension>
            <gpxtpx:hr>137</gpxtpx:hr>
          </gpxtpx:TrackPointExtension>
        </extensions>
      </trkpt>
      <trkpt lat="1.3968855463779564" lon="103.89599914156447">
        <ele>25.703417253680527</ele>
        <time>2026-09-14T23:09:41Z</time>
        <extensions>
          <gpxtpx:TrackPointExtension>
            <gpxtpx:hr>137</gpxtpx:hr>
          </gpxtpx:TrackPointExtension>
        </extensions>
      </trkpt>
      <trkpt lat="1.39688097858822" lon="103.89597581678225">
        <ele>25.611801491118968</ele>
        <time>2026-09-14T23:09:42Z</time>
        <extensions>
          <gpxtpx:TrackPointExtension>
            <gpxtpx:hr>137</gpxtpx:hr>
          </gpxtpx:TrackPointExtension>
        </extensions>
      </trkpt>
      <trkpt lat="1.3968771845707348" lon="103.8959589104694">
        <ele>25.545788287185133</ele>
        <time>2026-09-14T23:09:43Z</time>
        <extensions>
          <gpxtpx:TrackPointExtension>
            <gpxtpx:hr>137</gpxtpx:hr>
          </gpxtpx:TrackPointExtension>
        </extensions>
      </trkpt>
      <trkpt lat="1.3968714077548958" lon="103.89593585470593">
        <ele>25.459786522202194</ele>
        <time>2026-09-14T23:09:44Z</time>
        <extensions>
          <gpxtpx:TrackPointExtension>
            <gpxtpx:hr>137</gpxtpx:hr>
          </gpxtpx:TrackPointExtension>
        </extensions>
      </trkpt>
      <trkpt lat="1.3968647649044927" lon="103.89591286436978">
        <ele>25.377318072132766</ele>
        <time>2026-09-14T23:09:45Z</time>
        <extensions>
          <gpxtpx:TrackPointExtension>
            <gpxtpx:hr>141</gpxtpx:hr>
          </gpxtpx:TrackPointExtension>
        </extensions>
      </trkpt>
      <trkpt lat="1.3968575131039633" lon="103.8958899473978">
        <ele>25.299811855889857</ele>
        <time>2026-09-14T23:09:46Z</time>
        <extensions>
          <gpxtpx:TrackPointExtension>
            <gpxtpx:hr>141</gpxtpx:hr>
          </gpxtpx:TrackPointExtension>
        </extensions>
      </trkpt>
      <trkpt lat="1.3968500510354518" lon="103.89586710945125">
        <ele>25.22499970253557</ele>
        <time>2026-09-14T23:09:47Z</time>
        <extensions>
          <gpxtpx:TrackPointExtension>
            <gpxtpx:hr>141</gpxtpx:hr>
          </gpxtpx:TrackPointExtension>
        </extensions>
      </trkpt>
      <trkpt lat="1.396842335489575" lon="103.8958444191108">
        <ele>25.152189116925</ele>
        <time>2026-09-14T23:09:48Z</time>
        <extensions>
          <gpxtpx:TrackPointExtension>
            <gpxtpx:hr>141</gpxtpx:hr>
          </gpxtpx:TrackPointExtension>
        </extensions>
      </trkpt>
      <trkpt lat="1.3968342873322004" lon="103.8958218935701">
        <ele>25.078859764151275</ele>
        <time>2026-09-14T23:09:49Z</time>
        <extensions>
          <gpxtpx:TrackPointExtension>
            <gpxtpx:hr>141</gpxtpx:hr>
          </gpxtpx:TrackPointExtension>
        </extensions>
      </trkpt>
      <trkpt lat="1.3968258328954695" lon="103.89579951103617">
        <ele>25.003411876037717</ele>
        <time>2026-09-14T23:09:50Z</time>
        <extensions>
          <gpxtpx:TrackPointExtension>
            <gpxtpx:hr>142</gpxtpx:hr>
          </gpxtpx:TrackPointExtension>
        </extensions>
      </trkpt>
      <trkpt lat="1.3968168947619872" lon="103.89577733575825">
        <ele>24.924235709011555</ele>
        <time>2026-09-14T23:09:51Z</time>
        <extensions>
          <gpxtpx:TrackPointExtension>
            <gpxtpx:hr>142</gpxtpx:hr>
          </gpxtpx:TrackPointExtension>
        </extensions>
      </trkpt>
      <trkpt lat="1.3968074306467382" lon="103.89575545761932">
        <ele>24.840227991342545</ele>
        <time>2026-09-14T23:09:52Z</time>
        <extensions>
          <gpxtpx:TrackPointExtension>
            <gpxtpx:hr>142</gpxtpx:hr>
          </gpxtpx:TrackPointExtension>
        </extensions>
      </trkpt>
      <trkpt lat="1.3967973911359965" lon="103.89573400765977">
        <ele>24.750975996255875</ele>
        <time>2026-09-14T23:09:53Z</time>
        <extensions>
          <gpxtpx:TrackPointExtension>
            <gpxtpx:hr>142</gpxtpx:hr>
          </gpxtpx:TrackPointExtension>
        </extensions>
      </trkpt>
      <trkpt lat="1.3967867248410757" lon="103.8957130475456">
        <ele>24.65532958973199</ele>
        <time>2026-09-14T23:09:54Z</time>
        <extensions>
          <gpxtpx:TrackPointExtension>
            <gpxtpx:hr>142</gpxtpx:hr>
          </gpxtpx:TrackPointExtension>
        </extensions>
      </trkpt>
      <trkpt lat="1.3967753985388283" lon="103.89569254995206">
        <ele>24.554344611242414</ele>
        <time>2026-09-14T23:09:55Z</time>
        <extensions>
          <gpxtpx:TrackPointExtension>
            <gpxtpx:hr>142</gpxtpx:hr>
          </gpxtpx:TrackPointExtension>
        </extensions>
      </trkpt>
      <trkpt lat="1.3967633696568211" lon="103.89567255336043">
        <ele>24.447137773036957</ele>
        <time>2026-09-14T23:09:56Z</time>
        <extensions>
          <gpxtpx:TrackPointExtension>
            <gpxtpx:hr>139</gpxtpx:hr>
          </gpxtpx:TrackPointExtension>
        </extensions>
      </trkpt>
      <trkpt lat="1.396750655271541" lon="103.89565313639118">
        <ele>24.33392993733287</ele>
        <time>2026-09-14T23:09:57Z</time>
        <extensions>
          <gpxtpx:TrackPointExtension>
            <gpxtpx:hr>139</gpxtpx:hr>
          </gpxtpx:TrackPointExtension>
        </extensions>
      </trkpt>
      <trkpt lat="1.396737281214312" lon="103.89563441029514">
        <ele>24.213716226629913</ele>
        <time>2026-09-14T23:09:58Z</time>
        <extensions>
          <gpxtpx:TrackPointExtension>
            <gpxtpx:hr>139</gpxtpx:hr>
          </gpxtpx:TrackPointExtension>
        </extensions>
      </trkpt>
      <trkpt lat="1.396723241212062" lon="103.89561646367687">
        <ele>24.085757818073034</ele>
        <time>2026-09-14T23:09:59Z</time>
        <extensions>
          <gpxtpx:TrackPointExtension>
            <gpxtpx:hr>139</gpxtpx:hr>
          </gpxtpx:TrackPointExtension>
        </extensions>
      </trkpt>
      <trkpt lat="1.3967085358624702" lon="103.89559928701148">
        <ele>23.949479120783508</ele>
        <time>2026-09-14T23:10:00Z</time>
        <extensions>
          <gpxtpx:TrackPointExtension>
            <gpxtpx:hr>139</gpxtpx:hr>
          </gpxtpx:TrackPointExtension>
        </extensions>
      </trkpt>
      <trkpt lat="1.396693142583476" lon="103.89558283728525">
        <ele>23.803714795969427</ele>
        <time>2026-09-14T23:10:01Z</time>
        <extensions>
          <gpxtpx:TrackPointExtension>
            <gpxtpx:hr>139</gpxtpx:hr>
          </gpxtpx:TrackPointExtension>
        </extensions>
      </trkpt>
      <trkpt lat="1.3966770257087024" lon="103.89556708047347">
        <ele>23.647748447023332</ele>
        <time>2026-09-14T23:10:02Z</time>
        <extensions>
          <gpxtpx:TrackPointExtension>
            <gpxtpx:hr>139</gpxtpx:hr>
          </gpxtpx:TrackPointExtension>
        </extensions>
      </trkpt>
      <trkpt lat="1.3966602028950423" lon="103.89555193769908">
        <ele>23.480738109908998</ele>
        <time>2026-09-14T23:10:03Z</time>
        <extensions>
          <gpxtpx:TrackPointExtension>
            <gpxtpx:hr>139</gpxtpx:hr>
          </gpxtpx:TrackPointExtension>
        </extensions>
      </trkpt>
      <trkpt lat="1.39664287263021" lon="103.89553714251511">
        <ele>23.30257007200271</ele>
        <time>2026-09-14T23:10:04Z</time>
        <extensions>
          <gpxtpx:TrackPointExtension>
            <gpxtpx:hr>139</gpxtpx:hr>
          </gpxtpx:TrackPointExtension>
        </extensions>
      </trkpt>
      <trkpt lat="1.3966252102385621" lon="103.8955225222404">
        <ele>23.11345528997481</ele>
        <time>2026-09-14T23:10:05Z</time>
        <extensions>
          <gpxtpx:TrackPointExtension>
            <gpxtpx:hr>137</gpxtpx:hr>
          </gpxtpx:TrackPointExtension>
        </extensions>
      </trkpt>
      <trkpt lat="1.3966072457348446" lon="103.89550809777477">
        <ele>22.91472648177296</ele>
        <time>2026-09-14T23:10:06Z</time>
        <extensions>
          <gpxtpx:TrackPointExtension>
            <gpxtpx:hr>137</gpxtpx:hr>
          </gpxtpx:TrackPointExtension>
        </extensions>
      </trkpt>
      <trkpt lat="1.396589074250233" lon="103.8954939290277">
        <ele>22.708028718829155</ele>
        <time>2026-09-14T23:10:07Z</time>
        <extensions>
          <gpxtpx:TrackPointExtension>
            <gpxtpx:hr>137</gpxtpx:hr>
          </gpxtpx:TrackPointExtension>
        </extensions>
      </trkpt>
      <trkpt lat="1.396570797027497" lon="103.89548017778658">
        <ele>22.495710913091898</ele>
        <time>2026-09-14T23:10:08Z</time>
        <extensions>
          <gpxtpx:TrackPointExtension>
            <gpxtpx:hr>137</gpxtpx:hr>
          </gpxtpx:TrackPointExtension>
        </extensions>
      </trkpt>
      <trkpt lat="1.3965524599972579" lon="103.8954669497366">
        <ele>22.279903015121818</ele>
        <time>2026-09-14T23:10:09Z</time>
        <extensions>
          <gpxtpx:TrackPointExtension>
            <gpxtpx:hr>137</gpxtpx:hr>
          </gpxtpx:TrackPointExtension>
        </extensions>
      </trkpt>
      <trkpt lat="1.3965340545077933" lon="103.89545426034441">
        <ele>22.06338074617088</ele>
        <time>2026-09-14T23:10:10Z</time>
        <extensions>
          <gpxtpx:TrackPointExtension>
            <gpxtpx:hr>137</gpxtpx:hr>
          </gpxtpx:TrackPointExtension>
        </extensions>
      </trkpt>
      <trkpt lat="1.3965155843067267" lon="103.8954421831208">
        <ele>21.848841871134937</ele>
        <time>2026-09-14T23:10:11Z</time>
        <extensions>
          <gpxtpx:TrackPointExtension>
            <gpxtpx:hr>137</gpxtpx:hr>
          </gpxtpx:TrackPointExtension>
        </extensions>
      </trkpt>
      <trkpt lat="1.3964971085944449" lon="103.89543078501778">
        <ele>21.638756601139903</ele>
        <time>2026-09-14T23:10:12Z</time>
        <extensions>
          <gpxtpx:TrackPointExtension>
            <gpxtpx:hr>137</gpxtpx:hr>
          </gpxtpx:TrackPointExtension>
        </extensions>
      </trkpt>
      <trkpt lat="1.396478624268594" lon="103.8954200551957">
        <ele>21.435777914710343</ele>
        <time>2026-09-14T23:10:13Z</time>
        <extensions>
          <gpxtpx:TrackPointExtension>
            <gpxtpx:hr>137</gpxtpx:hr>
          </gpxtpx:TrackPointExtension>
        </extensions>
      </trkpt>
      <trkpt lat="1.3964600445031499" lon="103.89540993069276">
        <ele>21.241609810851514</ele>
        <time>2026-09-14T23:10:14Z</time>
        <extensions>
          <gpxtpx:TrackPointExtension>
            <gpxtpx:hr>137</gpxtpx:hr>
          </gpxtpx:TrackPointExtension>
        </extensions>
      </trkpt>
      <trkpt lat="1.3964412942596636" lon="103.89540030185842">
        <ele>21.05711308401078</ele>
        <time>2026-09-14T23:10:15Z</time>
        <extensions>
          <gpxtpx:TrackPointExtension>
            <gpxtpx:hr>137</gpxtpx:hr>
          </gpxtpx:TrackPointExtension>
        </extensions>
      </trkpt>
      <trkpt lat="1.39642237157586" lon="103.89539113801418">
        <ele>20.883588479831815</ele>
        <time>2026-09-14T23:10:16Z</time>
        <extensions>
          <gpxtpx:TrackPointExtension>
            <gpxtpx:hr>137</gpxtpx:hr>
          </gpxtpx:TrackPointExtension>
        </extensions>
      </trkpt>
      <trkpt lat="1.3964032326400828" lon="103.89538242103798">
        <ele>20.721203398890793</ele>
        <time>2026-09-14T23:10:17Z</time>
        <extensions>
          <gpxtpx:TrackPointExtension>
            <gpxtpx:hr>137</gpxtpx:hr>
          </gpxtpx:TrackPointExtension>
        </extensions>
      </trkpt>
      <trkpt lat="1.3963837473931229" lon="103.89537403410662">
        <ele>20.570685169659555</ele>
        <time>2026-09-14T23:10:18Z</time>
        <extensions>
          <gpxtpx:TrackPointExtension>
            <gpxtpx:hr>137</gpxtpx:hr>
          </gpxtpx:TrackPointExtension>
        </extensions>
      </trkpt>
      <trkpt lat="1.3963637552997592" lon="103.8953658289211">
        <ele>20.430749038234353</ele>
        <time>2026-09-14T23:10:19Z</time>
        <extensions>
          <gpxtpx:TrackPointExtension>
            <gpxtpx:hr>137</gpxtpx:hr>
          </gpxtpx:TrackPointExtension>
        </extensions>
      </trkpt>
      <trkpt lat="1.3963431578541046" lon="103.89535766664743">
        <ele>20.302045138552785</ele>
        <time>2026-09-14T23:10:20Z</time>
        <extensions>
          <gpxtpx:TrackPointExtension>
            <gpxtpx:hr>137</gpxtpx:hr>
          </gpxtpx:TrackPointExtension>
        </extensions>
      </trkpt>
      <trkpt lat="1.3963220355394266" lon="103.89534950876755">
        <ele>20.18409290071577</ele>
        <time>2026-09-14T23:10:21Z</time>
        <extensions>
          <gpxtpx:TrackPointExtension>
            <gpxtpx:hr>137</gpxtpx:hr>
          </gpxtpx:TrackPointExtension>
        </extensions>
      </trkpt>
      <trkpt lat="1.3963005417948926" lon="103.89534142689796">
        <ele>20.076263258233666</ele>
        <time>2026-09-14T23:10:22Z</time>
        <extensions>
          <gpxtpx:TrackPointExtension>
            <gpxtpx:hr>137</gpxtpx:hr>
          </gpxtpx:TrackPointExtension>
        </extensions>
      </trkpt>
      <trkpt lat="1.3962788460299598" lon="103.89533346630728">
        <ele>19.977962190285325</ele>
        <time>2026-09-14T23:10:23Z</time>
        <extensions>
          <gpxtpx:TrackPointExtension>
            <gpxtpx:hr>137</gpxtpx:hr>
          </gpxtpx:TrackPointExtension>
        </extensions>
      </trkpt>
      <trkpt lat="1.3962571117582987" lon="103.89532563441443">
        <ele>19.888163483701646</ele>
        <time>2026-09-14T23:10:24Z</time>
        <extensions>
          <gpxtpx:TrackPointExtension>
            <gpxtpx:hr>137</gpxtpx:hr>
          </gpxtpx:TrackPointExtension>
        </extensions>
      </trkpt>
      <trkpt lat="1.396235379058157" lon="103.89531787394895">
        <ele>19.806139987893403</ele>
        <time>2026-09-14T23:10:25Z</time>
        <extensions>
          <gpxtpx:TrackPointExtension>
            <gpxtpx:hr>134</gpxtpx:hr>
          </gpxtpx:TrackPointExtension>
        </extensions>
      </trkpt>
      <trkpt lat="1.3962136141930257" lon="103.8953101147877">
        <ele>19.729198226705194</ele>
        <time>2026-09-14T23:10:26Z</time>
        <extensions>
          <gpxtpx:TrackPointExtension>
            <gpxtpx:hr>134</gpxtpx:hr>
          </gpxtpx:TrackPointExtension>
        </extensions>
      </trkpt>
      <trkpt lat="1.3961917800697534" lon="103.89530233047428">
        <ele>19.656330497935414</ele>
        <time>2026-09-14T23:10:27Z</time>
        <extensions>
          <gpxtpx:TrackPointExtension>
            <gpxtpx:hr>134</gpxtpx:hr>
          </gpxtpx:TrackPointExtension>
        </extensions>
      </trkpt>
      <trkpt lat="1.3961697511447133" lon="103.89529413732265">
        <ele>19.583659269846976</ele>
        <time>2026-09-14T23:10:28Z</time>
        <extensions>
          <gpxtpx:TrackPointExtension>
            <gpxtpx:hr>134</gpxtpx:hr>
          </gpxtpx:TrackPointExtension>
        </extensions>
      </trkpt>
      <trkpt lat="1.3961475777216048" lon="103.89528544348842">
        <ele>19.5096757048741</ele>
        <time>2026-09-14T23:10:29Z</time>
        <extensions>
          <gpxtpx:TrackPointExtension>
            <gpxtpx:hr>134</gpxtpx:hr>
          </gpxtpx:TrackPointExtension>
        </extensions>
      </trkpt>
      <trkpt lat="1.3961255402765034" lon="103.89527656674433">
        <ele>19.432593238539994</ele>
        <time>2026-09-14T23:10:30Z</time>
        <extensions>
          <gpxtpx:TrackPointExtension>
            <gpxtpx:hr>134</gpxtpx:hr>
          </gpxtpx:TrackPointExtension>
        </extensions>
      </trkpt>
      <trkpt lat="1.396103642956457" lon="103.8952678501868">
        <ele>19.349952184595168</ele>
        <time>2026-09-14T23:10:31Z</time>
        <extensions>
          <gpxtpx:TrackPointExtension>
            <gpxtpx:hr>134</gpxtpx:hr>
          </gpxtpx:TrackPointExtension>
        </extensions>
      </trkpt>
      <trkpt lat="1.39608165106809" lon="103.8952597087571">
        <ele>19.261949413456023</ele>
        <time>2026-09-14T23:10:32Z</time>
        <extensions>
          <gpxtpx:TrackPointExtension>
            <gpxtpx:hr>136</gpxtpx:hr>
          </gpxtpx:TrackPointExtension>
        </extensions>
      </trkpt>
      <trkpt lat="1.3960595327348109" lon="103.89525234771347">
        <ele>19.168557639233768</ele>
        <time>2026-09-14T23:10:33Z</time>
        <extensions>
          <gpxtpx:TrackPointExtension>
            <gpxtpx:hr>136</gpxtpx:hr>
          </gpxtpx:TrackPointExtension>
        </extensions>
      </trkpt>
      <trkpt lat="1.3960369579222047" lon="103.89524561805088">
        <ele>19.069631334394217</ele>
        <time>2026-09-14T23:10:34Z</time>
        <extensions>
          <gpxtpx:TrackPointExtension>
            <gpxtpx:hr>136</gpxtpx:hr>
          </gpxtpx:TrackPointExtension>
        </extensions>
      </trkpt>
      <trkpt lat="1.3960136406504435" lon="103.89523898742048">
        <ele>18.964787585660815</ele>
        <time>2026-09-14T23:10:35Z</time>
        <extensions>
          <gpxtpx:TrackPointExtension>
            <gpxtpx:hr>136</gpxtpx:hr>
          </gpxtpx:TrackPointExtension>
        </extensions>
      </trkpt>
      <trkpt lat="1.3959897841465845" lon="103.89523229746865">
        <ele>18.855559051036835</ele>
        <time>2026-09-14T23:10:36Z</time>
        <extensions>
          <gpxtpx:TrackPointExtension>
            <gpxtpx:hr>136</gpxtpx:hr>
          </gpxtpx:TrackPointExtension>
        </extensions>
      </trkpt>
      <trkpt lat="1.3959657649647674" lon="103.89522547275674">
        <ele>18.74152032379061</ele>
        <time>2026-09-14T23:10:37Z</time>
        <extensions>
          <gpxtpx:TrackPointExtension>
            <gpxtpx:hr>136</gpxtpx:hr>
          </gpxtpx:TrackPointExtension>
        </extensions>
      </trkpt>
      <trkpt lat="1.3959420636336466" lon="103.89521836824116">
        <ele>18.624377408064902</ele>
        <time>2026-09-14T23:10:38Z</time>
        <extensions>
          <gpxtpx:TrackPointExtension>
            <gpxtpx:hr>136</gpxtpx:hr>
          </gpxtpx:TrackPointExtension>
        </extensions>
      </trkpt>
      <trkpt lat="1.395918765517164" lon="103.89521124298308">
        <ele>18.50452866498381</ele>
        <time>2026-09-14T23:10:39Z</time>
        <extensions>
          <gpxtpx:TrackPointExtension>
            <gpxtpx:hr>136</gpxtpx:hr>
          </gpxtpx:TrackPointExtension>
        </extensions>
      </trkpt>
      <trkpt lat="1.3958956840042582" lon="103.89520439867361">
        <ele>18.38414376974106</ele>
        <time>2026-09-14T23:10:40Z</time>
        <extensions>
          <gpxtpx:TrackPointExtension>
            <gpxtpx:hr>136</gpxtpx:hr>
          </gpxtpx:TrackPointExtension>
        </extensions>
      </trkpt>
      <trkpt lat="1.395872728025424" lon="103.89519810332862">
        <ele>18.264201718382537</ele>
        <time>2026-09-14T23:10:41Z</time>
        <extensions>
          <gpxtpx:TrackPointExtension>
            <gpxtpx:hr>140</gpxtpx:hr>
          </gpxtpx:TrackPointExtension>
        </extensions>
      </trkpt>
      <trkpt lat="1.3958497973873645" lon="103.89519189611339">
        <ele>18.145920688286424</ele>
        <time>2026-09-14T23:10:42Z</time>
        <extensions>
          <gpxtpx:TrackPointExtension>
            <gpxtpx:hr>140</gpxtpx:hr>
          </gpxtpx:TrackPointExtension>
        </extensions>
      </trkpt>
      <trkpt lat="1.395827084679175" lon="103.89518483575684">
        <ele>18.03079538512975</ele>
        <time>2026-09-14T23:10:43Z</time>
        <extensions>
          <gpxtpx:TrackPointExtension>
            <gpxtpx:hr>140</gpxtpx:hr>
          </gpxtpx:TrackPointExtension>
        </extensions>
      </trkpt>
      <trkpt lat="1.3958049971553426" lon="103.895176708366">
        <ele>17.919813194312155</ele>
        <time>2026-09-14T23:10:44Z</time>
        <extensions>
          <gpxtpx:TrackPointExtension>
            <gpxtpx:hr>140</gpxtpx:hr>
          </gpxtpx:TrackPointExtension>
        </extensions>
      </trkpt>
      <trkpt lat="1.3957834632953838" lon="103.89516737210714">
        <ele>17.813012016937137</ele>
        <time>2026-09-14T23:10:45Z</time>
        <extensions>
          <gpxtpx:TrackPointExtension>
            <gpxtpx:hr>140</gpxtpx:hr>
          </gpxtpx:TrackPointExtension>
        </extensions>
      </trkpt>
      <trkpt lat="1.3957623757394917" lon="103.89515684131582">
        <ele>17.712094229646027</ele>
        <time>2026-09-14T23:10:46Z</time>
        <extensions>
          <gpxtpx:TrackPointExtension>
            <gpxtpx:hr>140</gpxtpx:hr>
          </gpxtpx:TrackPointExtension>
        </extensions>
      </trkpt>
      <trkpt lat="1.3957417515362316" lon="103.89514535859742">
        <ele>17.617105728946626</ele>
        <time>2026-09-14T23:10:47Z</time>
        <extensions>
          <gpxtpx:TrackPointExtension>
            <gpxtpx:hr>140</gpxtpx:hr>
          </gpxtpx:TrackPointExtension>
        </extensions>
      </trkpt>
      <trkpt lat="1.395721453576106" lon="103.89513354653998">
        <ele>17.528406519442797</ele>
        <time>2026-09-14T23:10:48Z</time>
        <extensions>
          <gpxtpx:TrackPointExtension>
            <gpxtpx:hr>140</gpxtpx:hr>
          </gpxtpx:TrackPointExtension>
        </extensions>
      </trkpt>
      <trkpt lat="1.3957011039333227" lon="103.89512238585075">
        <ele>17.444918803870678</ele>
        <time>2026-09-14T23:10:49Z</time>
        <extensions>
          <gpxtpx:TrackPointExtension>
            <gpxtpx:hr>140</gpxtpx:hr>
          </gpxtpx:TrackPointExtension>
        </extensions>
      </trkpt>
      <trkpt lat="1.3956800283742414" lon="103.89511184591724">
        <ele>17.367537293583155</ele>
        <time>2026-09-14T23:10:50Z</time>
        <extensions>
          <gpxtpx:TrackPointExtension>
            <gpxtpx:hr>140</gpxtpx:hr>
          </gpxtpx:TrackPointExtension>
        </extensions>
      </trkpt>
      <trkpt lat="1.39565797300185" lon="103.89510158643924">
        <ele>17.29450060427189</ele>
        <time>2026-09-14T23:10:51Z</time>
        <extensions>
          <gpxtpx:TrackPointExtension>
            <gpxtpx:hr>139</gpxtpx:hr>
          </gpxtpx:TrackPointExtension>
        </extensions>
      </trkpt>
      <trkpt lat="1.3956352063754498" lon="103.89509140650861">
        <ele>17.2264324426651</ele>
        <time>2026-09-14T23:10:52Z</time>
        <extensions>
          <gpxtpx:TrackPointExtension>
            <gpxtpx:hr>139</gpxtpx:hr>
          </gpxtpx:TrackPointExtension>
        </extensions>
      </trkpt>
      <trkpt lat="1.3956117191078616" lon="103.89508169592659">
        <ele>17.161945635452867</ele>
        <time>2026-09-14T23:10:53Z</time>
        <extensions>
          <gpxtpx:TrackPointExtension>
            <gpxtpx:hr>139</gpxtpx:hr>
          </gpxtpx:TrackPointExtension>
        </extensions>
      </trkpt>
      <trkpt lat="1.3955871278850653" lon="103.89507299454785">
        <ele>17.100625759921968</ele>
        <time>2026-09-14T23:10:54Z</time>
        <extensions>
          <gpxtpx:TrackPointExtension>
            <gpxtpx:hr>139</gpxtpx:hr>
          </gpxtpx:TrackPointExtension>
        </extensions>
      </trkpt>
      <trkpt lat="1.395561488073166" lon="103.89506468939713">
        <ele>17.042013213969767</ele>
        <time>2026-09-14T23:10:55Z</time>
        <extensions>
          <gpxtpx:TrackPointExtension>
            <gpxtpx:hr>139</gpxtpx:hr>
          </gpxtpx:TrackPointExtension>
        </extensions>
      </trkpt>
      <trkpt lat="1.395535050495603" lon="103.89505651875692">
        <ele>16.98572908435017</ele>
        <time>2026-09-14T23:10:56Z</time>
        <extensions>
          <gpxtpx:TrackPointExtension>
            <gpxtpx:hr>139</gpxtpx:hr>
          </gpxtpx:TrackPointExtension>
        </extensions>
      </trkpt>
      <trkpt lat="1.3955082628904671" lon="103.895048102922">
        <ele>16.931349192745984</ele>
        <time>2026-09-14T23:10:57Z</time>
        <extensions>
          <gpxtpx:TrackPointExtension>
            <gpxtpx:hr>141</gpxtpx:hr>
          </gpxtpx:TrackPointExtension>
        </extensions>
      </trkpt>
      <trkpt lat="1.3954821182183106" lon="103.89503959269209">
        <ele>16.878346784040332</ele>
        <time>2026-09-14T23:10:58Z</time>
        <extensions>
          <gpxtpx:TrackPointExtension>
            <gpxtpx:hr>141</gpxtpx:hr>
          </gpxtpx:TrackPointExtension>
        </extensions>
      </trkpt>
      <trkpt lat="1.395456741348248" lon="103.89503193643165">
        <ele>16.826131471432745</ele>
        <time>2026-09-14T23:10:59Z</time>
        <extensions>
          <gpxtpx:TrackPointExtension>
            <gpxtpx:hr>141</gpxtpx:hr>
          </gpxtpx:TrackPointExtension>
        </extensions>
      </trkpt>
      <trkpt lat="1.3954316277743495" lon="103.89502550261213">
        <ele>16.77409965917468</ele>
        <time>2026-09-14T23:11:00Z</time>
        <extensions>
          <gpxtpx:TrackPointExtension>
            <gpxtpx:hr>141</gpxtpx:hr>
          </gpxtpx:TrackPointExtension>
        </extensions>
      </trkpt>
      <trkpt lat="1.3954063820252027" lon="103.89502164323336">
        <ele>16.721630602143705</ele>
        <time>2026-09-14T23:11:01Z</time>
        <extensions>
          <gpxtpx:TrackPointExtension>
            <gpxtpx:hr>141</gpxtpx:hr>
          </gpxtpx:TrackPointExtension>
        </extensions>
      </trkpt>
      <trkpt lat="1.3953805647189164" lon="103.89502169628103">
        <ele>16.668101745657623</ele>
        <time>2026-09-14T23:11:02Z</time>
        <extensions>
          <gpxtpx:TrackPointExtension>
            <gpxtpx:hr>141</gpxtpx:hr>
          </gpxtpx:TrackPointExtension>
        </extensions>
      </trkpt>
      <trkpt lat="1.3953552818929642" lon="103.8950264735305">
        <ele>16.612846901640296</ele>
        <time>2026-09-14T23:11:03Z</time>
        <extensions>
          <gpxtpx:TrackPointExtension>
            <gpxtpx:hr>141</gpxtpx:hr>
          </gpxtpx:TrackPointExtension>
        </extensions>
      </trkpt>
      <trkpt lat="1.3953316103317779" lon="103.89503633017463">
        <ele>16.555094093084335</ele>
        <time>2026-09-14T23:11:04Z</time>
        <extensions>
          <gpxtpx:TrackPointExtension>
            <gpxtpx:hr>141</gpxtpx:hr>
          </gpxtpx:TrackPointExtension>
        </extensions>
      </trkpt>
      <trkpt lat="1.3953095447611958" lon="103.89505007388802">
        <ele>16.494166556745768</ele>
        <time>2026-09-14T23:11:05Z</time>
        <extensions>
          <gpxtpx:TrackPointExtension>
            <gpxtpx:hr>141</gpxtpx:hr>
          </gpxtpx:TrackPointExtension>
        </extensions>
      </trkpt>
      <trkpt lat="1.3952904387555394" lon="103.8950662823558">
        <ele>16.4296729369089</ele>
        <time>2026-09-14T23:11:06Z</time>
        <extensions>
          <gpxtpx:TrackPointExtension>
            <gpxtpx:hr>141</gpxtpx:hr>
          </gpxtpx:TrackPointExtension>
        </extensions>
      </trkpt>
      <trkpt lat="1.3952754709976267" lon="103.89508466467014">
        <ele>16.361509100534022</ele>
        <time>2026-09-14T23:11:07Z</time>
        <extensions>
          <gpxtpx:TrackPointExtension>
            <gpxtpx:hr>140</gpxtpx:hr>
          </gpxtpx:TrackPointExtension>
        </extensions>
      </trkpt>
      <trkpt lat="1.395265096991671" lon="103.89510535507397">
        <ele>16.28985381498933</ele>
        <time>2026-09-14T23:11:08Z</time>
        <extensions>
          <gpxtpx:TrackPointExtension>
            <gpxtpx:hr>140</gpxtpx:hr>
          </gpxtpx:TrackPointExtension>
        </extensions>
      </trkpt>
      <trkpt lat="1.3952588908982348" lon="103.89512795118131">
        <ele>16.21526809129864</ele>
        <time>2026-09-14T23:11:09Z</time>
        <extensions>
          <gpxtpx:TrackPointExtension>
            <gpxtpx:hr>140</gpxtpx:hr>
          </gpxtpx:TrackPointExtension>
        </extensions>
      </trkpt>
      <trkpt lat="1.3952549184771306" lon="103.89515187177535">
        <ele>16.13874541874975</ele>
        <time>2026-09-14T23:11:10Z</time>
        <extensions>
          <gpxtpx:TrackPointExtension>
            <gpxtpx:hr>140</gpxtpx:hr>
          </gpxtpx:TrackPointExtension>
        </extensions>
      </trkpt>
      <trkpt lat="1.395251536498088" lon="103.89517615041743">
        <ele>16.061514915898442</ele>
        <time>2026-09-14T23:11:11Z</time>
        <extensions>
          <gpxtpx:TrackPointExtension>
            <gpxtpx:hr>140</gpxtpx:hr>
          </gpxtpx:TrackPointExtension>
        </extensions>
      </trkpt>
      <trkpt lat="1.3952478936708386" lon="103.89520002474849">
        <ele>15.98495780583471</ele>
        <time>2026-09-14T23:11:12Z</time>
        <extensions>
          <gpxtpx:TrackPointExtension>
            <gpxtpx:hr>142</gpxtpx:hr>
          </gpxtpx:TrackPointExtension>
        </extensions>
      </trkpt>
      <trkpt lat="1.3952441185370204" lon="103.89522314454217">
        <ele>15.910608039237559</ele>
        <time>2026-09-14T23:11:13Z</time>
        <extensions>
          <gpxtpx:TrackPointExtension>
            <gpxtpx:hr>142</gpxtpx:hr>
          </gpxtpx:TrackPointExtension>
        </extensions>
      </trkpt>
      <trkpt lat="1.3952405537346892" lon="103.8952453624969">
        <ele>15.840018162503839</ele>
        <time>2026-09-14T23:11:14Z</time>
        <extensions>
          <gpxtpx:TrackPointExtension>
            <gpxtpx:hr>142</gpxtpx:hr>
          </gpxtpx:TrackPointExtension>
        </extensions>
      </trkpt>
      <trkpt lat="1.3952369131254092" lon="103.8952669666988">
        <ele>15.774613107554615</ele>
        <time>2026-09-14T23:11:15Z</time>
        <extensions>
          <gpxtpx:TrackPointExtension>
            <gpxtpx:hr>142</gpxtpx:hr>
          </gpxtpx:TrackPointExtension>
        </extensions>
      </trkpt>
      <trkpt lat="1.3952332150917575" lon="103.89528877250424">
        <ele>15.715646723285317</ele>
        <time>2026-09-14T23:11:16Z</time>
        <extensions>
          <gpxtpx:TrackPointExtension>
            <gpxtpx:hr>142</gpxtpx:hr>
          </gpxtpx:TrackPointExtension>
        </extensions>
      </trkpt>
      <trkpt lat="1.3952294093514097" lon="103.89531164263119">
        <ele>15.664200604893267</ele>
        <time>2026-09-14T23:11:17Z</time>
        <extensions>
          <gpxtpx:TrackPointExtension>
            <gpxtpx:hr>143</gpxtpx:hr>
          </gpxtpx:TrackPointExtension>
        </extensions>
      </trkpt>
      <trkpt lat="1.3952256905898441" lon="103.89533562824148">
        <ele>15.621233236975968</ele>
        <time>2026-09-14T23:11:18Z</time>
        <extensions>
          <gpxtpx:TrackPointExtension>
            <gpxtpx:hr>143</gpxtpx:hr>
          </gpxtpx:TrackPointExtension>
        </extensions>
      </trkpt>
      <trkpt lat="1.3952221550301842" lon="103.89536046914377">
        <ele>15.587681199423969</ele>
        <time>2026-09-14T23:11:19Z</time>
        <extensions>
          <gpxtpx:TrackPointExtension>
            <gpxtpx:hr>143</gpxtpx:hr>
          </gpxtpx:TrackPointExtension>
        </extensions>
      </trkpt>
      <trkpt lat="1.3952182903583952" lon="103.89538576014789">
        <ele>15.564283258281648</ele>
        <time>2026-09-14T23:11:20Z</time>
        <extensions>
          <gpxtpx:TrackPointExtension>
            <gpxtpx:hr>143</gpxtpx:hr>
          </gpxtpx:TrackPointExtension>
        </extensions>
      </trkpt>
      <trkpt lat="1.3952148066228791" lon="103.89541110763612">
        <ele>15.551471314392984</ele>
        <time>2026-09-14T23:11:21Z</time>
        <extensions>
          <gpxtpx:TrackPointExtension>
            <gpxtpx:hr>143</gpxtpx:hr>
          </gpxtpx:TrackPointExtension>
        </extensions>
      </trkpt>
      <trkpt lat="1.3952121665660977" lon="103.89543661582728">
        <ele>15.549304897896945</ele>
        <time>2026-09-14T23:11:22Z</time>
        <extensions>
          <gpxtpx:TrackPointExtension>
            <gpxtpx:hr>143</gpxtpx:hr>
          </gpxtpx:TrackPointExtension>
        </extensions>
      </trkpt>
      <trkpt lat="1.395210050322253" lon="103.89546234454485">
        <ele>15.557201534509659</ele>
        <time>2026-09-14T23:11:23Z</time>
        <extensions>
          <gpxtpx:TrackPointExtension>
            <gpxtpx:hr>143</gpxtpx:hr>
          </gpxtpx:TrackPointExtension>
        </extensions>
      </trkpt>
      <trkpt lat="1.3952080453075595" lon="103.89548821478344">
        <ele>15.573983566835523</ele>
        <time>2026-09-14T23:11:24Z</time>
        <extensions>
          <gpxtpx:TrackPointExtension>
            <gpxtpx:hr>143</gpxtpx:hr>
          </gpxtpx:TrackPointExtension>
        </extensions>
      </trkpt>
      <trkpt lat="1.395205401911963" lon="103.89551412158092">
        <ele>15.598137457855046</ele>
        <time>2026-09-14T23:11:25Z</time>
        <extensions>
          <gpxtpx:TrackPointExtension>
            <gpxtpx:hr>146</gpxtpx:hr>
          </gpxtpx:TrackPointExtension>
        </extensions>
      </trkpt>
      <trkpt lat="1.3952022968163085" lon="103.89553978272825">
        <ele>15.627825966104865</ele>
        <time>2026-09-14T23:11:26Z</time>
        <extensions>
          <gpxtpx:TrackPointExtension>
            <gpxtpx:hr>146</gpxtpx:hr>
          </gpxtpx:TrackPointExtension>
        </extensions>
      </trkpt>
      <trkpt lat="1.3951989475187905" lon="103.89556530265537">
        <ele>15.660985387861729</ele>
        <time>2026-09-14T23:11:27Z</time>
        <extensions>
          <gpxtpx:TrackPointExtension>
            <gpxtpx:hr>146</gpxtpx:hr>
          </gpxtpx:TrackPointExtension>
        </extensions>
      </trkpt>
      <trkpt lat="1.3951953409189013" lon="103.8955901018975">
        <ele>15.69571831729263</ele>
        <time>2026-09-14T23:11:28Z</time>
        <extensions>
          <gpxtpx:TrackPointExtension>
            <gpxtpx:hr>146</gpxtpx:hr>
          </gpxtpx:TrackPointExtension>
        </extensions>
      </trkpt>
      <trkpt lat="1.3951916110158376" lon="103.89561340979719">
        <ele>15.730568759143353</ele>
        <time>2026-09-14T23:11:29Z</time>
        <extensions>
          <gpxtpx:TrackPointExtension>
            <gpxtpx:hr>146</gpxtpx:hr>
          </gpxtpx:TrackPointExtension>
        </extensions>
      </trkpt>
      <trkpt lat="1.39518726727804" lon="103.8956357952513">
        <ele>15.764538719318807</ele>
        <time>2026-09-14T23:11:30Z</time>
        <extensions>
          <gpxtpx:TrackPointExtension>
            <gpxtpx:hr>146</gpxtpx:hr>
          </gpxtpx:TrackPointExtension>
        </extensions>
      </trkpt>
      <trkpt lat="1.3951825112358711" lon="103.89565795599775">
        <ele>15.79694763571024</ele>
        <time>2026-09-14T23:11:31Z</time>
        <extensions>
          <gpxtpx:TrackPointExtension>
            <gpxtpx:hr>146</gpxtpx:hr>
          </gpxtpx:TrackPointExtension>
        </extensions>
      </trkpt>
      <trkpt lat="1.395177866167288" lon="103.89568030096565">
        <ele>15.827320885844529</ele>
        <time>2026-09-14T23:11:32Z</time>
        <extensions>
          <gpxtpx:TrackPointExtension>
            <gpxtpx:hr>146</gpxtpx:hr>
          </gpxtpx:TrackPointExtension>
        </extensions>
      </trkpt>
      <trkpt lat="1.3951736652086737" lon="103.89570334391601">
        <ele>15.876641443930566</ele>
        <time>2026-09-14T23:11:33Z</time>
        <extensions>
          <gpxtpx:TrackPointExtension>
            <gpxtpx:hr>146</gpxtpx:hr>
          </gpxtpx:TrackPointExtension>
        </extensions>
      </trkpt>
      <trkpt lat="1.3951703196680336" lon="103.89572709135045">
        <ele>15.923268090002239</ele>
        <time>2026-09-14T23:11:34Z</time>
        <extensions>
          <gpxtpx:TrackPointExtension>
            <gpxtpx:hr>146</gpxtpx:hr>
          </gpxtpx:TrackPointExtension>
        </extensions>
      </trkpt>
      <trkpt lat="1.3951675276560243" lon="103.89575083639183">
        <ele>15.994361506775022</ele>
        <time>2026-09-14T23:11:35Z</time>
        <extensions>
          <gpxtpx:TrackPointExtension>
            <gpxtpx:hr>147</gpxtpx:hr>
          </gpxtpx:TrackPointExtension>
        </extensions>
      </trkpt>
      <trkpt lat="1.3951651163111938" lon="103.89577384855112">
        <ele>16.039661559276283</ele>
        <time>2026-09-14T23:11:36Z</time>
        <extensions>
          <gpxtpx:TrackPointExtension>
            <gpxtpx:hr>147</gpxtpx:hr>
          </gpxtpx:TrackPointExtension>
        </extensions>
      </trkpt>
      <trkpt lat="1.3951629314975689" lon="103.89579649913374">
        <ele>16.117876298725605</ele>
        <time>2026-09-14T23:11:37Z</time>
        <extensions>
          <gpxtpx:TrackPointExtension>
            <gpxtpx:hr>147</gpxtpx:hr>
          </gpxtpx:TrackPointExtension>
        </extensions>
      </trkpt>
      <trkpt lat="1.3951606359291286" lon="103.89581980824241">
        <ele>16.183254421688616</ele>
        <time>2026-09-14T23:11:38Z</time>
        <extensions>
          <gpxtpx:TrackPointExtension>
            <gpxtpx:hr>147</gpxtpx:hr>
          </gpxtpx:TrackPointExtension>
        </extensions>
      </trkpt>
      <trkpt lat="1.3951580999952258" lon="103.8958443329741">
        <ele>16.268050929531455</ele>
        <time>2026-09-14T23:11:39Z</time>
        <extensions>
          <gpxtpx:TrackPointExtension>
            <gpxtpx:hr>147</gpxtpx:hr>
          </gpxtpx:TrackPointExtension>
        </extensions>
      </trkpt>
      <trkpt lat="1.3951549581636475" lon="103.89586988093386">
        <ele>16.32982969004661</ele>
        <time>2026-09-14T23:11:40Z</time>
        <extensions>
          <gpxtpx:TrackPointExtension>
            <gpxtpx:hr>147</gpxtpx:hr>
          </gpxtpx:TrackPointExtension>
        </extensions>
      </trkpt>
      <trkpt lat="1.395151791410588" lon="103.89589575973649">
        <ele>16.429600545205176</ele>
        <time>2026-09-14T23:11:41Z</time>
        <extensions>
          <gpxtpx:TrackPointExtension>
            <gpxtpx:hr>147</gpxtpx:hr>
          </gpxtpx:TrackPointExtension>
        </extensions>
      </trkpt>
      <trkpt lat="1.3951489354807158" lon="103.89592159514541">
        <ele>16.543321872130036</ele>
        <time>2026-09-14T23:11:42Z</time>
        <extensions>
          <gpxtpx:TrackPointExtension>
            <gpxtpx:hr>147</gpxtpx:hr>
          </gpxtpx:TrackPointExtension>
        </extensions>
      </trkpt>
      <trkpt lat="1.395146269050679" lon="103.89594659001804">
        <ele>16.66812134720385</ele>
        <time>2026-09-14T23:11:43Z</time>
        <extensions>
          <gpxtpx:TrackPointExtension>
            <gpxtpx:hr>147</gpxtpx:hr>
          </gpxtpx:TrackPointExtension>
        </extensions>
      </trkpt>
      <trkpt lat="1.395144086275404" lon="103.89597055975662">
        <ele>16.79375142324716</ele>
        <time>2026-09-14T23:11:44Z</time>
        <extensions>
          <gpxtpx:TrackPointExtension>
            <gpxtpx:hr>147</gpxtpx:hr>
          </gpxtpx:TrackPointExtension>
        </extensions>
      </trkpt>
      <trkpt lat="1.3951416652983701" lon="103.89599468579512">
        <ele>16.917445997707546</ele>
        <time>2026-09-14T23:11:45Z</time>
        <extensions>
          <gpxtpx:TrackPointExtension>
            <gpxtpx:hr>147</gpxtpx:hr>
          </gpxtpx:TrackPointExtension>
        </extensions>
      </trkpt>
      <trkpt lat="1.3951387691630133" lon="103.89601934452247">
        <ele>17.054257981479168</ele>
        <time>2026-09-14T23:11:46Z</time>
        <extensions>
          <gpxtpx:TrackPointExtension>
            <gpxtpx:hr>148</gpxtpx:hr>
          </gpxtpx:TrackPointExtension>
        </extensions>
      </trkpt>
      <trkpt lat="1.3951351084314356" lon="103.89604467384582">
        <ele>17.1695241285488</ele>
        <time>2026-09-14T23:11:47Z</time>
        <extensions>
          <gpxtpx:TrackPointExtension>
            <gpxtpx:hr>148</gpxtpx:hr>
          </gpxtpx:TrackPointExtension>
        </extensions>
      </trkpt>
      <trkpt lat="1.3951300990064521" lon="103.89607083448743">
        <ele>17.33231076505035</ele>
        <time>2026-09-14T23:11:48Z</time>
        <extensions>
          <gpxtpx:TrackPointExtension>
            <gpxtpx:hr>148</gpxtpx:hr>
          </gpxtpx:TrackPointExtension>
        </extensions>
      </trkpt>
      <trkpt lat="1.3951239120176784" lon="103.89609732884068">
        <ele>17.48675334919244</ele>
        <time>2026-09-14T23:11:49Z</time>
        <extensions>
          <gpxtpx:TrackPointExtension>
            <gpxtpx:hr>148</gpxtpx:hr>
          </gpxtpx:TrackPointExtension>
        </extensions>
      </trkpt>
      <trkpt lat="1.3951166769998604" lon="103.89612348320071">
        <ele>17.675153085961938</ele>
        <time>2026-09-14T23:11:50Z</time>
        <extensions>
          <gpxtpx:TrackPointExtension>
            <gpxtpx:hr>148</gpxtpx:hr>
          </gpxtpx:TrackPointExtension>
        </extensions>
      </trkpt>
      <trkpt lat="1.39510927559396" lon="103.89614871175601">
        <ele>17.83366367034614</ele>
        <time>2026-09-14T23:11:51Z</time>
        <extensions>
          <gpxtpx:TrackPointExtension>
            <gpxtpx:hr>148</gpxtpx:hr>
          </gpxtpx:TrackPointExtension>
        </extensions>
      </trkpt>
      <trkpt lat="1.3951020781223837" lon="103.89617313754002">
        <ele>17.99286463111639</ele>
        <time>2026-09-14T23:11:52Z</time>
        <extensions>
          <gpxtpx:TrackPointExtension>
            <gpxtpx:hr>148</gpxtpx:hr>
          </gpxtpx:TrackPointExtension>
        </extensions>
      </trkpt>
      <trkpt lat="1.3950948633732887" lon="103.8961971838818">
        <ele>18.1458061048761</ele>
        <time>2026-09-14T23:11:53Z</time>
        <extensions>
          <gpxtpx:TrackPointExtension>
            <gpxtpx:hr>148</gpxtpx:hr>
          </gpxtpx:TrackPointExtension>
        </extensions>
      </trkpt>
      <trkpt lat="1.3950876943575623" lon="103.89622122146362">
        <ele>18.289859710261226</ele>
        <time>2026-09-14T23:11:54Z</time>
        <extensions>
          <gpxtpx:TrackPointExtension>
            <gpxtpx:hr>145</gpxtpx:hr>
          </gpxtpx:TrackPointExtension>
        </extensions>
      </trkpt>
      <trkpt lat="1.3950799351253733" lon="103.89624521174355">
        <ele>18.437231187708676</ele>
        <time>2026-09-14T23:11:55Z</time>
        <extensions>
          <gpxtpx:TrackPointExtension>
            <gpxtpx:hr>145</gpxtpx:hr>
          </gpxtpx:TrackPointExtension>
        </extensions>
      </trkpt>
      <trkpt lat="1.3950717385627092" lon="103.89626964170617">
        <ele>18.55941620003432</ele>
        <time>2026-09-14T23:11:56Z</time>
        <extensions>
          <gpxtpx:TrackPointExtension>
            <gpxtpx:hr>145</gpxtpx:hr>
          </gpxtpx:TrackPointExtension>
        </extensions>
      </trkpt>
      <trkpt lat="1.3950629946377695" lon="103.89629503863483">
        <ele>18.64291368611157</ele>
        <time>2026-09-14T23:11:57Z</time>
        <extensions>
          <gpxtpx:TrackPointExtension>
            <gpxtpx:hr>145</gpxtpx:hr>
          </gpxtpx:TrackPointExtension>
        </extensions>
      </trkpt>
      <trkpt lat="1.3950540101393498" lon="103.89632111769394">
        <ele>18.732153590768576</ele>
        <time>2026-09-14T23:11:58Z</time>
        <extensions>
          <gpxtpx:TrackPointExtension>
            <gpxtpx:hr>145</gpxtpx:hr>
          </gpxtpx:TrackPointExtension>
        </extensions>
      </trkpt>
      <trkpt lat="1.395045025131541" lon="103.89634754153825">
        <ele>18.78901451639831</ele>
        <time>2026-09-14T23:11:59Z</time>
        <extensions>
          <gpxtpx:TrackPointExtension>
            <gpxtpx:hr>145</gpxtpx:hr>
          </gpxtpx:TrackPointExtension>
        </extensions>
      </trkpt>
      <trkpt lat="1.3950359459442183" lon="103.89637359328648">
        <ele>18.84281955473125</ele>
        <time>2026-09-14T23:12:00Z</time>
        <extensions>
          <gpxtpx:TrackPointExtension>
            <gpxtpx:hr>144</gpxtpx:hr>
          </gpxtpx:TrackPointExtension>
        </extensions>
      </trkpt>
      <trkpt lat="1.3950271869708208" lon="103.89639914040671">
        <ele>18.79979938454926</ele>
        <time>2026-09-14T23:12:01Z</time>
        <extensions>
          <gpxtpx:TrackPointExtension>
            <gpxtpx:hr>144</gpxtpx:hr>
          </gpxtpx:TrackPointExtension>
        </extensions>
      </trkpt>
      <trkpt lat="1.395017845509443" lon="103.89642434983527">
        <ele>18.765418089926243</ele>
        <time>2026-09-14T23:12:02Z</time>
        <extensions>
          <gpxtpx:TrackPointExtension>
            <gpxtpx:hr>144</gpxtpx:hr>
          </gpxtpx:TrackPointExtension>
        </extensions>
      </trkpt>
      <trkpt lat="1.3950072824896582" lon="103.89644913468389">
        <ele>18.712411462329328</ele>
        <time>2026-09-14T23:12:03Z</time>
        <extensions>
          <gpxtpx:TrackPointExtension>
            <gpxtpx:hr>144</gpxtpx:hr>
          </gpxtpx:TrackPointExtension>
        </extensions>
      </trkpt>
      <trkpt lat="1.3949954537551583" lon="103.89647359933403">
        <ele>18.696713007055223</ele>
        <time>2026-09-14T23:12:04Z</time>
        <extensions>
          <gpxtpx:TrackPointExtension>
            <gpxtpx:hr>144</gpxtpx:hr>
          </gpxtpx:TrackPointExtension>
        </extensions>
      </trkpt>
      <trkpt lat="1.394983087830164" lon="103.89649795971881">
        <ele>18.631717107258737</ele>
        <time>2026-09-14T23:12:05Z</time>
        <extensions>
          <gpxtpx:TrackPointExtension>
            <gpxtpx:hr>144</gpxtpx:hr>
          </gpxtpx:TrackPointExtension>
        </extensions>
      </trkpt>
      <trkpt lat="1.3949718416234689" lon="103.8965227327577">
        <ele>18.560013122856617</ele>
        <time>2026-09-14T23:12:06Z</time>
        <extensions>
          <gpxtpx:TrackPointExtension>
            <gpxtpx:hr>145</gpxtpx:hr>
          </gpxtpx:TrackPointExtension>
        </extensions>
      </trkpt>
      <trkpt lat="1.3949621494927569" lon="103.89654861850661">
        <ele>18.517348983325064</ele>
        <time>2026-09-14T23:12:07Z</time>
        <extensions>
          <gpxtpx:TrackPointExtension>
            <gpxtpx:hr>145</gpxtpx:hr>
          </gpxtpx:TrackPointExtension>
        </extensions>
      </trkpt>
      <trkpt lat="1.394954029054555" lon="103.8965757476893">
        <ele>18.42952357418835</ele>
        <time>2026-09-14T23:12:08Z</time>
        <extensions>
          <gpxtpx:TrackPointExtension>
            <gpxtpx:hr>145</gpxtpx:hr>
          </gpxtpx:TrackPointExtension>
        </extensions>
      </trkpt>
      <trkpt lat="1.3949471640033353" lon="103.89660324897768">
        <ele>18.36168931145221</ele>
        <time>2026-09-14T23:12:09Z</time>
        <extensions>
          <gpxtpx:TrackPointExtension>
            <gpxtpx:hr>145</gpxtpx:hr>
          </gpxtpx:TrackPointExtension>
        </extensions>
      </trkpt>
      <trkpt lat="1.3949414273540666" lon="103.89663002586484">
        <ele>18.266296059824526</ele>
        <time>2026-09-14T23:12:10Z</time>
        <extensions>
          <gpxtpx:TrackPointExtension>
            <gpxtpx:hr>145</gpxtpx:hr>
          </gpxtpx:TrackPointExtension>
        </extensions>
      </trkpt>
      <trkpt lat="1.3949361876674307" lon="103.89665624434913">
        <ele>18.187477998435497</ele>
        <time>2026-09-14T23:12:11Z</time>
        <extensions>
          <gpxtpx:TrackPointExtension>
            <gpxtpx:hr>145</gpxtpx:hr>
          </gpxtpx:TrackPointExtension>
        </extensions>
      </trkpt>
      <trkpt lat="1.3949303365515102" lon="103.89668237163949">
        <ele>18.138817972503603</ele>
        <time>2026-09-14T23:12:12Z</time>
        <extensions>
          <gpxtpx:TrackPointExtension>
            <gpxtpx:hr>146</gpxtpx:hr>
          </gpxtpx:TrackPointExtension>
        </extensions>
      </trkpt>
      <trkpt lat="1.3949242289613741" lon="103.89670877544793">
        <ele>18.064419005066156</ele>
        <time>2026-09-14T23:12:13Z</time>
        <extensions>
          <gpxtpx:TrackPointExtension>
            <gpxtpx:hr>146</gpxtpx:hr>
          </gpxtpx:TrackPointExtension>
        </extensions>
      </trkpt>
      <trkpt lat="1.3949177151158358" lon="103.89673567417668">
        <ele>18.014264854602516</ele>
        <time>2026-09-14T23:12:14Z</time>
        <extensions>
          <gpxtpx:TrackPointExtension>
            <gpxtpx:hr>146</gpxtpx:hr>
          </gpxtpx:TrackPointExtension>
        </extensions>
      </trkpt>
      <trkpt lat="1.394910561448551" lon="103.89676256586932">
        <ele>17.94678472727537</ele>
        <time>2026-09-14T23:12:15Z</time>
        <extensions>
          <gpxtpx:TrackPointExtension>
            <gpxtpx:hr>146</gpxtpx:hr>
          </gpxtpx:TrackPointExtension>
        </extensions>
      </trkpt>
      <trkpt lat="1.3949031393309819" lon="103.89678924369777">
        <ele>17.91781595814973</ele>
        <time>2026-09-14T23:12:16Z</time>
        <extensions>
          <gpxtpx:TrackPointExtension>
            <gpxtpx:hr>146</gpxtpx:hr>
          </gpxtpx:TrackPointExtension>
        </extensions>
      </trkpt>
      <trkpt lat="1.3948955304162014" lon="103.89681551478988">
        <ele>17.862676131539047</ele>
        <time>2026-09-14T23:12:17Z</time>
        <extensions>
          <gpxtpx:TrackPointExtension>
            <gpxtpx:hr>146</gpxtpx:hr>
          </gpxtpx:TrackPointExtension>
        </extensions>
      </trkpt>
      <trkpt lat="1.394887716850781" lon="103.89684096823123">
        <ele>17.80692046880722</ele>
        <time>2026-09-14T23:12:18Z</time>
        <extensions>
          <gpxtpx:TrackPointExtension>
            <gpxtpx:hr>146</gpxtpx:hr>
          </gpxtpx:TrackPointExtension>
        </extensions>
      </trkpt>
      <trkpt lat="1.3948791205430529" lon="103.89686577887117">
        <ele>17.7579554785043</ele>
        <time>2026-09-14T23:12:19Z</time>
        <extensions>
          <gpxtpx:TrackPointExtension>
            <gpxtpx:hr>146</gpxtpx:hr>
          </gpxtpx:TrackPointExtension>
        </extensions>
      </trkpt>
      <trkpt lat="1.3948702905223076" lon="103.89689050648536">
        <ele>17.703452156856656</ele>
        <time>2026-09-14T23:12:20Z</time>
        <extensions>
          <gpxtpx:TrackPointExtension>
            <gpxtpx:hr>146</gpxtpx:hr>
          </gpxtpx:TrackPointExtension>
        </extensions>
      </trkpt>
      <trkpt lat="1.394861795266096" lon="103.89691545937711">
        <ele>17.664746158756316</ele>
        <time>2026-09-14T23:12:21Z</time>
        <extensions>
          <gpxtpx:TrackPointExtension>
            <gpxtpx:hr>147</gpxtpx:hr>
          </gpxtpx:TrackPointExtension>
        </extensions>
      </trkpt>
      <trkpt lat="1.3948530761697207" lon="103.89694041109001">
        <ele>17.594570034183562</ele>
        <time>2026-09-14T23:12:22Z</time>
        <extensions>
          <gpxtpx:TrackPointExtension>
            <gpxtpx:hr>147</gpxtpx:hr>
          </gpxtpx:TrackPointExtension>
        </extensions>
      </trkpt>
      <trkpt lat="1.3948442246219093" lon="103.89696529596594">
        <ele>17.537050142884254</ele>
        <time>2026-09-14T23:12:23Z</time>
        <extensions>
          <gpxtpx:TrackPointExtension>
            <gpxtpx:hr>147</gpxtpx:hr>
          </gpxtpx:TrackPointExtension>
        </extensions>
      </trkpt>
      <trkpt lat="1.394835531805516" lon="103.89698996139629">
        <ele>17.455662502907217</ele>
        <time>2026-09-14T23:12:24Z</time>
        <extensions>
          <gpxtpx:TrackPointExtension>
            <gpxtpx:hr>147</gpxtpx:hr>
          </gpxtpx:TrackPointExtension>
        </extensions>
      </trkpt>
      <trkpt lat="1.394826925286474" lon="103.8970144515697">
        <ele>17.407578381709754</ele>
        <time>2026-09-14T23:12:25Z</time>
        <extensions>
          <gpxtpx:TrackPointExtension>
            <gpxtpx:hr>147</gpxtpx:hr>
          </gpxtpx:TrackPointExtension>
        </extensions>
      </trkpt>
      <trkpt lat="1.3948190336518032" lon="103.89703867415562">
        <ele>17.386198139749467</ele>
        <time>2026-09-14T23:12:26Z</time>
        <extensions>
          <gpxtpx:TrackPointExtension>
            <gpxtpx:hr>147</gpxtpx:hr>
          </gpxtpx:TrackPointExtension>
        </extensions>
      </trkpt>
      <trkpt lat="1.3948120287507846" lon="103.8970630882778">
        <ele>17.28436933271587</ele>
        <time>2026-09-14T23:12:27Z</time>
        <extensions>
          <gpxtpx:TrackPointExtension>
            <gpxtpx:hr>148</gpxtpx:hr>
          </gpxtpx:TrackPointExtension>
        </extensions>
      </trkpt>
      <trkpt lat="1.394805646555252" lon="103.89708975212696">
        <ele>16.67625141888857</ele>
        <time>2026-09-14T23:12:28Z</time>
        <extensions>
          <gpxtpx:TrackPointExtension>
            <gpxtpx:hr>148</gpxtpx:hr>
          </gpxtpx:TrackPointExtension>
        </extensions>
      </trkpt>
      <trkpt lat="1.3948001301494182" lon="103.89711530196118">
        <ele>16.574666883796453</ele>
        <time>2026-09-14T23:12:29Z</time>
        <extensions>
          <gpxtpx:TrackPointExtension>
            <gpxtpx:hr>148</gpxtpx:hr>
          </gpxtpx:TrackPointExtension>
        </extensions>
      </trkpt>
      <trkpt lat="1.394795211640957" lon="103.8971412096135">
        <ele>16.468125862069428</ele>
        <time>2026-09-14T23:12:30Z</time>
        <extensions>
          <gpxtpx:TrackPointExtension>
            <gpxtpx:hr>148</gpxtpx:hr>
          </gpxtpx:TrackPointExtension>
        </extensions>
      </trkpt>
      <trkpt lat="1.3947908146955423" lon="103.89716739150286">
        <ele>16.3566784709692</ele>
        <time>2026-09-14T23:12:31Z</time>
        <extensions>
          <gpxtpx:TrackPointExtension>
            <gpxtpx:hr>148</gpxtpx:hr>
          </gpxtpx:TrackPointExtension>
        </extensions>
      </trkpt>
      <trkpt lat="1.394786634459219" lon="103.89719398317308">
        <ele>16.240342002362013</ele>
        <time>2026-09-14T23:12:32Z</time>
        <extensions>
          <gpxtpx:TrackPointExtension>
            <gpxtpx:hr>148</gpxtpx:hr>
          </gpxtpx:TrackPointExtension>
        </extensions>
      </trkpt>
      <trkpt lat="1.3947825191820225" lon="103.89722104768637">
        <ele>16.118575480766594</ele>
        <time>2026-09-14T23:12:33Z</time>
        <extensions>
          <gpxtpx:TrackPointExtension>
            <gpxtpx:hr>149</gpxtpx:hr>
          </gpxtpx:TrackPointExtension>
        </extensions>
      </trkpt>
      <trkpt lat="1.3947784034239523" lon="103.89724820892489">
        <ele>15.99170228652656</ele>
        <time>2026-09-14T23:12:34Z</time>
        <extensions>
          <gpxtpx:TrackPointExtension>
            <gpxtpx:hr>149</gpxtpx:hr>
          </gpxtpx:TrackPointExtension>
        </extensions>
      </trkpt>
      <trkpt lat="1.3947743252414762" lon="103.89727524928763">
        <ele>15.858670519664884</ele>
        <time>2026-09-14T23:12:35Z</time>
        <extensions>
          <gpxtpx:TrackPointExtension>
            <gpxtpx:hr>149</gpxtpx:hr>
          </gpxtpx:TrackPointExtension>
        </extensions>
      </trkpt>
      <trkpt lat="1.394770342780448" lon="103.89730208060308">
        <ele>15.719780347310007</ele>
        <time>2026-09-14T23:12:36Z</time>
        <extensions>
          <gpxtpx:TrackPointExtension>
            <gpxtpx:hr>149</gpxtpx:hr>
          </gpxtpx:TrackPointExtension>
        </extensions>
      </trkpt>
      <trkpt lat="1.3947664031430003" lon="103.89732873489467">
        <ele>15.574644600972533</ele>
        <time>2026-09-14T23:12:37Z</time>
        <extensions>
          <gpxtpx:TrackPointExtension>
            <gpxtpx:hr>149</gpxtpx:hr>
          </gpxtpx:TrackPointExtension>
        </extensions>
      </trkpt>
      <trkpt lat="1.3947626055235431" lon="103.89735544705799">
        <ele>15.424287456087768</ele>
        <time>2026-09-14T23:12:38Z</time>
        <extensions>
          <gpxtpx:TrackPointExtension>
            <gpxtpx:hr>149</gpxtpx:hr>
          </gpxtpx:TrackPointExtension>
        </extensions>
      </trkpt>
      <trkpt lat="1.3947587774881578" lon="103.89738249316497">
        <ele>15.269676288589835</ele>
        <time>2026-09-14T23:12:39Z</time>
        <extensions>
          <gpxtpx:TrackPointExtension>
            <gpxtpx:hr>149</gpxtpx:hr>
          </gpxtpx:TrackPointExtension>
        </extensions>
      </trkpt>
      <trkpt lat="1.3947548406555188" lon="103.89740997393477">
        <ele>15.111834609881043</ele>
        <time>2026-09-14T23:12:40Z</time>
        <extensions>
          <gpxtpx:TrackPointExtension>
            <gpxtpx:hr>149</gpxtpx:hr>
          </gpxtpx:TrackPointExtension>
        </extensions>
      </trkpt>
      <trkpt lat="1.3947508639166442" lon="103.89743776049424">
        <ele>14.952890606597066</ele>
        <time>2026-09-14T23:12:41Z</time>
        <extensions>
          <gpxtpx:TrackPointExtension>
            <gpxtpx:hr>149</gpxtpx:hr>
          </gpxtpx:TrackPointExtension>
        </extensions>
      </trkpt>
      <trkpt lat="1.3947465777640962" lon="103.89746591976777">
        <ele>14.79479106515646</ele>
        <time>2026-09-14T23:12:42Z</time>
        <extensions>
          <gpxtpx:TrackPointExtension>
            <gpxtpx:hr>149</gpxtpx:hr>
          </gpxtpx:TrackPointExtension>
        </extensions>
      </trkpt>
      <trkpt lat="1.3947418387594834" lon="103.89749424655585">
        <ele>14.639938281849027</ele>
        <time>2026-09-14T23:12:43Z</time>
        <extensions>
          <gpxtpx:TrackPointExtension>
            <gpxtpx:hr>149</gpxtpx:hr>
          </gpxtpx:TrackPointExtension>
        </extensions>
      </trkpt>
      <trkpt lat="1.3947367786095681" lon="103.89752199235362">
        <ele>14.49066705070436</ele>
        <time>2026-09-14T23:12:44Z</time>
        <extensions>
          <gpxtpx:TrackPointExtension>
            <gpxtpx:hr>149</gpxtpx:hr>
          </gpxtpx:TrackPointExtension>
        </extensions>
      </trkpt>
      <trkpt lat="1.3947317008039282" lon="103.89754869056036">
        <ele>14.3485307386145</ele>
        <time>2026-09-14T23:12:45Z</time>
        <extensions>
          <gpxtpx:TrackPointExtension>
            <gpxtpx:hr>149</gpxtpx:hr>
          </gpxtpx:TrackPointExtension>
        </extensions>
      </trkpt>
      <trkpt lat="1.3947269184644293" lon="103.89757451222435">
        <ele>14.21425718255341</ele>
        <time>2026-09-14T23:12:46Z</time>
        <extensions>
          <gpxtpx:TrackPointExtension>
            <gpxtpx:hr>149</gpxtpx:hr>
          </gpxtpx:TrackPointExtension>
        </extensions>
      </trkpt>
      <trkpt lat="1.3947227213174567" lon="103.89760001970312">
        <ele>14.088006172329187</ele>
        <time>2026-09-14T23:12:47Z</time>
        <extensions>
          <gpxtpx:TrackPointExtension>
            <gpxtpx:hr>149</gpxtpx:hr>
          </gpxtpx:TrackPointExtension>
        </extensions>
      </trkpt>
      <trkpt lat="1.3947198934675922" lon="103.89762562989742">
        <ele>13.970587844029069</ele>
        <time>2026-09-14T23:12:48Z</time>
        <extensions>
          <gpxtpx:TrackPointExtension>
            <gpxtpx:hr>149</gpxtpx:hr>
          </gpxtpx:TrackPointExtension>
        </extensions>
      </trkpt>
      <trkpt lat="1.3947195186841055" lon="103.89765135710782">
        <ele>13.860915734432638</ele>
        <time>2026-09-14T23:12:49Z</time>
        <extensions>
          <gpxtpx:TrackPointExtension>
            <gpxtpx:hr>148</gpxtpx:hr>
          </gpxtpx:TrackPointExtension>
        </extensions>
      </trkpt>
      <trkpt lat="1.3947224355305217" lon="103.89767686092615">
        <ele>13.759695580229163</ele>
        <time>2026-09-14T23:12:50Z</time>
        <extensions>
          <gpxtpx:TrackPointExtension>
            <gpxtpx:hr>148</gpxtpx:hr>
          </gpxtpx:TrackPointExtension>
        </extensions>
      </trkpt>
      <trkpt lat="1.3947287145901528" lon="103.89770167516556">
        <ele>13.666271187365055</ele>
        <time>2026-09-14T23:12:51Z</time>
        <extensions>
          <gpxtpx:TrackPointExtension>
            <gpxtpx:hr>148</gpxtpx:hr>
          </gpxtpx:TrackPointExtension>
        </extensions>
      </trkpt>
      <trkpt lat="1.394737842516401" lon="103.89772549301377">
        <ele>13.580515400506556</ele>
        <time>2026-09-14T23:12:52Z</time>
        <extensions>
          <gpxtpx:TrackPointExtension>
            <gpxtpx:hr>148</gpxtpx:hr>
          </gpxtpx:TrackPointExtension>
        </extensions>
      </trkpt>
      <trkpt lat="1.3947496428099386" lon="103.89774784090918">
        <ele>13.502404287457466</ele>
        <time>2026-09-14T23:12:53Z</time>
        <extensions>
          <gpxtpx:TrackPointExtension>
            <gpxtpx:hr>148</gpxtpx:hr>
          </gpxtpx:TrackPointExtension>
        </extensions>
      </trkpt>
      <trkpt lat="1.3947637992968107" lon="103.8977683459509">
        <ele>13.431736129336059</ele>
        <time>2026-09-14T23:12:54Z</time>
        <extensions>
          <gpxtpx:TrackPointExtension>
            <gpxtpx:hr>148</gpxtpx:hr>
          </gpxtpx:TrackPointExtension>
        </extensions>
      </trkpt>
      <trkpt lat="1.3947799538474124" lon="103.89778681546842">
        <ele>13.368291684426367</ele>
        <time>2026-09-14T23:12:55Z</time>
        <extensions>
          <gpxtpx:TrackPointExtension>
            <gpxtpx:hr>149</gpxtpx:hr>
          </gpxtpx:TrackPointExtension>
        </extensions>
      </trkpt>
      <trkpt lat="1.3947979281797207" lon="103.89780316228087">
        <ele>13.311667651869357</ele>
        <time>2026-09-14T23:12:56Z</time>
        <extensions>
          <gpxtpx:TrackPointExtension>
            <gpxtpx:hr>149</gpxtpx:hr>
          </gpxtpx:TrackPointExtension>
        </extensions>
      </trkpt>
      <trkpt lat="1.394817630124373" lon="103.89781743229223">
        <ele>13.261805781163275</ele>
        <time>2026-09-14T23:12:57Z</time>
        <extensions>
          <gpxtpx:TrackPointExtension>
            <gpxtpx:hr>149</gpxtpx:hr>
          </gpxtpx:TrackPointExtension>
        </extensions>
      </trkpt>
      <trkpt lat="1.3948389597009612" lon="103.8978295304172">
        <ele>13.216790428385139</ele>
        <time>2026-09-14T23:12:58Z</time>
        <extensions>
          <gpxtpx:TrackPointExtension>
            <gpxtpx:hr>149</gpxtpx:hr>
          </gpxtpx:TrackPointExtension>
        </extensions>
      </trkpt>
      <trkpt lat="1.3948617404521066" lon="103.89783960778414">
        <ele>13.176193072460592</ele>
        <time>2026-09-14T23:12:59Z</time>
        <extensions>
          <gpxtpx:TrackPointExtension>
            <gpxtpx:hr>149</gpxtpx:hr>
          </gpxtpx:TrackPointExtension>
        </extensions>
      </trkpt>
      <trkpt lat="1.394885736885" lon="103.8978478374076">
        <ele>13.138129843398929</ele>
        <time>2026-09-14T23:13:00Z</time>
        <extensions>
          <gpxtpx:TrackPointExtension>
            <gpxtpx:hr>149</gpxtpx:hr>
          </gpxtpx:TrackPointExtension>
        </extensions>
      </trkpt>
      <trkpt lat="1.3949105409155609" lon="103.89785445387598">
        <ele>13.101282279007137</ele>
        <time>2026-09-14T23:13:01Z</time>
        <extensions>
          <gpxtpx:TrackPointExtension>
            <gpxtpx:hr>150</gpxtpx:hr>
          </gpxtpx:TrackPointExtension>
        </extensions>
      </trkpt>
      <trkpt lat="1.3949358646584977" lon="103.89785993622564">
        <ele>13.064011443406343</ele>
        <time>2026-09-14T23:13:02Z</time>
        <extensions>
          <gpxtpx:TrackPointExtension>
            <gpxtpx:hr>150</gpxtpx:hr>
          </gpxtpx:TrackPointExtension>
        </extensions>
      </trkpt>
      <trkpt lat="1.3949613472106324" lon="103.89786491025512">
        <ele>13.024877020157874</ele>
        <time>2026-09-14T23:13:03Z</time>
        <extensions>
          <gpxtpx:TrackPointExtension>
            <gpxtpx:hr>150</gpxtpx:hr>
          </gpxtpx:TrackPointExtension>
        </extensions>
      </trkpt>
      <trkpt lat="1.3949867980699593" lon="103.89786997226814">
        <ele>12.983700551092625</ele>
        <time>2026-09-14T23:13:04Z</time>
        <extensions>
          <gpxtpx:TrackPointExtension>
            <gpxtpx:hr>150</gpxtpx:hr>
          </gpxtpx:TrackPointExtension>
        </extensions>
      </trkpt>
      <trkpt lat="1.3950122453863014" lon="103.89787533455893">
        <ele>12.939712076447904</ele>
        <time>2026-09-14T23:13:05Z</time>
        <extensions>
          <gpxtpx:TrackPointExtension>
            <gpxtpx:hr>150</gpxtpx:hr>
          </gpxtpx:TrackPointExtension>
        </extensions>
      </trkpt>
      <trkpt lat="1.395037745953171" lon="103.8978810682639">
        <ele>12.894001739099622</ele>
        <time>2026-09-14T23:13:06Z</time>
        <extensions>
          <gpxtpx:TrackPointExtension>
            <gpxtpx:hr>149</gpxtpx:hr>
          </gpxtpx:TrackPointExtension>
        </extensions>
      </trkpt>
      <trkpt lat="1.3950634086140556" lon="103.89788712425539">
        <ele>12.846236544661224</ele>
        <time>2026-09-14T23:13:07Z</time>
        <extensions>
          <gpxtpx:TrackPointExtension>
            <gpxtpx:hr>149</gpxtpx:hr>
          </gpxtpx:TrackPointExtension>
        </extensions>
      </trkpt>
      <trkpt lat="1.395089197763729" lon="103.89789351761564">
        <ele>12.79777473770082</ele>
        <time>2026-09-14T23:13:08Z</time>
        <extensions>
          <gpxtpx:TrackPointExtension>
            <gpxtpx:hr>149</gpxtpx:hr>
          </gpxtpx:TrackPointExtension>
        </extensions>
      </trkpt>
      <trkpt lat="1.3951150163711854" lon="103.89790031773143">
        <ele>12.749106508679688</ele>
        <time>2026-09-14T23:13:09Z</time>
        <extensions>
          <gpxtpx:TrackPointExtension>
            <gpxtpx:hr>149</gpxtpx:hr>
          </gpxtpx:TrackPointExtension>
        </extensions>
      </trkpt>
      <trkpt lat="1.3951409107320123" lon="103.89790734383051">
        <ele>12.701379418373108</ele>
        <time>2026-09-14T23:13:10Z</time>
        <extensions>
          <gpxtpx:TrackPointExtension>
            <gpxtpx:hr>149</gpxtpx:hr>
          </gpxtpx:TrackPointExtension>
        </extensions>
      </trkpt>
      <trkpt lat="1.3951669059274496" lon="103.89791460641358">
        <ele>12.654466557316482</ele>
        <time>2026-09-14T23:13:11Z</time>
        <extensions>
          <gpxtpx:TrackPointExtension>
            <gpxtpx:hr>149</gpxtpx:hr>
          </gpxtpx:TrackPointExtension>
        </extensions>
      </trkpt>
      <trkpt lat="1.3951929516957247" lon="103.89792215638344">
        <ele>12.608826961368322</ele>
        <time>2026-09-14T23:13:11Z</time>
        <extensions>
          <gpxtpx:TrackPointExtension>
            <gpxtpx:hr>149</gpxtpx:hr>
          </gpxtpx:TrackPointExtension>
        </extensions>
      </trkpt>
      <trkpt lat="1.3952189075019135" lon="103.897929921479">
        <ele>12.565367482602596</ele>
        <time>2026-09-14T23:13:12Z</time>
        <extensions>
          <gpxtpx:TrackPointExtension>
            <gpxtpx:hr>149</gpxtpx:hr>
          </gpxtpx:TrackPointExtension>
        </extensions>
      </trkpt>
      <trkpt lat="1.3952446076919767" lon="103.8979377881615">
        <ele>12.525245705619454</ele>
        <time>2026-09-14T23:13:13Z</time>
        <extensions>
          <gpxtpx:TrackPointExtension>
            <gpxtpx:hr>149</gpxtpx:hr>
          </gpxtpx:TrackPointExtension>
        </extensions>
      </trkpt>
      <trkpt lat="1.395269869676089" lon="103.89794519113529">
        <ele>12.489559554494917</ele>
        <time>2026-09-14T23:13:14Z</time>
        <extensions>
          <gpxtpx:TrackPointExtension>
            <gpxtpx:hr>149</gpxtpx:hr>
          </gpxtpx:TrackPointExtension>
        </extensions>
      </trkpt>
      <trkpt lat="1.3952945046696128" lon="103.89795170840873">
        <ele>12.459423884749413</ele>
        <time>2026-09-14T23:13:15Z</time>
        <extensions>
          <gpxtpx:TrackPointExtension>
            <gpxtpx:hr>149</gpxtpx:hr>
          </gpxtpx:TrackPointExtension>
        </extensions>
      </trkpt>
      <trkpt lat="1.395318738418791" lon="103.89795737550138">
        <ele>12.435623555444181</ele>
        <time>2026-09-14T23:13:16Z</time>
        <extensions>
          <gpxtpx:TrackPointExtension>
            <gpxtpx:hr>149</gpxtpx:hr>
          </gpxtpx:TrackPointExtension>
        </extensions>
      </trkpt>
      <trkpt lat="1.395343015323262" lon="103.89796227682028">
        <ele>12.41950299590826</ele>
        <time>2026-09-14T23:13:17Z</time>
        <extensions>
          <gpxtpx:TrackPointExtension>
            <gpxtpx:hr>149</gpxtpx:hr>
          </gpxtpx:TrackPointExtension>
        </extensions>
      </trkpt>
      <trkpt lat="1.3953675402361023" lon="103.89796673657152">
        <ele>12.410130338743329</ele>
        <time>2026-09-14T23:13:18Z</time>
        <extensions>
          <gpxtpx:TrackPointExtension>
            <gpxtpx:hr>149</gpxtpx:hr>
          </gpxtpx:TrackPointExtension>
        </extensions>
      </trkpt>
      <trkpt lat="1.395392324216656" lon="103.89797159076966">
        <ele>12.408525208942592</ele>
        <time>2026-09-14T23:13:19Z</time>
        <extensions>
          <gpxtpx:TrackPointExtension>
            <gpxtpx:hr>149</gpxtpx:hr>
          </gpxtpx:TrackPointExtension>
        </extensions>
      </trkpt>
      <trkpt lat="1.3954174621573314" lon="103.89797788385471">
        <ele>12.414747350849211</ele>
        <time>2026-09-14T23:13:20Z</time>
        <extensions>
          <gpxtpx:TrackPointExtension>
            <gpxtpx:hr>151</gpxtpx:hr>
          </gpxtpx:TrackPointExtension>
        </extensions>
      </trkpt>
      <trkpt lat="1.3954427169087338" lon="103.89798575848049">
        <ele>12.429379229433835</ele>
        <time>2026-09-14T23:13:21Z</time>
        <extensions>
          <gpxtpx:TrackPointExtension>
            <gpxtpx:hr>151</gpxtpx:hr>
          </gpxtpx:TrackPointExtension>
        </extensions>
      </trkpt>
      <trkpt lat="1.3954672838934057" lon="103.89799478740271">
        <ele>12.452611270360649</ele>
        <time>2026-09-14T23:13:22Z</time>
        <extensions>
          <gpxtpx:TrackPointExtension>
            <gpxtpx:hr>151</gpxtpx:hr>
          </gpxtpx:TrackPointExtension>
        </extensions>
      </trkpt>
      <trkpt lat="1.3954907684378068" lon="103.89800469977006">
        <ele>12.484936706721783</ele>
        <time>2026-09-14T23:13:23Z</time>
        <extensions>
          <gpxtpx:TrackPointExtension>
            <gpxtpx:hr>151</gpxtpx:hr>
          </gpxtpx:TrackPointExtension>
        </extensions>
      </trkpt>
      <trkpt lat="1.395513472007936" lon="103.89801448690122">
        <ele>12.526649312116206</ele>
        <time>2026-09-14T23:13:24Z</time>
        <extensions>
          <gpxtpx:TrackPointExtension>
            <gpxtpx:hr>151</gpxtpx:hr>
          </gpxtpx:TrackPointExtension>
        </extensions>
      </trkpt>
      <trkpt lat="1.3955358675784373" lon="103.89802299141542">
        <ele>12.577658782713115</ele>
        <time>2026-09-14T23:13:25Z</time>
        <extensions>
          <gpxtpx:TrackPointExtension>
            <gpxtpx:hr>150</gpxtpx:hr>
          </gpxtpx:TrackPointExtension>
        </extensions>
      </trkpt>
      <trkpt lat="1.395558474761167" lon="103.89803004182079">
        <ele>12.638749450445175</ele>
        <time>2026-09-14T23:13:26Z</time>
        <extensions>
          <gpxtpx:TrackPointExtension>
            <gpxtpx:hr>150</gpxtpx:hr>
          </gpxtpx:TrackPointExtension>
        </extensions>
      </trkpt>
      <trkpt lat="1.395581785605276" lon="103.89803593288865">
        <ele>12.7092953491956</ele>
        <time>2026-09-14T23:13:27Z</time>
        <extensions>
          <gpxtpx:TrackPointExtension>
            <gpxtpx:hr>150</gpxtpx:hr>
          </gpxtpx:TrackPointExtension>
        </extensions>
      </trkpt>
      <trkpt lat="1.3956058264504085" lon="103.89804076006884">
        <ele>12.789944122545421</ele>
        <time>2026-09-14T23:13:28Z</time>
        <extensions>
          <gpxtpx:TrackPointExtension>
            <gpxtpx:hr>150</gpxtpx:hr>
          </gpxtpx:TrackPointExtension>
        </extensions>
      </trkpt>
      <trkpt lat="1.395630095395961" lon="103.89804434417782">
        <ele>12.880216933786869</ele>
        <time>2026-09-14T23:13:29Z</time>
        <extensions>
          <gpxtpx:TrackPointExtension>
            <gpxtpx:hr>150</gpxtpx:hr>
          </gpxtpx:TrackPointExtension>
        </extensions>
      </trkpt>
      <trkpt lat="1.3956540323290016" lon="103.89804660381623">
        <ele>12.97931051440537</ele>
        <time>2026-09-14T23:13:30Z</time>
        <extensions>
          <gpxtpx:TrackPointExtension>
            <gpxtpx:hr>149</gpxtpx:hr>
          </gpxtpx:TrackPointExtension>
        </extensions>
      </trkpt>
      <trkpt lat="1.3956776767634032" lon="103.8980473041816">
        <ele>13.085634930059314</ele>
        <time>2026-09-14T23:13:31Z</time>
        <extensions>
          <gpxtpx:TrackPointExtension>
            <gpxtpx:hr>149</gpxtpx:hr>
          </gpxtpx:TrackPointExtension>
        </extensions>
      </trkpt>
      <trkpt lat="1.3957012859119413" lon="103.89804687415797">
        <ele>13.197450721636415</ele>
        <time>2026-09-14T23:13:32Z</time>
        <extensions>
          <gpxtpx:TrackPointExtension>
            <gpxtpx:hr>149</gpxtpx:hr>
          </gpxtpx:TrackPointExtension>
        </extensions>
      </trkpt>
      <trkpt lat="1.3957249119294086" lon="103.89804599652862">
        <ele>13.31296400167048</ele>
        <time>2026-09-14T23:13:33Z</time>
        <extensions>
          <gpxtpx:TrackPointExtension>
            <gpxtpx:hr>149</gpxtpx:hr>
          </gpxtpx:TrackPointExtension>
        </extensions>
      </trkpt>
      <trkpt lat="1.3957486879021634" lon="103.8980446116773">
        <ele>13.43016645964235</ele>
        <time>2026-09-14T23:13:34Z</time>
        <extensions>
          <gpxtpx:TrackPointExtension>
            <gpxtpx:hr>149</gpxtpx:hr>
          </gpxtpx:TrackPointExtension>
        </extensions>
      </trkpt>
      <trkpt lat="1.3957727050182283" lon="103.8980426860556">
        <ele>13.548474577255547</ele>
        <time>2026-09-14T23:13:35Z</time>
        <extensions>
          <gpxtpx:TrackPointExtension>
            <gpxtpx:hr>149</gpxtpx:hr>
          </gpxtpx:TrackPointExtension>
        </extensions>
      </trkpt>
      <trkpt lat="1.3957969540697948" lon="103.89804017193548">
        <ele>13.666325346566737</ele>
        <time>2026-09-14T23:13:36Z</time>
        <extensions>
          <gpxtpx:TrackPointExtension>
            <gpxtpx:hr>149</gpxtpx:hr>
          </gpxtpx:TrackPointExtension>
        </extensions>
      </trkpt>
      <trkpt lat="1.3958213516913758" lon="103.89803702546075">
        <ele>13.783625652082264</ele>
        <time>2026-09-14T23:13:37Z</time>
        <extensions>
          <gpxtpx:TrackPointExtension>
            <gpxtpx:hr>149</gpxtpx:hr>
          </gpxtpx:TrackPointExtension>
        </extensions>
      </trkpt>
      <trkpt lat="1.3958458344968545" lon="103.8980332321287">
        <ele>13.899247252382338</ele>
        <time>2026-09-14T23:13:38Z</time>
        <extensions>
          <gpxtpx:TrackPointExtension>
            <gpxtpx:hr>149</gpxtpx:hr>
          </gpxtpx:TrackPointExtension>
        </extensions>
      </trkpt>
      <trkpt lat="1.395870312373382" lon="103.89802876638649">
        <ele>14.01296475995332</ele>
        <time>2026-09-14T23:13:39Z</time>
        <extensions>
          <gpxtpx:TrackPointExtension>
            <gpxtpx:hr>149</gpxtpx:hr>
          </gpxtpx:TrackPointExtension>
        </extensions>
      </trkpt>
      <trkpt lat="1.3958946727636081" lon="103.89802367841814">
        <ele>14.12424401845783</ele>
        <time>2026-09-14T23:13:40Z</time>
        <extensions>
          <gpxtpx:TrackPointExtension>
            <gpxtpx:hr>149</gpxtpx:hr>
          </gpxtpx:TrackPointExtension>
        </extensions>
      </trkpt>
      <trkpt lat="1.3959188713663364" lon="103.89801802706339">
        <ele>14.232120893895626</ele>
        <time>2026-09-14T23:13:41Z</time>
        <extensions>
          <gpxtpx:TrackPointExtension>
            <gpxtpx:hr>149</gpxtpx:hr>
          </gpxtpx:TrackPointExtension>
        </extensions>
      </trkpt>
      <trkpt lat="1.395942921712913" lon="103.8980118155138">
        <ele>14.336899124085903</ele>
        <time>2026-09-14T23:13:42Z</time>
        <extensions>
          <gpxtpx:TrackPointExtension>
            <gpxtpx:hr>149</gpxtpx:hr>
          </gpxtpx:TrackPointExtension>
        </extensions>
      </trkpt>
      <trkpt lat="1.3959668063992086" lon="103.89800505111013">
        <ele>14.437626802362502</ele>
        <time>2026-09-14T23:13:43Z</time>
        <extensions>
          <gpxtpx:TrackPointExtension>
            <gpxtpx:hr>149</gpxtpx:hr>
          </gpxtpx:TrackPointExtension>
        </extensions>
      </trkpt>
      <trkpt lat="1.3959904502986655" lon="103.897997696306">
        <ele>14.53384211845696</ele>
        <time>2026-09-14T23:13:44Z</time>
        <extensions>
          <gpxtpx:TrackPointExtension>
            <gpxtpx:hr>149</gpxtpx:hr>
          </gpxtpx:TrackPointExtension>
        </extensions>
      </trkpt>
      <trkpt lat="1.3960137716241567" lon="103.89798971441233">
        <ele>14.624943686649203</ele>
        <time>2026-09-14T23:13:45Z</time>
        <extensions>
          <gpxtpx:TrackPointExtension>
            <gpxtpx:hr>149</gpxtpx:hr>
          </gpxtpx:TrackPointExtension>
        </extensions>
      </trkpt>
      <trkpt lat="1.3960367038462735" lon="103.8979810713437">
        <ele>14.710840656422079</ele>
        <time>2026-09-14T23:13:46Z</time>
        <extensions>
          <gpxtpx:TrackPointExtension>
            <gpxtpx:hr>149</gpxtpx:hr>
          </gpxtpx:TrackPointExtension>
        </extensions>
      </trkpt>
      <trkpt lat="1.396059216723944" lon="103.89797176021746">
        <ele>14.791593879461288</ele>
        <time>2026-09-14T23:13:47Z</time>
        <extensions>
          <gpxtpx:TrackPointExtension>
            <gpxtpx:hr>149</gpxtpx:hr>
          </gpxtpx:TrackPointExtension>
        </extensions>
      </trkpt>
      <trkpt lat="1.3960812901065365" lon="103.8979618410575">
        <ele>14.867920574732125</ele>
        <time>2026-09-14T23:13:48Z</time>
        <extensions>
          <gpxtpx:TrackPointExtension>
            <gpxtpx:hr>149</gpxtpx:hr>
          </gpxtpx:TrackPointExtension>
        </extensions>
      </trkpt>
      <trkpt lat="1.3961028652672578" lon="103.89795133968096">
        <ele>14.94014769885689</ele>
        <time>2026-09-14T23:13:49Z</time>
        <extensions>
          <gpxtpx:TrackPointExtension>
            <gpxtpx:hr>148</gpxtpx:hr>
          </gpxtpx:TrackPointExtension>
        </extensions>
      </trkpt>
      <trkpt lat="1.3961239022287437" lon="103.89794028606022">
        <ele>15.009949398227036</ele>
        <time>2026-09-14T23:13:50Z</time>
        <extensions>
          <gpxtpx:TrackPointExtension>
            <gpxtpx:hr>148</gpxtpx:hr>
          </gpxtpx:TrackPointExtension>
        </extensions>
      </trkpt>
      <trkpt lat="1.396144349173709" lon="103.89792874957166">
        <ele>15.077590890228748</ele>
        <time>2026-09-14T23:13:51Z</time>
        <extensions>
          <gpxtpx:TrackPointExtension>
            <gpxtpx:hr>148</gpxtpx:hr>
          </gpxtpx:TrackPointExtension>
        </extensions>
      </trkpt>
      <trkpt lat="1.3961641597848782" lon="103.89791680759828">
        <ele>15.144118562340736</ele>
        <time>2026-09-14T23:13:52Z</time>
        <extensions>
          <gpxtpx:TrackPointExtension>
            <gpxtpx:hr>148</gpxtpx:hr>
          </gpxtpx:TrackPointExtension>
        </extensions>
      </trkpt>
      <trkpt lat="1.3961834341399773" lon="103.89790448693115">
        <ele>15.21049601957202</ele>
        <time>2026-09-14T23:13:53Z</time>
        <extensions>
          <gpxtpx:TrackPointExtension>
            <gpxtpx:hr>148</gpxtpx:hr>
          </gpxtpx:TrackPointExtension>
        </extensions>
      </trkpt>
      <trkpt lat="1.3962023793403864" lon="103.89789173608975">
        <ele>15.275285005569458</ele>
        <time>2026-09-14T23:13:54Z</time>
        <extensions>
          <gpxtpx:TrackPointExtension>
            <gpxtpx:hr>148</gpxtpx:hr>
          </gpxtpx:TrackPointExtension>
        </extensions>
      </trkpt>
      <trkpt lat="1.3962211428192128" lon="103.89787857888594">
        <ele>15.339333748444915</ele>
        <time>2026-09-14T23:13:55Z</time>
        <extensions>
          <gpxtpx:TrackPointExtension>
            <gpxtpx:hr>148</gpxtpx:hr>
          </gpxtpx:TrackPointExtension>
        </extensions>
      </trkpt>
      <trkpt lat="1.3962394991693317" lon="103.89786444517863">
        <ele>15.401020559482276</ele>
        <time>2026-09-14T23:13:56Z</time>
        <extensions>
          <gpxtpx:TrackPointExtension>
            <gpxtpx:hr>148</gpxtpx:hr>
          </gpxtpx:TrackPointExtension>
        </extensions>
      </trkpt>
      <trkpt lat="1.3962571694811976" lon="103.89784899979978">
        <ele>15.460013207048178</ele>
        <time>2026-09-14T23:13:57Z</time>
        <extensions>
          <gpxtpx:TrackPointExtension>
            <gpxtpx:hr>148</gpxtpx:hr>
          </gpxtpx:TrackPointExtension>
        </extensions>
      </trkpt>
      <trkpt lat="1.3962742360771512" lon="103.89783268347777">
        <ele>15.514817015267909</ele>
        <time>2026-09-14T23:13:58Z</time>
        <extensions>
          <gpxtpx:TrackPointExtension>
            <gpxtpx:hr>146</gpxtpx:hr>
          </gpxtpx:TrackPointExtension>
        </extensions>
      </trkpt>
      <trkpt lat="1.3962907804866838" lon="103.89781558900194">
        <ele>15.564848306588829</ele>
        <time>2026-09-14T23:13:59Z</time>
        <extensions>
          <gpxtpx:TrackPointExtension>
            <gpxtpx:hr>146</gpxtpx:hr>
          </gpxtpx:TrackPointExtension>
        </extensions>
      </trkpt>
      <trkpt lat="1.396306824004899" lon="103.89779777595129">
        <ele>15.60849143192172</ele>
        <time>2026-09-14T23:14:00Z</time>
        <extensions>
          <gpxtpx:TrackPointExtension>
            <gpxtpx:hr>146</gpxtpx:hr>
          </gpxtpx:TrackPointExtension>
        </extensions>
      </trkpt>
      <trkpt lat="1.3963223135338112" lon="103.89777938772181">
        <ele>15.644526173360646</ele>
        <time>2026-09-14T23:14:01Z</time>
        <extensions>
          <gpxtpx:TrackPointExtension>
            <gpxtpx:hr>146</gpxtpx:hr>
          </gpxtpx:TrackPointExtension>
        </extensions>
      </trkpt>
      <trkpt lat="1.3963370938520736" lon="103.89776059687745">
        <ele>15.672472953796387</ele>
        <time>2026-09-14T23:14:02Z</time>
        <extensions>
          <gpxtpx:TrackPointExtension>
            <gpxtpx:hr>146</gpxtpx:hr>
          </gpxtpx:TrackPointExtension>
        </extensions>
      </trkpt>
      <trkpt lat="1.3963511617708801" lon="103.89774156207672">
        <ele>15.69139748532325</ele>
        <time>2026-09-14T23:14:03Z</time>
        <extensions>
          <gpxtpx:TrackPointExtension>
            <gpxtpx:hr>147</gpxtpx:hr>
          </gpxtpx:TrackPointExtension>
        </extensions>
      </trkpt>
      <trkpt lat="1.3963644412020608" lon="103.89772229786519">
        <ele>15.701709816232324</ele>
        <time>2026-09-14T23:14:04Z</time>
        <extensions>
          <gpxtpx:TrackPointExtension>
            <gpxtpx:hr>147</gpxtpx:hr>
          </gpxtpx:TrackPointExtension>
        </extensions>
      </trkpt>
      <trkpt lat="1.3963769274192177" lon="103.89770285576641">
        <ele>15.703205915167928</ele>
        <time>2026-09-14T23:14:05Z</time>
        <extensions>
          <gpxtpx:TrackPointExtension>
            <gpxtpx:hr>147</gpxtpx:hr>
          </gpxtpx:TrackPointExtension>
        </extensions>
      </trkpt>
      <trkpt lat="1.3963887317617876" lon="103.89768320627157">
        <ele>15.69724880438298</ele>
        <time>2026-09-14T23:14:06Z</time>
        <extensions>
          <gpxtpx:TrackPointExtension>
            <gpxtpx:hr>147</gpxtpx:hr>
          </gpxtpx:TrackPointExtension>
        </extensions>
      </trkpt>
      <trkpt lat="1.3963999678774663" lon="103.89766312647245">
        <ele>15.684031342156231</ele>
        <time>2026-09-14T23:14:07Z</time>
        <extensions>
          <gpxtpx:TrackPointExtension>
            <gpxtpx:hr>147</gpxtpx:hr>
          </gpxtpx:TrackPointExtension>
        </extensions>
      </trkpt>
      <trkpt lat="1.3964109384908368" lon="103.89764221673127">
        <ele>15.664926161058247</ele>
        <time>2026-09-14T23:14:08Z</time>
        <extensions>
          <gpxtpx:TrackPointExtension>
            <gpxtpx:hr>147</gpxtpx:hr>
          </gpxtpx:TrackPointExtension>
        </extensions>
      </trkpt>
      <trkpt lat="1.3964216852165523" lon="103.89762037641783">
        <ele>15.64034420531243</ele>
        <time>2026-09-14T23:14:09Z</time>
        <extensions>
          <gpxtpx:TrackPointExtension>
            <gpxtpx:hr>147</gpxtpx:hr>
          </gpxtpx:TrackPointExtension>
        </extensions>
      </trkpt>
      <trkpt lat="1.3964320802935402" lon="103.89759807356867">
        <ele>15.611759711056948</ele>
        <time>2026-09-14T23:14:10Z</time>
        <extensions>
          <gpxtpx:TrackPointExtension>
            <gpxtpx:hr>147</gpxtpx:hr>
          </gpxtpx:TrackPointExtension>
        </extensions>
      </trkpt>
      <trkpt lat="1.3964419593863346" lon="103.89757572275684">
        <ele>15.579605185426772</ele>
        <time>2026-09-14T23:14:11Z</time>
        <extensions>
          <gpxtpx:TrackPointExtension>
            <gpxtpx:hr>147</gpxtpx:hr>
          </gpxtpx:TrackPointExtension>
        </extensions>
      </trkpt>
      <trkpt lat="1.396451157237409" lon="103.8975534903006">
        <ele>15.544909674674273</ele>
        <time>2026-09-14T23:14:12Z</time>
        <extensions>
          <gpxtpx:TrackPointExtension>
            <gpxtpx:hr>147</gpxtpx:hr>
          </gpxtpx:TrackPointExtension>
        </extensions>
      </trkpt>
      <trkpt lat="1.3964599455536726" lon="103.8975311607549">
        <ele>15.508108209818602</ele>
        <time>2026-09-14T23:14:13Z</time>
        <extensions>
          <gpxtpx:TrackPointExtension>
            <gpxtpx:hr>147</gpxtpx:hr>
          </gpxtpx:TrackPointExtension>
        </extensions>
      </trkpt>
      <trkpt lat="1.396468502328851" lon="103.89750848806125">
        <ele>15.469542629085481</ele>
        <time>2026-09-14T23:14:14Z</time>
        <extensions>
          <gpxtpx:TrackPointExtension>
            <gpxtpx:hr>147</gpxtpx:hr>
          </gpxtpx:TrackPointExtension>
        </extensions>
      </trkpt>
      <trkpt lat="1.3964769049763917" lon="103.89748562852434">
        <ele>15.429142355918884</ele>
        <time>2026-09-14T23:14:15Z</time>
        <extensions>
          <gpxtpx:TrackPointExtension>
            <gpxtpx:hr>147</gpxtpx:hr>
          </gpxtpx:TrackPointExtension>
        </extensions>
      </trkpt>
      <trkpt lat="1.3964853104743635" lon="103.89746269431674">
        <ele>15.386885572224855</ele>
        <time>2026-09-14T23:14:16Z</time>
        <extensions>
          <gpxtpx:TrackPointExtension>
            <gpxtpx:hr>147</gpxtpx:hr>
          </gpxtpx:TrackPointExtension>
        </extensions>
      </trkpt>
      <trkpt lat="1.3964937104480037" lon="103.897439559976">
        <ele>15.342920254915953</ele>
        <time>2026-09-14T23:14:17Z</time>
        <extensions>
          <gpxtpx:TrackPointExtension>
            <gpxtpx:hr>147</gpxtpx:hr>
          </gpxtpx:TrackPointExtension>
        </extensions>
      </trkpt>
      <trkpt lat="1.3965021769927668" lon="103.89741613236524">
        <ele>15.297170394100249</ele>
        <time>2026-09-14T23:14:18Z</time>
        <extensions>
          <gpxtpx:TrackPointExtension>
            <gpxtpx:hr>147</gpxtpx:hr>
          </gpxtpx:TrackPointExtension>
        </extensions>
      </trkpt>
      <trkpt lat="1.3965105765715669" lon="103.89739263483555">
        <ele>15.2493080124259</ele>
        <time>2026-09-14T23:14:19Z</time>
        <extensions>
          <gpxtpx:TrackPointExtension>
            <gpxtpx:hr>147</gpxtpx:hr>
          </gpxtpx:TrackPointExtension>
        </extensions>
      </trkpt>
      <trkpt lat="1.3965187674166464" lon="103.89736941191198">
        <ele>15.198973989114165</ele>
        <time>2026-09-14T23:14:20Z</time>
        <extensions>
          <gpxtpx:TrackPointExtension>
            <gpxtpx:hr>148</gpxtpx:hr>
          </gpxtpx:TrackPointExtension>
        </extensions>
      </trkpt>
      <trkpt lat="1.3965266965658512" lon="103.89734659206938">
        <ele>15.14649083185941</ele>
        <time>2026-09-14T23:14:21Z</time>
        <extensions>
          <gpxtpx:TrackPointExtension>
            <gpxtpx:hr>148</gpxtpx:hr>
          </gpxtpx:TrackPointExtension>
        </extensions>
      </trkpt>
      <trkpt lat="1.3965343735748583" lon="103.89732411698922">
        <ele>15.092070466838777</ele>
        <time>2026-09-14T23:14:22Z</time>
        <extensions>
          <gpxtpx:TrackPointExtension>
            <gpxtpx:hr>148</gpxtpx:hr>
          </gpxtpx:TrackPointExtension>
        </extensions>
      </trkpt>
      <trkpt lat="1.3965420285089787" lon="103.89730189348627">
        <ele>15.035099067725241</ele>
        <time>2026-09-14T23:14:23Z</time>
        <extensions>
          <gpxtpx:TrackPointExtension>
            <gpxtpx:hr>148</gpxtpx:hr>
          </gpxtpx:TrackPointExtension>
        </extensions>
      </trkpt>
      <trkpt lat="1.3965496468970562" lon="103.8972798777712">
        <ele>14.976955467835069</ele>
        <time>2026-09-14T23:14:24Z</time>
        <extensions>
          <gpxtpx:TrackPointExtension>
            <gpxtpx:hr>148</gpxtpx:hr>
          </gpxtpx:TrackPointExtension>
        </extensions>
      </trkpt>
      <trkpt lat="1.3965571860559343" lon="103.8972580240552">
        <ele>14.916572493501008</ele>
        <time>2026-09-14T23:14:25Z</time>
        <extensions>
          <gpxtpx:TrackPointExtension>
            <gpxtpx:hr>148</gpxtpx:hr>
          </gpxtpx:TrackPointExtension>
        </extensions>
      </trkpt>
      <trkpt lat="1.3965647782069273" lon="103.89723616643725">
        <ele>14.855091945268214</ele>
        <time>2026-09-14T23:14:26Z</time>
        <extensions>
          <gpxtpx:TrackPointExtension>
            <gpxtpx:hr>148</gpxtpx:hr>
          </gpxtpx:TrackPointExtension>
        </extensions>
      </trkpt>
      <trkpt lat="1.396572478740217" lon="103.89721420757961">
        <ele>14.79229704849422</ele>
        <time>2026-09-14T23:14:27Z</time>
        <extensions>
          <gpxtpx:TrackPointExtension>
            <gpxtpx:hr>148</gpxtpx:hr>
          </gpxtpx:TrackPointExtension>
        </extensions>
      </trkpt>
      <trkpt lat="1.3965804098240704" lon="103.89719215784427">
        <ele>14.729610380716622</ele>
        <time>2026-09-14T23:14:28Z</time>
        <extensions>
          <gpxtpx:TrackPointExtension>
            <gpxtpx:hr>148</gpxtpx:hr>
          </gpxtpx:TrackPointExtension>
        </extensions>
      </trkpt>
      <trkpt lat="1.3965884583173618" lon="103.8971700990165">
        <ele>14.667542005889118</ele>
        <time>2026-09-14T23:14:29Z</time>
        <extensions>
          <gpxtpx:TrackPointExtension>
            <gpxtpx:hr>146</gpxtpx:hr>
          </gpxtpx:TrackPointExtension>
        </extensions>
      </trkpt>
      <trkpt lat="1.3965965091309904" lon="103.89714815392645">
        <ele>14.607780575752258</ele>
        <time>2026-09-14T23:14:30Z</time>
        <extensions>
          <gpxtpx:TrackPointExtension>
            <gpxtpx:hr>146</gpxtpx:hr>
          </gpxtpx:TrackPointExtension>
        </extensions>
      </trkpt>
      <trkpt lat="1.3966047430841104" lon="103.89712613859443">
        <ele>14.551619208417833</ele>
        <time>2026-09-14T23:14:31Z</time>
        <extensions>
          <gpxtpx:TrackPointExtension>
            <gpxtpx:hr>146</gpxtpx:hr>
          </gpxtpx:TrackPointExtension>
        </extensions>
      </trkpt>
      <trkpt lat="1.396613232445023" lon="103.89710401782435">
        <ele>14.500967659056187</ele>
        <time>2026-09-14T23:14:32Z</time>
        <extensions>
          <gpxtpx:TrackPointExtension>
            <gpxtpx:hr>146</gpxtpx:hr>
          </gpxtpx:TrackPointExtension>
        </extensions>
      </trkpt>
      <trkpt lat="1.396621884564255" lon="103.89708230813045">
        <ele>14.457754557952285</ele>
        <time>2026-09-14T23:14:33Z</time>
        <extensions>
          <gpxtpx:TrackPointExtension>
            <gpxtpx:hr>146</gpxtpx:hr>
          </gpxtpx:TrackPointExtension>
        </extensions>
      </trkpt>
      <trkpt lat="1.3966303762863594" lon="103.89706143545618">
        <ele>14.422761427238584</ele>
        <time>2026-09-14T23:14:34Z</time>
        <extensions>
          <gpxtpx:TrackPointExtension>
            <gpxtpx:hr>146</gpxtpx:hr>
          </gpxtpx:TrackPointExtension>
        </extensions>
      </trkpt>
      <trkpt lat="1.3966382890629603" lon="103.89704173522803">
        <ele>14.397832141257823</ele>
        <time>2026-09-14T23:14:35Z</time>
        <extensions>
          <gpxtpx:TrackPointExtension>
            <gpxtpx:hr>146</gpxtpx:hr>
          </gpxtpx:TrackPointExtension>
        </extensions>
      </trkpt>
      <trkpt lat="1.3966454461240176" lon="103.89702349661965">
        <ele>14.383313043043017</ele>
        <time>2026-09-14T23:14:36Z</time>
        <extensions>
          <gpxtpx:TrackPointExtension>
            <gpxtpx:hr>146</gpxtpx:hr>
          </gpxtpx:TrackPointExtension>
        </extensions>
      </trkpt>
      <trkpt lat="1.3966519154915724" lon="103.8970066814537">
        <ele>14.37977001350373</ele>
        <time>2026-09-14T23:14:37Z</time>
        <extensions>
          <gpxtpx:TrackPointExtension>
            <gpxtpx:hr>146</gpxtpx:hr>
          </gpxtpx:TrackPointExtension>
        </extensions>
      </trkpt>
      <trkpt lat="1.396657674077935" lon="103.89699102429041">
        <ele>14.386359152384102</ele>
        <time>2026-09-14T23:14:38Z</time>
        <extensions>
          <gpxtpx:TrackPointExtension>
            <gpxtpx:hr>146</gpxtpx:hr>
          </gpxtpx:TrackPointExtension>
        </extensions>
      </trkpt>
      <trkpt lat="1.3966625642181578" lon="103.89697589693814">
        <ele>14.402863557450473</ele>
        <time>2026-09-14T23:14:39Z</time>
        <extensions>
          <gpxtpx:TrackPointExtension>
            <gpxtpx:hr>146</gpxtpx:hr>
          </gpxtpx:TrackPointExtension>
        </extensions>
      </trkpt>
      <trkpt lat="1.3966676205058135" lon="103.89696043543036">
        <ele>14.428127003833652</ele>
        <time>2026-09-14T23:14:40Z</time>
        <extensions>
          <gpxtpx:TrackPointExtension>
            <gpxtpx:hr>146</gpxtpx:hr>
          </gpxtpx:TrackPointExtension>
        </extensions>
      </trkpt>
      <trkpt lat="1.39667451162887" lon="103.89694349357384">
        <ele>14.46116046141833</ele>
        <time>2026-09-14T23:14:41Z</time>
        <extensions>
          <gpxtpx:TrackPointExtension>
            <gpxtpx:hr>146</gpxtpx:hr>
          </gpxtpx:TrackPointExtension>
        </extensions>
      </trkpt>
      <trkpt lat="1.3966831487261675" lon="103.89692428847478">
        <ele>14.500123167410493</ele>
        <time>2026-09-14T23:14:42Z</time>
        <extensions>
          <gpxtpx:TrackPointExtension>
            <gpxtpx:hr>146</gpxtpx:hr>
          </gpxtpx:TrackPointExtension>
        </extensions>
      </trkpt>
      <trkpt lat="1.396692318447272" lon="103.8969030395675">
        <ele>14.543352717533708</ele>
        <time>2026-09-14T23:14:43Z</time>
        <extensions>
          <gpxtpx:TrackPointExtension>
            <gpxtpx:hr>143</gpxtpx:hr>
          </gpxtpx:TrackPointExtension>
        </extensions>
      </trkpt>
      <trkpt lat="1.396701712206365" lon="103.89688019771981">
        <ele>14.589248683303595</ele>
        <time>2026-09-14T23:14:44Z</time>
        <extensions>
          <gpxtpx:TrackPointExtension>
            <gpxtpx:hr>143</gpxtpx:hr>
          </gpxtpx:TrackPointExtension>
        </extensions>
      </trkpt>
      <trkpt lat="1.39671148879976" lon="103.89685602365692">
        <ele>14.636855061165988</ele>
        <time>2026-09-14T23:14:45Z</time>
        <extensions>
          <gpxtpx:TrackPointExtension>
            <gpxtpx:hr>143</gpxtpx:hr>
          </gpxtpx:TrackPointExtension>
        </extensions>
      </trkpt>
      <trkpt lat="1.3967217010993533" lon="103.89683072744013">
        <ele>14.685784628614783</ele>
        <time>2026-09-14T23:14:46Z</time>
        <extensions>
          <gpxtpx:TrackPointExtension>
            <gpxtpx:hr>143</gpxtpx:hr>
          </gpxtpx:TrackPointExtension>
        </extensions>
      </trkpt>
      <trkpt lat="1.3967323567076582" lon="103.89680474040712">
        <ele>14.735322673805058</ele>
        <time>2026-09-14T23:14:47Z</time>
        <extensions>
          <gpxtpx:TrackPointExtension>
            <gpxtpx:hr>143</gpxtpx:hr>
          </gpxtpx:TrackPointExtension>
        </extensions>
      </trkpt>
      <trkpt lat="1.3967429601654344" lon="103.89677873275117">
        <ele>14.784554013982415</ele>
        <time>2026-09-14T23:14:48Z</time>
        <extensions>
          <gpxtpx:TrackPointExtension>
            <gpxtpx:hr>143</gpxtpx:hr>
          </gpxtpx:TrackPointExtension>
        </extensions>
      </trkpt>
      <trkpt lat="1.3967530852718564" lon="103.89675326084405">
        <ele>14.833689920604229</ele>
        <time>2026-09-14T23:14:49Z</time>
        <extensions>
          <gpxtpx:TrackPointExtension>
            <gpxtpx:hr>139</gpxtpx:hr>
          </gpxtpx:TrackPointExtension>
        </extensions>
      </trkpt>
      <trkpt lat="1.3967623105044795" lon="103.89672860525917">
        <ele>14.881759610027075</ele>
        <time>2026-09-14T23:14:50Z</time>
        <extensions>
          <gpxtpx:TrackPointExtension>
            <gpxtpx:hr>139</gpxtpx:hr>
          </gpxtpx:TrackPointExtension>
        </extensions>
      </trkpt>
      <trkpt lat="1.3967706071003934" lon="103.89670491253398">
        <ele>14.928892488591373</ele>
        <time>2026-09-14T23:14:51Z</time>
        <extensions>
          <gpxtpx:TrackPointExtension>
            <gpxtpx:hr>139</gpxtpx:hr>
          </gpxtpx:TrackPointExtension>
        </extensions>
      </trkpt>
      <trkpt lat="1.396778503784912" lon="103.89668208710992">
        <ele>14.973482308909297</ele>
        <time>2026-09-14T23:14:52Z</time>
        <extensions>
          <gpxtpx:TrackPointExtension>
            <gpxtpx:hr>139</gpxtpx:hr>
          </gpxtpx:TrackPointExtension>
        </extensions>
      </trkpt>
      <trkpt lat="1.3967864464366497" lon="103.89665985667456">
        <ele>15.01601900998503</ele>
        <time>2026-09-14T23:14:53Z</time>
        <extensions>
          <gpxtpx:TrackPointExtension>
            <gpxtpx:hr>139</gpxtpx:hr>
          </gpxtpx:TrackPointExtension>
        </extensions>
      </trkpt>
      <trkpt lat="1.3967948048316152" lon="103.89663772393574">
        <ele>15.053922090679407</ele>
        <time>2026-09-14T23:14:54Z</time>
        <extensions>
          <gpxtpx:TrackPointExtension>
            <gpxtpx:hr>139</gpxtpx:hr>
          </gpxtpx:TrackPointExtension>
        </extensions>
      </trkpt>
      <trkpt lat="1.3968035774348282" lon="103.89661517680712">
        <ele>15.08719102665782</ele>
        <time>2026-09-14T23:14:55Z</time>
        <extensions>
          <gpxtpx:TrackPointExtension>
            <gpxtpx:hr>138</gpxtpx:hr>
          </gpxtpx:TrackPointExtension>
        </extensions>
      </trkpt>
      <trkpt lat="1.3968126423762575" lon="103.89659208492981">
        <ele>15.113293057307601</ele>
        <time>2026-09-14T23:14:56Z</time>
        <extensions>
          <gpxtpx:TrackPointExtension>
            <gpxtpx:hr>138</gpxtpx:hr>
          </gpxtpx:TrackPointExtension>
        </extensions>
      </trkpt>
      <trkpt lat="1.3968218346219312" lon="103.89656845497721">
        <ele>15.13168243598193</ele>
        <time>2026-09-14T23:14:57Z</time>
        <extensions>
          <gpxtpx:TrackPointExtension>
            <gpxtpx:hr>138</gpxtpx:hr>
          </gpxtpx:TrackPointExtension>
        </extensions>
      </trkpt>
      <trkpt lat="1.3968309922769648" lon="103.89654447294635">
        <ele>15.139471251517534</ele>
        <time>2026-09-14T23:14:58Z</time>
        <extensions>
          <gpxtpx:TrackPointExtension>
            <gpxtpx:hr>138</gpxtpx:hr>
          </gpxtpx:TrackPointExtension>
        </extensions>
      </trkpt>
      <trkpt lat="1.3968400171124862" lon="103.89652000179316">
        <ele>15.135320832952857</ele>
        <time>2026-09-14T23:14:59Z</time>
        <extensions>
          <gpxtpx:TrackPointExtension>
            <gpxtpx:hr>140</gpxtpx:hr>
          </gpxtpx:TrackPointExtension>
        </extensions>
      </trkpt>
      <trkpt lat="1.3968486998015976" lon="103.89649476336714">
        <ele>15.117048284038901</ele>
        <time>2026-09-14T23:15:00Z</time>
        <extensions>
          <gpxtpx:TrackPointExtension>
            <gpxtpx:hr>140</gpxtpx:hr>
          </gpxtpx:TrackPointExtension>
        </extensions>
      </trkpt>
      <trkpt lat="1.3968569499980155" lon="103.89646864964895">
        <ele>15.083627420477569</ele>
        <time>2026-09-14T23:15:01Z</time>
        <extensions>
          <gpxtpx:TrackPointExtension>
            <gpxtpx:hr>140</gpxtpx:hr>
          </gpxtpx:TrackPointExtension>
        </extensions>
      </trkpt>
      <trkpt lat="1.3968648579443497" lon="103.8964419521477">
        <ele>15.034700638614595</ele>
        <time>2026-09-14T23:15:02Z</time>
        <extensions>
          <gpxtpx:TrackPointExtension>
            <gpxtpx:hr>140</gpxtpx:hr>
          </gpxtpx:TrackPointExtension>
        </extensions>
      </trkpt>
      <trkpt lat="1.3968724550070912" lon="103.89641514838584">
        <ele>14.969788851216435</ele>
        <time>2026-09-14T23:15:03Z</time>
        <extensions>
          <gpxtpx:TrackPointExtension>
            <gpxtpx:hr>140</gpxtpx:hr>
          </gpxtpx:TrackPointExtension>
        </extensions>
      </trkpt>
      <trkpt lat="1.3968796473002107" lon="103.89638828901819">
        <ele>14.89029789622873</ele>
        <time>2026-09-14T23:15:04Z</time>
        <extensions>
          <gpxtpx:TrackPointExtension>
            <gpxtpx:hr>144</gpxtpx:hr>
          </gpxtpx:TrackPointExtension>
        </extensions>
      </trkpt>
      <trkpt lat="1.396886363154641" lon="103.89636133949143">
        <ele>14.797165157273412</ele>
        <time>2026-09-14T23:15:05Z</time>
        <extensions>
          <gpxtpx:TrackPointExtension>
            <gpxtpx:hr>144</gpxtpx:hr>
          </gpxtpx:TrackPointExtension>
        </extensions>
      </trkpt>
      <trkpt lat="1.396892560988111" lon="103.89633417508628">
        <ele>14.693847194314003</ele>
        <time>2026-09-14T23:15:06Z</time>
        <extensions>
          <gpxtpx:TrackPointExtension>
            <gpxtpx:hr>144</gpxtpx:hr>
          </gpxtpx:TrackPointExtension>
        </extensions>
      </trkpt>
      <trkpt lat="1.396898186662088" lon="103.8963066553505">
        <ele>14.581622490659356</ele>
        <time>2026-09-14T23:15:07Z</time>
        <extensions>
          <gpxtpx:TrackPointExtension>
            <gpxtpx:hr>144</gpxtpx:hr>
          </gpxtpx:TrackPointExtension>
        </extensions>
      </trkpt>
      <trkpt lat="1.3969031701660226" lon="103.89627872659504">
        <ele>14.464480257593095</ele>
        <time>2026-09-14T23:15:08Z</time>
        <extensions>
          <gpxtpx:TrackPointExtension>
            <gpxtpx:hr>144</gpxtpx:hr>
          </gpxtpx:TrackPointExtension>
        </extensions>
      </trkpt>
      <trkpt lat="1.396907408597819" lon="103.89625048515285">
        <ele>14.345195583067834</ele>
        <time>2026-09-14T23:15:09Z</time>
        <extensions>
          <gpxtpx:TrackPointExtension>
            <gpxtpx:hr>144</gpxtpx:hr>
          </gpxtpx:TrackPointExtension>
        </extensions>
      </trkpt>
      <trkpt lat="1.396910820794303" lon="103.89622213891936">
        <ele>14.22818677034229</ele>
        <time>2026-09-14T23:15:10Z</time>
        <extensions>
          <gpxtpx:TrackPointExtension>
            <gpxtpx:hr>146</gpxtpx:hr>
          </gpxtpx:TrackPointExtension>
        </extensions>
      </trkpt>
      <trkpt lat="1.3969133454278493" lon="103.89619388539876">
        <ele>14.116863497532904</ele>
        <time>2026-09-14T23:15:11Z</time>
        <extensions>
          <gpxtpx:TrackPointExtension>
            <gpxtpx:hr>146</gpxtpx:hr>
          </gpxtpx:TrackPointExtension>
        </extensions>
      </trkpt>
      <trkpt lat="1.3969149047839988" lon="103.89616583961035">
        <ele>14.015786241739988</ele>
        <time>2026-09-14T23:15:12Z</time>
        <extensions>
          <gpxtpx:TrackPointExtension>
            <gpxtpx:hr>146</gpxtpx:hr>
          </gpxtpx:TrackPointExtension>
        </extensions>
      </trkpt>
      <trkpt lat="1.3969154847757925" lon="103.89613798723518">
        <ele>13.927338185720146</ele>
        <time>2026-09-14T23:15:13Z</time>
        <extensions>
          <gpxtpx:TrackPointExtension>
            <gpxtpx:hr>147</gpxtpx:hr>
          </gpxtpx:TrackPointExtension>
        </extensions>
      </trkpt>
      <trkpt lat="1.396915059724444" lon="103.89611022980394">
        <ele>13.85414273571223</ele>
        <time>2026-09-14T23:15:14Z</time>
        <extensions>
          <gpxtpx:TrackPointExtension>
            <gpxtpx:hr>147</gpxtpx:hr>
          </gpxtpx:TrackPointExtension>
        </extensions>
      </trkpt>
      <trkpt lat="1.3969136063550707" lon="103.89608251285436">
        <ele>13.797334778122604</ele>
        <time>2026-09-14T23:15:15Z</time>
        <extensions>
          <gpxtpx:TrackPointExtension>
            <gpxtpx:hr>147</gpxtpx:hr>
          </gpxtpx:TrackPointExtension>
        </extensions>
      </trkpt>
      <trkpt lat="1.396911116563167" lon="103.89605483791027">
        <ele>13.75760330632329</ele>
        <time>2026-09-14T23:15:16Z</time>
        <extensions>
          <gpxtpx:TrackPointExtension>
            <gpxtpx:hr>147</gpxtpx:hr>
          </gpxtpx:TrackPointExtension>
        </extensions>
      </trkpt>
      <trkpt lat="1.3969075860269553" lon="103.89602721262695">
        <ele>13.736048642545938</ele>
        <time>2026-09-14T23:15:17Z</time>
        <extensions>
          <gpxtpx:TrackPointExtension>
            <gpxtpx:hr>150</gpxtpx:hr>
          </gpxtpx:TrackPointExtension>
        </extensions>
      </trkpt>
      <trkpt lat="1.3969030366824249" lon="103.8959995933461">
        <ele>13.733266402035952</ele>
        <time>2026-09-14T23:15:18Z</time>
        <extensions>
          <gpxtpx:TrackPointExtension>
            <gpxtpx:hr>150</gpxtpx:hr>
          </gpxtpx:TrackPointExtension>
        </extensions>
      </trkpt>
      <trkpt lat="1.3968974754474437" lon="103.89597194489836">
        <ele>13.749809705652297</ele>
        <time>2026-09-14T23:15:19Z</time>
        <extensions>
          <gpxtpx:TrackPointExtension>
            <gpxtpx:hr>150</gpxtpx:hr>
          </gpxtpx:TrackPointExtension>
        </extensions>
      </trkpt>
      <trkpt lat="1.3968909253208341" lon="103.89594428575681">
        <ele>13.785777860321105</ele>
        <time>2026-09-14T23:15:20Z</time>
        <extensions>
          <gpxtpx:TrackPointExtension>
            <gpxtpx:hr>150</gpxtpx:hr>
          </gpxtpx:TrackPointExtension>
        </extensions>
      </trkpt>
      <trkpt lat="1.3968834204538954" lon="103.89591668314146">
        <ele>13.840611668303609</ele>
        <time>2026-09-14T23:15:21Z</time>
        <extensions>
          <gpxtpx:TrackPointExtension>
            <gpxtpx:hr>150</gpxtpx:hr>
          </gpxtpx:TrackPointExtension>
        </extensions>
      </trkpt>
      <trkpt lat="1.3968750135815806" lon="103.89588929869467">
        <ele>13.913764275610447</ele>
        <time>2026-09-14T23:15:22Z</time>
        <extensions>
          <gpxtpx:TrackPointExtension>
            <gpxtpx:hr>150</gpxtpx:hr>
          </gpxtpx:TrackPointExtension>
        </extensions>
      </trkpt>
      <trkpt lat="1.3968657939271336" lon="103.89586230913987">
        <ele>14.003324597142637</ele>
        <time>2026-09-14T23:15:23Z</time>
        <extensions>
          <gpxtpx:TrackPointExtension>
            <gpxtpx:hr>150</gpxtpx:hr>
          </gpxtpx:TrackPointExtension>
        </extensions>
      </trkpt>
      <trkpt lat="1.396855812808685" lon="103.89583588273635">
        <ele>14.107922283932567</ele>
        <time>2026-09-14T23:15:24Z</time>
        <extensions>
          <gpxtpx:TrackPointExtension>
            <gpxtpx:hr>152</gpxtpx:hr>
          </gpxtpx:TrackPointExtension>
        </extensions>
      </trkpt>
      <trkpt lat="1.3968451094630436" lon="103.89581008609998">
        <ele>14.225170685909688</ele>
        <time>2026-09-14T23:15:25Z</time>
        <extensions>
          <gpxtpx:TrackPointExtension>
            <gpxtpx:hr>152</gpxtpx:hr>
          </gpxtpx:TrackPointExtension>
        </extensions>
      </trkpt>
      <trkpt lat="1.3968336990301007" lon="103.89578492276893">
        <ele>14.354114275425673</ele>
        <time>2026-09-14T23:15:26Z</time>
        <extensions>
          <gpxtpx:TrackPointExtension>
            <gpxtpx:hr>152</gpxtpx:hr>
          </gpxtpx:TrackPointExtension>
        </extensions>
      </trkpt>
      <trkpt lat="1.3968215781182816" lon="103.89576042217644">
        <ele>14.492165392264724</ele>
        <time>2026-09-14T23:15:27Z</time>
        <extensions>
          <gpxtpx:TrackPointExtension>
            <gpxtpx:hr>152</gpxtpx:hr>
          </gpxtpx:TrackPointExtension>
        </extensions>
      </trkpt>
      <trkpt lat="1.3968087505659335" lon="103.8957365743474">
        <ele>14.638131707906723</ele>
        <time>2026-09-14T23:15:28Z</time>
        <extensions>
          <gpxtpx:TrackPointExtension>
            <gpxtpx:hr>152</gpxtpx:hr>
          </gpxtpx:TrackPointExtension>
        </extensions>
      </trkpt>
      <trkpt lat="1.396795189919021" lon="103.89571336216164">
        <ele>14.789868368767202</ele>
        <time>2026-09-14T23:15:29Z</time>
        <extensions>
          <gpxtpx:TrackPointExtension>
            <gpxtpx:hr>152</gpxtpx:hr>
          </gpxtpx:TrackPointExtension>
        </extensions>
      </trkpt>
      <trkpt lat="1.3967808959557482" lon="103.89569078279486">
        <ele>14.945794869214296</ele>
        <time>2026-09-14T23:15:30Z</time>
        <extensions>
          <gpxtpx:TrackPointExtension>
            <gpxtpx:hr>152</gpxtpx:hr>
          </gpxtpx:TrackPointExtension>
        </extensions>
      </trkpt>
      <trkpt lat="1.3967658751351348" lon="103.89566885300225">
        <ele>15.103724502027035</ele>
        <time>2026-09-14T23:15:31Z</time>
        <extensions>
          <gpxtpx:TrackPointExtension>
            <gpxtpx:hr>152</gpxtpx:hr>
          </gpxtpx:TrackPointExtension>
        </extensions>
      </trkpt>
      <trkpt lat="1.3967501293434712" lon="103.89564759526658">
        <ele>15.261860532686114</ele>
        <time>2026-09-14T23:15:32Z</time>
        <extensions>
          <gpxtpx:TrackPointExtension>
            <gpxtpx:hr>152</gpxtpx:hr>
          </gpxtpx:TrackPointExtension>
        </extensions>
      </trkpt>
      <trkpt lat="1.396733649580154" lon="103.89562704557338">
        <ele>15.418364312499762</ele>
        <time>2026-09-14T23:15:33Z</time>
        <extensions>
          <gpxtpx:TrackPointExtension>
            <gpxtpx:hr>152</gpxtpx:hr>
          </gpxtpx:TrackPointExtension>
        </extensions>
      </trkpt>
      <trkpt lat="1.3967164439583455" lon="103.89560721091065">
        <ele>15.57155828550458</ele>
        <time>2026-09-14T23:15:34Z</time>
        <extensions>
          <gpxtpx:TrackPointExtension>
            <gpxtpx:hr>152</gpxtpx:hr>
          </gpxtpx:TrackPointExtension>
        </extensions>
      </trkpt>
      <trkpt lat="1.3966985615574878" lon="103.89558804209672">
        <ele>15.71993557177484</ele>
        <time>2026-09-14T23:15:35Z</time>
        <extensions>
          <gpxtpx:TrackPointExtension>
            <gpxtpx:hr>153</gpxtpx:hr>
          </gpxtpx:TrackPointExtension>
        </extensions>
      </trkpt>
      <trkpt lat="1.3966800196120162" lon="103.89556950278991">
        <ele>15.861340646632016</ele>
        <time>2026-09-14T23:15:36Z</time>
        <extensions>
          <gpxtpx:TrackPointExtension>
            <gpxtpx:hr>153</gpxtpx:hr>
          </gpxtpx:TrackPointExtension>
        </extensions>
      </trkpt>
      <trkpt lat="1.396660804546209" lon="103.89555154001074">
        <ele>15.9944016803056</ele>
        <time>2026-09-14T23:15:37Z</time>
        <extensions>
          <gpxtpx:TrackPointExtension>
            <gpxtpx:hr>153</gpxtpx:hr>
          </gpxtpx:TrackPointExtension>
        </extensions>
      </trkpt>
      <trkpt lat="1.3966408770130292" lon="103.8955340931703">
        <ele>16.11760932393372</ele>
        <time>2026-09-14T23:15:38Z</time>
        <extensions>
          <gpxtpx:TrackPointExtension>
            <gpxtpx:hr>153</gpxtpx:hr>
          </gpxtpx:TrackPointExtension>
        </extensions>
      </trkpt>
      <trkpt lat="1.3966202010615076" lon="103.89551711669333">
        <ele>16.230748558416963</ele>
        <time>2026-09-14T23:15:39Z</time>
        <extensions>
          <gpxtpx:TrackPointExtension>
            <gpxtpx:hr>153</gpxtpx:hr>
          </gpxtpx:TrackPointExtension>
        </extensions>
      </trkpt>
      <trkpt lat="1.3965987687327823" lon="103.8955005855689">
        <ele>16.333978289738297</ele>
        <time>2026-09-14T23:15:40Z</time>
        <extensions>
          <gpxtpx:TrackPointExtension>
            <gpxtpx:hr>151</gpxtpx:hr>
          </gpxtpx:TrackPointExtension>
        </extensions>
      </trkpt>
      <trkpt lat="1.396576559955832" lon="103.89548454010149">
        <ele>16.42810519505292</ele>
        <time>2026-09-14T23:15:41Z</time>
        <extensions>
          <gpxtpx:TrackPointExtension>
            <gpxtpx:hr>151</gpxtpx:hr>
          </gpxtpx:TrackPointExtension>
        </extensions>
      </trkpt>
      <trkpt lat="1.396553588705537" lon="103.89546900040288">
        <ele>16.51373901311308</ele>
        <time>2026-09-14T23:15:42Z</time>
        <extensions>
          <gpxtpx:TrackPointExtension>
            <gpxtpx:hr>151</gpxtpx:hr>
          </gpxtpx:TrackPointExtension>
        </extensions>
      </trkpt>
      <trkpt lat="1.3965299540093061" lon="103.89545401067745">
        <ele>16.5918921623379</ele>
        <time>2026-09-14T23:15:43Z</time>
        <extensions>
          <gpxtpx:TrackPointExtension>
            <gpxtpx:hr>151</gpxtpx:hr>
          </gpxtpx:TrackPointExtension>
        </extensions>
      </trkpt>
      <trkpt lat="1.3965058021981434" lon="103.89543962079992">
        <ele>16.6634773099795</ele>
        <time>2026-09-14T23:15:44Z</time>
        <extensions>
          <gpxtpx:TrackPointExtension>
            <gpxtpx:hr>151</gpxtpx:hr>
          </gpxtpx:TrackPointExtension>
        </extensions>
      </trkpt>
      <trkpt lat="1.3964812837921876" lon="103.89542586738501">
        <ele>16.72992419358343</ele>
        <time>2026-09-14T23:15:45Z</time>
        <extensions>
          <gpxtpx:TrackPointExtension>
            <gpxtpx:hr>151</gpxtpx:hr>
          </gpxtpx:TrackPointExtension>
        </extensions>
      </trkpt>
      <trkpt lat="1.3964565629060635" lon="103.89541280605246">
        <ele>16.79244521446526</ele>
        <time>2026-09-14T23:15:46Z</time>
        <extensions>
          <gpxtpx:TrackPointExtension>
            <gpxtpx:hr>150</gpxtpx:hr>
          </gpxtpx:TrackPointExtension>
        </extensions>
      </trkpt>
      <trkpt lat="1.3964317428799693" lon="103.8954004036011">
        <ele>16.851831297390163</ele>
        <time>2026-09-14T23:15:47Z</time>
        <extensions>
          <gpxtpx:TrackPointExtension>
            <gpxtpx:hr>150</gpxtpx:hr>
          </gpxtpx:TrackPointExtension>
        </extensions>
      </trkpt>
      <trkpt lat="1.396406866410342" lon="103.89538862165593">
        <ele>16.908875724300742</ele>
        <time>2026-09-14T23:15:48Z</time>
        <extensions>
          <gpxtpx:TrackPointExtension>
            <gpxtpx:hr>150</gpxtpx:hr>
          </gpxtpx:TrackPointExtension>
        </extensions>
      </trkpt>
      <trkpt lat="1.3963819673608378" lon="103.89537742412304">
        <ele>16.963422261178493</ele>
        <time>2026-09-14T23:15:49Z</time>
        <extensions>
          <gpxtpx:TrackPointExtension>
            <gpxtpx:hr>150</gpxtpx:hr>
          </gpxtpx:TrackPointExtension>
        </extensions>
      </trkpt>
      <trkpt lat="1.396357069821756" lon="103.89536675382247">
        <ele>17.015600502490997</ele>
        <time>2026-09-14T23:15:50Z</time>
        <extensions>
          <gpxtpx:TrackPointExtension>
            <gpxtpx:hr>149</gpxtpx:hr>
          </gpxtpx:TrackPointExtension>
        </extensions>
      </trkpt>
      <trkpt lat="1.3963322124658282" lon="103.8953565439478">
        <ele>17.06523592863232</ele>
        <time>2026-09-14T23:15:51Z</time>
        <extensions>
          <gpxtpx:TrackPointExtension>
            <gpxtpx:hr>149</gpxtpx:hr>
          </gpxtpx:TrackPointExtension>
        </extensions>
      </trkpt>
      <trkpt lat="1.396307383209813" lon="103.89534667907134">
        <ele>17.110891052521765</ele>
        <time>2026-09-14T23:15:52Z</time>
        <extensions>
          <gpxtpx:TrackPointExtension>
            <gpxtpx:hr>149</gpxtpx:hr>
          </gpxtpx:TrackPointExtension>
        </extensions>
      </trkpt>
      <trkpt lat="1.3962825333717859" lon="103.89533706129293">
        <ele>17.152110748924315</ele>
        <time>2026-09-14T23:15:53Z</time>
        <extensions>
          <gpxtpx:TrackPointExtension>
            <gpxtpx:hr>149</gpxtpx:hr>
          </gpxtpx:TrackPointExtension>
        </extensions>
      </trkpt>
      <trkpt lat="1.3962576148913282" lon="103.89532760229501">
        <ele>17.186525523662567</ele>
        <time>2026-09-14T23:15:54Z</time>
        <extensions>
          <gpxtpx:TrackPointExtension>
            <gpxtpx:hr>149</gpxtpx:hr>
          </gpxtpx:TrackPointExtension>
        </extensions>
      </trkpt>
      <trkpt lat="1.3962325863913447" lon="103.89531825566097">
        <ele>17.21338704880327</ele>
        <time>2026-09-14T23:15:55Z</time>
        <extensions>
          <gpxtpx:TrackPointExtension>
            <gpxtpx:hr>149</gpxtpx:hr>
          </gpxtpx:TrackPointExtension>
        </extensions>
      </trkpt>
      <trkpt lat="1.3962074299471128" lon="103.89530898757096">
        <ele>17.230254068039358</ele>
        <time>2026-09-14T23:15:56Z</time>
        <extensions>
          <gpxtpx:TrackPointExtension>
            <gpxtpx:hr>149</gpxtpx:hr>
          </gpxtpx:TrackPointExtension>
        </extensions>
      </trkpt>
      <trkpt lat="1.3961821327691062" lon="103.89529977609271">
        <ele>17.23796182218939</ele>
        <time>2026-09-14T23:15:57Z</time>
        <extensions>
          <gpxtpx:TrackPointExtension>
            <gpxtpx:hr>151</gpxtpx:hr>
          </gpxtpx:TrackPointExtension>
        </extensions>
      </trkpt>
      <trkpt lat="1.3961566260408749" lon="103.89529077934445">
        <ele>17.235869523137808</ele>
        <time>2026-09-14T23:15:58Z</time>
        <extensions>
          <gpxtpx:TrackPointExtension>
            <gpxtpx:hr>151</gpxtpx:hr>
          </gpxtpx:TrackPointExtension>
        </extensions>
      </trkpt>
      <trkpt lat="1.3961307597406971" lon="103.89528191182293">
        <ele>17.225066747516394</ele>
        <time>2026-09-14T23:15:59Z</time>
        <extensions>
          <gpxtpx:TrackPointExtension>
            <gpxtpx:hr>151</gpxtpx:hr>
          </gpxtpx:TrackPointExtension>
        </extensions>
      </trkpt>
      <trkpt lat="1.3961045282446427" lon="103.8952729917168">
        <ele>17.20610027667135</ele>
        <time>2026-09-14T23:16:00Z</time>
        <extensions>
          <gpxtpx:TrackPointExtension>
            <gpxtpx:hr>151</gpxtpx:hr>
          </gpxtpx:TrackPointExtension>
        </extensions>
      </trkpt>
      <trkpt lat="1.3960778298745895" lon="103.89526391562246">
        <ele>17.18069326877594</ele>
        <time>2026-09-14T23:16:01Z</time>
        <extensions>
          <gpxtpx:TrackPointExtension>
            <gpxtpx:hr>151</gpxtpx:hr>
          </gpxtpx:TrackPointExtension>
        </extensions>
      </trkpt>
      <trkpt lat="1.3960507951075034" lon="103.8952548178604">
        <ele>17.150798870250583</ele>
        <time>2026-09-14T23:16:02Z</time>
        <extensions>
          <gpxtpx:TrackPointExtension>
            <gpxtpx:hr>153</gpxtpx:hr>
          </gpxtpx:TrackPointExtension>
        </extensions>
      </trkpt>
      <trkpt lat="1.3960240271036923" lon="103.8952458547282">
        <ele>17.117846999317408</ele>
        <time>2026-09-14T23:16:03Z</time>
        <extensions>
          <gpxtpx:TrackPointExtension>
            <gpxtpx:hr>153</gpxtpx:hr>
          </gpxtpx:TrackPointExtension>
        </extensions>
      </trkpt>
      <trkpt lat="1.3959975661085418" lon="103.89523694079861">
        <ele>17.083861488848925</ele>
        <time>2026-09-14T23:16:04Z</time>
        <extensions>
          <gpxtpx:TrackPointExtension>
            <gpxtpx:hr>153</gpxtpx:hr>
          </gpxtpx:TrackPointExtension>
        </extensions>
      </trkpt>
      <trkpt lat="1.3959712321962656" lon="103.89522817129667">
        <ele>17.04925516899675</ele>
        <time>2026-09-14T23:16:05Z</time>
        <extensions>
          <gpxtpx:TrackPointExtension>
            <gpxtpx:hr>153</gpxtpx:hr>
          </gpxtpx:TrackPointExtension>
        </extensions>
      </trkpt>
      <trkpt lat="1.3959449822529817" lon="103.89521958193781">
        <ele>17.01623123139143</ele>
        <time>2026-09-14T23:16:06Z</time>
        <extensions>
          <gpxtpx:TrackPointExtension>
            <gpxtpx:hr>153</gpxtpx:hr>
          </gpxtpx:TrackPointExtension>
        </extensions>
      </trkpt>
      <trkpt lat="1.3959189532342244" lon="103.89521144293107">
        <ele>16.984886678867042</ele>
        <time>2026-09-14T23:16:07Z</time>
        <extensions>
          <gpxtpx:TrackPointExtension>
            <gpxtpx:hr>153</gpxtpx:hr>
          </gpxtpx:TrackPointExtension>
        </extensions>
      </trkpt>
      <trkpt lat="1.3958933112998217" lon="103.89520390295839">
        <ele>16.956621310673654</ele>
        <time>2026-09-14T23:16:08Z</time>
        <extensions>
          <gpxtpx:TrackPointExtension>
            <gpxtpx:hr>153</gpxtpx:hr>
          </gpxtpx:TrackPointExtension>
        </extensions>
      </trkpt>
      <trkpt lat="1.3958679596253767" lon="103.89519703440021">
        <ele>16.931027851998806</ele>
        <time>2026-09-14T23:16:09Z</time>
        <extensions>
          <gpxtpx:TrackPointExtension>
            <gpxtpx:hr>151</gpxtpx:hr>
          </gpxtpx:TrackPointExtension>
        </extensions>
      </trkpt>
      <trkpt lat="1.3958430114680198" lon="103.89519076051846">
        <ele>16.90947348996997</ele>
        <time>2026-09-14T23:16:10Z</time>
        <extensions>
          <gpxtpx:TrackPointExtension>
            <gpxtpx:hr>151</gpxtpx:hr>
          </gpxtpx:TrackPointExtension>
        </extensions>
      </trkpt>
      <trkpt lat="1.3958186554335066" lon="103.89518440166584">
        <ele>16.891407491639256</ele>
        <time>2026-09-14T23:16:11Z</time>
        <extensions>
          <gpxtpx:TrackPointExtension>
            <gpxtpx:hr>151</gpxtpx:hr>
          </gpxtpx:TrackPointExtension>
        </extensions>
      </trkpt>
      <trkpt lat="1.3957948820309434" lon="103.89517720648104">
        <ele>16.877922411076725</ele>
        <time>2026-09-14T23:16:12Z</time>
        <extensions>
          <gpxtpx:TrackPointExtension>
            <gpxtpx:hr>151</gpxtpx:hr>
          </gpxtpx:TrackPointExtension>
        </extensions>
      </trkpt>
      <trkpt lat="1.3957718156247267" lon="103.89516859344971">
        <ele>16.867136041633785</ele>
        <time>2026-09-14T23:16:13Z</time>
        <extensions>
          <gpxtpx:TrackPointExtension>
            <gpxtpx:hr>151</gpxtpx:hr>
          </gpxtpx:TrackPointExtension>
        </extensions>
      </trkpt>
      <trkpt lat="1.39574976479339" lon="103.89515868665396">
        <ele>16.860209208913147</ele>
        <time>2026-09-14T23:16:14Z</time>
        <extensions>
          <gpxtpx:TrackPointExtension>
            <gpxtpx:hr>151</gpxtpx:hr>
          </gpxtpx:TrackPointExtension>
        </extensions>
      </trkpt>
      <trkpt lat="1.3957286738334316" lon="103.89514775780805">
        <ele>16.855386968702078</ele>
        <time>2026-09-14T23:16:15Z</time>
        <extensions>
          <gpxtpx:TrackPointExtension>
            <gpxtpx:hr>150</gpxtpx:hr>
          </gpxtpx:TrackPointExtension>
        </extensions>
      </trkpt>
      <trkpt lat="1.3957078017447022" lon="103.89513626193823">
        <ele>16.853313331492245</ele>
        <time>2026-09-14T23:16:16Z</time>
        <extensions>
          <gpxtpx:TrackPointExtension>
            <gpxtpx:hr>150</gpxtpx:hr>
          </gpxtpx:TrackPointExtension>
        </extensions>
      </trkpt>
      <trkpt lat="1.3956865720090919" lon="103.8951253339171">
        <ele>16.852393947541714</ele>
        <time>2026-09-14T23:16:17Z</time>
        <extensions>
          <gpxtpx:TrackPointExtension>
            <gpxtpx:hr>150</gpxtpx:hr>
          </gpxtpx:TrackPointExtension>
        </extensions>
      </trkpt>
      <trkpt lat="1.395664734597907" lon="103.89511534887143">
        <ele>16.852446197532117</ele>
        <time>2026-09-14T23:16:18Z</time>
        <extensions>
          <gpxtpx:TrackPointExtension>
            <gpxtpx:hr>150</gpxtpx:hr>
          </gpxtpx:TrackPointExtension>
        </extensions>
      </trkpt>
      <trkpt lat="1.395642054146472" lon="103.89510590582117">
        <ele>16.854650436900556</ele>
        <time>2026-09-14T23:16:19Z</time>
        <extensions>
          <gpxtpx:TrackPointExtension>
            <gpxtpx:hr>150</gpxtpx:hr>
          </gpxtpx:TrackPointExtension>
        </extensions>
      </trkpt>
      <trkpt lat="1.3956184355572394" lon="103.8950964915167">
        <ele>16.857435069978237</ele>
        <time>2026-09-14T23:16:20Z</time>
        <extensions>
          <gpxtpx:TrackPointExtension>
            <gpxtpx:hr>150</gpxtpx:hr>
          </gpxtpx:TrackPointExtension>
        </extensions>
      </trkpt>
      <trkpt lat="1.3955938165395965" lon="103.89508706414867">
        <ele>16.86107480712235</ele>
        <time>2026-09-14T23:16:21Z</time>
        <extensions>
          <gpxtpx:TrackPointExtension>
            <gpxtpx:hr>150</gpxtpx:hr>
          </gpxtpx:TrackPointExtension>
        </extensions>
      </trkpt>
      <trkpt lat="1.395568864282648" lon="103.89507754302089">
        <ele>16.86527665052563</ele>
        <time>2026-09-14T23:16:22Z</time>
        <extensions>
          <gpxtpx:TrackPointExtension>
            <gpxtpx:hr>150</gpxtpx:hr>
          </gpxtpx:TrackPointExtension>
        </extensions>
      </trkpt>
      <trkpt lat="1.3955445120925651" lon="103.89506802066393">
        <ele>16.86970171518624</ele>
        <time>2026-09-14T23:16:23Z</time>
        <extensions>
          <gpxtpx:TrackPointExtension>
            <gpxtpx:hr>150</gpxtpx:hr>
          </gpxtpx:TrackPointExtension>
        </extensions>
      </trkpt>
      <trkpt lat="1.3955209210209065" lon="103.89505892851915">
        <ele>16.874068825505674</ele>
        <time>2026-09-14T23:16:24Z</time>
        <extensions>
          <gpxtpx:TrackPointExtension>
            <gpxtpx:hr>150</gpxtpx:hr>
          </gpxtpx:TrackPointExtension>
        </extensions>
      </trkpt>
      <trkpt lat="1.3954974544203465" lon="103.89504985259862">
        <ele>16.878269117325544</ele>
        <time>2026-09-14T23:16:25Z</time>
        <extensions>
          <gpxtpx:TrackPointExtension>
            <gpxtpx:hr>152</gpxtpx:hr>
          </gpxtpx:TrackPointExtension>
        </extensions>
      </trkpt>
      <trkpt lat="1.395473694704889" lon="103.89504100218515">
        <ele>16.882486660033464</ele>
        <time>2026-09-14T23:16:26Z</time>
        <extensions>
          <gpxtpx:TrackPointExtension>
            <gpxtpx:hr>152</gpxtpx:hr>
          </gpxtpx:TrackPointExtension>
        </extensions>
      </trkpt>
      <trkpt lat="1.3954496058326105" lon="103.89503272903615">
        <ele>16.887231272645295</ele>
        <time>2026-09-14T23:16:27Z</time>
        <extensions>
          <gpxtpx:TrackPointExtension>
            <gpxtpx:hr>152</gpxtpx:hr>
          </gpxtpx:TrackPointExtension>
        </extensions>
      </trkpt>
      <trkpt lat="1.3954251873122807" lon="103.89502581950521">
        <ele>16.893210005015135</ele>
        <time>2026-09-14T23:16:28Z</time>
        <extensions>
          <gpxtpx:TrackPointExtension>
            <gpxtpx:hr>152</gpxtpx:hr>
          </gpxtpx:TrackPointExtension>
        </extensions>
      </trkpt>
      <trkpt lat="1.395400603190634" lon="103.8950218084151">
        <ele>16.901206706650555</ele>
        <time>2026-09-14T23:16:29Z</time>
        <extensions>
          <gpxtpx:TrackPointExtension>
            <gpxtpx:hr>152</gpxtpx:hr>
          </gpxtpx:TrackPointExtension>
        </extensions>
      </trkpt>
      <trkpt lat="1.3953761105643345" lon="103.89502137526836">
        <ele>16.911903688684106</ele>
        <time>2026-09-14T23:16:30Z</time>
        <extensions>
          <gpxtpx:TrackPointExtension>
            <gpxtpx:hr>155</gpxtpx:hr>
          </gpxtpx:TrackPointExtension>
        </extensions>
      </trkpt>
      <trkpt lat="1.3953522848746753" lon="103.89502521714314">
        <ele>16.925708007998765</ele>
        <time>2026-09-14T23:16:31Z</time>
        <extensions>
          <gpxtpx:TrackPointExtension>
            <gpxtpx:hr>155</gpxtpx:hr>
          </gpxtpx:TrackPointExtension>
        </extensions>
      </trkpt>
      <trkpt lat="1.395329156550781" lon="103.89503384408243">
        <ele>16.942778395488858</ele>
        <time>2026-09-14T23:16:32Z</time>
        <extensions>
          <gpxtpx:TrackPointExtension>
            <gpxtpx:hr>155</gpxtpx:hr>
          </gpxtpx:TrackPointExtension>
        </extensions>
      </trkpt>
      <trkpt lat="1.3953076338346933" lon="103.89504713877736">
        <ele>16.96318962611258</ele>
        <time>2026-09-14T23:16:33Z</time>
        <extensions>
          <gpxtpx:TrackPointExtension>
            <gpxtpx:hr>155</gpxtpx:hr>
          </gpxtpx:TrackPointExtension>
        </extensions>
      </trkpt>
      <trkpt lat="1.3952899423407126" lon="103.89506439476708">
        <ele>16.987045007757843</ele>
        <time>2026-09-14T23:16:34Z</time>
        <extensions>
          <gpxtpx:TrackPointExtension>
            <gpxtpx:hr>155</gpxtpx:hr>
          </gpxtpx:TrackPointExtension>
        </extensions>
      </trkpt>
      <trkpt lat="1.3952779792629524" lon="103.8950843614639">
        <ele>17.01447450555861</ele>
        <time>2026-09-14T23:16:35Z</time>
        <extensions>
          <gpxtpx:TrackPointExtension>
            <gpxtpx:hr>156</gpxtpx:hr>
          </gpxtpx:TrackPointExtension>
        </extensions>
      </trkpt>
      <trkpt lat="1.3952715885000713" lon="103.89510594862581">
        <ele>17.0455978019163</ele>
        <time>2026-09-14T23:16:36Z</time>
        <extensions>
          <gpxtpx:TrackPointExtension>
            <gpxtpx:hr>156</gpxtpx:hr>
          </gpxtpx:TrackPointExtension>
        </extensions>
      </trkpt>
      <trkpt lat="1.3952680046357318" lon="103.89512929939752">
        <ele>17.08054872509092</ele>
        <time>2026-09-14T23:16:37Z</time>
        <extensions>
          <gpxtpx:TrackPointExtension>
            <gpxtpx:hr>156</gpxtpx:hr>
          </gpxtpx:TrackPointExtension>
        </extensions>
      </trkpt>
      <trkpt lat="1.395264665561553" lon="103.89515523361446">
        <ele>17.119489315897226</ele>
        <time>2026-09-14T23:16:38Z</time>
        <extensions>
          <gpxtpx:TrackPointExtension>
            <gpxtpx:hr>156</gpxtpx:hr>
          </gpxtpx:TrackPointExtension>
        </extensions>
      </trkpt>
      <trkpt lat="1.3952603425626962" lon="103.89518291358043">
        <ele>17.162599156610668</ele>
        <time>2026-09-14T23:16:39Z</time>
        <extensions>
          <gpxtpx:TrackPointExtension>
            <gpxtpx:hr>156</gpxtpx:hr>
          </gpxtpx:TrackPointExtension>
        </extensions>
      </trkpt>
      <trkpt lat="1.3952552324031906" lon="103.89521058452446">
        <ele>17.210065412335098</ele>
        <time>2026-09-14T23:16:40Z</time>
        <extensions>
          <gpxtpx:TrackPointExtension>
            <gpxtpx:hr>155</gpxtpx:hr>
          </gpxtpx:TrackPointExtension>
        </extensions>
      </trkpt>
      <trkpt lat="1.3952502453135838" lon="103.89523722293261">
        <ele>17.26195028424263</ele>
        <time>2026-09-14T23:16:41Z</time>
        <extensions>
          <gpxtpx:TrackPointExtension>
            <gpxtpx:hr>155</gpxtpx:hr>
          </gpxtpx:TrackPointExtension>
        </extensions>
      </trkpt>
      <trkpt lat="1.3952453149674136" lon="103.89526313610948">
        <ele>17.3181181140244</ele>
        <time>2026-09-14T23:16:42Z</time>
        <extensions>
          <gpxtpx:TrackPointExtension>
            <gpxtpx:hr>155</gpxtpx:hr>
          </gpxtpx:TrackPointExtension>
        </extensions>
      </trkpt>
      <trkpt lat="1.3952402697230346" lon="103.89528919336767">
        <ele>17.378213038668036</ele>
        <time>2026-09-14T23:16:43Z</time>
        <extensions>
          <gpxtpx:TrackPointExtension>
            <gpxtpx:hr>155</gpxtpx:hr>
          </gpxtpx:TrackPointExtension>
        </extensions>
      </trkpt>
      <trkpt lat="1.395235136011756" lon="103.89531570809">
        <ele>17.441690281033516</ele>
        <time>2026-09-14T23:16:44Z</time>
        <extensions>
          <gpxtpx:TrackPointExtension>
            <gpxtpx:hr>155</gpxtpx:hr>
          </gpxtpx:TrackPointExtension>
        </extensions>
      </trkpt>
      <trkpt lat="1.3952300525620984" lon="103.89534256117919">
        <ele>17.50800389330834</ele>
        <time>2026-09-14T23:16:45Z</time>
        <extensions>
          <gpxtpx:TrackPointExtension>
            <gpxtpx:hr>155</gpxtpx:hr>
          </gpxtpx:TrackPointExtension>
        </extensions>
      </trkpt>
      <trkpt lat="1.395225273941895" lon="103.895369504302">
        <ele>17.576719088479877</ele>
        <time>2026-09-14T23:16:46Z</time>
        <extensions>
          <gpxtpx:TrackPointExtension>
            <gpxtpx:hr>155</gpxtpx:hr>
          </gpxtpx:TrackPointExtension>
        </extensions>
      </trkpt>
      <trkpt lat="1.3952205164861426" lon="103.89539685829062">
        <ele>17.647359154187143</ele>
        <time>2026-09-14T23:16:47Z</time>
        <extensions>
          <gpxtpx:TrackPointExtension>
            <gpxtpx:hr>155</gpxtpx:hr>
          </gpxtpx:TrackPointExtension>
        </extensions>
      </trkpt>
      <trkpt lat="1.3952156967559972" lon="103.89542490937089">
        <ele>17.719178491272032</ele>
        <time>2026-09-14T23:16:48Z</time>
        <extensions>
          <gpxtpx:TrackPointExtension>
            <gpxtpx:hr>155</gpxtpx:hr>
          </gpxtpx:TrackPointExtension>
        </extensions>
      </trkpt>
      <trkpt lat="1.3952106211139104" lon="103.89545286747371">
        <ele>17.79128464870155</ele>
        <time>2026-09-14T23:16:49Z</time>
        <extensions>
          <gpxtpx:TrackPointExtension>
            <gpxtpx:hr>155</gpxtpx:hr>
          </gpxtpx:TrackPointExtension>
        </extensions>
      </trkpt>
      <trkpt lat="1.3952059996848374" lon="103.89547985128524">
        <ele>17.86289886943996</ele>
        <time>2026-09-14T23:16:50Z</time>
        <extensions>
          <gpxtpx:TrackPointExtension>
            <gpxtpx:hr>155</gpxtpx:hr>
          </gpxtpx:TrackPointExtension>
        </extensions>
      </trkpt>
      <trkpt lat="1.3952025983648322" lon="103.89550554328703">
        <ele>17.933449967764318</ele>
        <time>2026-09-14T23:16:51Z</time>
        <extensions>
          <gpxtpx:TrackPointExtension>
            <gpxtpx:hr>155</gpxtpx:hr>
          </gpxtpx:TrackPointExtension>
        </extensions>
      </trkpt>
      <trkpt lat="1.3951996146628456" lon="103.8955306112983">
        <ele>18.002504042349756</ele>
        <time>2026-09-14T23:16:52Z</time>
        <extensions>
          <gpxtpx:TrackPointExtension>
            <gpxtpx:hr>155</gpxtpx:hr>
          </gpxtpx:TrackPointExtension>
        </extensions>
      </trkpt>
      <trkpt lat="1.3951963452002691" lon="103.89555637562061">
        <ele>18.069671081379056</ele>
        <time>2026-09-14T23:16:53Z</time>
        <extensions>
          <gpxtpx:TrackPointExtension>
            <gpxtpx:hr>155</gpxtpx:hr>
          </gpxtpx:TrackPointExtension>
        </extensions>
      </trkpt>
      <trkpt lat="1.395192698201836" lon="103.89558346812402">
        <ele>18.134577323682606</ele>
        <time>2026-09-14T23:16:54Z</time>
        <extensions>
          <gpxtpx:TrackPointExtension>
            <gpxtpx:hr>154</gpxtpx:hr>
          </gpxtpx:TrackPointExtension>
        </extensions>
      </trkpt>
      <trkpt lat="1.3951891856211303" lon="103.89561094519787">
        <ele>18.196870763786137</ele>
        <time>2026-09-14T23:16:55Z</time>
        <extensions>
          <gpxtpx:TrackPointExtension>
            <gpxtpx:hr>154</gpxtpx:hr>
          </gpxtpx:TrackPointExtension>
        </extensions>
      </trkpt>
      <trkpt lat="1.3951858314799648" lon="103.89563764790874">
        <ele>18.256206966005266</ele>
        <time>2026-09-14T23:16:56Z</time>
        <extensions>
          <gpxtpx:TrackPointExtension>
            <gpxtpx:hr>154</gpxtpx:hr>
          </gpxtpx:TrackPointExtension>
        </extensions>
      </trkpt>
      <trkpt lat="1.395182592720678" lon="103.89566302724715">
        <ele>18.312219218350947</ele>
        <time>2026-09-14T23:16:57Z</time>
        <extensions>
          <gpxtpx:TrackPointExtension>
            <gpxtpx:hr>154</gpxtpx:hr>
          </gpxtpx:TrackPointExtension>
        </extensions>
      </trkpt>
      <trkpt lat="1.3951794278953114" lon="103.89568707132392">
        <ele>18.364597659558058</ele>
        <time>2026-09-14T23:16:58Z</time>
        <extensions>
          <gpxtpx:TrackPointExtension>
            <gpxtpx:hr>154</gpxtpx:hr>
          </gpxtpx:TrackPointExtension>
        </extensions>
      </trkpt>
      <trkpt lat="1.3951760528945258" lon="103.89571097071118">
        <ele>18.413164087571204</ele>
        <time>2026-09-14T23:16:59Z</time>
        <extensions>
          <gpxtpx:TrackPointExtension>
            <gpxtpx:hr>153</gpxtpx:hr>
          </gpxtpx:TrackPointExtension>
        </extensions>
      </trkpt>
      <trkpt lat="1.395172652888553" lon="103.8957358629557">
        <ele>18.457841565832496</ele>
        <time>2026-09-14T23:17:00Z</time>
        <extensions>
          <gpxtpx:TrackPointExtension>
            <gpxtpx:hr>153</gpxtpx:hr>
          </gpxtpx:TrackPointExtension>
        </extensions>
      </trkpt>
      <trkpt lat="1.3951690980807725" lon="103.89576292991255">
        <ele>18.54873159620911</ele>
        <time>2026-09-14T23:17:01Z</time>
        <extensions>
          <gpxtpx:TrackPointExtension>
            <gpxtpx:hr>153</gpxtpx:hr>
          </gpxtpx:TrackPointExtension>
        </extensions>
      </trkpt>
      <trkpt lat="1.3951655116176498" lon="103.8957915835308">
        <ele>18.60748162958771</ele>
        <time>2026-09-14T23:17:02Z</time>
        <extensions>
          <gpxtpx:TrackPointExtension>
            <gpxtpx:hr>153</gpxtpx:hr>
          </gpxtpx:TrackPointExtension>
        </extensions>
      </trkpt>
      <trkpt lat="1.3951616341369906" lon="103.89582047116978">
        <ele>18.66351239476353</ele>
        <time>2026-09-14T23:17:03Z</time>
        <extensions>
          <gpxtpx:TrackPointExtension>
            <gpxtpx:hr>152</gpxtpx:hr>
          </gpxtpx:TrackPointExtension>
        </extensions>
      </trkpt>
      <trkpt lat="1.3951577835002769" lon="103.89584889412765">
        <ele>18.708628884516656</ele>
        <time>2026-09-14T23:17:04Z</time>
        <extensions>
          <gpxtpx:TrackPointExtension>
            <gpxtpx:hr>152</gpxtpx:hr>
          </gpxtpx:TrackPointExtension>
        </extensions>
      </trkpt>
      <trkpt lat="1.39515382025863" lon="103.89587671323774">
        <ele>18.732531361281872</ele>
        <time>2026-09-14T23:17:05Z</time>
        <extensions>
          <gpxtpx:TrackPointExtension>
            <gpxtpx:hr>152</gpxtpx:hr>
          </gpxtpx:TrackPointExtension>
        </extensions>
      </trkpt>
      <trkpt lat="1.3951499666806964" lon="103.89590395669316">
        <ele>18.76425324752927</ele>
        <time>2026-09-14T23:17:06Z</time>
        <extensions>
          <gpxtpx:TrackPointExtension>
            <gpxtpx:hr>152</gpxtpx:hr>
          </gpxtpx:TrackPointExtension>
        </extensions>
      </trkpt>
      <trkpt lat="1.3951466346745325" lon="103.89593015887355">
        <ele>18.780136425979435</ele>
        <time>2026-09-14T23:17:07Z</time>
        <extensions>
          <gpxtpx:TrackPointExtension>
            <gpxtpx:hr>152</gpxtpx:hr>
          </gpxtpx:TrackPointExtension>
        </extensions>
      </trkpt>
      <trkpt lat="1.3951433724589337" lon="103.89595573475076">
        <ele>18.833034185692668</ele>
        <time>2026-09-14T23:17:08Z</time>
        <extensions>
          <gpxtpx:TrackPointExtension>
            <gpxtpx:hr>152</gpxtpx:hr>
          </gpxtpx:TrackPointExtension>
        </extensions>
      </trkpt>
      <trkpt lat="1.3951401757139754" lon="103.89598125794114">
        <ele>18.857890211045742</ele>
        <time>2026-09-14T23:17:09Z</time>
        <extensions>
          <gpxtpx:TrackPointExtension>
            <gpxtpx:hr>152</gpxtpx:hr>
          </gpxtpx:TrackPointExtension>
        </extensions>
      </trkpt>
      <trkpt lat="1.3951363700685606" lon="103.89600719235852">
        <ele>18.90814790595323</ele>
        <time>2026-09-14T23:17:10Z</time>
        <extensions>
          <gpxtpx:TrackPointExtension>
            <gpxtpx:hr>152</gpxtpx:hr>
          </gpxtpx:TrackPointExtension>
        </extensions>
      </trkpt>
      <trkpt lat="1.395131575627208" lon="103.89603380502504">
        <ele>18.912181020714343</ele>
        <time>2026-09-14T23:17:11Z</time>
        <extensions>
          <gpxtpx:TrackPointExtension>
            <gpxtpx:hr>152</gpxtpx:hr>
          </gpxtpx:TrackPointExtension>
        </extensions>
      </trkpt>
      <trkpt lat="1.3951261247672582" lon="103.89606049702577">
        <ele>18.953234961256385</ele>
        <time>2026-09-14T23:17:12Z</time>
        <extensions>
          <gpxtpx:TrackPointExtension>
            <gpxtpx:hr>152</gpxtpx:hr>
          </gpxtpx:TrackPointExtension>
        </extensions>
      </trkpt>
      <trkpt lat="1.3951201220024159" lon="103.89608683573029">
        <ele>18.979804401285946</ele>
        <time>2026-09-14T23:17:13Z</time>
        <extensions>
          <gpxtpx:TrackPointExtension>
            <gpxtpx:hr>153</gpxtpx:hr>
          </gpxtpx:TrackPointExtension>
        </extensions>
      </trkpt>
      <trkpt lat="1.3951142314932188" lon="103.89611271548605">
        <ele>19.003856702707708</ele>
        <time>2026-09-14T23:17:14Z</time>
        <extensions>
          <gpxtpx:TrackPointExtension>
            <gpxtpx:hr>153</gpxtpx:hr>
          </gpxtpx:TrackPointExtension>
        </extensions>
      </trkpt>
      <trkpt lat="1.3951089114132935" lon="103.89613849187351">
        <ele>19.033861159346998</ele>
        <time>2026-09-14T23:17:15Z</time>
        <extensions>
          <gpxtpx:TrackPointExtension>
            <gpxtpx:hr>153</gpxtpx:hr>
          </gpxtpx:TrackPointExtension>
        </extensions>
      </trkpt>
      <trkpt lat="1.3951035080321024" lon="103.89616380969764">
        <ele>19.059184432029724</ele>
        <time>2026-09-14T23:17:16Z</time>
        <extensions>
          <gpxtpx:TrackPointExtension>
            <gpxtpx:hr>153</gpxtpx:hr>
          </gpxtpx:TrackPointExtension>
        </extensions>
      </trkpt>
      <trkpt lat="1.3950967812924502" lon="103.89618799498543">
        <ele>19.10257041733712</ele>
        <time>2026-09-14T23:17:17Z</time>
        <extensions>
          <gpxtpx:TrackPointExtension>
            <gpxtpx:hr>153</gpxtpx:hr>
          </gpxtpx:TrackPointExtension>
        </extensions>
      </trkpt>
      <trkpt lat="1.3950886764039623" lon="103.89621165160992">
        <ele>19.115973452106118</ele>
        <time>2026-09-14T23:17:18Z</time>
        <extensions>
          <gpxtpx:TrackPointExtension>
            <gpxtpx:hr>153</gpxtpx:hr>
          </gpxtpx:TrackPointExtension>
        </extensions>
      </trkpt>
      <trkpt lat="1.3950798641459798" lon="103.89623518198003">
        <ele>19.172926544211805</ele>
        <time>2026-09-14T23:17:19Z</time>
        <extensions>
          <gpxtpx:TrackPointExtension>
            <gpxtpx:hr>153</gpxtpx:hr>
          </gpxtpx:TrackPointExtension>
        </extensions>
      </trkpt>
      <trkpt lat="1.395070635891179" lon="103.89625884990501">
        <ele>19.192565690726042</ele>
        <time>2026-09-14T23:17:20Z</time>
        <extensions>
          <gpxtpx:TrackPointExtension>
            <gpxtpx:hr>153</gpxtpx:hr>
          </gpxtpx:TrackPointExtension>
        </extensions>
      </trkpt>
      <trkpt lat="1.3950615511682072" lon="103.89628250317915">
        <ele>19.24073739349842</ele>
        <time>2026-09-14T23:17:21Z</time>
        <extensions>
          <gpxtpx:TrackPointExtension>
            <gpxtpx:hr>153</gpxtpx:hr>
          </gpxtpx:TrackPointExtension>
        </extensions>
      </trkpt>
      <trkpt lat="1.395052523943223" lon="103.89630631688601">
        <ele>19.260593028739095</ele>
        <time>2026-09-14T23:17:22Z</time>
        <extensions>
          <gpxtpx:TrackPointExtension>
            <gpxtpx:hr>153</gpxtpx:hr>
          </gpxtpx:TrackPointExtension>
        </extensions>
      </trkpt>
      <trkpt lat="1.3950434065773676" lon="103.89633070234022">
        <ele>19.322488331235945</ele>
        <time>2026-09-14T23:17:23Z</time>
        <extensions>
          <gpxtpx:TrackPointExtension>
            <gpxtpx:hr>153</gpxtpx:hr>
          </gpxtpx:TrackPointExtension>
        </extensions>
      </trkpt>
      <trkpt lat="1.3950345785538922" lon="103.8963557412696">
        <ele>19.370973722077906</ele>
        <time>2026-09-14T23:17:24Z</time>
        <extensions>
          <gpxtpx:TrackPointExtension>
            <gpxtpx:hr>153</gpxtpx:hr>
          </gpxtpx:TrackPointExtension>
        </extensions>
      </trkpt>
      <trkpt lat="1.3950252049820644" lon="103.89638118006991">
        <ele>19.439993641339242</ele>
        <time>2026-09-14T23:17:25Z</time>
        <extensions>
          <gpxtpx:TrackPointExtension>
            <gpxtpx:hr>153</gpxtpx:hr>
          </gpxtpx:TrackPointExtension>
        </extensions>
      </trkpt>
      <trkpt lat="1.395015733733973" lon="103.89640663284324">
        <ele>19.474948638118804</ele>
        <time>2026-09-14T23:17:26Z</time>
        <extensions>
          <gpxtpx:TrackPointExtension>
            <gpxtpx:hr>153</gpxtpx:hr>
          </gpxtpx:TrackPointExtension>
        </extensions>
      </trkpt>
      <trkpt lat="1.395006809088183" lon="103.89643221890256">
        <ele>19.521026416681707</ele>
        <time>2026-09-14T23:17:27Z</time>
        <extensions>
          <gpxtpx:TrackPointExtension>
            <gpxtpx:hr>153</gpxtpx:hr>
          </gpxtpx:TrackPointExtension>
        </extensions>
      </trkpt>
      <trkpt lat="1.3949982329441228" lon="103.89645775033708">
        <ele>19.55136559344828</ele>
        <time>2026-09-14T23:17:28Z</time>
        <extensions>
          <gpxtpx:TrackPointExtension>
            <gpxtpx:hr>153</gpxtpx:hr>
          </gpxtpx:TrackPointExtension>
        </extensions>
      </trkpt>
      <trkpt lat="1.3949904439148724" lon="103.89648233135016">
        <ele>19.574878435581923</ele>
        <time>2026-09-14T23:17:29Z</time>
        <extensions>
          <gpxtpx:TrackPointExtension>
            <gpxtpx:hr>153</gpxtpx:hr>
          </gpxtpx:TrackPointExtension>
        </extensions>
      </trkpt>
      <trkpt lat="1.3949831429060704" lon="103.89650538232617">
        <ele>19.593754009343684</ele>
        <time>2026-09-14T23:17:30Z</time>
        <extensions>
          <gpxtpx:TrackPointExtension>
            <gpxtpx:hr>154</gpxtpx:hr>
          </gpxtpx:TrackPointExtension>
        </extensions>
      </trkpt>
      <trkpt lat="1.394976261279269" lon="103.89652747898364">
        <ele>19.65991871152073</ele>
        <time>2026-09-14T23:17:31Z</time>
        <extensions>
          <gpxtpx:TrackPointExtension>
            <gpxtpx:hr>154</gpxtpx:hr>
          </gpxtpx:TrackPointExtension>
        </extensions>
      </trkpt>
      <trkpt lat="1.3949693248620207" lon="103.89655013016142">
        <ele>19.67138662468642</ele>
        <time>2026-09-14T23:17:32Z</time>
        <extensions>
          <gpxtpx:TrackPointExtension>
            <gpxtpx:hr>154</gpxtpx:hr>
          </gpxtpx:TrackPointExtension>
        </extensions>
      </trkpt>
      <trkpt lat="1.3949620450511477" lon="103.89657399773043">
        <ele>19.706148667261004</ele>
        <time>2026-09-14T23:17:33Z</time>
        <extensions>
          <gpxtpx:TrackPointExtension>
            <gpxtpx:hr>154</gpxtpx:hr>
          </gpxtpx:TrackPointExtension>
        </extensions>
      </trkpt>
      <trkpt lat="1.394954446906994" lon="103.89659889553022">
        <ele>19.68128359876573</ele>
        <time>2026-09-14T23:17:34Z</time>
        <extensions>
          <gpxtpx:TrackPointExtension>
            <gpxtpx:hr>154</gpxtpx:hr>
          </gpxtpx:TrackPointExtension>
        </extensions>
      </trkpt>
      <trkpt lat="1.3949464461341319" lon="103.89662464803895">
        <ele>19.731161224655807</ele>
        <time>2026-09-14T23:17:35Z</time>
        <extensions>
          <gpxtpx:TrackPointExtension>
            <gpxtpx:hr>155</gpxtpx:hr>
          </gpxtpx:TrackPointExtension>
        </extensions>
      </trkpt>
      <trkpt lat="1.3949388142171557" lon="103.89665093789677">
        <ele>19.733205343596637</ele>
        <time>2026-09-14T23:17:36Z</time>
        <extensions>
          <gpxtpx:TrackPointExtension>
            <gpxtpx:hr>155</gpxtpx:hr>
          </gpxtpx:TrackPointExtension>
        </extensions>
      </trkpt>
      <trkpt lat="1.394931084488662" lon="103.89667682710152">
        <ele>19.76247908268124</ele>
        <time>2026-09-14T23:17:37Z</time>
        <extensions>
          <gpxtpx:TrackPointExtension>
            <gpxtpx:hr>155</gpxtpx:hr>
          </gpxtpx:TrackPointExtension>
        </extensions>
      </trkpt>
      <trkpt lat="1.3949237766282179" lon="103.8967016676279">
        <ele>19.764737573452294</ele>
        <time>2026-09-14T23:17:38Z</time>
        <extensions>
          <gpxtpx:TrackPointExtension>
            <gpxtpx:hr>155</gpxtpx:hr>
          </gpxtpx:TrackPointExtension>
        </extensions>
      </trkpt>
      <trkpt lat="1.3949174828225308" lon="103.89672581966765">
        <ele>19.7815592745319</ele>
        <time>2026-09-14T23:17:39Z</time>
        <extensions>
          <gpxtpx:TrackPointExtension>
            <gpxtpx:hr>155</gpxtpx:hr>
          </gpxtpx:TrackPointExtension>
        </extensions>
      </trkpt>
      <trkpt lat="1.3949115503223204" lon="103.89674976915882">
        <ele>19.779642856679857</ele>
        <time>2026-09-14T23:17:40Z</time>
        <extensions>
          <gpxtpx:TrackPointExtension>
            <gpxtpx:hr>155</gpxtpx:hr>
          </gpxtpx:TrackPointExtension>
        </extensions>
      </trkpt>
      <trkpt lat="1.394905567564669" lon="103.89677366772776">
        <ele>19.742279465310276</ele>
        <time>2026-09-14T23:17:41Z</time>
        <extensions>
          <gpxtpx:TrackPointExtension>
            <gpxtpx:hr>155</gpxtpx:hr>
          </gpxtpx:TrackPointExtension>
        </extensions>
      </trkpt>
      <trkpt lat="1.3948990113954864" lon="103.89679772329791">
        <ele>19.751116492785513</ele>
        <time>2026-09-14T23:17:42Z</time>
        <extensions>
          <gpxtpx:TrackPointExtension>
            <gpxtpx:hr>155</gpxtpx:hr>
          </gpxtpx:TrackPointExtension>
        </extensions>
      </trkpt>
      <trkpt lat="1.3948918090851086" lon="103.89682211137146">
        <ele>19.737958054058254</ele>
        <time>2026-09-14T23:17:43Z</time>
        <extensions>
          <gpxtpx:TrackPointExtension>
            <gpxtpx:hr>155</gpxtpx:hr>
          </gpxtpx:TrackPointExtension>
        </extensions>
      </trkpt>
      <trkpt lat="1.3948839993498392" lon="103.89684709139671">
        <ele>19.76786172017455</ele>
        <time>2026-09-14T23:17:44Z</time>
        <extensions>
          <gpxtpx:TrackPointExtension>
            <gpxtpx:hr>155</gpxtpx:hr>
          </gpxtpx:TrackPointExtension>
        </extensions>
      </trkpt>
      <trkpt lat="1.394875898171275" lon="103.89687288775008">
        <ele>19.765265526250005</ele>
        <time>2026-09-14T23:17:45Z</time>
        <extensions>
          <gpxtpx:TrackPointExtension>
            <gpxtpx:hr>155</gpxtpx:hr>
          </gpxtpx:TrackPointExtension>
        </extensions>
      </trkpt>
      <trkpt lat="1.3948675445011753" lon="103.8968992339492">
        <ele>19.77871122583747</ele>
        <time>2026-09-14T23:17:46Z</time>
        <extensions>
          <gpxtpx:TrackPointExtension>
            <gpxtpx:hr>155</gpxtpx:hr>
          </gpxtpx:TrackPointExtension>
        </extensions>
      </trkpt>
      <trkpt lat="1.3948586501741789" lon="103.89692567964646">
        <ele>19.78327415138483</ele>
        <time>2026-09-14T23:17:47Z</time>
        <extensions>
          <gpxtpx:TrackPointExtension>
            <gpxtpx:hr>155</gpxtpx:hr>
          </gpxtpx:TrackPointExtension>
        </extensions>
      </trkpt>
      <trkpt lat="1.3948495923474098" lon="103.89695182618179">
        <ele>19.815900782123208</ele>
        <time>2026-09-14T23:17:48Z</time>
        <extensions>
          <gpxtpx:TrackPointExtension>
            <gpxtpx:hr>155</gpxtpx:hr>
          </gpxtpx:TrackPointExtension>
        </extensions>
      </trkpt>
      <trkpt lat="1.3948408667548837" lon="103.89697732184108">
        <ele>19.837984698824584</ele>
        <time>2026-09-14T23:17:49Z</time>
        <extensions>
          <gpxtpx:TrackPointExtension>
            <gpxtpx:hr>155</gpxtpx:hr>
          </gpxtpx:TrackPointExtension>
        </extensions>
      </trkpt>
      <trkpt lat="1.394832817232238" lon="103.89700227411491">
        <ele>19.855440279468894</ele>
        <time>2026-09-14T23:17:50Z</time>
        <extensions>
          <gpxtpx:TrackPointExtension>
            <gpxtpx:hr>155</gpxtpx:hr>
          </gpxtpx:TrackPointExtension>
        </extensions>
      </trkpt>
      <trkpt lat="1.394826829866419" lon="103.89702697892064">
        <ele>19.880899691954255</ele>
        <time>2026-09-14T23:17:51Z</time>
        <extensions>
          <gpxtpx:TrackPointExtension>
            <gpxtpx:hr>155</gpxtpx:hr>
          </gpxtpx:TrackPointExtension>
        </extensions>
      </trkpt>
      <trkpt lat="1.394822330604794" lon="103.89705203586108">
        <ele>19.891888038255274</ele>
        <time>2026-09-14T23:17:52Z</time>
        <extensions>
          <gpxtpx:TrackPointExtension>
            <gpxtpx:hr>155</gpxtpx:hr>
          </gpxtpx:TrackPointExtension>
        </extensions>
      </trkpt>
      <trkpt lat="1.3948180151107723" lon="103.8970776342007">
        <ele>19.90580783598125</ele>
        <time>2026-09-14T23:17:53Z</time>
        <extensions>
          <gpxtpx:TrackPointExtension>
            <gpxtpx:hr>156</gpxtpx:hr>
          </gpxtpx:TrackPointExtension>
        </extensions>
      </trkpt>
      <trkpt lat="1.3948134861238353" lon="103.89710479443505">
        <ele>19.538655821233988</ele>
        <time>2026-09-14T23:17:54Z</time>
        <extensions>
          <gpxtpx:TrackPointExtension>
            <gpxtpx:hr>156</gpxtpx:hr>
          </gpxtpx:TrackPointExtension>
        </extensions>
      </trkpt>
      <trkpt lat="1.3948091892557362" lon="103.89713060379007">
        <ele>19.509485559538007</ele>
        <time>2026-09-14T23:17:55Z</time>
        <extensions>
          <gpxtpx:TrackPointExtension>
            <gpxtpx:hr>156</gpxtpx:hr>
          </gpxtpx:TrackPointExtension>
        </extensions>
      </trkpt>
      <trkpt lat="1.3948048253577092" lon="103.89715650089171">
        <ele>19.475286374799907</ele>
        <time>2026-09-14T23:17:56Z</time>
        <extensions>
          <gpxtpx:TrackPointExtension>
            <gpxtpx:hr>156</gpxtpx:hr>
          </gpxtpx:TrackPointExtension>
        </extensions>
      </trkpt>
      <trkpt lat="1.394800309892011" lon="103.89718272838165">
        <ele>19.436554232612252</ele>
        <time>2026-09-14T23:17:57Z</time>
        <extensions>
          <gpxtpx:TrackPointExtension>
            <gpxtpx:hr>155</gpxtpx:hr>
          </gpxtpx:TrackPointExtension>
        </extensions>
      </trkpt>
      <trkpt lat="1.3947957087349439" lon="103.89720929953259">
        <ele>19.391394743695855</ele>
        <time>2026-09-14T23:17:58Z</time>
        <extensions>
          <gpxtpx:TrackPointExtension>
            <gpxtpx:hr>155</gpxtpx:hr>
          </gpxtpx:TrackPointExtension>
        </extensions>
      </trkpt>
      <trkpt lat="1.3947909466315402" lon="103.89723611539702">
        <ele>19.339880191721022</ele>
        <time>2026-09-14T23:17:59Z</time>
        <extensions>
          <gpxtpx:TrackPointExtension>
            <gpxtpx:hr>155</gpxtpx:hr>
          </gpxtpx:TrackPointExtension>
        </extensions>
      </trkpt>
      <trkpt lat="1.394785991313677" lon="103.89726316516">
        <ele>19.281369369477034</ele>
        <time>2026-09-14T23:18:00Z</time>
        <extensions>
          <gpxtpx:TrackPointExtension>
            <gpxtpx:hr>155</gpxtpx:hr>
          </gpxtpx:TrackPointExtension>
        </extensions>
      </trkpt>
      <trkpt lat="1.3947808396951928" lon="103.89729047088534">
        <ele>19.215608270838857</ele>
        <time>2026-09-14T23:18:01Z</time>
        <extensions>
          <gpxtpx:TrackPointExtension>
            <gpxtpx:hr>155</gpxtpx:hr>
          </gpxtpx:TrackPointExtension>
        </extensions>
      </trkpt>
      <trkpt lat="1.3947753399497524" lon="103.89731798320778">
        <ele>19.14313762355596</ele>
        <time>2026-09-14T23:18:02Z</time>
        <extensions>
          <gpxtpx:TrackPointExtension>
            <gpxtpx:hr>155</gpxtpx:hr>
          </gpxtpx:TrackPointExtension>
        </extensions>
      </trkpt>
      <trkpt lat="1.3947695788095955" lon="103.89734545160323">
        <ele>19.06338170543313</ele>
        <time>2026-09-14T23:18:03Z</time>
        <extensions>
          <gpxtpx:TrackPointExtension>
            <gpxtpx:hr>155</gpxtpx:hr>
          </gpxtpx:TrackPointExtension>
        </extensions>
      </trkpt>
      <trkpt lat="1.3947635951956783" lon="103.897372767982">
        <ele>18.97789333947003</ele>
        <time>2026-09-14T23:18:04Z</time>
        <extensions>
          <gpxtpx:TrackPointExtension>
            <gpxtpx:hr>154</gpxtpx:hr>
          </gpxtpx:TrackPointExtension>
        </extensions>
      </trkpt>
      <trkpt lat="1.3947575043854976" lon="103.89739992333106">
        <ele>18.886177473701537</ele>
        <time>2026-09-14T23:18:05Z</time>
        <extensions>
          <gpxtpx:TrackPointExtension>
            <gpxtpx:hr>154</gpxtpx:hr>
          </gpxtpx:TrackPointExtension>
        </extensions>
      </trkpt>
      <trkpt lat="1.3947514562918262" lon="103.89742691740291">
        <ele>18.79078544676304</ele>
        <time>2026-09-14T23:18:06Z</time>
        <extensions>
          <gpxtpx:TrackPointExtension>
            <gpxtpx:hr>154</gpxtpx:hr>
          </gpxtpx:TrackPointExtension>
        </extensions>
      </trkpt>
      <trkpt lat="1.3947456084738903" lon="103.8974535469118">
        <ele>18.691295421682298</ele>
        <time>2026-09-14T23:18:07Z</time>
        <extensions>
          <gpxtpx:TrackPointExtension>
            <gpxtpx:hr>154</gpxtpx:hr>
          </gpxtpx:TrackPointExtension>
        </extensions>
      </trkpt>
      <trkpt lat="1.3947400659366147" lon="103.89747940750672">
        <ele>18.589760362170637</ele>
        <time>2026-09-14T23:18:08Z</time>
        <extensions>
          <gpxtpx:TrackPointExtension>
            <gpxtpx:hr>154</gpxtpx:hr>
          </gpxtpx:TrackPointExtension>
        </extensions>
      </trkpt>
      <trkpt lat="1.3947346800140494" lon="103.8975045651953">
        <ele>18.486571753397584</ele>
        <time>2026-09-14T23:18:09Z</time>
        <extensions>
          <gpxtpx:TrackPointExtension>
            <gpxtpx:hr>154</gpxtpx:hr>
          </gpxtpx:TrackPointExtension>
        </extensions>
      </trkpt>
      <trkpt lat="1.3947293387725652" lon="103.89752944156095">
        <ele>18.384454246610403</ele>
        <time>2026-09-14T23:18:10Z</time>
        <extensions>
          <gpxtpx:TrackPointExtension>
            <gpxtpx:hr>154</gpxtpx:hr>
          </gpxtpx:TrackPointExtension>
        </extensions>
      </trkpt>
      <trkpt lat="1.3947238717626798" lon="103.8975542538025">
        <ele>18.28299013711512</ele>
        <time>2026-09-14T23:18:11Z</time>
        <extensions>
          <gpxtpx:TrackPointExtension>
            <gpxtpx:hr>154</gpxtpx:hr>
          </gpxtpx:TrackPointExtension>
        </extensions>
      </trkpt>
      <trkpt lat="1.3947186010371169" lon="103.89757899450325">
        <ele>18.18393081612885</ele>
        <time>2026-09-14T23:18:12Z</time>
        <extensions>
          <gpxtpx:TrackPointExtension>
            <gpxtpx:hr>154</gpxtpx:hr>
          </gpxtpx:TrackPointExtension>
        </extensions>
      </trkpt>
      <trkpt lat="1.3947142778183215" lon="103.89760379566422">
        <ele>18.08769364282489</ele>
        <time>2026-09-14T23:18:13Z</time>
        <extensions>
          <gpxtpx:TrackPointExtension>
            <gpxtpx:hr>154</gpxtpx:hr>
          </gpxtpx:TrackPointExtension>
        </extensions>
      </trkpt>
      <trkpt lat="1.3947116745419916" lon="103.89762883817885">
        <ele>17.994471739977598</ele>
        <time>2026-09-14T23:18:14Z</time>
        <extensions>
          <gpxtpx:TrackPointExtension>
            <gpxtpx:hr>153</gpxtpx:hr>
          </gpxtpx:TrackPointExtension>
        </extensions>
      </trkpt>
      <trkpt lat="1.3947114133708236" lon="103.89765397095552">
        <ele>17.904889312572777</ele>
        <time>2026-09-14T23:18:15Z</time>
        <extensions>
          <gpxtpx:TrackPointExtension>
            <gpxtpx:hr>153</gpxtpx:hr>
          </gpxtpx:TrackPointExtension>
        </extensions>
      </trkpt>
      <trkpt lat="1.3947136600642753" lon="103.89767907556264">
        <ele>17.818657063879073</ele>
        <time>2026-09-14T23:18:16Z</time>
        <extensions>
          <gpxtpx:TrackPointExtension>
            <gpxtpx:hr>153</gpxtpx:hr>
          </gpxtpx:TrackPointExtension>
        </extensions>
      </trkpt>
      <trkpt lat="1.3947186913787026" lon="103.8977038204301">
        <ele>17.735898537561297</ele>
        <time>2026-09-14T23:18:17Z</time>
        <extensions>
          <gpxtpx:TrackPointExtension>
            <gpxtpx:hr>153</gpxtpx:hr>
          </gpxtpx:TrackPointExtension>
        </extensions>
      </trkpt>
      <trkpt lat="1.3947266185550147" lon="103.89772762007155">
        <ele>17.655311796814203</ele>
        <time>2026-09-14T23:18:18Z</time>
        <extensions>
          <gpxtpx:TrackPointExtension>
            <gpxtpx:hr>153</gpxtpx:hr>
          </gpxtpx:TrackPointExtension>
        </extensions>
      </trkpt>
      <trkpt lat="1.3947373279158997" lon="103.89775000307722">
        <ele>17.577829270623624</ele>
        <time>2026-09-14T23:18:19Z</time>
        <extensions>
          <gpxtpx:TrackPointExtension>
            <gpxtpx:hr>150</gpxtpx:hr>
          </gpxtpx:TrackPointExtension>
        </extensions>
      </trkpt>
      <trkpt lat="1.3947506160809402" lon="103.8977706745901">
        <ele>17.503354261629283</ele>
        <time>2026-09-14T23:18:20Z</time>
        <extensions>
          <gpxtpx:TrackPointExtension>
            <gpxtpx:hr>150</gpxtpx:hr>
          </gpxtpx:TrackPointExtension>
        </extensions>
      </trkpt>
      <trkpt lat="1.3947661889457261" lon="103.89778965273959">
        <ele>17.430931660346687</ele>
        <time>2026-09-14T23:18:21Z</time>
        <extensions>
          <gpxtpx:TrackPointExtension>
            <gpxtpx:hr>150</gpxtpx:hr>
          </gpxtpx:TrackPointExtension>
        </extensions>
      </trkpt>
      <trkpt lat="1.3947839383075993" lon="103.89780674653542">
        <ele>17.36200853716582</ele>
        <time>2026-09-14T23:18:22Z</time>
        <extensions>
          <gpxtpx:TrackPointExtension>
            <gpxtpx:hr>150</gpxtpx:hr>
          </gpxtpx:TrackPointExtension>
        </extensions>
      </trkpt>
      <trkpt lat="1.3948038247135326" lon="103.89782185229772">
        <ele>17.294818920083344</ele>
        <time>2026-09-14T23:18:23Z</time>
        <extensions>
          <gpxtpx:TrackPointExtension>
            <gpxtpx:hr>150</gpxtpx:hr>
          </gpxtpx:TrackPointExtension>
        </extensions>
      </trkpt>
      <trkpt lat="1.3948256291288899" lon="103.89783486434551">
        <ele>17.23028200957924</ele>
        <time>2026-09-14T23:18:24Z</time>
        <extensions>
          <gpxtpx:TrackPointExtension>
            <gpxtpx:hr>150</gpxtpx:hr>
          </gpxtpx:TrackPointExtension>
        </extensions>
      </trkpt>
      <trkpt lat="1.3948490505195021" lon="103.89784589931253">
        <ele>17.166487976908684</ele>
        <time>2026-09-14T23:18:25Z</time>
        <extensions>
          <gpxtpx:TrackPointExtension>
            <gpxtpx:hr>150</gpxtpx:hr>
          </gpxtpx:TrackPointExtension>
        </extensions>
      </trkpt>
      <trkpt lat="1.3948737539990532" lon="103.89785542879157">
        <ele>17.103893760591745</ele>
        <time>2026-09-14T23:18:26Z</time>
        <extensions>
          <gpxtpx:TrackPointExtension>
            <gpxtpx:hr>150</gpxtpx:hr>
          </gpxtpx:TrackPointExtension>
        </extensions>
      </trkpt>
      <trkpt lat="1.3948991083046443" lon="103.89786393965026">
        <ele>17.04145169071853</ele>
        <time>2026-09-14T23:18:27Z</time>
        <extensions>
          <gpxtpx:TrackPointExtension>
            <gpxtpx:hr>150</gpxtpx:hr>
          </gpxtpx:TrackPointExtension>
        </extensions>
      </trkpt>
      <trkpt lat="1.3949244570681372" lon="103.8978719374334">
        <ele>16.978415435180068</ele>
        <time>2026-09-14T23:18:28Z</time>
        <extensions>
          <gpxtpx:TrackPointExtension>
            <gpxtpx:hr>150</gpxtpx:hr>
          </gpxtpx:TrackPointExtension>
        </extensions>
      </trkpt>
      <trkpt lat="1.3949494603791535" lon="103.89787969462598">
        <ele>16.914464856497943</ele>
        <time>2026-09-14T23:18:29Z</time>
        <extensions>
          <gpxtpx:TrackPointExtension>
            <gpxtpx:hr>150</gpxtpx:hr>
          </gpxtpx:TrackPointExtension>
        </extensions>
      </trkpt>
      <trkpt lat="1.3949741259278121" lon="103.89788741744943">
        <ele>16.848780687898397</ele>
        <time>2026-09-14T23:18:30Z</time>
        <extensions>
          <gpxtpx:TrackPointExtension>
            <gpxtpx:hr>150</gpxtpx:hr>
          </gpxtpx:TrackPointExtension>
        </extensions>
      </trkpt>
      <trkpt lat="1.3949986872659055" lon="103.8978952135596">
        <ele>16.781411869451404</ele>
        <time>2026-09-14T23:18:31Z</time>
        <extensions>
          <gpxtpx:TrackPointExtension>
            <gpxtpx:hr>150</gpxtpx:hr>
          </gpxtpx:TrackPointExtension>
        </extensions>
      </trkpt>
      <trkpt lat="1.3950234206027123" lon="103.89790322297534">
        <ele>16.71190605778247</ele>
        <time>2026-09-14T23:18:32Z</time>
        <extensions>
          <gpxtpx:TrackPointExtension>
            <gpxtpx:hr>150</gpxtpx:hr>
          </gpxtpx:TrackPointExtension>
        </extensions>
      </trkpt>
      <trkpt lat="1.3950484691190574" lon="103.89791152569744">
        <ele>16.6426192028448</ele>
        <time>2026-09-14T23:18:33Z</time>
        <extensions>
          <gpxtpx:TrackPointExtension>
            <gpxtpx:hr>150</gpxtpx:hr>
          </gpxtpx:TrackPointExtension>
        </extensions>
      </trkpt>
      <trkpt lat="1.3950738863149101" lon="103.89792016965562">
        <ele>16.5722005777061</ele>
        <time>2026-09-14T23:18:34Z</time>
        <extensions>
          <gpxtpx:TrackPointExtension>
            <gpxtpx:hr>150</gpxtpx:hr>
          </gpxtpx:TrackPointExtension>
        </extensions>
      </trkpt>
      <trkpt lat="1.3950997261330913" lon="103.89792913823747">
        <ele>16.503461399115622</ele>
        <time>2026-09-14T23:18:35Z</time>
        <extensions>
          <gpxtpx:TrackPointExtension>
            <gpxtpx:hr>150</gpxtpx:hr>
          </gpxtpx:TrackPointExtension>
        </extensions>
      </trkpt>
      <trkpt lat="1.3951258230049342" lon="103.89793792563879">
        <ele>16.435828681103885</ele>
        <time>2026-09-14T23:18:36Z</time>
        <extensions>
          <gpxtpx:TrackPointExtension>
            <gpxtpx:hr>150</gpxtpx:hr>
          </gpxtpx:TrackPointExtension>
        </extensions>
      </trkpt>
      <trkpt lat="1.395151944340535" lon="103.89794630068725">
        <ele>16.3701897514984</ele>
        <time>2026-09-14T23:18:37Z</time>
        <extensions>
          <gpxtpx:TrackPointExtension>
            <gpxtpx:hr>150</gpxtpx:hr>
          </gpxtpx:TrackPointExtension>
        </extensions>
      </trkpt>
      <trkpt lat="1.395177990499104" lon="103.897954242558">
        <ele>16.307071370072663</ele>
        <time>2026-09-14T23:18:38Z</time>
        <extensions>
          <gpxtpx:TrackPointExtension>
            <gpxtpx:hr>150</gpxtpx:hr>
          </gpxtpx:TrackPointExtension>
        </extensions>
      </trkpt>
      <trkpt lat="1.3952039777823886" lon="103.8979617817765">
        <ele>16.246363886632025</ele>
        <time>2026-09-14T23:18:39Z</time>
        <extensions>
          <gpxtpx:TrackPointExtension>
            <gpxtpx:hr>150</gpxtpx:hr>
          </gpxtpx:TrackPointExtension>
        </extensions>
      </trkpt>
      <trkpt lat="1.3952299140975666" lon="103.89796917352706">
        <ele>16.187663353048265</ele>
        <time>2026-09-14T23:18:40Z</time>
        <extensions>
          <gpxtpx:TrackPointExtension>
            <gpxtpx:hr>150</gpxtpx:hr>
          </gpxtpx:TrackPointExtension>
        </extensions>
      </trkpt>
      <trkpt lat="1.3952556753878094" lon="103.89797650038369">
        <ele>16.13161939289421</ele>
        <time>2026-09-14T23:18:41Z</time>
        <extensions>
          <gpxtpx:TrackPointExtension>
            <gpxtpx:hr>150</gpxtpx:hr>
          </gpxtpx:TrackPointExtension>
        </extensions>
      </trkpt>
      <trkpt lat="1.3952811992084544" lon="103.89798373563897">
        <ele>16.078592634759843</ele>
        <time>2026-09-14T23:18:42Z</time>
        <extensions>
          <gpxtpx:TrackPointExtension>
            <gpxtpx:hr>150</gpxtpx:hr>
          </gpxtpx:TrackPointExtension>
        </extensions>
      </trkpt>
      <trkpt lat="1.3953063641009997" lon="103.89799059903628">
        <ele>16.028924158774316</ele>
        <time>2026-09-14T23:18:43Z</time>
        <extensions>
          <gpxtpx:TrackPointExtension>
            <gpxtpx:hr>150</gpxtpx:hr>
          </gpxtpx:TrackPointExtension>
        </extensions>
      </trkpt>
      <trkpt lat="1.3953310883787657" lon="103.89799685744443">
        <ele>15.984090517275035</ele>
        <time>2026-09-14T23:18:44Z</time>
        <extensions>
          <gpxtpx:TrackPointExtension>
            <gpxtpx:hr>151</gpxtpx:hr>
          </gpxtpx:TrackPointExtension>
        </extensions>
      </trkpt>
      <trkpt lat="1.3953556004348437" lon="103.898002571802">
        <ele>15.943874690681696</ele>
        <time>2026-09-14T23:18:45Z</time>
        <extensions>
          <gpxtpx:TrackPointExtension>
            <gpxtpx:hr>151</gpxtpx:hr>
          </gpxtpx:TrackPointExtension>
        </extensions>
      </trkpt>
      <trkpt lat="1.395380249486745" lon="103.89800846857204">
        <ele>15.908824048005044</ele>
        <time>2026-09-14T23:18:46Z</time>
        <extensions>
          <gpxtpx:TrackPointExtension>
            <gpxtpx:hr>151</gpxtpx:hr>
          </gpxtpx:TrackPointExtension>
        </extensions>
      </trkpt>
      <trkpt lat="1.395405346982198" lon="103.89801556845305">
        <ele>15.87904224731028</ele>
        <time>2026-09-14T23:18:47Z</time>
        <extensions>
          <gpxtpx:TrackPointExtension>
            <gpxtpx:hr>151</gpxtpx:hr>
          </gpxtpx:TrackPointExtension>
        </extensions>
      </trkpt>
      <trkpt lat="1.3954306451602636" lon="103.89802403969178">
        <ele>15.854741400107741</ele>
        <time>2026-09-14T23:18:48Z</time>
        <extensions>
          <gpxtpx:TrackPointExtension>
            <gpxtpx:hr>151</gpxtpx:hr>
          </gpxtpx:TrackPointExtension>
        </extensions>
      </trkpt>
      <trkpt lat="1.3954553969679586" lon="103.89803370550979">
        <ele>15.835702736862004</ele>
        <time>2026-09-14T23:18:49Z</time>
        <extensions>
          <gpxtpx:TrackPointExtension>
            <gpxtpx:hr>151</gpxtpx:hr>
          </gpxtpx:TrackPointExtension>
        </extensions>
      </trkpt>
      <trkpt lat="1.3954790636790733" lon="103.89804406359335">
        <ele>15.821091568097472</ele>
        <time>2026-09-14T23:18:50Z</time>
        <extensions>
          <gpxtpx:TrackPointExtension>
            <gpxtpx:hr>153</gpxtpx:hr>
          </gpxtpx:TrackPointExtension>
        </extensions>
      </trkpt>
      <trkpt lat="1.395501538105716" lon="103.89805422401308">
        <ele>15.810953692533076</ele>
        <time>2026-09-14T23:18:51Z</time>
        <extensions>
          <gpxtpx:TrackPointExtension>
            <gpxtpx:hr>153</gpxtpx:hr>
          </gpxtpx:TrackPointExtension>
        </extensions>
      </trkpt>
      <trkpt lat="1.3955230605582603" lon="103.89806307235482">
        <ele>15.805002885870636</ele>
        <time>2026-09-14T23:18:52Z</time>
        <extensions>
          <gpxtpx:TrackPointExtension>
            <gpxtpx:hr>153</gpxtpx:hr>
          </gpxtpx:TrackPointExtension>
        </extensions>
      </trkpt>
      <trkpt lat="1.3955438536108151" lon="103.89806984909559">
        <ele>15.802784937433898</ele>
        <time>2026-09-14T23:18:53Z</time>
        <extensions>
          <gpxtpx:TrackPointExtension>
            <gpxtpx:hr>153</gpxtpx:hr>
          </gpxtpx:TrackPointExtension>
        </extensions>
      </trkpt>
      <trkpt lat="1.395564658058573" lon="103.89807489605654">
        <ele>15.803588075563312</ele>
        <time>2026-09-14T23:18:54Z</time>
        <extensions>
          <gpxtpx:TrackPointExtension>
            <gpxtpx:hr>153</gpxtpx:hr>
          </gpxtpx:TrackPointExtension>
        </extensions>
      </trkpt>
      <trkpt lat="1.395586494512275" lon="103.89807861257314">
        <ele>15.807360602542758</ele>
        <time>2026-09-14T23:18:55Z</time>
        <extensions>
          <gpxtpx:TrackPointExtension>
            <gpxtpx:hr>153</gpxtpx:hr>
          </gpxtpx:TrackPointExtension>
        </extensions>
      </trkpt>
      <trkpt lat="1.3956098709537232" lon="103.89808109324177">
        <ele>15.813648622483015</ele>
        <time>2026-09-14T23:18:56Z</time>
        <extensions>
          <gpxtpx:TrackPointExtension>
            <gpxtpx:hr>153</gpxtpx:hr>
          </gpxtpx:TrackPointExtension>
        </extensions>
      </trkpt>
      <trkpt lat="1.3956344660554503" lon="103.89808232187856">
        <ele>15.822138532996178</ele>
        <time>2026-09-14T23:18:57Z</time>
        <extensions>
          <gpxtpx:TrackPointExtension>
            <gpxtpx:hr>153</gpxtpx:hr>
          </gpxtpx:TrackPointExtension>
        </extensions>
      </trkpt>
      <trkpt lat="1.395659349640403" lon="103.8980820554481">
        <ele>15.832497857511044</ele>
        <time>2026-09-14T23:18:58Z</time>
        <extensions>
          <gpxtpx:TrackPointExtension>
            <gpxtpx:hr>153</gpxtpx:hr>
          </gpxtpx:TrackPointExtension>
        </extensions>
      </trkpt>
      <trkpt lat="1.395684112850192" lon="103.89808079978653">
        <ele>15.844730808399618</ele>
        <time>2026-09-14T23:18:59Z</time>
        <extensions>
          <gpxtpx:TrackPointExtension>
            <gpxtpx:hr>153</gpxtpx:hr>
          </gpxtpx:TrackPointExtension>
        </extensions>
      </trkpt>
      <trkpt lat="1.3957089140101357" lon="103.89807915313828">
        <ele>15.858315305784345</ele>
        <time>2026-09-14T23:19:00Z</time>
        <extensions>
          <gpxtpx:TrackPointExtension>
            <gpxtpx:hr>153</gpxtpx:hr>
          </gpxtpx:TrackPointExtension>
        </extensions>
      </trkpt>
      <trkpt lat="1.3957338954857792" lon="103.89807702869999">
        <ele>15.873215842992067</ele>
        <time>2026-09-14T23:19:01Z</time>
        <extensions>
          <gpxtpx:TrackPointExtension>
            <gpxtpx:hr>153</gpxtpx:hr>
          </gpxtpx:TrackPointExtension>
        </extensions>
      </trkpt>
      <trkpt lat="1.39575909634551" lon="103.89807436700075">
        <ele>15.888861434534192</ele>
        <time>2026-09-14T23:19:02Z</time>
        <extensions>
          <gpxtpx:TrackPointExtension>
            <gpxtpx:hr>153</gpxtpx:hr>
          </gpxtpx:TrackPointExtension>
        </extensions>
      </trkpt>
      <trkpt lat="1.3957844465103393" lon="103.8980711131292">
        <ele>15.90537007059902</ele>
        <time>2026-09-14T23:19:03Z</time>
        <extensions>
          <gpxtpx:TrackPointExtension>
            <gpxtpx:hr>154</gpxtpx:hr>
          </gpxtpx:TrackPointExtension>
        </extensions>
      </trkpt>
      <trkpt lat="1.3958098674835129" lon="103.89806723573264">
        <ele>15.923388184048235</ele>
        <time>2026-09-14T23:19:04Z</time>
        <extensions>
          <gpxtpx:TrackPointExtension>
            <gpxtpx:hr>154</gpxtpx:hr>
          </gpxtpx:TrackPointExtension>
        </extensions>
      </trkpt>
      <trkpt lat="1.3958352862148542" lon="103.89806269820099">
        <ele>15.940649543888867</ele>
        <time>2026-09-14T23:19:05Z</time>
        <extensions>
          <gpxtpx:TrackPointExtension>
            <gpxtpx:hr>154</gpxtpx:hr>
          </gpxtpx:TrackPointExtension>
        </extensions>
      </trkpt>
      <trkpt lat="1.3958606233714153" lon="103.89805747607785">
        <ele>15.958282726816833</ele>
        <time>2026-09-14T23:19:06Z</time>
        <extensions>
          <gpxtpx:TrackPointExtension>
            <gpxtpx:hr>154</gpxtpx:hr>
          </gpxtpx:TrackPointExtension>
        </extensions>
      </trkpt>
      <trkpt lat="1.395885785633252" lon="103.89805152270702">
        <ele>15.975449327379465</ele>
        <time>2026-09-14T23:19:07Z</time>
        <extensions>
          <gpxtpx:TrackPointExtension>
            <gpxtpx:hr>155</gpxtpx:hr>
          </gpxtpx:TrackPointExtension>
        </extensions>
      </trkpt>
      <trkpt lat="1.3959106997573711" lon="103.89804481078806">
        <ele>15.99263725336641</ele>
        <time>2026-09-14T23:19:08Z</time>
        <extensions>
          <gpxtpx:TrackPointExtension>
            <gpxtpx:hr>155</gpxtpx:hr>
          </gpxtpx:TrackPointExtension>
        </extensions>
      </trkpt>
      <trkpt lat="1.3959352979682516" lon="103.89803736930607">
        <ele>16.009796508587897</ele>
        <time>2026-09-14T23:19:09Z</time>
        <extensions>
          <gpxtpx:TrackPointExtension>
            <gpxtpx:hr>155</gpxtpx:hr>
          </gpxtpx:TrackPointExtension>
        </extensions>
      </trkpt>
      <trkpt lat="1.3959595372837166" lon="103.89802920465887">
        <ele>16.02676791138947</ele>
        <time>2026-09-14T23:19:10Z</time>
        <extensions>
          <gpxtpx:TrackPointExtension>
            <gpxtpx:hr>155</gpxtpx:hr>
          </gpxtpx:TrackPointExtension>
        </extensions>
      </trkpt>
      <trkpt lat="1.395983462234551" lon="103.89802030073011">
        <ele>16.044310711324215</ele>
        <time>2026-09-14T23:19:11Z</time>
        <extensions>
          <gpxtpx:TrackPointExtension>
            <gpxtpx:hr>155</gpxtpx:hr>
          </gpxtpx:TrackPointExtension>
        </extensions>
      </trkpt>
      <trkpt lat="1.3960071083546228" lon="103.8980106337735">
        <ele>16.06255700904876</ele>
        <time>2026-09-14T23:19:12Z</time>
        <extensions>
          <gpxtpx:TrackPointExtension>
            <gpxtpx:hr>155</gpxtpx:hr>
          </gpxtpx:TrackPointExtension>
        </extensions>
      </trkpt>
      <trkpt lat="1.3960304921820932" lon="103.89800023432352">
        <ele>16.081935201771557</ele>
        <time>2026-09-14T23:19:13Z</time>
        <extensions>
          <gpxtpx:TrackPointExtension>
            <gpxtpx:hr>155</gpxtpx:hr>
          </gpxtpx:TrackPointExtension>
        </extensions>
      </trkpt>
      <trkpt lat="1.3960535942004637" lon="103.89798915077864">
        <ele>16.101753308437765</ele>
        <time>2026-09-14T23:19:14Z</time>
        <extensions>
          <gpxtpx:TrackPointExtension>
            <gpxtpx:hr>155</gpxtpx:hr>
          </gpxtpx:TrackPointExtension>
        </extensions>
      </trkpt>
      <trkpt lat="1.396076381664663" lon="103.89797741075348">
        <ele>16.122615213505924</ele>
        <time>2026-09-14T23:19:15Z</time>
        <extensions>
          <gpxtpx:TrackPointExtension>
            <gpxtpx:hr>155</gpxtpx:hr>
          </gpxtpx:TrackPointExtension>
        </extensions>
      </trkpt>
      <trkpt lat="1.3960988235344303" lon="103.8979650847709">
        <ele>16.143753959797323</ele>
        <time>2026-09-14T23:19:16Z</time>
        <extensions>
          <gpxtpx:TrackPointExtension>
            <gpxtpx:hr>155</gpxtpx:hr>
          </gpxtpx:TrackPointExtension>
        </extensions>
      </trkpt>
      <trkpt lat="1.396120819000158" lon="103.89795225905893">
        <ele>16.16498752590269</ele>
        <time>2026-09-14T23:19:17Z</time>
        <extensions>
          <gpxtpx:TrackPointExtension>
            <gpxtpx:hr>155</gpxtpx:hr>
          </gpxtpx:TrackPointExtension>
        </extensions>
      </trkpt>
      <trkpt lat="1.3961423214630162" lon="103.89793901280675">
        <ele>16.18601212091744</ele>
        <time>2026-09-14T23:19:18Z</time>
        <extensions>
          <gpxtpx:TrackPointExtension>
            <gpxtpx:hr>155</gpxtpx:hr>
          </gpxtpx:TrackPointExtension>
        </extensions>
      </trkpt>
      <trkpt lat="1.3961633677376357" lon="103.89792537031757">
        <ele>16.20651303883642</ele>
        <time>2026-09-14T23:19:19Z</time>
        <extensions>
          <gpxtpx:TrackPointExtension>
            <gpxtpx:hr>155</gpxtpx:hr>
          </gpxtpx:TrackPointExtension>
        </extensions>
      </trkpt>
      <trkpt lat="1.3961840279762912" lon="103.89791132510356">
        <ele>16.226222614757717</ele>
        <time>2026-09-14T23:19:20Z</time>
        <extensions>
          <gpxtpx:TrackPointExtension>
            <gpxtpx:hr>155</gpxtpx:hr>
          </gpxtpx:TrackPointExtension>
        </extensions>
      </trkpt>
      <trkpt lat="1.3962043510121898" lon="103.89789692080443">
        <ele>16.24467416573316</ele>
        <time>2026-09-14T23:19:21Z</time>
        <extensions>
          <gpxtpx:TrackPointExtension>
            <gpxtpx:hr>155</gpxtpx:hr>
          </gpxtpx:TrackPointExtension>
        </extensions>
      </trkpt>
      <trkpt lat="1.3962243342798382" lon="103.89788224348528">
        <ele>16.26104295719415</ele>
        <time>2026-09-14T23:19:22Z</time>
        <extensions>
          <gpxtpx:TrackPointExtension>
            <gpxtpx:hr>155</gpxtpx:hr>
          </gpxtpx:TrackPointExtension>
        </extensions>
      </trkpt>
      <trkpt lat="1.3962434750418653" lon="103.89786698937937">
        <ele>16.276562276296318</ele>
        <time>2026-09-14T23:19:23Z</time>
        <extensions>
          <gpxtpx:TrackPointExtension>
            <gpxtpx:hr>155</gpxtpx:hr>
          </gpxtpx:TrackPointExtension>
        </extensions>
      </trkpt>
      <trkpt lat="1.396261264595543" lon="103.89785099660557">
        <ele>16.28956041112542</ele>
        <time>2026-09-14T23:19:24Z</time>
        <extensions>
          <gpxtpx:TrackPointExtension>
            <gpxtpx:hr>155</gpxtpx:hr>
          </gpxtpx:TrackPointExtension>
        </extensions>
      </trkpt>
      <trkpt lat="1.3962778870461763" lon="103.8978345568303">
        <ele>16.302410907112062</ele>
        <time>2026-09-14T23:19:25Z</time>
        <extensions>
          <gpxtpx:TrackPointExtension>
            <gpxtpx:hr>155</gpxtpx:hr>
          </gpxtpx:TrackPointExtension>
        </extensions>
      </trkpt>
      <trkpt lat="1.3962935408217827" lon="103.89781771322025">
        <ele>16.31369431782514</ele>
        <time>2026-09-14T23:19:26Z</time>
        <extensions>
          <gpxtpx:TrackPointExtension>
            <gpxtpx:hr>155</gpxtpx:hr>
          </gpxtpx:TrackPointExtension>
        </extensions>
      </trkpt>
      <trkpt lat="1.3963082961382134" lon="103.89780052744942">
        <ele>16.32583292014897</ele>
        <time>2026-09-14T23:19:27Z</time>
        <extensions>
          <gpxtpx:TrackPointExtension>
            <gpxtpx:hr>155</gpxtpx:hr>
          </gpxtpx:TrackPointExtension>
        </extensions>
      </trkpt>
      <trkpt lat="1.3963224650977708" lon="103.89778298900134">
        <ele>16.33776426874101</ele>
        <time>2026-09-14T23:19:28Z</time>
        <extensions>
          <gpxtpx:TrackPointExtension>
            <gpxtpx:hr>155</gpxtpx:hr>
          </gpxtpx:TrackPointExtension>
        </extensions>
      </trkpt>
      <trkpt lat="1.3963361828004852" lon="103.89776495075922">
        <ele>16.35187102574855</ele>
        <time>2026-09-14T23:19:29Z</time>
        <extensions>
          <gpxtpx:TrackPointExtension>
            <gpxtpx:hr>155</gpxtpx:hr>
          </gpxtpx:TrackPointExtension>
        </extensions>
      </trkpt>
      <trkpt lat="1.396349447587891" lon="103.89774639314274">
        <ele>16.367001125589013</ele>
        <time>2026-09-14T23:19:30Z</time>
        <extensions>
          <gpxtpx:TrackPointExtension>
            <gpxtpx:hr>155</gpxtpx:hr>
          </gpxtpx:TrackPointExtension>
        </extensions>
      </trkpt>
      <trkpt lat="1.396362301344401" lon="103.89772725175486">
        <ele>16.38542781583965</ele>
        <time>2026-09-14T23:19:31Z</time>
        <extensions>
          <gpxtpx:TrackPointExtension>
            <gpxtpx:hr>155</gpxtpx:hr>
          </gpxtpx:TrackPointExtension>
        </extensions>
      </trkpt>
      <trkpt lat="1.3963747616983446" lon="103.89770746168176">
        <ele>16.407310563139617</ele>
        <time>2026-09-14T23:19:32Z</time>
        <extensions>
          <gpxtpx:TrackPointExtension>
            <gpxtpx:hr>155</gpxtpx:hr>
          </gpxtpx:TrackPointExtension>
        </extensions>
      </trkpt>
      <trkpt lat="1.3963869442628352" lon="103.89768695801128">
        <ele>16.433218595571816</ele>
        <time>2026-09-14T23:19:33Z</time>
        <extensions>
          <gpxtpx:TrackPointExtension>
            <gpxtpx:hr>156</gpxtpx:hr>
          </gpxtpx:TrackPointExtension>
        </extensions>
      </trkpt>
      <trkpt lat="1.3963989544053665" lon="103.89766542738823">
        <ele>16.4638364110142</ele>
        <time>2026-09-14T23:19:34Z</time>
        <extensions>
          <gpxtpx:TrackPointExtension>
            <gpxtpx:hr>156</gpxtpx:hr>
          </gpxtpx:TrackPointExtension>
        </extensions>
      </trkpt>
      <trkpt lat="1.3964109226338672" lon="103.89764257720348">
        <ele>16.499060592614114</ele>
        <time>2026-09-14T23:19:35Z</time>
        <extensions>
          <gpxtpx:TrackPointExtension>
            <gpxtpx:hr>156</gpxtpx:hr>
          </gpxtpx:TrackPointExtension>
        </extensions>
      </trkpt>
      <trkpt lat="1.396422537136705" lon="103.8976186010676">
        <ele>16.539482015185058</ele>
        <time>2026-09-14T23:19:36Z</time>
        <extensions>
          <gpxtpx:TrackPointExtension>
            <gpxtpx:hr>156</gpxtpx:hr>
          </gpxtpx:TrackPointExtension>
        </extensions>
      </trkpt>
      <trkpt lat="1.3964334846887851" lon="103.89759395908216">
        <ele>16.584287683479488</ele>
        <time>2026-09-14T23:19:37Z</time>
        <extensions>
          <gpxtpx:TrackPointExtension>
            <gpxtpx:hr>156</gpxtpx:hr>
          </gpxtpx:TrackPointExtension>
        </extensions>
      </trkpt>
      <trkpt lat="1.3964436491911376" lon="103.8975689508275">
        <ele>16.63420527987182</ele>
        <time>2026-09-14T23:19:38Z</time>
        <extensions>
          <gpxtpx:TrackPointExtension>
            <gpxtpx:hr>156</gpxtpx:hr>
          </gpxtpx:TrackPointExtension>
        </extensions>
      </trkpt>
      <trkpt lat="1.3964530001149795" lon="103.89754381394356">
        <ele>16.688043588772416</ele>
        <time>2026-09-14T23:19:39Z</time>
        <extensions>
          <gpxtpx:TrackPointExtension>
            <gpxtpx:hr>156</gpxtpx:hr>
          </gpxtpx:TrackPointExtension>
        </extensions>
      </trkpt>
      <trkpt lat="1.3964617427439348" lon="103.89751872656264">
        <ele>16.74609358701855</ele>
        <time>2026-09-14T23:19:40Z</time>
        <extensions>
          <gpxtpx:TrackPointExtension>
            <gpxtpx:hr>156</gpxtpx:hr>
          </gpxtpx:TrackPointExtension>
        </extensions>
      </trkpt>
      <trkpt lat="1.3964700073906189" lon="103.89749409222387">
        <ele>16.80689336825162</ele>
        <time>2026-09-14T23:19:41Z</time>
        <extensions>
          <gpxtpx:TrackPointExtension>
            <gpxtpx:hr>156</gpxtpx:hr>
          </gpxtpx:TrackPointExtension>
        </extensions>
      </trkpt>
      <trkpt lat="1.3964780863760762" lon="103.89747025337273">
        <ele>16.87085773423314</ele>
        <time>2026-09-14T23:19:42Z</time>
        <extensions>
          <gpxtpx:TrackPointExtension>
            <gpxtpx:hr>156</gpxtpx:hr>
          </gpxtpx:TrackPointExtension>
        </extensions>
      </trkpt>
      <trkpt lat="1.39648625059016" lon="103.89744698632843">
        <ele>16.93609305936843</ele>
        <time>2026-09-14T23:19:43Z</time>
        <extensions>
          <gpxtpx:TrackPointExtension>
            <gpxtpx:hr>156</gpxtpx:hr>
          </gpxtpx:TrackPointExtension>
        </extensions>
      </trkpt>
      <trkpt lat="1.3964946470878208" lon="103.89742391041787">
        <ele>17.002818847075105</ele>
        <time>2026-09-14T23:19:44Z</time>
        <extensions>
          <gpxtpx:TrackPointExtension>
            <gpxtpx:hr>156</gpxtpx:hr>
          </gpxtpx:TrackPointExtension>
        </extensions>
      </trkpt>
      <trkpt lat="1.3965031659546305" lon="103.89740078665616">
        <ele>17.070076717995107</ele>
        <time>2026-09-14T23:19:45Z</time>
        <extensions>
          <gpxtpx:TrackPointExtension>
            <gpxtpx:hr>156</gpxtpx:hr>
          </gpxtpx:TrackPointExtension>
        </extensions>
      </trkpt>
      <trkpt lat="1.3965115920676783" lon="103.89737765668755">
        <ele>17.138520755805075</ele>
        <time>2026-09-14T23:19:46Z</time>
        <extensions>
          <gpxtpx:TrackPointExtension>
            <gpxtpx:hr>156</gpxtpx:hr>
          </gpxtpx:TrackPointExtension>
        </extensions>
      </trkpt>
      <trkpt lat="1.396519950415544" lon="103.89735466392591">
        <ele>17.20818119402975</ele>
        <time>2026-09-14T23:19:47Z</time>
        <extensions>
          <gpxtpx:TrackPointExtension>
            <gpxtpx:hr>156</gpxtpx:hr>
          </gpxtpx:TrackPointExtension>
        </extensions>
      </trkpt>
      <trkpt lat="1.3965282057035413" lon="103.89733187302248">
        <ele>17.279360209591687</ele>
        <time>2026-09-14T23:19:48Z</time>
        <extensions>
          <gpxtpx:TrackPointExtension>
            <gpxtpx:hr>156</gpxtpx:hr>
          </gpxtpx:TrackPointExtension>
        </extensions>
      </trkpt>
      <trkpt lat="1.3965364653566605" lon="103.89730924982818">
        <ele>17.351641130633652</ele>
        <time>2026-09-14T23:19:49Z</time>
        <extensions>
          <gpxtpx:TrackPointExtension>
            <gpxtpx:hr>155</gpxtpx:hr>
          </gpxtpx:TrackPointExtension>
        </extensions>
      </trkpt>
      <trkpt lat="1.3965448043857036" lon="103.8972867362391">
        <ele>17.42515525687486</ele>
        <time>2026-09-14T23:19:50Z</time>
        <extensions>
          <gpxtpx:TrackPointExtension>
            <gpxtpx:hr>155</gpxtpx:hr>
          </gpxtpx:TrackPointExtension>
        </extensions>
      </trkpt>
      <trkpt lat="1.3965531581238746" lon="103.89726426435648">
        <ele>17.49999261368066</ele>
        <time>2026-09-14T23:19:51Z</time>
        <extensions>
          <gpxtpx:TrackPointExtension>
            <gpxtpx:hr>155</gpxtpx:hr>
          </gpxtpx:TrackPointExtension>
        </extensions>
      </trkpt>
      <trkpt lat="1.396561562843225" lon="103.89724181478935">
        <ele>17.576509838923812</ele>
        <time>2026-09-14T23:19:52Z</time>
        <extensions>
          <gpxtpx:TrackPointExtension>
            <gpxtpx:hr>155</gpxtpx:hr>
          </gpxtpx:TrackPointExtension>
        </extensions>
      </trkpt>
      <trkpt lat="1.3965700824403935" lon="103.89721950849149">
        <ele>17.654432480223477</ele>
        <time>2026-09-14T23:19:53Z</time>
        <extensions>
          <gpxtpx:TrackPointExtension>
            <gpxtpx:hr>155</gpxtpx:hr>
          </gpxtpx:TrackPointExtension>
        </extensions>
      </trkpt>
      <trkpt lat="1.396578818340303" lon="103.89719740365706">
        <ele>17.7335086427629</ele>
        <time>2026-09-14T23:19:54Z</time>
        <extensions>
          <gpxtpx:TrackPointExtension>
            <gpxtpx:hr>155</gpxtpx:hr>
          </gpxtpx:TrackPointExtension>
        </extensions>
      </trkpt>
      <trkpt lat="1.39658761675739" lon="103.89717541261325">
        <ele>17.813895772211254</ele>
        <time>2026-09-14T23:19:55Z</time>
        <extensions>
          <gpxtpx:TrackPointExtension>
            <gpxtpx:hr>154</gpxtpx:hr>
          </gpxtpx:TrackPointExtension>
        </extensions>
      </trkpt>
      <trkpt lat="1.396596460603731" lon="103.89715343420895">
        <ele>17.896267930977046</ele>
        <time>2026-09-14T23:19:56Z</time>
        <extensions>
          <gpxtpx:TrackPointExtension>
            <gpxtpx:hr>154</gpxtpx:hr>
          </gpxtpx:TrackPointExtension>
        </extensions>
      </trkpt>
      <trkpt lat="1.3966056566672078" lon="103.89713137526861">
        <ele>17.979962492361665</ele>
        <time>2026-09-14T23:19:57Z</time>
        <extensions>
          <gpxtpx:TrackPointExtension>
            <gpxtpx:hr>154</gpxtpx:hr>
          </gpxtpx:TrackPointExtension>
        </extensions>
      </trkpt>
      <trkpt lat="1.3966152805146723" lon="103.89710918435988">
        <ele>18.06630066782236</ele>
        <time>2026-09-14T23:19:58Z</time>
        <extensions>
          <gpxtpx:TrackPointExtension>
            <gpxtpx:hr>154</gpxtpx:hr>
          </gpxtpx:TrackPointExtension>
        </extensions>
      </trkpt>
      <trkpt lat="1.3966254034220034" lon="103.89708685055993">
        <ele>18.154459071345627</ele>
        <time>2026-09-14T23:19:59Z</time>
        <extensions>
          <gpxtpx:TrackPointExtension>
            <gpxtpx:hr>154</gpxtpx:hr>
          </gpxtpx:TrackPointExtension>
        </extensions>
      </trkpt>
      <trkpt lat="1.3966359587053647" lon="103.89706445722632">
        <ele>18.245630253106356</ele>
        <time>2026-09-14T23:20:00Z</time>
        <extensions>
          <gpxtpx:TrackPointExtension>
            <gpxtpx:hr>154</gpxtpx:hr>
          </gpxtpx:TrackPointExtension>
        </extensions>
      </trkpt>
      <trkpt lat="1.3966468217058876" lon="103.89704205994768">
        <ele>18.3390136891976</ele>
        <time>2026-09-14T23:20:01Z</time>
        <extensions>
          <gpxtpx:TrackPointExtension>
            <gpxtpx:hr>154</gpxtpx:hr>
          </gpxtpx:TrackPointExtension>
        </extensions>
      </trkpt>
      <trkpt lat="1.3966577304328884" lon="103.89701963807143">
        <ele>18.434936326928437</ele>
        <time>2026-09-14T23:20:02Z</time>
        <extensions>
          <gpxtpx:TrackPointExtension>
            <gpxtpx:hr>154</gpxtpx:hr>
          </gpxtpx:TrackPointExtension>
        </extensions>
      </trkpt>
      <trkpt lat="1.3966674908153645" lon="103.89699688691998">
        <ele>18.53302913531661</ele>
        <time>2026-09-14T23:20:03Z</time>
        <extensions>
          <gpxtpx:TrackPointExtension>
            <gpxtpx:hr>154</gpxtpx:hr>
          </gpxtpx:TrackPointExtension>
        </extensions>
      </trkpt>
      <trkpt lat="1.3966750714045364" lon="103.89697360852877">
        <ele>18.63176504895091</ele>
        <time>2026-09-14T23:20:04Z</time>
        <extensions>
          <gpxtpx:TrackPointExtension>
            <gpxtpx:hr>155</gpxtpx:hr>
          </gpxtpx:TrackPointExtension>
        </extensions>
      </trkpt>
      <trkpt lat="1.3966805736060346" lon="103.89694972868729">
        <ele>18.730413497425616</ele>
        <time>2026-09-14T23:20:05Z</time>
        <extensions>
          <gpxtpx:TrackPointExtension>
            <gpxtpx:hr>155</gpxtpx:hr>
          </gpxtpx:TrackPointExtension>
        </extensions>
      </trkpt>
      <trkpt lat="1.3966858684597836" lon="103.89692498506682">
        <ele>18.827460343018174</ele>
        <time>2026-09-14T23:20:06Z</time>
        <extensions>
          <gpxtpx:TrackPointExtension>
            <gpxtpx:hr>155</gpxtpx:hr>
          </gpxtpx:TrackPointExtension>
        </extensions>
      </trkpt>
      <trkpt lat="1.396692466103679" lon="103.89689965960126">
        <ele>18.92222752701491</ele>
        <time>2026-09-14T23:20:07Z</time>
        <extensions>
          <gpxtpx:TrackPointExtension>
            <gpxtpx:hr>155</gpxtpx:hr>
          </gpxtpx:TrackPointExtension>
        </extensions>
      </trkpt>
      <trkpt lat="1.3967000134589245" lon="103.89687468680826">
        <ele>19.01319385226816</ele>
        <time>2026-09-14T23:20:08Z</time>
        <extensions>
          <gpxtpx:TrackPointExtension>
            <gpxtpx:hr>155</gpxtpx:hr>
          </gpxtpx:TrackPointExtension>
        </extensions>
      </trkpt>
      <trkpt lat="1.3967082413560115" lon="103.89685078308906">
        <ele>19.100112550891936</ele>
        <time>2026-09-14T23:20:09Z</time>
        <extensions>
          <gpxtpx:TrackPointExtension>
            <gpxtpx:hr>155</gpxtpx:hr>
          </gpxtpx:TrackPointExtension>
        </extensions>
      </trkpt>
      <trkpt lat="1.3967169311688992" lon="103.89682806036012">
        <ele>19.181641241535544</ele>
        <time>2026-09-14T23:20:10Z</time>
        <extensions>
          <gpxtpx:TrackPointExtension>
            <gpxtpx:hr>155</gpxtpx:hr>
          </gpxtpx:TrackPointExtension>
        </extensions>
      </trkpt>
      <trkpt lat="1.3967258074017357" lon="103.89680625735551">
        <ele>19.25774233788252</ele>
        <time>2026-09-14T23:20:11Z</time>
        <extensions>
          <gpxtpx:TrackPointExtension>
            <gpxtpx:hr>155</gpxtpx:hr>
          </gpxtpx:TrackPointExtension>
        </extensions>
      </trkpt>
      <trkpt lat="1.3967348272731748" lon="103.89678469247255">
        <ele>19.32794748339802</ele>
        <time>2026-09-14T23:20:12Z</time>
        <extensions>
          <gpxtpx:TrackPointExtension>
            <gpxtpx:hr>155</gpxtpx:hr>
          </gpxtpx:TrackPointExtension>
        </extensions>
      </trkpt>
      <trkpt lat="1.3967437693020779" lon="103.89676267524237">
        <ele>19.39245255012065</ele>
        <time>2026-09-14T23:20:13Z</time>
        <extensions>
          <gpxtpx:TrackPointExtension>
            <gpxtpx:hr>152</gpxtpx:hr>
          </gpxtpx:TrackPointExtension>
        </extensions>
      </trkpt>
      <trkpt lat="1.3967525689353593" lon="103.89673972133521">
        <ele>19.450502446852624</ele>
        <time>2026-09-14T23:20:14Z</time>
        <extensions>
          <gpxtpx:TrackPointExtension>
            <gpxtpx:hr>152</gpxtpx:hr>
          </gpxtpx:TrackPointExtension>
        </extensions>
      </trkpt>
      <trkpt lat="1.3967614544342855" lon="103.89671559755443">
        <ele>19.502230265177786</ele>
        <time>2026-09-14T23:20:15Z</time>
        <extensions>
          <gpxtpx:TrackPointExtension>
            <gpxtpx:hr>152</gpxtpx:hr>
          </gpxtpx:TrackPointExtension>
        </extensions>
      </trkpt>
      <trkpt lat="1.3967705233215018" lon="103.89669045465591">
        <ele>19.547276120632887</ele>
        <time>2026-09-14T23:20:16Z</time>
        <extensions>
          <gpxtpx:TrackPointExtension>
            <gpxtpx:hr>152</gpxtpx:hr>
          </gpxtpx:TrackPointExtension>
        </extensions>
      </trkpt>
      <trkpt lat="1.3967796936647596" lon="103.89666483042589">
        <ele>19.584877252578735</ele>
        <time>2026-09-14T23:20:17Z</time>
        <extensions>
          <gpxtpx:TrackPointExtension>
            <gpxtpx:hr>152</gpxtpx:hr>
          </gpxtpx:TrackPointExtension>
        </extensions>
      </trkpt>
      <trkpt lat="1.3967886723977017" lon="103.89663963238009">
        <ele>19.614486074075103</ele>
        <time>2026-09-14T23:20:18Z</time>
        <extensions>
          <gpxtpx:TrackPointExtension>
            <gpxtpx:hr>152</gpxtpx:hr>
          </gpxtpx:TrackPointExtension>
        </extensions>
      </trkpt>
      <trkpt lat="1.3967972106170052" lon="103.89661554213988">
        <ele>19.63525008317083</ele>
        <time>2026-09-14T23:20:19Z</time>
        <extensions>
          <gpxtpx:TrackPointExtension>
            <gpxtpx:hr>150</gpxtpx:hr>
          </gpxtpx:TrackPointExtension>
        </extensions>
      </trkpt>
      <trkpt lat="1.3968051758588027" lon="103.89659253089751">
        <ele>19.647176906466484</ele>
        <time>2026-09-14T23:20:20Z</time>
        <extensions>
          <gpxtpx:TrackPointExtension>
            <gpxtpx:hr>150</gpxtpx:hr>
          </gpxtpx:TrackPointExtension>
        </extensions>
      </trkpt>
      <trkpt lat="1.3968128237603095" lon="103.8965696252161">
        <ele>19.649183838628232</ele>
        <time>2026-09-14T23:20:21Z</time>
        <extensions>
          <gpxtpx:TrackPointExtension>
            <gpxtpx:hr>150</gpxtpx:hr>
          </gpxtpx:TrackPointExtension>
        </extensions>
      </trkpt>
      <trkpt lat="1.3968203490924547" lon="103.89654605045769">
        <ele>19.641052592545748</ele>
        <time>2026-09-14T23:20:22Z</time>
        <extensions>
          <gpxtpx:TrackPointExtension>
            <gpxtpx:hr>150</gpxtpx:hr>
          </gpxtpx:TrackPointExtension>
        </extensions>
      </trkpt>
      <trkpt lat="1.3968277304140257" lon="103.8965216313651">
        <ele>19.62359916139394</ele>
        <time>2026-09-14T23:20:23Z</time>
        <extensions>
          <gpxtpx:TrackPointExtension>
            <gpxtpx:hr>150</gpxtpx:hr>
          </gpxtpx:TrackPointExtension>
        </extensions>
      </trkpt>
      <trkpt lat="1.3968350660009135" lon="103.89649636003381">
        <ele>19.59534609876573</ele>
        <time>2026-09-14T23:20:24Z</time>
        <extensions>
          <gpxtpx:TrackPointExtension>
            <gpxtpx:hr>151</gpxtpx:hr>
          </gpxtpx:TrackPointExtension>
        </extensions>
      </trkpt>
      <trkpt lat="1.396842264124713" lon="103.89647052227785">
        <ele>19.556275494396687</ele>
        <time>2026-09-14T23:20:25Z</time>
        <extensions>
          <gpxtpx:TrackPointExtension>
            <gpxtpx:hr>151</gpxtpx:hr>
          </gpxtpx:TrackPointExtension>
        </extensions>
      </trkpt>
      <trkpt lat="1.3968493957022154" lon="103.89644420671814">
        <ele>19.506131125614047</ele>
        <time>2026-09-14T23:20:26Z</time>
        <extensions>
          <gpxtpx:TrackPointExtension>
            <gpxtpx:hr>151</gpxtpx:hr>
          </gpxtpx:TrackPointExtension>
        </extensions>
      </trkpt>
      <trkpt lat="1.3968564770106189" lon="103.89641750549427">
        <ele>19.445187960751355</ele>
        <time>2026-09-14T23:20:27Z</time>
        <extensions>
          <gpxtpx:TrackPointExtension>
            <gpxtpx:hr>151</gpxtpx:hr>
          </gpxtpx:TrackPointExtension>
        </extensions>
      </trkpt>
      <trkpt lat="1.396863463598606" lon="103.8963903524328">
        <ele>19.37466483656317</ele>
        <time>2026-09-14T23:20:28Z</time>
        <extensions>
          <gpxtpx:TrackPointExtension>
            <gpxtpx:hr>151</gpxtpx:hr>
          </gpxtpx:TrackPointExtension>
        </extensions>
      </trkpt>
      <trkpt lat="1.3968703389614479" lon="103.89636263760652">
        <ele>19.29458747524768</ele>
        <time>2026-09-14T23:20:29Z</time>
        <extensions>
          <gpxtpx:TrackPointExtension>
            <gpxtpx:hr>151</gpxtpx:hr>
          </gpxtpx:TrackPointExtension>
        </extensions>
      </trkpt>
      <trkpt lat="1.3968769198727333" lon="103.89633460220102">
        <ele>19.20699971076101</ele>
        <time>2026-09-14T23:20:30Z</time>
        <extensions>
          <gpxtpx:TrackPointExtension>
            <gpxtpx:hr>153</gpxtpx:hr>
          </gpxtpx:TrackPointExtension>
        </extensions>
      </trkpt>
      <trkpt lat="1.396883112680972" lon="103.8963064129915">
        <ele>19.11182903777808</ele>
        <time>2026-09-14T23:20:31Z</time>
        <extensions>
          <gpxtpx:TrackPointExtension>
            <gpxtpx:hr>153</gpxtpx:hr>
          </gpxtpx:TrackPointExtension>
        </extensions>
      </trkpt>
      <trkpt lat="1.3968886576433985" lon="103.89627814460208">
        <ele>19.01078882161528</ele>
        <time>2026-09-14T23:20:32Z</time>
        <extensions>
          <gpxtpx:TrackPointExtension>
            <gpxtpx:hr>153</gpxtpx:hr>
          </gpxtpx:TrackPointExtension>
        </extensions>
      </trkpt>
      <trkpt lat="1.396893429019584" lon="103.89624976377925">
        <ele>18.90440441481769</ele>
        <time>2026-09-14T23:20:33Z</time>
        <extensions>
          <gpxtpx:TrackPointExtension>
            <gpxtpx:hr>153</gpxtpx:hr>
          </gpxtpx:TrackPointExtension>
        </extensions>
      </trkpt>
      <trkpt lat="1.3968972452988613" lon="103.89622147943712">
        <ele>18.794660300016403</ele>
        <time>2026-09-14T23:20:34Z</time>
        <extensions>
          <gpxtpx:TrackPointExtension>
            <gpxtpx:hr>153</gpxtpx:hr>
          </gpxtpx:TrackPointExtension>
        </extensions>
      </trkpt>
      <trkpt lat="1.3968999241677635" lon="103.89619368458466">
        <ele>18.683166367933154</ele>
        <time>2026-09-14T23:20:35Z</time>
        <extensions>
          <gpxtpx:TrackPointExtension>
            <gpxtpx:hr>153</gpxtpx:hr>
          </gpxtpx:TrackPointExtension>
        </extensions>
      </trkpt>
      <trkpt lat="1.396901641286794" lon="103.89616666383269">
        <ele>18.571988857351243</ele>
        <time>2026-09-14T23:20:36Z</time>
        <extensions>
          <gpxtpx:TrackPointExtension>
            <gpxtpx:hr>153</gpxtpx:hr>
          </gpxtpx:TrackPointExtension>
        </extensions>
      </trkpt>
      <trkpt lat="1.396902550162086" lon="103.89614040760428">
        <ele>18.463115592487156</ele>
        <time>2026-09-14T23:20:37Z</time>
        <extensions>
          <gpxtpx:TrackPointExtension>
            <gpxtpx:hr>153</gpxtpx:hr>
          </gpxtpx:TrackPointExtension>
        </extensions>
      </trkpt>
      <trkpt lat="1.396902772513527" lon="103.89611442262596">
        <ele>18.358328436501324</ele>
        <time>2026-09-14T23:20:38Z</time>
        <extensions>
          <gpxtpx:TrackPointExtension>
            <gpxtpx:hr>153</gpxtpx:hr>
          </gpxtpx:TrackPointExtension>
        </extensions>
      </trkpt>
      <trkpt lat="1.396902106339889" lon="103.89608837395228">
        <ele>18.259556957520545</ele>
        <time>2026-09-14T23:20:39Z</time>
        <extensions>
          <gpxtpx:TrackPointExtension>
            <gpxtpx:hr>153</gpxtpx:hr>
          </gpxtpx:TrackPointExtension>
        </extensions>
      </trkpt>
      <trkpt lat="1.396900417058359" lon="103.89606208104915">
        <ele>18.168054657056928</ele>
        <time>2026-09-14T23:20:40Z</time>
        <extensions>
          <gpxtpx:TrackPointExtension>
            <gpxtpx:hr>153</gpxtpx:hr>
          </gpxtpx:TrackPointExtension>
        </extensions>
      </trkpt>
      <trkpt lat="1.3968978901137852" lon="103.89603552954912">
        <ele>18.08571499865502</ele>
        <time>2026-09-14T23:20:41Z</time>
        <extensions>
          <gpxtpx:TrackPointExtension>
            <gpxtpx:hr>153</gpxtpx:hr>
          </gpxtpx:TrackPointExtension>
        </extensions>
      </trkpt>
      <trkpt lat="1.396894641928047" lon="103.89600892690828">
        <ele>18.013249300420284</ele>
        <time>2026-09-14T23:20:42Z</time>
        <extensions>
          <gpxtpx:TrackPointExtension>
            <gpxtpx:hr>153</gpxtpx:hr>
          </gpxtpx:TrackPointExtension>
        </extensions>
      </trkpt>
      <trkpt lat="1.3968908235297526" lon="103.89598248150517">
        <ele>17.951849902048707</ele>
        <time>2026-09-14T23:20:43Z</time>
        <extensions>
          <gpxtpx:TrackPointExtension>
            <gpxtpx:hr>153</gpxtpx:hr>
          </gpxtpx:TrackPointExtension>
        </extensions>
      </trkpt>
      <trkpt lat="1.396886398947709" lon="103.8959563186431">
        <ele>17.90163679793477</ele>
        <time>2026-09-14T23:20:44Z</time>
        <extensions>
          <gpxtpx:TrackPointExtension>
            <gpxtpx:hr>153</gpxtpx:hr>
          </gpxtpx:TrackPointExtension>
        </extensions>
      </trkpt>
      <trkpt lat="1.396881303901775" lon="103.89593026222556">
        <ele>17.863132063299417</ele>
        <time>2026-09-14T23:20:45Z</time>
        <extensions>
          <gpxtpx:TrackPointExtension>
            <gpxtpx:hr>155</gpxtpx:hr>
          </gpxtpx:TrackPointExtension>
        </extensions>
      </trkpt>
      <trkpt lat="1.3968755454076884" lon="103.89590432496179">
        <ele>17.83589867502451</ele>
        <time>2026-09-14T23:20:46Z</time>
        <extensions>
          <gpxtpx:TrackPointExtension>
            <gpxtpx:hr>155</gpxtpx:hr>
          </gpxtpx:TrackPointExtension>
        </extensions>
      </trkpt>
      <trkpt lat="1.396869109771664" lon="103.89587872814548">
        <ele>17.819747176021338</ele>
        <time>2026-09-14T23:20:47Z</time>
        <extensions>
          <gpxtpx:TrackPointExtension>
            <gpxtpx:hr>155</gpxtpx:hr>
          </gpxtpx:TrackPointExtension>
        </extensions>
      </trkpt>
      <trkpt lat="1.3968619765418158" lon="103.89585365875234">
        <ele>17.814133131876588</ele>
        <time>2026-09-14T23:20:48Z</time>
        <extensions>
          <gpxtpx:TrackPointExtension>
            <gpxtpx:hr>156</gpxtpx:hr>
          </gpxtpx:TrackPointExtension>
        </extensions>
      </trkpt>
      <trkpt lat="1.396853809960077" lon="103.89582924294443">
        <ele>17.818480514921248</ele>
        <time>2026-09-14T23:20:49Z</time>
        <extensions>
          <gpxtpx:TrackPointExtension>
            <gpxtpx:hr>156</gpxtpx:hr>
          </gpxtpx:TrackPointExtension>
        </extensions>
      </trkpt>
      <trkpt lat="1.3968440429562732" lon="103.89580510240675">
        <ele>17.83215222042054</ele>
        <time>2026-09-14T23:20:50Z</time>
        <extensions>
          <gpxtpx:TrackPointExtension>
            <gpxtpx:hr>156</gpxtpx:hr>
          </gpxtpx:TrackPointExtension>
        </extensions>
      </trkpt>
      <trkpt lat="1.3968321055448982" lon="103.89578148351843">
        <ele>17.85418347362429</ele>
        <time>2026-09-14T23:20:51Z</time>
        <extensions>
          <gpxtpx:TrackPointExtension>
            <gpxtpx:hr>156</gpxtpx:hr>
          </gpxtpx:TrackPointExtension>
        </extensions>
      </trkpt>
      <trkpt lat="1.3968187133364933" lon="103.89575855183772">
        <ele>17.883853905834258</ele>
        <time>2026-09-14T23:20:52Z</time>
        <extensions>
          <gpxtpx:TrackPointExtension>
            <gpxtpx:hr>156</gpxtpx:hr>
          </gpxtpx:TrackPointExtension>
        </extensions>
      </trkpt>
      <trkpt lat="1.396804888602579" lon="103.89573594266459">
        <ele>17.919769153930247</ele>
        <time>2026-09-14T23:20:53Z</time>
        <extensions>
          <gpxtpx:TrackPointExtension>
            <gpxtpx:hr>155</gpxtpx:hr>
          </gpxtpx:TrackPointExtension>
        </extensions>
      </trkpt>
      <trkpt lat="1.3967906635418776" lon="103.89571370909566">
        <ele>17.96006794925779</ele>
        <time>2026-09-14T23:20:54Z</time>
        <extensions>
          <gpxtpx:TrackPointExtension>
            <gpxtpx:hr>155</gpxtpx:hr>
          </gpxtpx:TrackPointExtension>
        </extensions>
      </trkpt>
      <trkpt lat="1.3967760354952545" lon="103.89569188893333">
        <ele>18.003657722845674</ele>
        <time>2026-09-14T23:20:55Z</time>
        <extensions>
          <gpxtpx:TrackPointExtension>
            <gpxtpx:hr>155</gpxtpx:hr>
          </gpxtpx:TrackPointExtension>
        </extensions>
      </trkpt>
      <trkpt lat="1.3967609716404839" lon="103.89567053807951">
        <ele>18.048485237173736</ele>
        <time>2026-09-14T23:20:56Z</time>
        <extensions>
          <gpxtpx:TrackPointExtension>
            <gpxtpx:hr>155</gpxtpx:hr>
          </gpxtpx:TrackPointExtension>
        </extensions>
      </trkpt>
      <trkpt lat="1.3967454357317561" lon="103.89564967246932">
        <ele>18.09311348758638</ele>
        <time>2026-09-14T23:20:57Z</time>
        <extensions>
          <gpxtpx:TrackPointExtension>
            <gpxtpx:hr>155</gpxtpx:hr>
          </gpxtpx:TrackPointExtension>
        </extensions>
      </trkpt>
      <trkpt lat="1.3967294185125603" lon="103.89562932696035">
        <ele>18.135454799979925</ele>
        <time>2026-09-14T23:20:58Z</time>
        <extensions>
          <gpxtpx:TrackPointExtension>
            <gpxtpx:hr>155</gpxtpx:hr>
          </gpxtpx:TrackPointExtension>
        </extensions>
      </trkpt>
      <trkpt lat="1.3967129089231358" lon="103.89560954879269">
        <ele>18.174141417257488</ele>
        <time>2026-09-14T23:20:59Z</time>
        <extensions>
          <gpxtpx:TrackPointExtension>
            <gpxtpx:hr>155</gpxtpx:hr>
          </gpxtpx:TrackPointExtension>
        </extensions>
      </trkpt>
      <trkpt lat="1.3966958933001572" lon="103.89559033637026">
        <ele>18.207286261953413</ele>
        <time>2026-09-14T23:21:00Z</time>
        <extensions>
          <gpxtpx:TrackPointExtension>
            <gpxtpx:hr>157</gpxtpx:hr>
          </gpxtpx:TrackPointExtension>
        </extensions>
      </trkpt>
      <trkpt lat="1.3966783531909133" lon="103.8955717180301">
        <ele>18.233793875202537</ele>
        <time>2026-09-14T23:21:01Z</time>
        <extensions>
          <gpxtpx:TrackPointExtension>
            <gpxtpx:hr>157</gpxtpx:hr>
          </gpxtpx:TrackPointExtension>
        </extensions>
      </trkpt>
      <trkpt lat="1.3966603165592888" lon="103.8955537544364">
        <ele>18.25238151475787</ele>
        <time>2026-09-14T23:21:02Z</time>
        <extensions>
          <gpxtpx:TrackPointExtension>
            <gpxtpx:hr>157</gpxtpx:hr>
          </gpxtpx:TrackPointExtension>
        </extensions>
      </trkpt>
      <trkpt lat="1.3966418485435959" lon="103.89553651827654">
        <ele>18.262183671817183</ele>
        <time>2026-09-14T23:21:03Z</time>
        <extensions>
          <gpxtpx:TrackPointExtension>
            <gpxtpx:hr>157</gpxtpx:hr>
          </gpxtpx:TrackPointExtension>
        </extensions>
      </trkpt>
      <trkpt lat="1.3966229472191536" lon="103.89552003038308">
        <ele>18.262904899194837</ele>
        <time>2026-09-14T23:21:04Z</time>
        <extensions>
          <gpxtpx:TrackPointExtension>
            <gpxtpx:hr>157</gpxtpx:hr>
          </gpxtpx:TrackPointExtension>
        </extensions>
      </trkpt>
      <trkpt lat="1.3966035758453852" lon="103.89550425009212">
        <ele>18.254951351322234</ele>
        <time>2026-09-14T23:21:05Z</time>
        <extensions>
          <gpxtpx:TrackPointExtension>
            <gpxtpx:hr>157</gpxtpx:hr>
          </gpxtpx:TrackPointExtension>
        </extensions>
      </trkpt>
      <trkpt lat="1.3965836997365788" lon="103.8954891475664">
        <ele>18.236289265565574</ele>
        <time>2026-09-14T23:21:06Z</time>
        <extensions>
          <gpxtpx:TrackPointExtension>
            <gpxtpx:hr>158</gpxtpx:hr>
          </gpxtpx:TrackPointExtension>
        </extensions>
      </trkpt>
      <trkpt lat="1.3965633011052028" lon="103.8954746652831">
        <ele>18.21325045172125</ele>
        <time>2026-09-14T23:21:07Z</time>
        <extensions>
          <gpxtpx:TrackPointExtension>
            <gpxtpx:hr>158</gpxtpx:hr>
          </gpxtpx:TrackPointExtension>
        </extensions>
      </trkpt>
      <trkpt lat="1.3965423795666834" lon="103.8954607457607">
        <ele>18.185120505280793</ele>
        <time>2026-09-14T23:21:08Z</time>
        <extensions>
          <gpxtpx:TrackPointExtension>
            <gpxtpx:hr>158</gpxtpx:hr>
          </gpxtpx:TrackPointExtension>
        </extensions>
      </trkpt>
      <trkpt lat="1.3965208951911117" lon="103.89544734762539">
        <ele>18.15289069339633</ele>
        <time>2026-09-14T23:21:09Z</time>
        <extensions>
          <gpxtpx:TrackPointExtension>
            <gpxtpx:hr>158</gpxtpx:hr>
          </gpxtpx:TrackPointExtension>
        </extensions>
      </trkpt>
      <trkpt lat="1.396498840149723" lon="103.89543442685728">
        <ele>18.117390817031264</ele>
        <time>2026-09-14T23:21:10Z</time>
        <extensions>
          <gpxtpx:TrackPointExtension>
            <gpxtpx:hr>158</gpxtpx:hr>
          </gpxtpx:TrackPointExtension>
        </extensions>
      </trkpt>
      <trkpt lat="1.3964762915159086" lon="103.89542198709215">
        <ele>18.0793612645939</ele>
        <time>2026-09-14T23:21:11Z</time>
        <extensions>
          <gpxtpx:TrackPointExtension>
            <gpxtpx:hr>158</gpxtpx:hr>
          </gpxtpx:TrackPointExtension>
        </extensions>
      </trkpt>
      <trkpt lat="1.3964532966913463" lon="103.89541000728379">
        <ele>18.039705156348646</ele>
        <time>2026-09-14T23:21:12Z</time>
        <extensions>
          <gpxtpx:TrackPointExtension>
            <gpxtpx:hr>158</gpxtpx:hr>
          </gpxtpx:TrackPointExtension>
        </extensions>
      </trkpt>
      <trkpt lat="1.3964298323447029" lon="103.89539843202324">
        <ele>17.999142509885132</ele>
        <time>2026-09-14T23:21:13Z</time>
        <extensions>
          <gpxtpx:TrackPointExtension>
            <gpxtpx:hr>158</gpxtpx:hr>
          </gpxtpx:TrackPointExtension>
        </extensions>
      </trkpt>
      <trkpt lat="1.3964058627119038" lon="103.89538721671694">
        <ele>17.95806480757892</ele>
        <time>2026-09-14T23:21:14Z</time>
        <extensions>
          <gpxtpx:TrackPointExtension>
            <gpxtpx:hr>158</gpxtpx:hr>
          </gpxtpx:TrackPointExtension>
        </extensions>
      </trkpt>
      <trkpt lat="1.3963813884490675" lon="103.8953762993876">
        <ele>17.91703863348812</ele>
        <time>2026-09-14T23:21:15Z</time>
        <extensions>
          <gpxtpx:TrackPointExtension>
            <gpxtpx:hr>158</gpxtpx:hr>
          </gpxtpx:TrackPointExtension>
        </extensions>
      </trkpt>
      <trkpt lat="1.3963564627597602" lon="103.89536565233621">
        <ele>17.876775786280632</ele>
        <time>2026-09-14T23:21:16Z</time>
        <extensions>
          <gpxtpx:TrackPointExtension>
            <gpxtpx:hr>158</gpxtpx:hr>
          </gpxtpx:TrackPointExtension>
        </extensions>
      </trkpt>
      <trkpt lat="1.3963311734603743" lon="103.8953552562573">
        <ele>17.837794822640717</ele>
        <time>2026-09-14T23:21:17Z</time>
        <extensions>
          <gpxtpx:TrackPointExtension>
            <gpxtpx:hr>158</gpxtpx:hr>
          </gpxtpx:TrackPointExtension>
        </extensions>
      </trkpt>
      <trkpt lat="1.3963056224336166" lon="103.8953450892904">
        <ele>17.80017671920359</ele>
        <time>2026-09-14T23:21:18Z</time>
        <extensions>
          <gpxtpx:TrackPointExtension>
            <gpxtpx:hr>157</gpxtpx:hr>
          </gpxtpx:TrackPointExtension>
        </extensions>
      </trkpt>
      <trkpt lat="1.3962799109540118" lon="103.89533514380292">
        <ele>17.763674751855433</ele>
        <time>2026-09-14T23:21:19Z</time>
        <extensions>
          <gpxtpx:TrackPointExtension>
            <gpxtpx:hr>157</gpxtpx:hr>
          </gpxtpx:TrackPointExtension>
        </extensions>
      </trkpt>
      <trkpt lat="1.39625417177456" lon="103.89532539637821">
        <ele>17.7279491443187</ele>
        <time>2026-09-14T23:21:20Z</time>
        <extensions>
          <gpxtpx:TrackPointExtension>
            <gpxtpx:hr>157</gpxtpx:hr>
          </gpxtpx:TrackPointExtension>
        </extensions>
      </trkpt>
      <trkpt lat="1.3962285253935343" lon="103.89531582923549">
        <ele>17.69255280867219</ele>
        <time>2026-09-14T23:21:21Z</time>
        <extensions>
          <gpxtpx:TrackPointExtension>
            <gpxtpx:hr>157</gpxtpx:hr>
          </gpxtpx:TrackPointExtension>
        </extensions>
      </trkpt>
      <trkpt lat="1.3962029942067047" lon="103.89530640125237">
        <ele>17.657181987538934</ele>
        <time>2026-09-14T23:21:22Z</time>
        <extensions>
          <gpxtpx:TrackPointExtension>
            <gpxtpx:hr>157</gpxtpx:hr>
          </gpxtpx:TrackPointExtension>
        </extensions>
      </trkpt>
      <trkpt lat="1.3961779352518309" lon="103.89529743424345">
        <ele>17.621648563072085</ele>
        <time>2026-09-14T23:21:23Z</time>
        <extensions>
          <gpxtpx:TrackPointExtension>
            <gpxtpx:hr>159</gpxtpx:hr>
          </gpxtpx:TrackPointExtension>
        </extensions>
      </trkpt>
      <trkpt lat="1.3961537092526661" lon="103.89528914261717">
        <ele>17.58577064052224</ele>
        <time>2026-09-14T23:21:24Z</time>
        <extensions>
          <gpxtpx:TrackPointExtension>
            <gpxtpx:hr>159</gpxtpx:hr>
          </gpxtpx:TrackPointExtension>
        </extensions>
      </trkpt>
      <trkpt lat="1.396130360542316" lon="103.89528138602438">
        <ele>17.5493288282305</ele>
        <time>2026-09-14T23:21:25Z</time>
        <extensions>
          <gpxtpx:TrackPointExtension>
            <gpxtpx:hr>159</gpxtpx:hr>
          </gpxtpx:TrackPointExtension>
        </extensions>
      </trkpt>
      <trkpt lat="1.396107604641788" lon="103.8952740519317">
        <ele>17.512166715227067</ele>
        <time>2026-09-14T23:21:26Z</time>
        <extensions>
          <gpxtpx:TrackPointExtension>
            <gpxtpx:hr>159</gpxtpx:hr>
          </gpxtpx:TrackPointExtension>
        </extensions>
      </trkpt>
      <trkpt lat="1.396084749244484" lon="103.89526681185728">
        <ele>17.474305788055062</ele>
        <time>2026-09-14T23:21:27Z</time>
        <extensions>
          <gpxtpx:TrackPointExtension>
            <gpxtpx:hr>159</gpxtpx:hr>
          </gpxtpx:TrackPointExtension>
        </extensions>
      </trkpt>
      <trkpt lat="1.396061331570027" lon="103.89525944538778">
        <ele>17.435779730789363</ele>
        <time>2026-09-14T23:21:28Z</time>
        <extensions>
          <gpxtpx:TrackPointExtension>
            <gpxtpx:hr>161</gpxtpx:hr>
          </gpxtpx:TrackPointExtension>
        </extensions>
      </trkpt>
      <trkpt lat="1.3960373730477467" lon="103.8952518045149">
        <ele>17.396479606628418</ele>
        <time>2026-09-14T23:21:29Z</time>
        <extensions>
          <gpxtpx:TrackPointExtension>
            <gpxtpx:hr>161</gpxtpx:hr>
          </gpxtpx:TrackPointExtension>
        </extensions>
      </trkpt>
      <trkpt lat="1.396013456924603" lon="103.89524399086233">
        <ele>17.35622205492109</ele>
        <time>2026-09-14T23:21:30Z</time>
        <extensions>
          <gpxtpx:TrackPointExtension>
            <gpxtpx:hr>161</gpxtpx:hr>
          </gpxtpx:TrackPointExtension>
        </extensions>
      </trkpt>
      <trkpt lat="1.3959897712227751" lon="103.8952361966795">
        <ele>17.314872317016125</ele>
        <time>2026-09-14T23:21:31Z</time>
        <extensions>
          <gpxtpx:TrackPointExtension>
            <gpxtpx:hr>161</gpxtpx:hr>
          </gpxtpx:TrackPointExtension>
        </extensions>
      </trkpt>
      <trkpt lat="1.3959661965955763" lon="103.89522837334975">
        <ele>17.272308059968054</ele>
        <time>2026-09-14T23:21:32Z</time>
        <extensions>
          <gpxtpx:TrackPointExtension>
            <gpxtpx:hr>161</gpxtpx:hr>
          </gpxtpx:TrackPointExtension>
        </extensions>
      </trkpt>
      <trkpt lat="1.3959428242916125" lon="103.89522069185578">
        <ele>17.228443684987724</ele>
        <time>2026-09-14T23:21:33Z</time>
        <extensions>
          <gpxtpx:TrackPointExtension>
            <gpxtpx:hr>161</gpxtpx:hr>
          </gpxtpx:TrackPointExtension>
        </extensions>
      </trkpt>
      <trkpt lat="1.395919703769532" lon="103.89521328608456">
        <ele>17.183320162817836</ele>
        <time>2026-09-14T23:21:34Z</time>
        <extensions>
          <gpxtpx:TrackPointExtension>
            <gpxtpx:hr>161</gpxtpx:hr>
          </gpxtpx:TrackPointExtension>
        </extensions>
      </trkpt>
      <trkpt lat="1.395896991228197" lon="103.89520631642473">
        <ele>17.137267363257706</ele>
        <time>2026-09-14T23:21:35Z</time>
        <extensions>
          <gpxtpx:TrackPointExtension>
            <gpxtpx:hr>161</gpxtpx:hr>
          </gpxtpx:TrackPointExtension>
        </extensions>
      </trkpt>
      <trkpt lat="1.3958747515313044" lon="103.89519993442899">
        <ele>17.090942930430174</ele>
        <time>2026-09-14T23:21:36Z</time>
        <extensions>
          <gpxtpx:TrackPointExtension>
            <gpxtpx:hr>161</gpxtpx:hr>
          </gpxtpx:TrackPointExtension>
        </extensions>
      </trkpt>
      <trkpt lat="1.395852826442671" lon="103.89519406625529">
        <ele>17.045212294906378</ele>
        <time>2026-09-14T23:21:37Z</time>
        <extensions>
          <gpxtpx:TrackPointExtension>
            <gpxtpx:hr>161</gpxtpx:hr>
          </gpxtpx:TrackPointExtension>
        </extensions>
      </trkpt>
      <trkpt lat="1.3958310097700977" lon="103.8951883595307">
        <ele>17.000949039123952</ele>
        <time>2026-09-14T23:21:38Z</time>
        <extensions>
          <gpxtpx:TrackPointExtension>
            <gpxtpx:hr>161</gpxtpx:hr>
          </gpxtpx:TrackPointExtension>
        </extensions>
      </trkpt>
      <trkpt lat="1.3958090954846665" lon="103.89518188967101">
        <ele>16.958926036953926</ele>
        <time>2026-09-14T23:21:39Z</time>
        <extensions>
          <gpxtpx:TrackPointExtension>
            <gpxtpx:hr>159</gpxtpx:hr>
          </gpxtpx:TrackPointExtension>
        </extensions>
      </trkpt>
      <trkpt lat="1.3957868379601597" lon="103.8951742125056">
        <ele>16.919771218672395</ele>
        <time>2026-09-14T23:21:40Z</time>
        <extensions>
          <gpxtpx:TrackPointExtension>
            <gpxtpx:hr>159</gpxtpx:hr>
          </gpxtpx:TrackPointExtension>
        </extensions>
      </trkpt>
      <trkpt lat="1.3957644144790664" lon="103.89516557868232">
        <ele>16.883879931643605</ele>
        <time>2026-09-14T23:21:41Z</time>
        <extensions>
          <gpxtpx:TrackPointExtension>
            <gpxtpx:hr>159</gpxtpx:hr>
          </gpxtpx:TrackPointExtension>
        </extensions>
      </trkpt>
      <trkpt lat="1.395742245996859" lon="103.89515597065648">
        <ele>16.851270766928792</ele>
        <time>2026-09-14T23:21:42Z</time>
        <extensions>
          <gpxtpx:TrackPointExtension>
            <gpxtpx:hr>159</gpxtpx:hr>
          </gpxtpx:TrackPointExtension>
        </extensions>
      </trkpt>
      <trkpt lat="1.3957203925640522" lon="103.89514542922346">
        <ele>16.821464212611318</ele>
        <time>2026-09-14T23:21:43Z</time>
        <extensions>
          <gpxtpx:TrackPointExtension>
            <gpxtpx:hr>159</gpxtpx:hr>
          </gpxtpx:TrackPointExtension>
        </extensions>
      </trkpt>
      <trkpt lat="1.3956986472545843" lon="103.89513435992286">
        <ele>16.793686064891517</ele>
        <time>2026-09-14T23:21:44Z</time>
        <extensions>
          <gpxtpx:TrackPointExtension>
            <gpxtpx:hr>159</gpxtpx:hr>
          </gpxtpx:TrackPointExtension>
        </extensions>
      </trkpt>
      <trkpt lat="1.3956766877131173" lon="103.8951235108022">
        <ele>16.766876131296158</ele>
        <time>2026-09-14T23:21:45Z</time>
        <extensions>
          <gpxtpx:TrackPointExtension>
            <gpxtpx:hr>156</gpxtpx:hr>
          </gpxtpx:TrackPointExtension>
        </extensions>
      </trkpt>
      <trkpt lat="1.3956544798704889" lon="103.89511322556358">
        <ele>16.73959676735103</ele>
        <time>2026-09-14T23:21:46Z</time>
        <extensions>
          <gpxtpx:TrackPointExtension>
            <gpxtpx:hr>156</gpxtpx:hr>
          </gpxtpx:TrackPointExtension>
        </extensions>
      </trkpt>
      <trkpt lat="1.3956320916422735" lon="103.89510324910246">
        <ele>16.710324452258646</ele>
        <time>2026-09-14T23:21:47Z</time>
        <extensions>
          <gpxtpx:TrackPointExtension>
            <gpxtpx:hr>156</gpxtpx:hr>
          </gpxtpx:TrackPointExtension>
        </extensions>
      </trkpt>
      <trkpt lat="1.3956094491320552" lon="103.89509370072828">
        <ele>16.677693114615977</ele>
        <time>2026-09-14T23:21:48Z</time>
        <extensions>
          <gpxtpx:TrackPointExtension>
            <gpxtpx:hr>156</gpxtpx:hr>
          </gpxtpx:TrackPointExtension>
        </extensions>
      </trkpt>
      <trkpt lat="1.3955862369662588" lon="103.89508412794854">
        <ele>16.640595890581608</ele>
        <time>2026-09-14T23:21:49Z</time>
        <extensions>
          <gpxtpx:TrackPointExtension>
            <gpxtpx:hr>156</gpxtpx:hr>
          </gpxtpx:TrackPointExtension>
        </extensions>
      </trkpt>
      <trkpt lat="1.395562591868505" lon="103.89507437278368">
        <ele>16.598287001252174</ele>
        <time>2026-09-14T23:21:50Z</time>
        <extensions>
          <gpxtpx:TrackPointExtension>
            <gpxtpx:hr>155</gpxtpx:hr>
          </gpxtpx:TrackPointExtension>
        </extensions>
      </trkpt>
      <trkpt lat="1.3955383862146522" lon="103.89506466281783">
        <ele>16.550459179095924</ele>
        <time>2026-09-14T23:21:51Z</time>
        <extensions>
          <gpxtpx:TrackPointExtension>
            <gpxtpx:hr>155</gpxtpx:hr>
          </gpxtpx:TrackPointExtension>
        </extensions>
      </trkpt>
      <trkpt lat="1.3955134441890729" lon="103.89505520956695">
        <ele>16.49721002485603</ele>
        <time>2026-09-14T23:21:52Z</time>
        <extensions>
          <gpxtpx:TrackPointExtension>
            <gpxtpx:hr>155</gpxtpx:hr>
          </gpxtpx:TrackPointExtension>
        </extensions>
      </trkpt>
      <trkpt lat="1.3954883178261468" lon="103.89504620553858">
        <ele>16.439070924185216</ele>
        <time>2026-09-14T23:21:53Z</time>
        <extensions>
          <gpxtpx:TrackPointExtension>
            <gpxtpx:hr>155</gpxtpx:hr>
          </gpxtpx:TrackPointExtension>
        </extensions>
      </trkpt>
      <trkpt lat="1.3954635466245038" lon="103.89503765289345">
        <ele>16.37714273110032</ele>
        <time>2026-09-14T23:21:54Z</time>
        <extensions>
          <gpxtpx:TrackPointExtension>
            <gpxtpx:hr>155</gpxtpx:hr>
          </gpxtpx:TrackPointExtension>
        </extensions>
      </trkpt>
      <trkpt lat="1.3954389382814136" lon="103.89503045555895">
        <ele>16.31323691084981</ele>
        <time>2026-09-14T23:21:55Z</time>
        <extensions>
          <gpxtpx:TrackPointExtension>
            <gpxtpx:hr>155</gpxtpx:hr>
          </gpxtpx:TrackPointExtension>
        </extensions>
      </trkpt>
      <trkpt lat="1.3954184617077479" lon="103.89502577310245">
        <ele>16.26208961661905</ele>
        <time>2026-09-14T23:21:56Z</time>
        <extensions>
          <gpxtpx:TrackPointExtension>
            <gpxtpx:hr>153</gpxtpx:hr>
          </gpxtpx:TrackPointExtension>
        </extensions>
      </trkpt>
      <trkpt lat="1.3953916375193616" lon="103.8950223465844">
        <ele>16.200283550657332</ele>
        <time>2026-09-14T23:21:57Z</time>
        <extensions>
          <gpxtpx:TrackPointExtension>
            <gpxtpx:hr>153</gpxtpx:hr>
          </gpxtpx:TrackPointExtension>
        </extensions>
      </trkpt>
      <trkpt lat="1.3953643800431097" lon="103.895023200934">
        <ele>16.142095829360187</ele>
        <time>2026-09-14T23:21:58Z</time>
        <extensions>
          <gpxtpx:TrackPointExtension>
            <gpxtpx:hr>153</gpxtpx:hr>
          </gpxtpx:TrackPointExtension>
        </extensions>
      </trkpt>
      <trkpt lat="1.3953386550470737" lon="103.89502886673766">
        <ele>16.08782492391765</ele>
        <time>2026-09-14T23:21:59Z</time>
        <extensions>
          <gpxtpx:TrackPointExtension>
            <gpxtpx:hr>153</gpxtpx:hr>
          </gpxtpx:TrackPointExtension>
        </extensions>
      </trkpt>
      <trkpt lat="1.3953154307968192" lon="103.89503932019036">
        <ele>16.037135265767574</ele>
        <time>2026-09-14T23:22:00Z</time>
        <extensions>
          <gpxtpx:TrackPointExtension>
            <gpxtpx:hr>154</gpxtpx:hr>
          </gpxtpx:TrackPointExtension>
        </extensions>
      </trkpt>
      <trkpt lat="1.3952948342704647" lon="103.895053970205">
        <ele>15.98956752102822</ele>
        <time>2026-09-14T23:22:01Z</time>
        <extensions>
          <gpxtpx:TrackPointExtension>
            <gpxtpx:hr>154</gpxtpx:hr>
          </gpxtpx:TrackPointExtension>
        </extensions>
      </trkpt>
      <trkpt lat="1.3952791865052432" lon="103.89507282507597">
        <ele>15.94476702902466</ele>
        <time>2026-09-14T23:22:02Z</time>
        <extensions>
          <gpxtpx:TrackPointExtension>
            <gpxtpx:hr>154</gpxtpx:hr>
          </gpxtpx:TrackPointExtension>
        </extensions>
      </trkpt>
      <trkpt lat="1.395269262150469" lon="103.8950947587791">
        <ele>15.90257763210684</ele>
        <time>2026-09-14T23:22:03Z</time>
        <extensions>
          <gpxtpx:TrackPointExtension>
            <gpxtpx:hr>154</gpxtpx:hr>
          </gpxtpx:TrackPointExtension>
        </extensions>
      </trkpt>
      <trkpt lat="1.3952634024490167" lon="103.89511827120496">
        <ele>15.86312847211957</ele>
        <time>2026-09-14T23:22:04Z</time>
        <extensions>
          <gpxtpx:TrackPointExtension>
            <gpxtpx:hr>155</gpxtpx:hr>
          </gpxtpx:TrackPointExtension>
        </extensions>
      </trkpt>
      <trkpt lat="1.3952594120867894" lon="103.89514361247615">
        <ele>15.826907397247851</ele>
        <time>2026-09-14T23:22:05Z</time>
        <extensions>
          <gpxtpx:TrackPointExtension>
            <gpxtpx:hr>155</gpxtpx:hr>
          </gpxtpx:TrackPointExtension>
        </extensions>
      </trkpt>
      <trkpt lat="1.3952548731218652" lon="103.8951706156384">
        <ele>15.794702199287713</ele>
        <time>2026-09-14T23:22:06Z</time>
        <extensions>
          <gpxtpx:TrackPointExtension>
            <gpxtpx:hr>155</gpxtpx:hr>
          </gpxtpx:TrackPointExtension>
        </extensions>
      </trkpt>
      <trkpt lat="1.3952493671484016" lon="103.8951976915253">
        <ele>15.767308092676103</ele>
        <time>2026-09-14T23:22:07Z</time>
        <extensions>
          <gpxtpx:TrackPointExtension>
            <gpxtpx:hr>155</gpxtpx:hr>
          </gpxtpx:TrackPointExtension>
        </extensions>
      </trkpt>
      <trkpt lat="1.3952430703216143" lon="103.89522372356812">
        <ele>15.74514314904809</ele>
        <time>2026-09-14T23:22:08Z</time>
        <extensions>
          <gpxtpx:TrackPointExtension>
            <gpxtpx:hr>155</gpxtpx:hr>
          </gpxtpx:TrackPointExtension>
        </extensions>
      </trkpt>
      <trkpt lat="1.3952350014921502" lon="103.89525374684209">
        <ele>15.72586293425411</ele>
        <time>2026-09-14T23:22:09Z</time>
        <extensions>
          <gpxtpx:TrackPointExtension>
            <gpxtpx:hr>155</gpxtpx:hr>
          </gpxtpx:TrackPointExtension>
        </extensions>
      </trkpt>
      <trkpt lat="1.395229757725476" lon="103.89527397271041">
        <ele>15.716568143106997</ele>
        <time>2026-09-14T23:22:10Z</time>
        <extensions>
          <gpxtpx:TrackPointExtension>
            <gpxtpx:hr>155</gpxtpx:hr>
          </gpxtpx:TrackPointExtension>
        </extensions>
      </trkpt>
      <trkpt lat="1.3952225282149986" lon="103.8953038681763">
        <ele>15.707187621854246</ele>
        <time>2026-09-14T23:22:11Z</time>
        <extensions>
          <gpxtpx:TrackPointExtension>
            <gpxtpx:hr>155</gpxtpx:hr>
          </gpxtpx:TrackPointExtension>
        </extensions>
      </trkpt>
      <trkpt lat="1.395216882516667" lon="103.89532935374528">
        <ele>15.702895488590002</ele>
        <time>2026-09-14T23:22:12Z</time>
        <extensions>
          <gpxtpx:TrackPointExtension>
            <gpxtpx:hr>155</gpxtpx:hr>
          </gpxtpx:TrackPointExtension>
        </extensions>
      </trkpt>
      <trkpt lat="1.3952112323280084" lon="103.89535589371503">
        <ele>15.700876902788877</ele>
        <time>2026-09-14T23:22:13Z</time>
        <extensions>
          <gpxtpx:TrackPointExtension>
            <gpxtpx:hr>152</gpxtpx:hr>
          </gpxtpx:TrackPointExtension>
        </extensions>
      </trkpt>
      <trkpt lat="1.3952052176118932" lon="103.89538303703573">
        <ele>15.700486455112696</ele>
        <time>2026-09-14T23:22:14Z</time>
        <extensions>
          <gpxtpx:TrackPointExtension>
            <gpxtpx:hr>152</gpxtpx:hr>
          </gpxtpx:TrackPointExtension>
        </extensions>
      </trkpt>
      <trkpt lat="1.3951986591278318" lon="103.89541027104526">
        <ele>15.700977073051035</ele>
        <time>2026-09-14T23:22:15Z</time>
        <extensions>
          <gpxtpx:TrackPointExtension>
            <gpxtpx:hr>152</gpxtpx:hr>
          </gpxtpx:TrackPointExtension>
        </extensions>
      </trkpt>
      <trkpt lat="1.3951928814639079" lon="103.8954323170509">
        <ele>15.7015425786376</ele>
        <time>2026-09-14T23:22:16Z</time>
        <extensions>
          <gpxtpx:TrackPointExtension>
            <gpxtpx:hr>152</gpxtpx:hr>
          </gpxtpx:TrackPointExtension>
        </extensions>
      </trkpt>
      <trkpt lat="1.3951859219066063" lon="103.89545900348186">
        <ele>15.70188511069864</ele>
        <time>2026-09-14T23:22:17Z</time>
        <extensions>
          <gpxtpx:TrackPointExtension>
            <gpxtpx:hr>152</gpxtpx:hr>
          </gpxtpx:TrackPointExtension>
        </extensions>
      </trkpt>
      <trkpt lat="1.3951799364841597" lon="103.89548515297467">
        <ele>15.701743641868234</ele>
        <time>2026-09-14T23:22:18Z</time>
        <extensions>
          <gpxtpx:TrackPointExtension>
            <gpxtpx:hr>152</gpxtpx:hr>
          </gpxtpx:TrackPointExtension>
        </extensions>
      </trkpt>
      <trkpt lat="1.3951756709082754" lon="103.89551169456846">
        <ele>15.701616710983217</ele>
        <time>2026-09-14T23:22:19Z</time>
        <extensions>
          <gpxtpx:TrackPointExtension>
            <gpxtpx:hr>152</gpxtpx:hr>
          </gpxtpx:TrackPointExtension>
        </extensions>
      </trkpt>
      <trkpt lat="1.3951722839778122" lon="103.89553967264833">
        <ele>15.702258460223675</ele>
        <time>2026-09-14T23:22:20Z</time>
        <extensions>
          <gpxtpx:TrackPointExtension>
            <gpxtpx:hr>152</gpxtpx:hr>
          </gpxtpx:TrackPointExtension>
        </extensions>
      </trkpt>
      <trkpt lat="1.395168616014273" lon="103.89556878102982">
        <ele>15.70426714234054</ele>
        <time>2026-09-14T23:22:21Z</time>
        <extensions>
          <gpxtpx:TrackPointExtension>
            <gpxtpx:hr>152</gpxtpx:hr>
          </gpxtpx:TrackPointExtension>
        </extensions>
      </trkpt>
      <trkpt lat="1.3951650128620519" lon="103.89559817552117">
        <ele>15.70780673250556</ele>
        <time>2026-09-14T23:22:22Z</time>
        <extensions>
          <gpxtpx:TrackPointExtension>
            <gpxtpx:hr>152</gpxtpx:hr>
          </gpxtpx:TrackPointExtension>
        </extensions>
      </trkpt>
      <trkpt lat="1.3951618266212191" lon="103.8956272559099">
        <ele>15.712432105094194</ele>
        <time>2026-09-14T23:22:23Z</time>
        <extensions>
          <gpxtpx:TrackPointExtension>
            <gpxtpx:hr>152</gpxtpx:hr>
          </gpxtpx:TrackPointExtension>
        </extensions>
      </trkpt>
      <trkpt lat="1.3951592737566028" lon="103.8956557675577">
        <ele>15.717135894112289</ele>
        <time>2026-09-14T23:22:24Z</time>
        <extensions>
          <gpxtpx:TrackPointExtension>
            <gpxtpx:hr>152</gpxtpx:hr>
          </gpxtpx:TrackPointExtension>
        </extensions>
      </trkpt>
      <trkpt lat="1.3951570986575974" lon="103.89568359452319">
        <ele>15.720726839266717</ele>
        <time>2026-09-14T23:22:25Z</time>
        <extensions>
          <gpxtpx:TrackPointExtension>
            <gpxtpx:hr>152</gpxtpx:hr>
          </gpxtpx:TrackPointExtension>
        </extensions>
      </trkpt>
      <trkpt lat="1.39515540388533" lon="103.8957100162175">
        <ele>15.722256646491587</ele>
        <time>2026-09-14T23:22:26Z</time>
        <extensions>
          <gpxtpx:TrackPointExtension>
            <gpxtpx:hr>154</gpxtpx:hr>
          </gpxtpx:TrackPointExtension>
        </extensions>
      </trkpt>
      <trkpt lat="1.3951541208821083" lon="103.89573500695765">
        <ele>15.72122738789767</ele>
        <time>2026-09-14T23:22:27Z</time>
        <extensions>
          <gpxtpx:TrackPointExtension>
            <gpxtpx:hr>154</gpxtpx:hr>
          </gpxtpx:TrackPointExtension>
        </extensions>
      </trkpt>
      <trkpt lat="1.3951533353707455" lon="103.89575905395434">
        <ele>15.717436532489955</ele>
        <time>2026-09-14T23:22:28Z</time>
        <extensions>
          <gpxtpx:TrackPointExtension>
            <gpxtpx:hr>154</gpxtpx:hr>
          </gpxtpx:TrackPointExtension>
        </extensions>
      </trkpt>
      <trkpt lat="1.3951532039634966" lon="103.89578259110534">
        <ele>15.711704002693295</ele>
        <time>2026-09-14T23:22:29Z</time>
        <extensions>
          <gpxtpx:TrackPointExtension>
            <gpxtpx:hr>154</gpxtpx:hr>
          </gpxtpx:TrackPointExtension>
        </extensions>
      </trkpt>
      <trkpt lat="1.3951530583960863" lon="103.89580652090757">
        <ele>15.704818945378065</ele>
        <time>2026-09-14T23:22:30Z</time>
        <extensions>
          <gpxtpx:TrackPointExtension>
            <gpxtpx:hr>154</gpxtpx:hr>
          </gpxtpx:TrackPointExtension>
        </extensions>
      </trkpt>
      <trkpt lat="1.3951528887651385" lon="103.89583174458812">
        <ele>15.697581391781569</ele>
        <time>2026-09-14T23:22:31Z</time>
        <extensions>
          <gpxtpx:TrackPointExtension>
            <gpxtpx:hr>154</gpxtpx:hr>
          </gpxtpx:TrackPointExtension>
        </extensions>
      </trkpt>
      <trkpt lat="1.3951524332465948" lon="103.89585871476507">
        <ele>15.690620563924313</ele>
        <time>2026-09-14T23:22:32Z</time>
        <extensions>
          <gpxtpx:TrackPointExtension>
            <gpxtpx:hr>154</gpxtpx:hr>
          </gpxtpx:TrackPointExtension>
        </extensions>
      </trkpt>
      <trkpt lat="1.3951521239150284" lon="103.89588748151064">
        <ele>15.684403016231954</ele>
        <time>2026-09-14T23:22:33Z</time>
        <extensions>
          <gpxtpx:TrackPointExtension>
            <gpxtpx:hr>154</gpxtpx:hr>
          </gpxtpx:TrackPointExtension>
        </extensions>
      </trkpt>
      <trkpt lat="1.395151895952603" lon="103.89591778174497">
        <ele>15.679336874745786</ele>
        <time>2026-09-14T23:22:34Z</time>
        <extensions>
          <gpxtpx:TrackPointExtension>
            <gpxtpx:hr>154</gpxtpx:hr>
          </gpxtpx:TrackPointExtension>
        </extensions>
      </trkpt>
      <trkpt lat="1.3951516179931212" lon="103.89594882189567">
        <ele>15.67570853792131</ele>
        <time>2026-09-14T23:22:35Z</time>
        <extensions>
          <gpxtpx:TrackPointExtension>
            <gpxtpx:hr>154</gpxtpx:hr>
          </gpxtpx:TrackPointExtension>
        </extensions>
      </trkpt>
      <trkpt lat="1.3951503471412423" lon="103.8959858597397">
        <ele>15.673427416011691</ele>
        <time>2026-09-14T23:22:36Z</time>
        <extensions>
          <gpxtpx:TrackPointExtension>
            <gpxtpx:hr>154</gpxtpx:hr>
          </gpxtpx:TrackPointExtension>
        </extensions>
      </trkpt>
      <trkpt lat="1.3951482657617504" lon="103.89601217362592">
        <ele>15.672836545854807</ele>
        <time>2026-09-14T23:22:37Z</time>
        <extensions>
          <gpxtpx:TrackPointExtension>
            <gpxtpx:hr>154</gpxtpx:hr>
          </gpxtpx:TrackPointExtension>
        </extensions>
      </trkpt>
      <trkpt lat="1.3951444151575232" lon="103.89604423259189">
        <ele>15.67235342785716</ele>
        <time>2026-09-14T23:22:38Z</time>
        <extensions>
          <gpxtpx:TrackPointExtension>
            <gpxtpx:hr>154</gpxtpx:hr>
          </gpxtpx:TrackPointExtension>
        </extensions>
      </trkpt>
      <trkpt lat="1.395138646649637" lon="103.89607570194565">
        <ele>15.671573461964726</ele>
        <time>2026-09-14T23:22:39Z</time>
        <extensions>
          <gpxtpx:TrackPointExtension>
            <gpxtpx:hr>154</gpxtpx:hr>
          </gpxtpx:TrackPointExtension>
        </extensions>
      </trkpt>
      <trkpt lat="1.3951317351699533" lon="103.89610577207162">
        <ele>15.669812363572419</ele>
        <time>2026-09-14T23:22:40Z</time>
        <extensions>
          <gpxtpx:TrackPointExtension>
            <gpxtpx:hr>155</gpxtpx:hr>
          </gpxtpx:TrackPointExtension>
        </extensions>
      </trkpt>
      <trkpt lat="1.395124005549524" lon="103.89613430734606">
        <ele>15.666455041617155</ele>
        <time>2026-09-14T23:22:41Z</time>
        <extensions>
          <gpxtpx:TrackPointExtension>
            <gpxtpx:hr>155</gpxtpx:hr>
          </gpxtpx:TrackPointExtension>
        </extensions>
      </trkpt>
      <trkpt lat="1.3951159835635634" lon="103.8961615756427">
        <ele>15.661279590800405</ele>
        <time>2026-09-14T23:22:42Z</time>
        <extensions>
          <gpxtpx:TrackPointExtension>
            <gpxtpx:hr>155</gpxtpx:hr>
          </gpxtpx:TrackPointExtension>
        </extensions>
      </trkpt>
      <trkpt lat="1.3951077049685539" lon="103.89618823208392">
        <ele>15.654028415679932</ele>
        <time>2026-09-14T23:22:43Z</time>
        <extensions>
          <gpxtpx:TrackPointExtension>
            <gpxtpx:hr>155</gpxtpx:hr>
          </gpxtpx:TrackPointExtension>
        </extensions>
      </trkpt>
      <trkpt lat="1.3950988283718697" lon="103.89621466305229">
        <ele>15.6445395918563</ele>
        <time>2026-09-14T23:22:44Z</time>
        <extensions>
          <gpxtpx:TrackPointExtension>
            <gpxtpx:hr>155</gpxtpx:hr>
          </gpxtpx:TrackPointExtension>
        </extensions>
      </trkpt>
      <trkpt lat="1.3950896104931374" lon="103.89624058350961">
        <ele>15.632836453616619</ele>
        <time>2026-09-14T23:22:45Z</time>
        <extensions>
          <gpxtpx:TrackPointExtension>
            <gpxtpx:hr>155</gpxtpx:hr>
          </gpxtpx:TrackPointExtension>
        </extensions>
      </trkpt>
      <trkpt lat="1.3950798793629542" lon="103.89626579517659">
        <ele>15.619302130304277</ele>
        <time>2026-09-14T23:22:46Z</time>
        <extensions>
          <gpxtpx:TrackPointExtension>
            <gpxtpx:hr>156</gpxtpx:hr>
          </gpxtpx:TrackPointExtension>
        </extensions>
      </trkpt>
      <trkpt lat="1.3950698311686534" lon="103.89629127964146">
        <ele>15.604484282433987</ele>
        <time>2026-09-14T23:22:47Z</time>
        <extensions>
          <gpxtpx:TrackPointExtension>
            <gpxtpx:hr>156</gpxtpx:hr>
          </gpxtpx:TrackPointExtension>
        </extensions>
      </trkpt>
      <trkpt lat="1.395059424310975" lon="103.8963171766854">
        <ele>15.589231638237834</ele>
        <time>2026-09-14T23:22:48Z</time>
        <extensions>
          <gpxtpx:TrackPointExtension>
            <gpxtpx:hr>156</gpxtpx:hr>
          </gpxtpx:TrackPointExtension>
        </extensions>
      </trkpt>
      <trkpt lat="1.3950487778924505" lon="103.89634350287808">
        <ele>15.574495555832982</ele>
        <time>2026-09-14T23:22:49Z</time>
        <extensions>
          <gpxtpx:TrackPointExtension>
            <gpxtpx:hr>156</gpxtpx:hr>
          </gpxtpx:TrackPointExtension>
        </extensions>
      </trkpt>
      <trkpt lat="1.3950378376913342" lon="103.89637061014251">
        <ele>15.561125248670578</ele>
        <time>2026-09-14T23:22:50Z</time>
        <extensions>
          <gpxtpx:TrackPointExtension>
            <gpxtpx:hr>156</gpxtpx:hr>
          </gpxtpx:TrackPointExtension>
        </extensions>
      </trkpt>
      <trkpt lat="1.3950267400315615" lon="103.89639805524561">
        <ele>15.549631705507636</ele>
        <time>2026-09-14T23:22:51Z</time>
        <extensions>
          <gpxtpx:TrackPointExtension>
            <gpxtpx:hr>156</gpxtpx:hr>
          </gpxtpx:TrackPointExtension>
        </extensions>
      </trkpt>
      <trkpt lat="1.39501595534937" lon="103.89642487737285">
        <ele>15.540185601450503</ele>
        <time>2026-09-14T23:22:52Z</time>
        <extensions>
          <gpxtpx:TrackPointExtension>
            <gpxtpx:hr>156</gpxtpx:hr>
          </gpxtpx:TrackPointExtension>
        </extensions>
      </trkpt>
      <trkpt lat="1.3950056045176296" lon="103.89645058024189">
        <ele>15.5325270825997</ele>
        <time>2026-09-14T23:22:53Z</time>
        <extensions>
          <gpxtpx:TrackPointExtension>
            <gpxtpx:hr>156</gpxtpx:hr>
          </gpxtpx:TrackPointExtension>
        </extensions>
      </trkpt>
      <trkpt lat="1.3949960526807206" lon="103.89647547074966">
        <ele>15.526103645563126</ele>
        <time>2026-09-14T23:22:54Z</time>
        <extensions>
          <gpxtpx:TrackPointExtension>
            <gpxtpx:hr>156</gpxtpx:hr>
          </gpxtpx:TrackPointExtension>
        </extensions>
      </trkpt>
      <trkpt lat="1.3949867726949918" lon="103.89650030668575">
        <ele>15.520278845913708</ele>
        <time>2026-09-14T23:22:55Z</time>
        <extensions>
          <gpxtpx:TrackPointExtension>
            <gpxtpx:hr>156</gpxtpx:hr>
          </gpxtpx:TrackPointExtension>
        </extensions>
      </trkpt>
      <trkpt lat="1.3949775702847984" lon="103.89652552249436">
        <ele>15.514592243358493</ele>
        <time>2026-09-14T23:22:56Z</time>
        <extensions>
          <gpxtpx:TrackPointExtension>
            <gpxtpx:hr>156</gpxtpx:hr>
          </gpxtpx:TrackPointExtension>
        </extensions>
      </trkpt>
      <trkpt lat="1.3949682900038054" lon="103.89655111775085">
        <ele>15.508666425943375</ele>
        <time>2026-09-14T23:22:57Z</time>
        <extensions>
          <gpxtpx:TrackPointExtension>
            <gpxtpx:hr>156</gpxtpx:hr>
          </gpxtpx:TrackPointExtension>
        </extensions>
      </trkpt>
      <trkpt lat="1.3949589484342888" lon="103.89657633394998">
        <ele>15.50236283056438</ele>
        <time>2026-09-14T23:22:58Z</time>
        <extensions>
          <gpxtpx:TrackPointExtension>
            <gpxtpx:hr>156</gpxtpx:hr>
          </gpxtpx:TrackPointExtension>
        </extensions>
      </trkpt>
      <trkpt lat="1.3949503694169405" lon="103.8966010211658">
        <ele>15.495733488351107</ele>
        <time>2026-09-14T23:22:59Z</time>
        <extensions>
          <gpxtpx:TrackPointExtension>
            <gpxtpx:hr>156</gpxtpx:hr>
          </gpxtpx:TrackPointExtension>
        </extensions>
      </trkpt>
      <trkpt lat="1.3949426691035505" lon="103.89662533831853">
        <ele>15.48892632778734</ele>
        <time>2026-09-14T23:23:00Z</time>
        <extensions>
          <gpxtpx:TrackPointExtension>
            <gpxtpx:hr>156</gpxtpx:hr>
          </gpxtpx:TrackPointExtension>
        </extensions>
      </trkpt>
      <trkpt lat="1.394936398101681" lon="103.89664929581852">
        <ele>15.481752873398364</ele>
        <time>2026-09-14T23:23:01Z</time>
        <extensions>
          <gpxtpx:TrackPointExtension>
            <gpxtpx:hr>156</gpxtpx:hr>
          </gpxtpx:TrackPointExtension>
        </extensions>
      </trkpt>
      <trkpt lat="1.3949308958140538" lon="103.89667284720409">
        <ele>15.474422911182046</ele>
        <time>2026-09-14T23:23:02Z</time>
        <extensions>
          <gpxtpx:TrackPointExtension>
            <gpxtpx:hr>156</gpxtpx:hr>
          </gpxtpx:TrackPointExtension>
        </extensions>
      </trkpt>
      <trkpt lat="1.3949249709179519" lon="103.89669603590886">
        <ele>15.467071034014225</ele>
        <time>2026-09-14T23:23:03Z</time>
        <extensions>
          <gpxtpx:TrackPointExtension>
            <gpxtpx:hr>156</gpxtpx:hr>
          </gpxtpx:TrackPointExtension>
        </extensions>
      </trkpt>
      <trkpt lat="1.3949186595090601" lon="103.89671935837187">
        <ele>15.459640140645206</ele>
        <time>2026-09-14T23:23:04Z</time>
        <extensions>
          <gpxtpx:TrackPointExtension>
            <gpxtpx:hr>156</gpxtpx:hr>
          </gpxtpx:TrackPointExtension>
        </extensions>
      </trkpt>
      <trkpt lat="1.3949121803659572" lon="103.8967423093671">
        <ele>15.452718805521727</ele>
        <time>2026-09-14T23:23:05Z</time>
        <extensions>
          <gpxtpx:TrackPointExtension>
            <gpxtpx:hr>156</gpxtpx:hr>
          </gpxtpx:TrackPointExtension>
        </extensions>
      </trkpt>
      <trkpt lat="1.3949056999733127" lon="103.89676453774398">
        <ele>15.447393438778818</ele>
        <time>2026-09-14T23:23:06Z</time>
        <extensions>
          <gpxtpx:TrackPointExtension>
            <gpxtpx:hr>156</gpxtpx:hr>
          </gpxtpx:TrackPointExtension>
        </extensions>
      </trkpt>
      <trkpt lat="1.3948991249659375" lon="103.89678748123005">
        <ele>15.444757300429046</ele>
        <time>2026-09-14T23:23:07Z</time>
        <extensions>
          <gpxtpx:TrackPointExtension>
            <gpxtpx:hr>156</gpxtpx:hr>
          </gpxtpx:TrackPointExtension>
        </extensions>
      </trkpt>
      <trkpt lat="1.3948923194438987" lon="103.89681204427853">
        <ele>15.446182533167303</ele>
        <time>2026-09-14T23:23:08Z</time>
        <extensions>
          <gpxtpx:TrackPointExtension>
            <gpxtpx:hr>156</gpxtpx:hr>
          </gpxtpx:TrackPointExtension>
        </extensions>
      </trkpt>
      <trkpt lat="1.3948846962624397" lon="103.89683805563745">
        <ele>15.453758276998997</ele>
        <time>2026-09-14T23:23:09Z</time>
        <extensions>
          <gpxtpx:TrackPointExtension>
            <gpxtpx:hr>156</gpxtpx:hr>
          </gpxtpx:TrackPointExtension>
        </extensions>
      </trkpt>
      <trkpt lat="1.3948761264865952" lon="103.89686389013025">
        <ele>15.468140636570752</ele>
        <time>2026-09-14T23:23:10Z</time>
        <extensions>
          <gpxtpx:TrackPointExtension>
            <gpxtpx:hr>156</gpxtpx:hr>
          </gpxtpx:TrackPointExtension>
        </extensions>
      </trkpt>
      <trkpt lat="1.3948676968386418" lon="103.89688862975328">
        <ele>15.489386102184653</ele>
        <time>2026-09-14T23:23:11Z</time>
        <extensions>
          <gpxtpx:TrackPointExtension>
            <gpxtpx:hr>156</gpxtpx:hr>
          </gpxtpx:TrackPointExtension>
        </extensions>
      </trkpt>
      <trkpt lat="1.3948598233023557" lon="103.89691244094894">
        <ele>15.516659486107528</ele>
        <time>2026-09-14T23:23:12Z</time>
        <extensions>
          <gpxtpx:TrackPointExtension>
            <gpxtpx:hr>156</gpxtpx:hr>
          </gpxtpx:TrackPointExtension>
        </extensions>
      </trkpt>
      <trkpt lat="1.3948525495433197" lon="103.8969356317366">
        <ele>15.548034159466624</ele>
        <time>2026-09-14T23:23:13Z</time>
        <extensions>
          <gpxtpx:TrackPointExtension>
            <gpxtpx:hr>156</gpxtpx:hr>
          </gpxtpx:TrackPointExtension>
        </extensions>
      </trkpt>
      <trkpt lat="1.3948452978142467" lon="103.89695937386705">
        <ele>15.579989501275122</ele>
        <time>2026-09-14T23:23:14Z</time>
        <extensions>
          <gpxtpx:TrackPointExtension>
            <gpxtpx:hr>157</gpxtpx:hr>
          </gpxtpx:TrackPointExtension>
        </extensions>
      </trkpt>
      <trkpt lat="1.3948371931162757" lon="103.8969843170635">
        <ele>15.609037529677153</ele>
        <time>2026-09-14T23:23:15Z</time>
        <extensions>
          <gpxtpx:TrackPointExtension>
            <gpxtpx:hr>157</gpxtpx:hr>
          </gpxtpx:TrackPointExtension>
        </extensions>
      </trkpt>
      <trkpt lat="1.3948290590734056" lon="103.89701025388304">
        <ele>15.631681594066322</ele>
        <time>2026-09-14T23:23:16Z</time>
        <extensions>
          <gpxtpx:TrackPointExtension>
            <gpxtpx:hr>157</gpxtpx:hr>
          </gpxtpx:TrackPointExtension>
        </extensions>
      </trkpt>
      <trkpt lat="1.3948203632222147" lon="103.89703756467402">
        <ele>15.645090172998607</ele>
        <time>2026-09-14T23:23:17Z</time>
        <extensions>
          <gpxtpx:TrackPointExtension>
            <gpxtpx:hr>157</gpxtpx:hr>
          </gpxtpx:TrackPointExtension>
        </extensions>
      </trkpt>
      <trkpt lat="1.3948110217582597" lon="103.89706667709841">
        <ele>15.64759608451277</ele>
        <time>2026-09-14T23:23:18Z</time>
        <extensions>
          <gpxtpx:TrackPointExtension>
            <gpxtpx:hr>157</gpxtpx:hr>
          </gpxtpx:TrackPointExtension>
        </extensions>
      </trkpt>
      <trkpt lat="1.3948028806722987" lon="103.89709638224898">
        <ele>15.639415400102735</ele>
        <time>2026-09-14T23:23:19Z</time>
        <extensions>
          <gpxtpx:TrackPointExtension>
            <gpxtpx:hr>157</gpxtpx:hr>
          </gpxtpx:TrackPointExtension>
        </extensions>
      </trkpt>
      <trkpt lat="1.3947962256421833" lon="103.89712725823058">
        <ele>15.622453656978905</ele>
        <time>2026-09-14T23:23:20Z</time>
        <extensions>
          <gpxtpx:TrackPointExtension>
            <gpxtpx:hr>157</gpxtpx:hr>
          </gpxtpx:TrackPointExtension>
        </extensions>
      </trkpt>
      <trkpt lat="1.3947910638827687" lon="103.89715560066294">
        <ele>15.599305687472224</ele>
        <time>2026-09-14T23:23:21Z</time>
        <extensions>
          <gpxtpx:TrackPointExtension>
            <gpxtpx:hr>157</gpxtpx:hr>
          </gpxtpx:TrackPointExtension>
        </extensions>
      </trkpt>
      <trkpt lat="1.394787129897356" lon="103.89718337729134">
        <ele>15.573434024117887</ele>
        <time>2026-09-14T23:23:22Z</time>
        <extensions>
          <gpxtpx:TrackPointExtension>
            <gpxtpx:hr>157</gpxtpx:hr>
          </gpxtpx:TrackPointExtension>
        </extensions>
      </trkpt>
      <trkpt lat="1.39478400286953" lon="103.89721089392803">
        <ele>15.547516099177301</ele>
        <time>2026-09-14T23:23:23Z</time>
        <extensions>
          <gpxtpx:TrackPointExtension>
            <gpxtpx:hr>157</gpxtpx:hr>
          </gpxtpx:TrackPointExtension>
        </extensions>
      </trkpt>
      <trkpt lat="1.3947812279122724" lon="103.89723831440891">
        <ele>15.523221940733492</ele>
        <time>2026-09-14T23:23:24Z</time>
        <extensions>
          <gpxtpx:TrackPointExtension>
            <gpxtpx:hr>157</gpxtpx:hr>
          </gpxtpx:TrackPointExtension>
        </extensions>
      </trkpt>
      <trkpt lat="1.3947785671061719" lon="103.89726576622942">
        <ele>15.501043849624693</ele>
        <time>2026-09-14T23:23:25Z</time>
        <extensions>
          <gpxtpx:TrackPointExtension>
            <gpxtpx:hr>157</gpxtpx:hr>
          </gpxtpx:TrackPointExtension>
        </extensions>
      </trkpt>
      <trkpt lat="1.3947758419565446" lon="103.89729352205131">
        <ele>15.480719725601375</ele>
        <time>2026-09-14T23:23:26Z</time>
        <extensions>
          <gpxtpx:TrackPointExtension>
            <gpxtpx:hr>157</gpxtpx:hr>
          </gpxtpx:TrackPointExtension>
        </extensions>
      </trkpt>
      <trkpt lat="1.3947728840723965" lon="103.89732138872854">
        <ele>15.461830013431609</ele>
        <time>2026-09-14T23:23:27Z</time>
        <extensions>
          <gpxtpx:TrackPointExtension>
            <gpxtpx:hr>157</gpxtpx:hr>
          </gpxtpx:TrackPointExtension>
        </extensions>
      </trkpt>
      <trkpt lat="1.3947696408190426" lon="103.89734923563563">
        <ele>15.44413819629699</ele>
        <time>2026-09-14T23:23:28Z</time>
        <extensions>
          <gpxtpx:TrackPointExtension>
            <gpxtpx:hr>157</gpxtpx:hr>
          </gpxtpx:TrackPointExtension>
        </extensions>
      </trkpt>
      <trkpt lat="1.3947659706026736" lon="103.89737722623575">
        <ele>15.427707316353917</ele>
        <time>2026-09-14T23:23:29Z</time>
        <extensions>
          <gpxtpx:TrackPointExtension>
            <gpxtpx:hr>158</gpxtpx:hr>
          </gpxtpx:TrackPointExtension>
        </extensions>
      </trkpt>
      <trkpt lat="1.3947619010227008" lon="103.89740548245328">
        <ele>15.412881852127612</ele>
        <time>2026-09-14T23:23:30Z</time>
        <extensions>
          <gpxtpx:TrackPointExtension>
            <gpxtpx:hr>158</gpxtpx:hr>
          </gpxtpx:TrackPointExtension>
        </extensions>
      </trkpt>
      <trkpt lat="1.3947574002896392" lon="103.89743401199348">
        <ele>15.400138795375824</ele>
        <time>2026-09-14T23:23:31Z</time>
        <extensions>
          <gpxtpx:TrackPointExtension>
            <gpxtpx:hr>158</gpxtpx:hr>
          </gpxtpx:TrackPointExtension>
        </extensions>
      </trkpt>
      <trkpt lat="1.394752453475218" lon="103.89746241338429">
        <ele>15.38987912144512</ele>
        <time>2026-09-14T23:23:32Z</time>
        <extensions>
          <gpxtpx:TrackPointExtension>
            <gpxtpx:hr>158</gpxtpx:hr>
          </gpxtpx:TrackPointExtension>
        </extensions>
      </trkpt>
      <trkpt lat="1.3947471981240092" lon="103.89749049803684">
        <ele>15.382281016558409</ele>
        <time>2026-09-14T23:23:33Z</time>
        <extensions>
          <gpxtpx:TrackPointExtension>
            <gpxtpx:hr>158</gpxtpx:hr>
          </gpxtpx:TrackPointExtension>
        </extensions>
      </trkpt>
      <trkpt lat="1.3947416937570913" lon="103.89751821874378">
        <ele>15.377215503714979</ele>
        <time>2026-09-14T23:23:34Z</time>
        <extensions>
          <gpxtpx:TrackPointExtension>
            <gpxtpx:hr>158</gpxtpx:hr>
          </gpxtpx:TrackPointExtension>
        </extensions>
      </trkpt>
      <trkpt lat="1.3947362352674362" lon="103.89754550239152">
        <ele>15.374229753389955</ele>
        <time>2026-09-14T23:23:35Z</time>
        <extensions>
          <gpxtpx:TrackPointExtension>
            <gpxtpx:hr>158</gpxtpx:hr>
          </gpxtpx:TrackPointExtension>
        </extensions>
      </trkpt>
      <trkpt lat="1.3947313114508995" lon="103.89757213592343">
        <ele>15.372664595022798</ele>
        <time>2026-09-14T23:23:36Z</time>
        <extensions>
          <gpxtpx:TrackPointExtension>
            <gpxtpx:hr>158</gpxtpx:hr>
          </gpxtpx:TrackPointExtension>
        </extensions>
      </trkpt>
      <trkpt lat="1.394727607656864" lon="103.89759800462028">
        <ele>15.371837764047086</ele>
        <time>2026-09-14T23:23:37Z</time>
        <extensions>
          <gpxtpx:TrackPointExtension>
            <gpxtpx:hr>158</gpxtpx:hr>
          </gpxtpx:TrackPointExtension>
        </extensions>
      </trkpt>
      <trkpt lat="1.3947257031554616" lon="103.89762339446477">
        <ele>15.371185534633696</ele>
        <time>2026-09-14T23:23:38Z</time>
        <extensions>
          <gpxtpx:TrackPointExtension>
            <gpxtpx:hr>158</gpxtpx:hr>
          </gpxtpx:TrackPointExtension>
        </extensions>
      </trkpt>
      <trkpt lat="1.3947260123914644" lon="103.89764849281195">
        <ele>15.37036248203367</ele>
        <time>2026-09-14T23:23:39Z</time>
        <extensions>
          <gpxtpx:TrackPointExtension>
            <gpxtpx:hr>158</gpxtpx:hr>
          </gpxtpx:TrackPointExtension>
        </extensions>
      </trkpt>
      <trkpt lat="1.394728970350602" lon="103.89767370291133">
        <ele>15.369300303980708</ele>
        <time>2026-09-14T23:23:40Z</time>
        <extensions>
          <gpxtpx:TrackPointExtension>
            <gpxtpx:hr>157</gpxtpx:hr>
          </gpxtpx:TrackPointExtension>
        </extensions>
      </trkpt>
      <trkpt lat="1.3947347726297705" lon="103.89769921261326">
        <ele>15.368200534023345</ele>
        <time>2026-09-14T23:23:41Z</time>
        <extensions>
          <gpxtpx:TrackPointExtension>
            <gpxtpx:hr>157</gpxtpx:hr>
          </gpxtpx:TrackPointExtension>
        </extensions>
      </trkpt>
      <trkpt lat="1.3947435804833197" lon="103.89772451828027">
        <ele>15.367474206723273</ele>
        <time>2026-09-14T23:23:42Z</time>
        <extensions>
          <gpxtpx:TrackPointExtension>
            <gpxtpx:hr>157</gpxtpx:hr>
          </gpxtpx:TrackPointExtension>
        </extensions>
      </trkpt>
      <trkpt lat="1.3947553014253244" lon="103.89774896742813">
        <ele>15.367604207247496</ele>
        <time>2026-09-14T23:23:43Z</time>
        <extensions>
          <gpxtpx:TrackPointExtension>
            <gpxtpx:hr>157</gpxtpx:hr>
          </gpxtpx:TrackPointExtension>
        </extensions>
      </trkpt>
      <trkpt lat="1.3947696275490642" lon="103.89777169216728">
        <ele>15.368884495459497</ele>
        <time>2026-09-14T23:23:44Z</time>
        <extensions>
          <gpxtpx:TrackPointExtension>
            <gpxtpx:hr>157</gpxtpx:hr>
          </gpxtpx:TrackPointExtension>
        </extensions>
      </trkpt>
      <trkpt lat="1.394786161476474" lon="103.89779203916935">
        <ele>15.371206381358206</ele>
        <time>2026-09-14T23:23:45Z</time>
        <extensions>
          <gpxtpx:TrackPointExtension>
            <gpxtpx:hr>157</gpxtpx:hr>
          </gpxtpx:TrackPointExtension>
        </extensions>
      </trkpt>
      <trkpt lat="1.3948042066906705" lon="103.89780957170983">
        <ele>15.3741261838004</ele>
        <time>2026-09-14T23:23:46Z</time>
        <extensions>
          <gpxtpx:TrackPointExtension>
            <gpxtpx:hr>158</gpxtpx:hr>
          </gpxtpx:TrackPointExtension>
        </extensions>
      </trkpt>
      <trkpt lat="1.3948234716720809" lon="103.89782414705364">
        <ele>15.377145705744624</ele>
        <time>2026-09-14T23:23:47Z</time>
        <extensions>
          <gpxtpx:TrackPointExtension>
            <gpxtpx:hr>158</gpxtpx:hr>
          </gpxtpx:TrackPointExtension>
        </extensions>
      </trkpt>
      <trkpt lat="1.3948437968702494" lon="103.89783616957908">
        <ele>15.379900138825178</ele>
        <time>2026-09-14T23:23:48Z</time>
        <extensions>
          <gpxtpx:TrackPointExtension>
            <gpxtpx:hr>158</gpxtpx:hr>
          </gpxtpx:TrackPointExtension>
        </extensions>
      </trkpt>
      <trkpt lat="1.394864977549194" lon="103.89784612138031">
        <ele>15.382100949063897</ele>
        <time>2026-09-14T23:23:49Z</time>
        <extensions>
          <gpxtpx:TrackPointExtension>
            <gpxtpx:hr>158</gpxtpx:hr>
          </gpxtpx:TrackPointExtension>
        </extensions>
      </trkpt>
      <trkpt lat="1.3948872048555763" lon="103.89785475281401">
        <ele>15.383381532505155</ele>
        <time>2026-09-14T23:23:50Z</time>
        <extensions>
          <gpxtpx:TrackPointExtension>
            <gpxtpx:hr>158</gpxtpx:hr>
          </gpxtpx:TrackPointExtension>
        </extensions>
      </trkpt>
      <trkpt lat="1.3949104378880555" lon="103.89786269832804">
        <ele>15.383180284872651</ele>
        <time>2026-09-14T23:23:51Z</time>
        <extensions>
          <gpxtpx:TrackPointExtension>
            <gpxtpx:hr>159</gpxtpx:hr>
          </gpxtpx:TrackPointExtension>
        </extensions>
      </trkpt>
      <trkpt lat="1.3949345978761258" lon="103.8978703124638">
        <ele>15.380659667775035</ele>
        <time>2026-09-14T23:23:52Z</time>
        <extensions>
          <gpxtpx:TrackPointExtension>
            <gpxtpx:hr>159</gpxtpx:hr>
          </gpxtpx:TrackPointExtension>
        </extensions>
      </trkpt>
      <trkpt lat="1.3949595824260563" lon="103.8978777651326">
        <ele>15.374763475731015</ele>
        <time>2026-09-14T23:23:53Z</time>
        <extensions>
          <gpxtpx:TrackPointExtension>
            <gpxtpx:hr>159</gpxtpx:hr>
          </gpxtpx:TrackPointExtension>
        </extensions>
      </trkpt>
      <trkpt lat="1.3949849818523201" lon="103.89788477967824">
        <ele>15.364539942704141</ele>
        <time>2026-09-14T23:23:54Z</time>
        <extensions>
          <gpxtpx:TrackPointExtension>
            <gpxtpx:hr>159</gpxtpx:hr>
          </gpxtpx:TrackPointExtension>
        </extensions>
      </trkpt>
      <trkpt lat="1.3950105432510402" lon="103.89789105113312">
        <ele>15.349572326987982</ele>
        <time>2026-09-14T23:23:55Z</time>
        <extensions>
          <gpxtpx:TrackPointExtension>
            <gpxtpx:hr>159</gpxtpx:hr>
          </gpxtpx:TrackPointExtension>
        </extensions>
      </trkpt>
      <trkpt lat="1.3950364864998048" lon="103.89789651945578">
        <ele>15.33025561273098</ele>
        <time>2026-09-14T23:23:56Z</time>
        <extensions>
          <gpxtpx:TrackPointExtension>
            <gpxtpx:hr>159</gpxtpx:hr>
          </gpxtpx:TrackPointExtension>
        </extensions>
      </trkpt>
      <trkpt lat="1.3950629540128896" lon="103.89790174372388">
        <ele>15.30792886391282</ele>
        <time>2026-09-14T23:23:57Z</time>
        <extensions>
          <gpxtpx:TrackPointExtension>
            <gpxtpx:hr>159</gpxtpx:hr>
          </gpxtpx:TrackPointExtension>
        </extensions>
      </trkpt>
      <trkpt lat="1.3950895830082668" lon="103.8979073521461">
        <ele>15.284866040572524</ele>
        <time>2026-09-14T23:23:58Z</time>
        <extensions>
          <gpxtpx:TrackPointExtension>
            <gpxtpx:hr>159</gpxtpx:hr>
          </gpxtpx:TrackPointExtension>
        </extensions>
      </trkpt>
      <trkpt lat="1.3951159599540537" lon="103.89791331822713">
        <ele>15.263987521640956</ele>
        <time>2026-09-14T23:23:59Z</time>
        <extensions>
          <gpxtpx:TrackPointExtension>
            <gpxtpx:hr>159</gpxtpx:hr>
          </gpxtpx:TrackPointExtension>
        </extensions>
      </trkpt>
      <trkpt lat="1.3951420278945312" lon="103.89791950678764">
        <ele>15.248388010077178</ele>
        <time>2026-09-14T23:24:00Z</time>
        <extensions>
          <gpxtpx:TrackPointExtension>
            <gpxtpx:hr>159</gpxtpx:hr>
          </gpxtpx:TrackPointExtension>
        </extensions>
      </trkpt>
      <trkpt lat="1.3951682365742875" lon="103.89792576597002">
        <ele>15.240778436884284</ele>
        <time>2026-09-14T23:24:01Z</time>
        <extensions>
          <gpxtpx:TrackPointExtension>
            <gpxtpx:hr>159</gpxtpx:hr>
          </gpxtpx:TrackPointExtension>
        </extensions>
      </trkpt>
      <trkpt lat="1.395194843389566" lon="103.89793209228552">
        <ele>15.242749919183552</ele>
        <time>2026-09-14T23:24:02Z</time>
        <extensions>
          <gpxtpx:TrackPointExtension>
            <gpxtpx:hr>159</gpxtpx:hr>
          </gpxtpx:TrackPointExtension>
        </extensions>
      </trkpt>
      <trkpt lat="1.39522165088636" lon="103.89793850415823">
        <ele>15.254165426827967</ele>
        <time>2026-09-14T23:24:03Z</time>
        <extensions>
          <gpxtpx:TrackPointExtension>
            <gpxtpx:hr>159</gpxtpx:hr>
          </gpxtpx:TrackPointExtension>
        </extensions>
      </trkpt>
      <trkpt lat="1.3952484475087326" lon="103.89794496904659">
        <ele>15.273106814362109</ele>
        <time>2026-09-14T23:24:04Z</time>
        <extensions>
          <gpxtpx:TrackPointExtension>
            <gpxtpx:hr>159</gpxtpx:hr>
          </gpxtpx:TrackPointExtension>
        </extensions>
      </trkpt>
      <trkpt lat="1.3952749375816773" lon="103.89795137106766">
        <ele>15.296186560764909</ele>
        <time>2026-09-14T23:24:05Z</time>
        <extensions>
          <gpxtpx:TrackPointExtension>
            <gpxtpx:hr>160</gpxtpx:hr>
          </gpxtpx:TrackPointExtension>
        </extensions>
      </trkpt>
      <trkpt lat="1.395300972850609" lon="103.89795752408004">
        <ele>15.319222203455865</ele>
        <time>2026-09-14T23:24:06Z</time>
        <extensions>
          <gpxtpx:TrackPointExtension>
            <gpxtpx:hr>160</gpxtpx:hr>
          </gpxtpx:TrackPointExtension>
        </extensions>
      </trkpt>
      <trkpt lat="1.3953264080916876" lon="103.89796340903187">
        <ele>15.338507629930973</ele>
        <time>2026-09-14T23:24:07Z</time>
        <extensions>
          <gpxtpx:TrackPointExtension>
            <gpxtpx:hr>160</gpxtpx:hr>
          </gpxtpx:TrackPointExtension>
        </extensions>
      </trkpt>
      <trkpt lat="1.395351439795822" lon="103.8979689287721">
        <ele>15.351937109604478</ele>
        <time>2026-09-14T23:24:08Z</time>
        <extensions>
          <gpxtpx:TrackPointExtension>
            <gpxtpx:hr>160</gpxtpx:hr>
          </gpxtpx:TrackPointExtension>
        </extensions>
      </trkpt>
      <trkpt lat="1.3953764069829286" lon="103.89797440416868">
        <ele>15.359117647632957</ele>
        <time>2026-09-14T23:24:09Z</time>
        <extensions>
          <gpxtpx:TrackPointExtension>
            <gpxtpx:hr>160</gpxtpx:hr>
          </gpxtpx:TrackPointExtension>
        </extensions>
      </trkpt>
      <trkpt lat="1.3954012205057726" lon="103.89798049834916">
        <ele>15.360803962685168</ele>
        <time>2026-09-14T23:24:10Z</time>
        <extensions>
          <gpxtpx:TrackPointExtension>
            <gpxtpx:hr>158</gpxtpx:hr>
          </gpxtpx:TrackPointExtension>
        </extensions>
      </trkpt>
      <trkpt lat="1.395425718378293" lon="103.89798738998616">
        <ele>15.358285209164023</ele>
        <time>2026-09-14T23:24:11Z</time>
        <extensions>
          <gpxtpx:TrackPointExtension>
            <gpxtpx:hr>158</gpxtpx:hr>
          </gpxtpx:TrackPointExtension>
        </extensions>
      </trkpt>
      <trkpt lat="1.3954497662600285" lon="103.89799508083152">
        <ele>15.352842070162296</ele>
        <time>2026-09-14T23:24:12Z</time>
        <extensions>
          <gpxtpx:TrackPointExtension>
            <gpxtpx:hr>158</gpxtpx:hr>
          </gpxtpx:TrackPointExtension>
        </extensions>
      </trkpt>
      <trkpt lat="1.3954735321896228" lon="103.8980035357982">
        <ele>15.345354091376066</ele>
        <time>2026-09-14T23:24:13Z</time>
        <extensions>
          <gpxtpx:TrackPointExtension>
            <gpxtpx:hr>158</gpxtpx:hr>
          </gpxtpx:TrackPointExtension>
        </extensions>
      </trkpt>
      <trkpt lat="1.3954973079459327" lon="103.89801212467853">
        <ele>15.336202597245574</ele>
        <time>2026-09-14T23:24:14Z</time>
        <extensions>
          <gpxtpx:TrackPointExtension>
            <gpxtpx:hr>158</gpxtpx:hr>
          </gpxtpx:TrackPointExtension>
        </extensions>
      </trkpt>
      <trkpt lat="1.3955210005847458" lon="103.89801947807493">
        <ele>15.325415639206767</ele>
        <time>2026-09-14T23:24:15Z</time>
        <extensions>
          <gpxtpx:TrackPointExtension>
            <gpxtpx:hr>158</gpxtpx:hr>
          </gpxtpx:TrackPointExtension>
        </extensions>
      </trkpt>
      <trkpt lat="1.3955449309450967" lon="103.89802492309948">
        <ele>15.313009591773152</ele>
        <time>2026-09-14T23:24:16Z</time>
        <extensions>
          <gpxtpx:TrackPointExtension>
            <gpxtpx:hr>158</gpxtpx:hr>
          </gpxtpx:TrackPointExtension>
        </extensions>
      </trkpt>
      <trkpt lat="1.3955699762274438" lon="103.89802879318661">
        <ele>15.299587585963309</ele>
        <time>2026-09-14T23:24:17Z</time>
        <extensions>
          <gpxtpx:TrackPointExtension>
            <gpxtpx:hr>158</gpxtpx:hr>
          </gpxtpx:TrackPointExtension>
        </extensions>
      </trkpt>
      <trkpt lat="1.39560006784435" lon="103.89803148957728">
        <ele>15.286079888232052</ele>
        <time>2026-09-14T23:24:18Z</time>
        <extensions>
          <gpxtpx:TrackPointExtension>
            <gpxtpx:hr>158</gpxtpx:hr>
          </gpxtpx:TrackPointExtension>
        </extensions>
      </trkpt>
      <trkpt lat="1.3956279570183727" lon="103.89803267262995">
        <ele>15.278744923882186</ele>
        <time>2026-09-14T23:24:19Z</time>
        <extensions>
          <gpxtpx:TrackPointExtension>
            <gpxtpx:hr>158</gpxtpx:hr>
          </gpxtpx:TrackPointExtension>
        </extensions>
      </trkpt>
      <trkpt lat="1.3956556072987676" lon="103.89803283717974">
        <ele>15.27839095890522</ele>
        <time>2026-09-14T23:24:20Z</time>
        <extensions>
          <gpxtpx:TrackPointExtension>
            <gpxtpx:hr>158</gpxtpx:hr>
          </gpxtpx:TrackPointExtension>
        </extensions>
      </trkpt>
      <trkpt lat="1.3956823628128288" lon="103.89803194946313">
        <ele>15.286162242293358</ele>
        <time>2026-09-14T23:24:21Z</time>
        <extensions>
          <gpxtpx:TrackPointExtension>
            <gpxtpx:hr>158</gpxtpx:hr>
          </gpxtpx:TrackPointExtension>
        </extensions>
      </trkpt>
      <trkpt lat="1.3957081971372955" lon="103.8980298702551">
        <ele>15.301717198453844</ele>
        <time>2026-09-14T23:24:22Z</time>
        <extensions>
          <gpxtpx:TrackPointExtension>
            <gpxtpx:hr>158</gpxtpx:hr>
          </gpxtpx:TrackPointExtension>
        </extensions>
      </trkpt>
      <trkpt lat="1.3957305061536334" lon="103.89802686211377">
        <ele>15.32024106848985</ele>
        <time>2026-09-14T23:24:23Z</time>
        <extensions>
          <gpxtpx:TrackPointExtension>
            <gpxtpx:hr>158</gpxtpx:hr>
          </gpxtpx:TrackPointExtension>
        </extensions>
      </trkpt>
      <trkpt lat="1.3957559288215864" lon="103.89802263500253">
        <ele>15.344765356741846</ele>
        <time>2026-09-14T23:24:24Z</time>
        <extensions>
          <gpxtpx:TrackPointExtension>
            <gpxtpx:hr>158</gpxtpx:hr>
          </gpxtpx:TrackPointExtension>
        </extensions>
      </trkpt>
      <trkpt lat="1.3957844214919817" lon="103.8980174460726">
        <ele>15.375591195188463</ele>
        <time>2026-09-14T23:24:25Z</time>
        <extensions>
          <gpxtpx:TrackPointExtension>
            <gpxtpx:hr>159</gpxtpx:hr>
          </gpxtpx:TrackPointExtension>
        </extensions>
      </trkpt>
      <trkpt lat="1.3958097808000636" lon="103.89801236595906">
        <ele>15.40562698058784</ele>
        <time>2026-09-14T23:24:26Z</time>
        <extensions>
          <gpxtpx:TrackPointExtension>
            <gpxtpx:hr>159</gpxtpx:hr>
          </gpxtpx:TrackPointExtension>
        </extensions>
      </trkpt>
      <trkpt lat="1.395831997920639" lon="103.89800752954177">
        <ele>15.433397722430527</ele>
        <time>2026-09-14T23:24:27Z</time>
        <extensions>
          <gpxtpx:TrackPointExtension>
            <gpxtpx:hr>159</gpxtpx:hr>
          </gpxtpx:TrackPointExtension>
        </extensions>
      </trkpt>
      <trkpt lat="1.3958570660396379" lon="103.8980015713231">
        <ele>15.465389722026885</ele>
        <time>2026-09-14T23:24:28Z</time>
        <extensions>
          <gpxtpx:TrackPointExtension>
            <gpxtpx:hr>159</gpxtpx:hr>
          </gpxtpx:TrackPointExtension>
        </extensions>
      </trkpt>
      <trkpt lat="1.3958818635562833" lon="103.8979950450693">
        <ele>15.496852838434279</ele>
        <time>2026-09-14T23:24:29Z</time>
        <extensions>
          <gpxtpx:TrackPointExtension>
            <gpxtpx:hr>159</gpxtpx:hr>
          </gpxtpx:TrackPointExtension>
        </extensions>
      </trkpt>
      <trkpt lat="1.395906400160464" lon="103.89798787166569">
        <ele>15.527053694240749</ele>
        <time>2026-09-14T23:24:30Z</time>
        <extensions>
          <gpxtpx:TrackPointExtension>
            <gpxtpx:hr>159</gpxtpx:hr>
          </gpxtpx:TrackPointExtension>
        </extensions>
      </trkpt>
      <trkpt lat="1.3959307279449782" lon="103.89798002627393">
        <ele>15.555592726916075</ele>
        <time>2026-09-14T23:24:31Z</time>
        <extensions>
          <gpxtpx:TrackPointExtension>
            <gpxtpx:hr>159</gpxtpx:hr>
          </gpxtpx:TrackPointExtension>
        </extensions>
      </trkpt>
      <trkpt lat="1.395954842984798" lon="103.89797150580507">
        <ele>15.582329373806715</ele>
        <time>2026-09-14T23:24:32Z</time>
        <extensions>
          <gpxtpx:TrackPointExtension>
            <gpxtpx:hr>159</gpxtpx:hr>
          </gpxtpx:TrackPointExtension>
        </extensions>
      </trkpt>
      <trkpt lat="1.3959786992952115" lon="103.89796236586551">
        <ele>15.60735836904496</ele>
        <time>2026-09-14T23:24:33Z</time>
        <extensions>
          <gpxtpx:TrackPointExtension>
            <gpxtpx:hr>159</gpxtpx:hr>
          </gpxtpx:TrackPointExtension>
        </extensions>
      </trkpt>
      <trkpt lat="1.3960022436988333" lon="103.89795265119278">
        <ele>15.630957270041108</ele>
        <time>2026-09-14T23:24:34Z</time>
        <extensions>
          <gpxtpx:TrackPointExtension>
            <gpxtpx:hr>159</gpxtpx:hr>
          </gpxtpx:TrackPointExtension>
        </extensions>
      </trkpt>
      <trkpt lat="1.3960254655077562" lon="103.89794238124404">
        <ele>15.65345302503556</ele>
        <time>2026-09-14T23:24:35Z</time>
        <extensions>
          <gpxtpx:TrackPointExtension>
            <gpxtpx:hr>159</gpxtpx:hr>
          </gpxtpx:TrackPointExtension>
        </extensions>
      </trkpt>
      <trkpt lat="1.396048371061686" lon="103.89793157229485">
        <ele>15.67509556375444</ele>
        <time>2026-09-14T23:24:36Z</time>
        <extensions>
          <gpxtpx:TrackPointExtension>
            <gpxtpx:hr>159</gpxtpx:hr>
          </gpxtpx:TrackPointExtension>
        </extensions>
      </trkpt>
      <trkpt lat="1.3960709926029264" lon="103.89792022091542">
        <ele>15.696023921482265</ele>
        <time>2026-09-14T23:24:37Z</time>
        <extensions>
          <gpxtpx:TrackPointExtension>
            <gpxtpx:hr>159</gpxtpx:hr>
          </gpxtpx:TrackPointExtension>
        </extensions>
      </trkpt>
      <trkpt lat="1.3960933242866076" lon="103.8979083915805">
        <ele>15.716299602761865</ele>
        <time>2026-09-14T23:24:38Z</time>
        <extensions>
          <gpxtpx:TrackPointExtension>
            <gpxtpx:hr>159</gpxtpx:hr>
          </gpxtpx:TrackPointExtension>
        </extensions>
      </trkpt>
      <trkpt lat="1.3961152327407238" lon="103.8978961504731">
        <ele>15.735939772799611</ele>
        <time>2026-09-14T23:24:39Z</time>
        <extensions>
          <gpxtpx:TrackPointExtension>
            <gpxtpx:hr>159</gpxtpx:hr>
          </gpxtpx:TrackPointExtension>
        </extensions>
      </trkpt>
      <trkpt lat="1.3961366097434906" lon="103.89788354262204">
        <ele>15.7549158167094</ele>
        <time>2026-09-14T23:24:40Z</time>
        <extensions>
          <gpxtpx:TrackPointExtension>
            <gpxtpx:hr>159</gpxtpx:hr>
          </gpxtpx:TrackPointExtension>
        </extensions>
      </trkpt>
      <trkpt lat="1.3961574221599187" lon="103.89787061437173">
        <ele>15.77315354719758</ele>
        <time>2026-09-14T23:24:41Z</time>
        <extensions>
          <gpxtpx:TrackPointExtension>
            <gpxtpx:hr>159</gpxtpx:hr>
          </gpxtpx:TrackPointExtension>
        </extensions>
      </trkpt>
      <trkpt lat="1.396177683773322" lon="103.89785737031762">
        <ele>15.790579346939921</ele>
        <time>2026-09-14T23:24:42Z</time>
        <extensions>
          <gpxtpx:TrackPointExtension>
            <gpxtpx:hr>159</gpxtpx:hr>
          </gpxtpx:TrackPointExtension>
        </extensions>
      </trkpt>
      <trkpt lat="1.3961974357228744" lon="103.89784381613984">
        <ele>15.807212634943426</ele>
        <time>2026-09-14T23:24:43Z</time>
        <extensions>
          <gpxtpx:TrackPointExtension>
            <gpxtpx:hr>159</gpxtpx:hr>
          </gpxtpx:TrackPointExtension>
        </extensions>
      </trkpt>
      <trkpt lat="1.3962167094885853" lon="103.89782995492693">
        <ele>15.823208660818636</ele>
        <time>2026-09-14T23:24:44Z</time>
        <extensions>
          <gpxtpx:TrackPointExtension>
            <gpxtpx:hr>159</gpxtpx:hr>
          </gpxtpx:TrackPointExtension>
        </extensions>
      </trkpt>
      <trkpt lat="1.3962355334834753" lon="103.89781582550114">
        <ele>15.838759964331985</ele>
        <time>2026-09-14T23:24:45Z</time>
        <extensions>
          <gpxtpx:TrackPointExtension>
            <gpxtpx:hr>159</gpxtpx:hr>
          </gpxtpx:TrackPointExtension>
        </extensions>
      </trkpt>
      <trkpt lat="1.3962530460502849" lon="103.89780101076047">
        <ele>15.853963796049356</ele>
        <time>2026-09-14T23:24:46Z</time>
        <extensions>
          <gpxtpx:TrackPointExtension>
            <gpxtpx:hr>159</gpxtpx:hr>
          </gpxtpx:TrackPointExtension>
        </extensions>
      </trkpt>
      <trkpt lat="1.3962688969894639" lon="103.89778503265173">
        <ele>15.86879208497703</ele>
        <time>2026-09-14T23:24:47Z</time>
        <extensions>
          <gpxtpx:TrackPointExtension>
            <gpxtpx:hr>159</gpxtpx:hr>
          </gpxtpx:TrackPointExtension>
        </extensions>
      </trkpt>
      <trkpt lat="1.396283875030067" lon="103.89776772989136">
        <ele>15.883164837956429</ele>
        <time>2026-09-14T23:24:48Z</time>
        <extensions>
          <gpxtpx:TrackPointExtension>
            <gpxtpx:hr>159</gpxtpx:hr>
          </gpxtpx:TrackPointExtension>
        </extensions>
      </trkpt>
      <trkpt lat="1.3962983796521335" lon="103.8977489927606">
        <ele>15.897044819779694</ele>
        <time>2026-09-14T23:24:49Z</time>
        <extensions>
          <gpxtpx:TrackPointExtension>
            <gpxtpx:hr>159</gpxtpx:hr>
          </gpxtpx:TrackPointExtension>
        </extensions>
      </trkpt>
      <trkpt lat="1.396312585314857" lon="103.89772903405625">
        <ele>15.910487903282046</ele>
        <time>2026-09-14T23:24:50Z</time>
        <extensions>
          <gpxtpx:TrackPointExtension>
            <gpxtpx:hr>159</gpxtpx:hr>
          </gpxtpx:TrackPointExtension>
        </extensions>
      </trkpt>
      <trkpt lat="1.396326316204423" lon="103.89770820701702">
        <ele>15.923666690476239</ele>
        <time>2026-09-14T23:24:51Z</time>
        <extensions>
          <gpxtpx:TrackPointExtension>
            <gpxtpx:hr>159</gpxtpx:hr>
          </gpxtpx:TrackPointExtension>
        </extensions>
      </trkpt>
      <trkpt lat="1.396339456858872" lon="103.89768676942401">
        <ele>15.93681503739208</ele>
        <time>2026-09-14T23:24:52Z</time>
        <extensions>
          <gpxtpx:TrackPointExtension>
            <gpxtpx:hr>159</gpxtpx:hr>
          </gpxtpx:TrackPointExtension>
        </extensions>
      </trkpt>
      <trkpt lat="1.396351848110107" lon="103.89766489561431">
        <ele>15.950080817565322</ele>
        <time>2026-09-14T23:24:53Z</time>
        <extensions>
          <gpxtpx:TrackPointExtension>
            <gpxtpx:hr>159</gpxtpx:hr>
          </gpxtpx:TrackPointExtension>
        </extensions>
      </trkpt>
      <trkpt lat="1.3963632944397124" lon="103.89764263941522">
        <ele>15.963425100781024</ele>
        <time>2026-09-14T23:24:54Z</time>
        <extensions>
          <gpxtpx:TrackPointExtension>
            <gpxtpx:hr>159</gpxtpx:hr>
          </gpxtpx:TrackPointExtension>
        </extensions>
      </trkpt>
      <trkpt lat="1.3963738470083389" lon="103.89762015606006">
        <ele>15.976701772771776</ele>
        <time>2026-09-14T23:24:55Z</time>
        <extensions>
          <gpxtpx:TrackPointExtension>
            <gpxtpx:hr>159</gpxtpx:hr>
          </gpxtpx:TrackPointExtension>
        </extensions>
      </trkpt>
      <trkpt lat="1.3963836146176438" lon="103.89759753253854">
        <ele>15.989844247698784</ele>
        <time>2026-09-14T23:24:56Z</time>
        <extensions>
          <gpxtpx:TrackPointExtension>
            <gpxtpx:hr>159</gpxtpx:hr>
          </gpxtpx:TrackPointExtension>
        </extensions>
      </trkpt>
      <trkpt lat="1.3963929043954038" lon="103.89757471308292">
        <ele>16.00295454263687</ele>
        <time>2026-09-14T23:24:57Z</time>
        <extensions>
          <gpxtpx:TrackPointExtension>
            <gpxtpx:hr>159</gpxtpx:hr>
          </gpxtpx:TrackPointExtension>
        </extensions>
      </trkpt>
      <trkpt lat="1.3964017730144376" lon="103.89755181796468">
        <ele>16.016246215440333</ele>
        <time>2026-09-14T23:24:58Z</time>
        <extensions>
          <gpxtpx:TrackPointExtension>
            <gpxtpx:hr>159</gpxtpx:hr>
          </gpxtpx:TrackPointExtension>
        </extensions>
      </trkpt>
      <trkpt lat="1.3964103190070183" lon="103.89752899383399">
        <ele>16.029940060339868</ele>
        <time>2026-09-14T23:24:59Z</time>
        <extensions>
          <gpxtpx:TrackPointExtension>
            <gpxtpx:hr>159</gpxtpx:hr>
          </gpxtpx:TrackPointExtension>
        </extensions>
      </trkpt>
      <trkpt lat="1.3964187617378516" lon="103.89750629972747">
        <ele>16.044209761545062</ele>
        <time>2026-09-14T23:25:00Z</time>
        <extensions>
          <gpxtpx:TrackPointExtension>
            <gpxtpx:hr>159</gpxtpx:hr>
          </gpxtpx:TrackPointExtension>
        </extensions>
      </trkpt>
      <trkpt lat="1.3964272729573908" lon="103.89748361176636">
        <ele>16.05914697330445</ele>
        <time>2026-09-14T23:25:01Z</time>
        <extensions>
          <gpxtpx:TrackPointExtension>
            <gpxtpx:hr>159</gpxtpx:hr>
          </gpxtpx:TrackPointExtension>
        </extensions>
      </trkpt>
      <trkpt lat="1.3964361252618593" lon="103.89746086163181">
        <ele>16.074823962524533</ele>
        <time>2026-09-14T23:25:02Z</time>
        <extensions>
          <gpxtpx:TrackPointExtension>
            <gpxtpx:hr>159</gpxtpx:hr>
          </gpxtpx:TrackPointExtension>
        </extensions>
      </trkpt>
      <trkpt lat="1.3964453759123294" lon="103.89743822071162">
        <ele>16.09140184894204</ele>
        <time>2026-09-14T23:25:03Z</time>
        <extensions>
          <gpxtpx:TrackPointExtension>
            <gpxtpx:hr>159</gpxtpx:hr>
          </gpxtpx:TrackPointExtension>
        </extensions>
      </trkpt>
      <trkpt lat="1.3964551166823789" lon="103.89741591644137">
        <ele>16.109272131696343</ele>
        <time>2026-09-14T23:25:04Z</time>
        <extensions>
          <gpxtpx:TrackPointExtension>
            <gpxtpx:hr>159</gpxtpx:hr>
          </gpxtpx:TrackPointExtension>
        </extensions>
      </trkpt>
      <trkpt lat="1.396465329808984" lon="103.89739396993295">
        <ele>16.12886704225093</ele>
        <time>2026-09-14T23:25:05Z</time>
        <extensions>
          <gpxtpx:TrackPointExtension>
            <gpxtpx:hr>159</gpxtpx:hr>
          </gpxtpx:TrackPointExtension>
        </extensions>
      </trkpt>
      <trkpt lat="1.3964760220880361" lon="103.89737213354958">
        <ele>16.150444214232266</ele>
        <time>2026-09-14T23:25:06Z</time>
        <extensions>
          <gpxtpx:TrackPointExtension>
            <gpxtpx:hr>159</gpxtpx:hr>
          </gpxtpx:TrackPointExtension>
        </extensions>
      </trkpt>
      <trkpt lat="1.3964871805475978" lon="103.89735040337473">
        <ele>16.17372866999358</ele>
        <time>2026-09-14T23:25:07Z</time>
        <extensions>
          <gpxtpx:TrackPointExtension>
            <gpxtpx:hr>159</gpxtpx:hr>
          </gpxtpx:TrackPointExtension>
        </extensions>
      </trkpt>
      <trkpt lat="1.3964985864971795" lon="103.89732892532182">
        <ele>16.19806574471295</ele>
        <time>2026-09-14T23:25:08Z</time>
        <extensions>
          <gpxtpx:TrackPointExtension>
            <gpxtpx:hr>159</gpxtpx:hr>
          </gpxtpx:TrackPointExtension>
        </extensions>
      </trkpt>
      <trkpt lat="1.3965101729589757" lon="103.89730783937074">
        <ele>16.22249404899776</ele>
        <time>2026-09-14T23:25:09Z</time>
        <extensions>
          <gpxtpx:TrackPointExtension>
            <gpxtpx:hr>159</gpxtpx:hr>
          </gpxtpx:TrackPointExtension>
        </extensions>
      </trkpt>
      <trkpt lat="1.39652170765721" lon="103.89728728457276">
        <ele>16.245868811383843</ele>
        <time>2026-09-14T23:25:10Z</time>
        <extensions>
          <gpxtpx:TrackPointExtension>
            <gpxtpx:hr>159</gpxtpx:hr>
          </gpxtpx:TrackPointExtension>
        </extensions>
      </trkpt>
      <trkpt lat="1.396532955439738" lon="103.89726712444606">
        <ele>16.266913576051593</ele>
        <time>2026-09-14T23:25:11Z</time>
        <extensions>
          <gpxtpx:TrackPointExtension>
            <gpxtpx:hr>159</gpxtpx:hr>
          </gpxtpx:TrackPointExtension>
        </extensions>
      </trkpt>
      <trkpt lat="1.3965437351990595" lon="103.89724717822514">
        <ele>16.284291102550924</ele>
        <time>2026-09-14T23:25:12Z</time>
        <extensions>
          <gpxtpx:TrackPointExtension>
            <gpxtpx:hr>159</gpxtpx:hr>
          </gpxtpx:TrackPointExtension>
        </extensions>
      </trkpt>
      <trkpt lat="1.3965538851838235" lon="103.8972271798066">
        <ele>16.296539006754756</ele>
        <time>2026-09-14T23:25:13Z</time>
        <extensions>
          <gpxtpx:TrackPointExtension>
            <gpxtpx:hr>158</gpxtpx:hr>
          </gpxtpx:TrackPointExtension>
        </extensions>
      </trkpt>
      <trkpt lat="1.3965635885677934" lon="103.89720668685513">
        <ele>16.302151116542518</ele>
        <time>2026-09-14T23:25:14Z</time>
        <extensions>
          <gpxtpx:TrackPointExtension>
            <gpxtpx:hr>158</gpxtpx:hr>
          </gpxtpx:TrackPointExtension>
        </extensions>
      </trkpt>
      <trkpt lat="1.3965729494258552" lon="103.89718547189099">
        <ele>16.29980884026736</ele>
        <time>2026-09-14T23:25:15Z</time>
        <extensions>
          <gpxtpx:TrackPointExtension>
            <gpxtpx:hr>158</gpxtpx:hr>
          </gpxtpx:TrackPointExtension>
        </extensions>
      </trkpt>
      <trkpt lat="1.396582004447481" lon="103.89716359032501">
        <ele>16.2891695946455</ele>
        <time>2026-09-14T23:25:16Z</time>
        <extensions>
          <gpxtpx:TrackPointExtension>
            <gpxtpx:hr>158</gpxtpx:hr>
          </gpxtpx:TrackPointExtension>
        </extensions>
      </trkpt>
      <trkpt lat="1.3965916420041031" lon="103.89713900090517">
        <ele>16.269419932737947</ele>
        <time>2026-09-14T23:25:17Z</time>
        <extensions>
          <gpxtpx:TrackPointExtension>
            <gpxtpx:hr>158</gpxtpx:hr>
          </gpxtpx:TrackPointExtension>
        </extensions>
      </trkpt>
      <trkpt lat="1.3966002516196534" lon="103.89711621018101">
        <ele>16.249896163120866</ele>
        <time>2026-09-14T23:25:18Z</time>
        <extensions>
          <gpxtpx:TrackPointExtension>
            <gpxtpx:hr>158</gpxtpx:hr>
          </gpxtpx:TrackPointExtension>
        </extensions>
      </trkpt>
      <trkpt lat="1.3966087637500288" lon="103.8970934193161">
        <ele>16.228587264195085</ele>
        <time>2026-09-14T23:25:19Z</time>
        <extensions>
          <gpxtpx:TrackPointExtension>
            <gpxtpx:hr>157</gpxtpx:hr>
          </gpxtpx:TrackPointExtension>
        </extensions>
      </trkpt>
      <trkpt lat="1.396617135724493" lon="103.89707073626916">
        <ele>16.209386190399528</ele>
        <time>2026-09-14T23:25:20Z</time>
        <extensions>
          <gpxtpx:TrackPointExtension>
            <gpxtpx:hr>157</gpxtpx:hr>
          </gpxtpx:TrackPointExtension>
        </extensions>
      </trkpt>
      <trkpt lat="1.3966253298388378" lon="103.8970483373352">
        <ele>16.19452887866646</ele>
        <time>2026-09-14T23:25:21Z</time>
        <extensions>
          <gpxtpx:TrackPointExtension>
            <gpxtpx:hr>157</gpxtpx:hr>
          </gpxtpx:TrackPointExtension>
        </extensions>
      </trkpt>
      <trkpt lat="1.396633443073633" lon="103.89702614985437">
        <ele>16.18580444995314</ele>
        <time>2026-09-14T23:25:22Z</time>
        <extensions>
          <gpxtpx:TrackPointExtension>
            <gpxtpx:hr>157</gpxtpx:hr>
          </gpxtpx:TrackPointExtension>
        </extensions>
      </trkpt>
      <trkpt lat="1.3966415278461295" lon="103.89700382289561">
        <ele>16.184117653407156</ele>
        <time>2026-09-14T23:25:23Z</time>
        <extensions>
          <gpxtpx:TrackPointExtension>
            <gpxtpx:hr>157</gpxtpx:hr>
          </gpxtpx:TrackPointExtension>
        </extensions>
      </trkpt>
      <trkpt lat="1.3966497464442738" lon="103.89698106477199">
        <ele>16.18926109187305</ele>
        <time>2026-09-14T23:25:24Z</time>
        <extensions>
          <gpxtpx:TrackPointExtension>
            <gpxtpx:hr>158</gpxtpx:hr>
          </gpxtpx:TrackPointExtension>
        </extensions>
      </trkpt>
      <trkpt lat="1.3966581710577737" lon="103.89695775114942">
        <ele>16.20012134499848</ele>
        <time>2026-09-14T23:25:25Z</time>
        <extensions>
          <gpxtpx:TrackPointExtension>
            <gpxtpx:hr>158</gpxtpx:hr>
          </gpxtpx:TrackPointExtension>
        </extensions>
      </trkpt>
      <trkpt lat="1.3966666970101482" lon="103.89693387295502">
        <ele>16.214974949136376</ele>
        <time>2026-09-14T23:25:26Z</time>
        <extensions>
          <gpxtpx:TrackPointExtension>
            <gpxtpx:hr>158</gpxtpx:hr>
          </gpxtpx:TrackPointExtension>
        </extensions>
      </trkpt>
      <trkpt lat="1.3966751215491358" lon="103.8969097981217">
        <ele>16.231865851208568</ele>
        <time>2026-09-14T23:25:27Z</time>
        <extensions>
          <gpxtpx:TrackPointExtension>
            <gpxtpx:hr>158</gpxtpx:hr>
          </gpxtpx:TrackPointExtension>
        </extensions>
      </trkpt>
      <trkpt lat="1.3966832996662508" lon="103.89688578646137">
        <ele>16.249126692302525</ele>
        <time>2026-09-14T23:25:28Z</time>
        <extensions>
          <gpxtpx:TrackPointExtension>
            <gpxtpx:hr>158</gpxtpx:hr>
          </gpxtpx:TrackPointExtension>
        </extensions>
      </trkpt>
      <trkpt lat="1.3966914384852032" lon="103.89686208893359">
        <ele>16.265591582283378</ele>
        <time>2026-09-14T23:25:29Z</time>
        <extensions>
          <gpxtpx:TrackPointExtension>
            <gpxtpx:hr>155</gpxtpx:hr>
          </gpxtpx:TrackPointExtension>
        </extensions>
      </trkpt>
      <trkpt lat="1.3966998131768673" lon="103.89683879161359">
        <ele>16.280558197759092</ele>
        <time>2026-09-14T23:25:30Z</time>
        <extensions>
          <gpxtpx:TrackPointExtension>
            <gpxtpx:hr>155</gpxtpx:hr>
          </gpxtpx:TrackPointExtension>
        </extensions>
      </trkpt>
      <trkpt lat="1.396708413576738" lon="103.8968160141256">
        <ele>16.293665261939168</ele>
        <time>2026-09-14T23:25:31Z</time>
        <extensions>
          <gpxtpx:TrackPointExtension>
            <gpxtpx:hr>155</gpxtpx:hr>
          </gpxtpx:TrackPointExtension>
        </extensions>
      </trkpt>
      <trkpt lat="1.396717295493214" lon="103.89679377056319">
        <ele>16.304701453074813</ele>
        <time>2026-09-14T23:25:32Z</time>
        <extensions>
          <gpxtpx:TrackPointExtension>
            <gpxtpx:hr>155</gpxtpx:hr>
          </gpxtpx:TrackPointExtension>
        </extensions>
      </trkpt>
      <trkpt lat="1.3967262834656078" lon="103.89677200923015">
        <ele>16.313587391749024</ele>
        <time>2026-09-14T23:25:33Z</time>
        <extensions>
          <gpxtpx:TrackPointExtension>
            <gpxtpx:hr>155</gpxtpx:hr>
          </gpxtpx:TrackPointExtension>
        </extensions>
      </trkpt>
      <trkpt lat="1.396735236796602" lon="103.89675045696694">
        <ele>16.32045924011618</ele>
        <time>2026-09-14T23:25:34Z</time>
        <extensions>
          <gpxtpx:TrackPointExtension>
            <gpxtpx:hr>155</gpxtpx:hr>
          </gpxtpx:TrackPointExtension>
        </extensions>
      </trkpt>
      <trkpt lat="1.3967439507690593" lon="103.89672879359321">
        <ele>16.325631441548467</ele>
        <time>2026-09-14T23:25:35Z</time>
        <extensions>
          <gpxtpx:TrackPointExtension>
            <gpxtpx:hr>155</gpxtpx:hr>
          </gpxtpx:TrackPointExtension>
        </extensions>
      </trkpt>
      <trkpt lat="1.3967523658053558" lon="103.89670658873557">
        <ele>16.32947351410985</ele>
        <time>2026-09-14T23:25:36Z</time>
        <extensions>
          <gpxtpx:TrackPointExtension>
            <gpxtpx:hr>155</gpxtpx:hr>
          </gpxtpx:TrackPointExtension>
        </extensions>
      </trkpt>
      <trkpt lat="1.3967607562214686" lon="103.89668364685205">
        <ele>16.332317353226244</ele>
        <time>2026-09-14T23:25:37Z</time>
        <extensions>
          <gpxtpx:TrackPointExtension>
            <gpxtpx:hr>155</gpxtpx:hr>
          </gpxtpx:TrackPointExtension>
        </extensions>
      </trkpt>
      <trkpt lat="1.39676929785224" lon="103.8966600262888">
        <ele>16.3343497607857</ele>
        <time>2026-09-14T23:25:38Z</time>
        <extensions>
          <gpxtpx:TrackPointExtension>
            <gpxtpx:hr>155</gpxtpx:hr>
          </gpxtpx:TrackPointExtension>
        </extensions>
      </trkpt>
      <trkpt lat="1.3967780398693412" lon="103.89663606753328">
        <ele>16.335501238703728</ele>
        <time>2026-09-14T23:25:39Z</time>
        <extensions>
          <gpxtpx:TrackPointExtension>
            <gpxtpx:hr>155</gpxtpx:hr>
          </gpxtpx:TrackPointExtension>
        </extensions>
      </trkpt>
      <trkpt lat="1.3967868493696909" lon="103.89661219524201">
        <ele>16.335348956286907</ele>
        <time>2026-09-14T23:25:40Z</time>
        <extensions>
          <gpxtpx:TrackPointExtension>
            <gpxtpx:hr>155</gpxtpx:hr>
          </gpxtpx:TrackPointExtension>
        </extensions>
      </trkpt>
      <trkpt lat="1.3967957254941312" lon="103.89658836393126">
        <ele>16.33322186022997</ele>
        <time>2026-09-14T23:25:41Z</time>
        <extensions>
          <gpxtpx:TrackPointExtension>
            <gpxtpx:hr>155</gpxtpx:hr>
          </gpxtpx:TrackPointExtension>
        </extensions>
      </trkpt>
      <trkpt lat="1.3968046279394466" lon="103.8965645620746">
        <ele>16.328302763402462</ele>
        <time>2026-09-14T23:25:42Z</time>
        <extensions>
          <gpxtpx:TrackPointExtension>
            <gpxtpx:hr>155</gpxtpx:hr>
          </gpxtpx:TrackPointExtension>
        </extensions>
      </trkpt>
      <trkpt lat="1.3968135062012608" lon="103.8965406567386">
        <ele>16.319793989881873</ele>
        <time>2026-09-14T23:25:43Z</time>
        <extensions>
          <gpxtpx:TrackPointExtension>
            <gpxtpx:hr>155</gpxtpx:hr>
          </gpxtpx:TrackPointExtension>
        </extensions>
      </trkpt>
      <trkpt lat="1.3968225274728148" lon="103.8965164738576">
        <ele>16.307082350365818</ele>
        <time>2026-09-14T23:25:44Z</time>
        <extensions>
          <gpxtpx:TrackPointExtension>
            <gpxtpx:hr>155</gpxtpx:hr>
          </gpxtpx:TrackPointExtension>
        </extensions>
      </trkpt>
      <trkpt lat="1.3968315934322637" lon="103.89649209687033">
        <ele>16.289765286259353</ele>
        <time>2026-09-14T23:25:45Z</time>
        <extensions>
          <gpxtpx:TrackPointExtension>
            <gpxtpx:hr>155</gpxtpx:hr>
          </gpxtpx:TrackPointExtension>
        </extensions>
      </trkpt>
      <trkpt lat="1.3968406204540535" lon="103.89646762508178">
        <ele>16.267702711746097</ele>
        <time>2026-09-14T23:25:46Z</time>
        <extensions>
          <gpxtpx:TrackPointExtension>
            <gpxtpx:hr>155</gpxtpx:hr>
          </gpxtpx:TrackPointExtension>
        </extensions>
      </trkpt>
      <trkpt lat="1.3968495440209523" lon="103.89644307261175">
        <ele>16.241046706214547</ele>
        <time>2026-09-14T23:25:47Z</time>
        <extensions>
          <gpxtpx:TrackPointExtension>
            <gpxtpx:hr>155</gpxtpx:hr>
          </gpxtpx:TrackPointExtension>
        </extensions>
      </trkpt>
      <trkpt lat="1.3968583618784949" lon="103.89641829871057">
        <ele>16.21019582170993</ele>
        <time>2026-09-14T23:25:48Z</time>
        <extensions>
          <gpxtpx:TrackPointExtension>
            <gpxtpx:hr>155</gpxtpx:hr>
          </gpxtpx:TrackPointExtension>
        </extensions>
      </trkpt>
      <trkpt lat="1.3968670239920462" lon="103.89639329125896">
        <ele>16.175664159469306</ele>
        <time>2026-09-14T23:25:49Z</time>
        <extensions>
          <gpxtpx:TrackPointExtension>
            <gpxtpx:hr>155</gpxtpx:hr>
          </gpxtpx:TrackPointExtension>
        </extensions>
      </trkpt>
      <trkpt lat="1.396875406356373" lon="103.89636806076285">
        <ele>16.13801713846624</ele>
        <time>2026-09-14T23:25:50Z</time>
        <extensions>
          <gpxtpx:TrackPointExtension>
            <gpxtpx:hr>155</gpxtpx:hr>
          </gpxtpx:TrackPointExtension>
        </extensions>
      </trkpt>
      <trkpt lat="1.3968833532951885" lon="103.8963426568484">
        <ele>16.097771279513836</ele>
        <time>2026-09-14T23:25:51Z</time>
        <extensions>
          <gpxtpx:TrackPointExtension>
            <gpxtpx:hr>155</gpxtpx:hr>
          </gpxtpx:TrackPointExtension>
        </extensions>
      </trkpt>
      <trkpt lat="1.3968904658316201" lon="103.89631723801006">
        <ele>16.05539614893496</ele>
        <time>2026-09-14T23:25:52Z</time>
        <extensions>
          <gpxtpx:TrackPointExtension>
            <gpxtpx:hr>155</gpxtpx:hr>
          </gpxtpx:TrackPointExtension>
        </extensions>
      </trkpt>
      <trkpt lat="1.3968966278899757" lon="103.8962919258492">
        <ele>16.01158617809415</ele>
        <time>2026-09-14T23:25:53Z</time>
        <extensions>
          <gpxtpx:TrackPointExtension>
            <gpxtpx:hr>155</gpxtpx:hr>
          </gpxtpx:TrackPointExtension>
        </extensions>
      </trkpt>
      <trkpt lat="1.396901887830563" lon="103.89626680045063">
        <ele>15.967368386685848</ele>
        <time>2026-09-14T23:25:54Z</time>
        <extensions>
          <gpxtpx:TrackPointExtension>
            <gpxtpx:hr>158</gpxtpx:hr>
          </gpxtpx:TrackPointExtension>
        </extensions>
      </trkpt>
      <trkpt lat="1.3969062865147357" lon="103.896241689908">
        <ele>15.923994457349181</ele>
        <time>2026-09-14T23:25:55Z</time>
        <extensions>
          <gpxtpx:TrackPointExtension>
            <gpxtpx:hr>158</gpxtpx:hr>
          </gpxtpx:TrackPointExtension>
        </extensions>
      </trkpt>
      <trkpt lat="1.3969099092915813" lon="103.89621617712065">
        <ele>15.882901510223746</ele>
        <time>2026-09-14T23:25:56Z</time>
        <extensions>
          <gpxtpx:TrackPointExtension>
            <gpxtpx:hr>158</gpxtpx:hr>
          </gpxtpx:TrackPointExtension>
        </extensions>
      </trkpt>
      <trkpt lat="1.3969127688352418" lon="103.89618988806937">
        <ele>15.845746293663979</ele>
        <time>2026-09-14T23:25:57Z</time>
        <extensions>
          <gpxtpx:TrackPointExtension>
            <gpxtpx:hr>158</gpxtpx:hr>
          </gpxtpx:TrackPointExtension>
        </extensions>
      </trkpt>
      <trkpt lat="1.396914846114483" lon="103.89616299753382">
        <ele>15.814307753928006</ele>
        <time>2026-09-14T23:25:58Z</time>
        <extensions>
          <gpxtpx:TrackPointExtension>
            <gpxtpx:hr>158</gpxtpx:hr>
          </gpxtpx:TrackPointExtension>
        </extensions>
      </trkpt>
      <trkpt lat="1.3969161763357307" lon="103.89613590572418">
        <ele>15.790478181093931</ele>
        <time>2026-09-14T23:25:59Z</time>
        <extensions>
          <gpxtpx:TrackPointExtension>
            <gpxtpx:hr>158</gpxtpx:hr>
          </gpxtpx:TrackPointExtension>
        </extensions>
      </trkpt>
      <trkpt lat="1.3969169937932813" lon="103.89610873624447">
        <ele>15.776255808770657</ele>
        <time>2026-09-14T23:26:00Z</time>
        <extensions>
          <gpxtpx:TrackPointExtension>
            <gpxtpx:hr>158</gpxtpx:hr>
          </gpxtpx:TrackPointExtension>
        </extensions>
      </trkpt>
      <trkpt lat="1.3969172326352066" lon="103.89608158781094">
        <ele>15.77346152998507</ele>
        <time>2026-09-14T23:26:01Z</time>
        <extensions>
          <gpxtpx:TrackPointExtension>
            <gpxtpx:hr>158</gpxtpx:hr>
          </gpxtpx:TrackPointExtension>
        </extensions>
      </trkpt>
      <trkpt lat="1.3969166298166227" lon="103.89605471091697">
        <ele>15.783360797911882</ele>
        <time>2026-09-14T23:26:02Z</time>
        <extensions>
          <gpxtpx:TrackPointExtension>
            <gpxtpx:hr>158</gpxtpx:hr>
          </gpxtpx:TrackPointExtension>
        </extensions>
      </trkpt>
      <trkpt lat="1.3969150358563107" lon="103.89602824096275">
        <ele>15.806393774226308</ele>
        <time>2026-09-14T23:26:03Z</time>
        <extensions>
          <gpxtpx:TrackPointExtension>
            <gpxtpx:hr>158</gpxtpx:hr>
          </gpxtpx:TrackPointExtension>
        </extensions>
      </trkpt>
      <trkpt lat="1.3969121768917792" lon="103.8960020007516">
        <ele>15.841908873990178</ele>
        <time>2026-09-14T23:26:04Z</time>
        <extensions>
          <gpxtpx:TrackPointExtension>
            <gpxtpx:hr>158</gpxtpx:hr>
          </gpxtpx:TrackPointExtension>
        </extensions>
      </trkpt>
      <trkpt lat="1.396907851898304" lon="103.89597599152621">
        <ele>15.887921827845275</ele>
        <time>2026-09-14T23:26:05Z</time>
        <extensions>
          <gpxtpx:TrackPointExtension>
            <gpxtpx:hr>158</gpxtpx:hr>
          </gpxtpx:TrackPointExtension>
        </extensions>
      </trkpt>
      <trkpt lat="1.3969018882087316" lon="103.89595034734431">
        <ele>15.941080495715141</ele>
        <time>2026-09-14T23:26:06Z</time>
        <extensions>
          <gpxtpx:TrackPointExtension>
            <gpxtpx:hr>158</gpxtpx:hr>
          </gpxtpx:TrackPointExtension>
        </extensions>
      </trkpt>
      <trkpt lat="1.3968942485920994" lon="103.89592493245593">
        <ele>15.996637275442481</ele>
        <time>2026-09-14T23:26:07Z</time>
        <extensions>
          <gpxtpx:TrackPointExtension>
            <gpxtpx:hr>158</gpxtpx:hr>
          </gpxtpx:TrackPointExtension>
        </extensions>
      </trkpt>
      <trkpt lat="1.39688567002705" lon="103.89590142150898">
        <ele>16.045414673164487</ele>
        <time>2026-09-14T23:26:08Z</time>
        <extensions>
          <gpxtpx:TrackPointExtension>
            <gpxtpx:hr>158</gpxtpx:hr>
          </gpxtpx:TrackPointExtension>
        </extensions>
      </trkpt>
      <trkpt lat="1.3968755987721073" lon="103.89587642337136">
        <ele>16.088588084094226</ele>
        <time>2026-09-14T23:26:09Z</time>
        <extensions>
          <gpxtpx:TrackPointExtension>
            <gpxtpx:hr>158</gpxtpx:hr>
          </gpxtpx:TrackPointExtension>
        </extensions>
      </trkpt>
      <trkpt lat="1.3968652453483479" lon="103.89585166479064">
        <ele>16.119254088029265</ele>
        <time>2026-09-14T23:26:10Z</time>
        <extensions>
          <gpxtpx:TrackPointExtension>
            <gpxtpx:hr>158</gpxtpx:hr>
          </gpxtpx:TrackPointExtension>
        </extensions>
      </trkpt>
      <trkpt lat="1.396854573027586" lon="103.89582730681471">
        <ele>16.137757849879563</ele>
        <time>2026-09-14T23:26:11Z</time>
        <extensions>
          <gpxtpx:TrackPointExtension>
            <gpxtpx:hr>158</gpxtpx:hr>
          </gpxtpx:TrackPointExtension>
        </extensions>
      </trkpt>
      <trkpt lat="1.3968435523515814" lon="103.89580344157736">
        <ele>16.146087128669024</ele>
        <time>2026-09-14T23:26:12Z</time>
        <extensions>
          <gpxtpx:TrackPointExtension>
            <gpxtpx:hr>158</gpxtpx:hr>
          </gpxtpx:TrackPointExtension>
        </extensions>
      </trkpt>
      <trkpt lat="1.3968320664072251" lon="103.89578006547349">
        <ele>16.14662453252822</ele>
        <time>2026-09-14T23:26:13Z</time>
        <extensions>
          <gpxtpx:TrackPointExtension>
            <gpxtpx:hr>158</gpxtpx:hr>
          </gpxtpx:TrackPointExtension>
        </extensions>
      </trkpt>
      <trkpt lat="1.3968200067815326" lon="103.89575718576603">
        <ele>16.1415109988302</ele>
        <time>2026-09-14T23:26:14Z</time>
        <extensions>
          <gpxtpx:TrackPointExtension>
            <gpxtpx:hr>158</gpxtpx:hr>
          </gpxtpx:TrackPointExtension>
        </extensions>
      </trkpt>
      <trkpt lat="1.396807270618106" lon="103.89573484157663">
        <ele>16.132434987463057</ele>
        <time>2026-09-14T23:26:15Z</time>
        <extensions>
          <gpxtpx:TrackPointExtension>
            <gpxtpx:hr>158</gpxtpx:hr>
          </gpxtpx:TrackPointExtension>
        </extensions>
      </trkpt>
      <trkpt lat="1.3967937626918496" lon="103.89571304603915">
        <ele>16.120661647990346</ele>
        <time>2026-09-14T23:26:16Z</time>
        <extensions>
          <gpxtpx:TrackPointExtension>
            <gpxtpx:hr>158</gpxtpx:hr>
          </gpxtpx:TrackPointExtension>
        </extensions>
      </trkpt>
      <trkpt lat="1.3967793683344922" lon="103.89569178832305">
        <ele>16.10726278554648</ele>
        <time>2026-09-14T23:26:17Z</time>
        <extensions>
          <gpxtpx:TrackPointExtension>
            <gpxtpx:hr>158</gpxtpx:hr>
          </gpxtpx:TrackPointExtension>
        </extensions>
      </trkpt>
      <trkpt lat="1.3967639333320279" lon="103.89567103783664">
        <ele>16.093370581045747</ele>
        <time>2026-09-14T23:26:18Z</time>
        <extensions>
          <gpxtpx:TrackPointExtension>
            <gpxtpx:hr>158</gpxtpx:hr>
          </gpxtpx:TrackPointExtension>
        </extensions>
      </trkpt>
      <trkpt lat="1.3967475571031407" lon="103.89565063081687">
        <ele>16.080257912166417</ele>
        <time>2026-09-14T23:26:19Z</time>
        <extensions>
          <gpxtpx:TrackPointExtension>
            <gpxtpx:hr>158</gpxtpx:hr>
          </gpxtpx:TrackPointExtension>
        </extensions>
      </trkpt>
      <trkpt lat="1.3967304177182296" lon="103.89563041565752">
        <ele>16.069267232902348</ele>
        <time>2026-09-14T23:26:20Z</time>
        <extensions>
          <gpxtpx:TrackPointExtension>
            <gpxtpx:hr>158</gpxtpx:hr>
          </gpxtpx:TrackPointExtension>
        </extensions>
      </trkpt>
      <trkpt lat="1.3967125343231" lon="103.89561042128709">
        <ele>16.06167682260275</ele>
        <time>2026-09-14T23:26:21Z</time>
        <extensions>
          <gpxtpx:TrackPointExtension>
            <gpxtpx:hr>158</gpxtpx:hr>
          </gpxtpx:TrackPointExtension>
        </extensions>
      </trkpt>
      <trkpt lat="1.3966939156166953" lon="103.89559070001124">
        <ele>16.058503944426775</ele>
        <time>2026-09-14T23:26:22Z</time>
        <extensions>
          <gpxtpx:TrackPointExtension>
            <gpxtpx:hr>158</gpxtpx:hr>
          </gpxtpx:TrackPointExtension>
        </extensions>
      </trkpt>
      <trkpt lat="1.396674600380126" lon="103.89557128471937">
        <ele>16.06029747147113</ele>
        <time>2026-09-14T23:26:23Z</time>
        <extensions>
          <gpxtpx:TrackPointExtension>
            <gpxtpx:hr>158</gpxtpx:hr>
          </gpxtpx:TrackPointExtension>
        </extensions>
      </trkpt>
      <trkpt lat="1.3966546000296924" lon="103.89555225289267">
        <ele>16.06704457756132</ele>
        <time>2026-09-14T23:26:24Z</time>
        <extensions>
          <gpxtpx:TrackPointExtension>
            <gpxtpx:hr>158</gpxtpx:hr>
          </gpxtpx:TrackPointExtension>
        </extensions>
      </trkpt>
      <trkpt lat="1.3966339355944686" lon="103.89553375122478">
        <ele>16.07815446611494</ele>
        <time>2026-09-14T23:26:25Z</time>
        <extensions>
          <gpxtpx:TrackPointExtension>
            <gpxtpx:hr>156</gpxtpx:hr>
          </gpxtpx:TrackPointExtension>
        </extensions>
      </trkpt>
      <trkpt lat="1.3966126585752698" lon="103.89551586137212">
        <ele>16.092515652999282</ele>
        <time>2026-09-14T23:26:26Z</time>
        <extensions>
          <gpxtpx:TrackPointExtension>
            <gpxtpx:hr>156</gpxtpx:hr>
          </gpxtpx:TrackPointExtension>
        </extensions>
      </trkpt>
      <trkpt lat="1.396590709430042" lon="103.89549854673876">
        <ele>16.108724475838244</ele>
        <time>2026-09-14T23:26:27Z</time>
        <extensions>
          <gpxtpx:TrackPointExtension>
            <gpxtpx:hr>156</gpxtpx:hr>
          </gpxtpx:TrackPointExtension>
        </extensions>
      </trkpt>
      <trkpt lat="1.3965680874135078" lon="103.89548177299403">
        <ele>16.125360060483217</ele>
        <time>2026-09-14T23:26:28Z</time>
        <extensions>
          <gpxtpx:TrackPointExtension>
            <gpxtpx:hr>156</gpxtpx:hr>
          </gpxtpx:TrackPointExtension>
        </extensions>
      </trkpt>
      <trkpt lat="1.3965449288074931" lon="103.89546564864698">
        <ele>16.141180271282792</ele>
        <time>2026-09-14T23:26:29Z</time>
        <extensions>
          <gpxtpx:TrackPointExtension>
            <gpxtpx:hr>156</gpxtpx:hr>
          </gpxtpx:TrackPointExtension>
        </extensions>
      </trkpt>
      <trkpt lat="1.396521341604844" lon="103.8954502794084">
        <ele>16.155282170511782</ele>
        <time>2026-09-14T23:26:30Z</time>
        <extensions>
          <gpxtpx:TrackPointExtension>
            <gpxtpx:hr>156</gpxtpx:hr>
          </gpxtpx:TrackPointExtension>
        </extensions>
      </trkpt>
      <trkpt lat="1.3964974329374364" lon="103.89543569836471">
        <ele>16.167194860987365</ele>
        <time>2026-09-14T23:26:31Z</time>
        <extensions>
          <gpxtpx:TrackPointExtension>
            <gpxtpx:hr>156</gpxtpx:hr>
          </gpxtpx:TrackPointExtension>
        </extensions>
      </trkpt>
      <trkpt lat="1.3964719588212906" lon="103.89542119083048">
        <ele>16.177228284068406</ele>
        <time>2026-09-14T23:26:32Z</time>
        <extensions>
          <gpxtpx:TrackPointExtension>
            <gpxtpx:hr>156</gpxtpx:hr>
          </gpxtpx:TrackPointExtension>
        </extensions>
      </trkpt>
      <trkpt lat="1.3964489940655127" lon="103.89540889004336">
        <ele>16.184069326147437</ele>
        <time>2026-09-14T23:26:33Z</time>
        <extensions>
          <gpxtpx:TrackPointExtension>
            <gpxtpx:hr>156</gpxtpx:hr>
          </gpxtpx:TrackPointExtension>
        </extensions>
      </trkpt>
      <trkpt lat="1.3964246967915577" lon="103.89539655748827">
        <ele>16.18899651337415</ele>
        <time>2026-09-14T23:26:34Z</time>
        <extensions>
          <gpxtpx:TrackPointExtension>
            <gpxtpx:hr>156</gpxtpx:hr>
          </gpxtpx:TrackPointExtension>
        </extensions>
      </trkpt>
      <trkpt lat="1.396400479504409" lon="103.89538491811685">
        <ele>16.1914071328938</ele>
        <time>2026-09-14T23:26:35Z</time>
        <extensions>
          <gpxtpx:TrackPointExtension>
            <gpxtpx:hr>156</gpxtpx:hr>
          </gpxtpx:TrackPointExtension>
        </extensions>
      </trkpt>
      <trkpt lat="1.3963763690424" lon="103.89537393673524">
        <ele>16.191541460342705</ele>
        <time>2026-09-14T23:26:36Z</time>
        <extensions>
          <gpxtpx:TrackPointExtension>
            <gpxtpx:hr>156</gpxtpx:hr>
          </gpxtpx:TrackPointExtension>
        </extensions>
      </trkpt>
      <trkpt lat="1.396352278114869" lon="103.89536350437731">
        <ele>16.19000990781933</ele>
        <time>2026-09-14T23:26:37Z</time>
        <extensions>
          <gpxtpx:TrackPointExtension>
            <gpxtpx:hr>157</gpxtpx:hr>
          </gpxtpx:TrackPointExtension>
        </extensions>
      </trkpt>
      <trkpt lat="1.396328124254528" lon="103.8953534959361">
        <ele>16.187798551283777</ele>
        <time>2026-09-14T23:26:38Z</time>
        <extensions>
          <gpxtpx:TrackPointExtension>
            <gpxtpx:hr>157</gpxtpx:hr>
          </gpxtpx:TrackPointExtension>
        </extensions>
      </trkpt>
      <trkpt lat="1.3963038625377486" lon="103.89534383428332">
        <ele>16.18609234318137</ele>
        <time>2026-09-14T23:26:39Z</time>
        <extensions>
          <gpxtpx:TrackPointExtension>
            <gpxtpx:hr>157</gpxtpx:hr>
          </gpxtpx:TrackPointExtension>
        </extensions>
      </trkpt>
      <trkpt lat="1.3962794725716938" lon="103.89533442668976">
        <ele>16.18580460641533</ele>
        <time>2026-09-14T23:26:40Z</time>
        <extensions>
          <gpxtpx:TrackPointExtension>
            <gpxtpx:hr>157</gpxtpx:hr>
          </gpxtpx:TrackPointExtension>
        </extensions>
      </trkpt>
      <trkpt lat="1.3962549493481813" lon="103.89532520205373">
        <ele>16.187186285853386</ele>
        <time>2026-09-14T23:26:41Z</time>
        <extensions>
          <gpxtpx:TrackPointExtension>
            <gpxtpx:hr>157</gpxtpx:hr>
          </gpxtpx:TrackPointExtension>
        </extensions>
      </trkpt>
      <trkpt lat="1.396230315675338" lon="103.8953161301967">
        <ele>16.189945951104164</ele>
        <time>2026-09-14T23:26:42Z</time>
        <extensions>
          <gpxtpx:TrackPointExtension>
            <gpxtpx:hr>158</gpxtpx:hr>
          </gpxtpx:TrackPointExtension>
        </extensions>
      </trkpt>
      <trkpt lat="1.3962056287822049" lon="103.89530719415717">
        <ele>16.19369997549802</ele>
        <time>2026-09-14T23:26:43Z</time>
        <extensions>
          <gpxtpx:TrackPointExtension>
            <gpxtpx:hr>158</gpxtpx:hr>
          </gpxtpx:TrackPointExtension>
        </extensions>
      </trkpt>
      <trkpt lat="1.3961809077695382" lon="103.89529835810494">
        <ele>16.198244283907115</ele>
        <time>2026-09-14T23:26:44Z</time>
        <extensions>
          <gpxtpx:TrackPointExtension>
            <gpxtpx:hr>158</gpxtpx:hr>
          </gpxtpx:TrackPointExtension>
        </extensions>
      </trkpt>
      <trkpt lat="1.396156177535435" lon="103.89528972549974">
        <ele>16.20344281475991</ele>
        <time>2026-09-14T23:26:45Z</time>
        <extensions>
          <gpxtpx:TrackPointExtension>
            <gpxtpx:hr>158</gpxtpx:hr>
          </gpxtpx:TrackPointExtension>
        </extensions>
      </trkpt>
      <trkpt lat="1.3961313114859775" lon="103.89528143650936">
        <ele>16.20901678595692</ele>
        <time>2026-09-14T23:26:46Z</time>
        <extensions>
          <gpxtpx:TrackPointExtension>
            <gpxtpx:hr>158</gpxtpx:hr>
          </gpxtpx:TrackPointExtension>
        </extensions>
      </trkpt>
      <trkpt lat="1.3961062781335958" lon="103.89527337076501">
        <ele>16.214527738280594</ele>
        <time>2026-09-14T23:26:47Z</time>
        <extensions>
          <gpxtpx:TrackPointExtension>
            <gpxtpx:hr>158</gpxtpx:hr>
          </gpxtpx:TrackPointExtension>
        </extensions>
      </trkpt>
      <trkpt lat="1.3960810140135673" lon="103.89526531980755">
        <ele>16.21952136605978</ele>
        <time>2026-09-14T23:26:48Z</time>
        <extensions>
          <gpxtpx:TrackPointExtension>
            <gpxtpx:hr>158</gpxtpx:hr>
          </gpxtpx:TrackPointExtension>
        </extensions>
      </trkpt>
      <trkpt lat="1.3960554118331865" lon="103.89525711638969">
        <ele>16.22362397518009</ele>
        <time>2026-09-14T23:26:49Z</time>
        <extensions>
          <gpxtpx:TrackPointExtension>
            <gpxtpx:hr>158</gpxtpx:hr>
          </gpxtpx:TrackPointExtension>
        </extensions>
      </trkpt>
      <trkpt lat="1.3960295620672154" lon="103.89524873587304">
        <ele>16.226476528681815</ele>
        <time>2026-09-14T23:26:50Z</time>
        <extensions>
          <gpxtpx:TrackPointExtension>
            <gpxtpx:hr>158</gpxtpx:hr>
          </gpxtpx:TrackPointExtension>
        </extensions>
      </trkpt>
      <trkpt lat="1.3960035336477812" lon="103.89524030441183">
        <ele>16.227631798014045</ele>
        <time>2026-09-14T23:26:51Z</time>
        <extensions>
          <gpxtpx:TrackPointExtension>
            <gpxtpx:hr>158</gpxtpx:hr>
          </gpxtpx:TrackPointExtension>
        </extensions>
      </trkpt>
      <trkpt lat="1.395977348603167" lon="103.89523188555766">
        <ele>16.22655741404742</ele>
        <time>2026-09-14T23:26:52Z</time>
        <extensions>
          <gpxtpx:TrackPointExtension>
            <gpxtpx:hr>158</gpxtpx:hr>
          </gpxtpx:TrackPointExtension>
        </extensions>
      </trkpt>
      <trkpt lat="1.3959508890188168" lon="103.89522358455625">
        <ele>16.222753177396953</ele>
        <time>2026-09-14T23:26:53Z</time>
        <extensions>
          <gpxtpx:TrackPointExtension>
            <gpxtpx:hr>158</gpxtpx:hr>
          </gpxtpx:TrackPointExtension>
        </extensions>
      </trkpt>
      <trkpt lat="1.3959242600561743" lon="103.89521545307362">
        <ele>16.215894491411746</ele>
        <time>2026-09-14T23:26:54Z</time>
        <extensions>
          <gpxtpx:TrackPointExtension>
            <gpxtpx:hr>158</gpxtpx:hr>
          </gpxtpx:TrackPointExtension>
        </extensions>
      </trkpt>
      <trkpt lat="1.395898098207153" lon="103.89520779319014">
        <ele>16.20594221446663</ele>
        <time>2026-09-14T23:26:55Z</time>
        <extensions>
          <gpxtpx:TrackPointExtension>
            <gpxtpx:hr>158</gpxtpx:hr>
          </gpxtpx:TrackPointExtension>
        </extensions>
      </trkpt>
      <trkpt lat="1.3958726736503286" lon="103.89520073661336">
        <ele>16.19321927241981</ele>
        <time>2026-09-14T23:26:56Z</time>
        <extensions>
          <gpxtpx:TrackPointExtension>
            <gpxtpx:hr>159</gpxtpx:hr>
          </gpxtpx:TrackPointExtension>
        </extensions>
      </trkpt>
      <trkpt lat="1.3958476889515392" lon="103.89519371742327">
        <ele>16.17835925333202</ele>
        <time>2026-09-14T23:26:57Z</time>
        <extensions>
          <gpxtpx:TrackPointExtension>
            <gpxtpx:hr>159</gpxtpx:hr>
          </gpxtpx:TrackPointExtension>
        </extensions>
      </trkpt>
      <trkpt lat="1.3958225078455364" lon="103.8951859726876">
        <ele>16.162093015387654</ele>
        <time>2026-09-14T23:26:58Z</time>
        <extensions>
          <gpxtpx:TrackPointExtension>
            <gpxtpx:hr>159</gpxtpx:hr>
          </gpxtpx:TrackPointExtension>
        </extensions>
      </trkpt>
      <trkpt lat="1.3957966063220957" lon="103.89517682640825">
        <ele>16.145045642741024</ele>
        <time>2026-09-14T23:26:59Z</time>
        <extensions>
          <gpxtpx:TrackPointExtension>
            <gpxtpx:hr>159</gpxtpx:hr>
          </gpxtpx:TrackPointExtension>
        </extensions>
      </trkpt>
      <trkpt lat="1.3957702076937595" lon="103.89516609789983">
        <ele>16.127656544558704</ele>
        <time>2026-09-14T23:27:00Z</time>
        <extensions>
          <gpxtpx:TrackPointExtension>
            <gpxtpx:hr>159</gpxtpx:hr>
          </gpxtpx:TrackPointExtension>
        </extensions>
      </trkpt>
      <trkpt lat="1.39574431066486" lon="103.89515397126681">
        <ele>16.110176665708423</ele>
        <time>2026-09-14T23:27:01Z</time>
        <extensions>
          <gpxtpx:TrackPointExtension>
            <gpxtpx:hr>159</gpxtpx:hr>
          </gpxtpx:TrackPointExtension>
        </extensions>
      </trkpt>
      <trkpt lat="1.395719623233932" lon="103.89514123778662">
        <ele>16.09271856304258</ele>
        <time>2026-09-14T23:27:02Z</time>
        <extensions>
          <gpxtpx:TrackPointExtension>
            <gpxtpx:hr>159</gpxtpx:hr>
          </gpxtpx:TrackPointExtension>
        </extensions>
      </trkpt>
      <trkpt lat="1.3956959057560057" lon="103.89512915671764">
        <ele>16.075364067219198</ele>
        <time>2026-09-14T23:27:03Z</time>
        <extensions>
          <gpxtpx:TrackPointExtension>
            <gpxtpx:hr>159</gpxtpx:hr>
          </gpxtpx:TrackPointExtension>
        </extensions>
      </trkpt>
      <trkpt lat="1.3956725049681638" lon="103.89511819015493">
        <ele>16.05826201941818</ele>
        <time>2026-09-14T23:27:04Z</time>
        <extensions>
          <gpxtpx:TrackPointExtension>
            <gpxtpx:hr>159</gpxtpx:hr>
          </gpxtpx:TrackPointExtension>
        </extensions>
      </trkpt>
      <trkpt lat="1.3956486842136044" lon="103.8951078290157">
        <ele>16.041650413535535</ele>
        <time>2026-09-14T23:27:05Z</time>
        <extensions>
          <gpxtpx:TrackPointExtension>
            <gpxtpx:hr>157</gpxtpx:hr>
          </gpxtpx:TrackPointExtension>
        </extensions>
      </trkpt>
      <trkpt lat="1.3956242796767515" lon="103.89509771058738">
        <ele>16.0258211158216</ele>
        <time>2026-09-14T23:27:06Z</time>
        <extensions>
          <gpxtpx:TrackPointExtension>
            <gpxtpx:hr>157</gpxtpx:hr>
          </gpxtpx:TrackPointExtension>
        </extensions>
      </trkpt>
      <trkpt lat="1.3955988480206443" lon="103.89508799153145">
        <ele>16.0110458470881</ele>
        <time>2026-09-14T23:27:07Z</time>
        <extensions>
          <gpxtpx:TrackPointExtension>
            <gpxtpx:hr>157</gpxtpx:hr>
          </gpxtpx:TrackPointExtension>
        </extensions>
      </trkpt>
      <trkpt lat="1.395573206120065" lon="103.89507874869783">
        <ele>15.997452724725008</ele>
        <time>2026-09-14T23:27:08Z</time>
        <extensions>
          <gpxtpx:TrackPointExtension>
            <gpxtpx:hr>157</gpxtpx:hr>
          </gpxtpx:TrackPointExtension>
        </extensions>
      </trkpt>
      <trkpt lat="1.395548217481699" lon="103.89507012989903">
        <ele>15.984909277409315</ele>
        <time>2026-09-14T23:27:09Z</time>
        <extensions>
          <gpxtpx:TrackPointExtension>
            <gpxtpx:hr>157</gpxtpx:hr>
          </gpxtpx:TrackPointExtension>
        </extensions>
      </trkpt>
      <trkpt lat="1.3955233169635164" lon="103.89506179580623">
        <ele>15.973005846142769</ele>
        <time>2026-09-14T23:27:10Z</time>
        <extensions>
          <gpxtpx:TrackPointExtension>
            <gpxtpx:hr>158</gpxtpx:hr>
          </gpxtpx:TrackPointExtension>
        </extensions>
      </trkpt>
      <trkpt lat="1.3954976027237955" lon="103.89505303830501">
        <ele>15.96104563307017</ele>
        <time>2026-09-14T23:27:11Z</time>
        <extensions>
          <gpxtpx:TrackPointExtension>
            <gpxtpx:hr>158</gpxtpx:hr>
          </gpxtpx:TrackPointExtension>
        </extensions>
      </trkpt>
      <trkpt lat="1.395470573619024" lon="103.89504398749955">
        <ele>15.948175450786948</ele>
        <time>2026-09-14T23:27:12Z</time>
        <extensions>
          <gpxtpx:TrackPointExtension>
            <gpxtpx:hr>158</gpxtpx:hr>
          </gpxtpx:TrackPointExtension>
        </extensions>
      </trkpt>
      <trkpt lat="1.3954428049218506" lon="103.89503585222815">
        <ele>15.933429055847228</ele>
        <time>2026-09-14T23:27:13Z</time>
        <extensions>
          <gpxtpx:TrackPointExtension>
            <gpxtpx:hr>158</gpxtpx:hr>
          </gpxtpx:TrackPointExtension>
        </extensions>
      </trkpt>
      <trkpt lat="1.395415044592947" lon="103.89503038601903">
        <ele>15.91585851740092</ele>
        <time>2026-09-14T23:27:14Z</time>
        <extensions>
          <gpxtpx:TrackPointExtension>
            <gpxtpx:hr>159</gpxtpx:hr>
          </gpxtpx:TrackPointExtension>
        </extensions>
      </trkpt>
      <trkpt lat="1.3953882567980471" lon="103.89502885540261">
        <ele>15.894677037373185</ele>
        <time>2026-09-14T23:27:15Z</time>
        <extensions>
          <gpxtpx:TrackPointExtension>
            <gpxtpx:hr>159</gpxtpx:hr>
          </gpxtpx:TrackPointExtension>
        </extensions>
      </trkpt>
      <trkpt lat="1.3953629970386143" lon="103.8950324285564">
        <ele>15.869454242289066</ele>
        <time>2026-09-14T23:27:16Z</time>
        <extensions>
          <gpxtpx:TrackPointExtension>
            <gpxtpx:hr>159</gpxtpx:hr>
          </gpxtpx:TrackPointExtension>
        </extensions>
      </trkpt>
      <trkpt lat="1.3953393894139101" lon="103.89504092399584">
        <ele>15.840287239290774</ele>
        <time>2026-09-14T23:27:17Z</time>
        <extensions>
          <gpxtpx:TrackPointExtension>
            <gpxtpx:hr>159</gpxtpx:hr>
          </gpxtpx:TrackPointExtension>
        </extensions>
      </trkpt>
      <trkpt lat="1.395317646665519" lon="103.89505374637417">
        <ele>15.807855690829456</ele>
        <time>2026-09-14T23:27:18Z</time>
        <extensions>
          <gpxtpx:TrackPointExtension>
            <gpxtpx:hr>159</gpxtpx:hr>
          </gpxtpx:TrackPointExtension>
        </extensions>
      </trkpt>
      <trkpt lat="1.3952985481050157" lon="103.89507097216837">
        <ele>15.77340441569686</ele>
        <time>2026-09-14T23:27:19Z</time>
        <extensions>
          <gpxtpx:TrackPointExtension>
            <gpxtpx:hr>159</gpxtpx:hr>
          </gpxtpx:TrackPointExtension>
        </extensions>
      </trkpt>
      <trkpt lat="1.3952837846613477" lon="103.89509186854075">
        <ele>15.738579906523228</ele>
        <time>2026-09-14T23:27:20Z</time>
        <extensions>
          <gpxtpx:TrackPointExtension>
            <gpxtpx:hr>159</gpxtpx:hr>
          </gpxtpx:TrackPointExtension>
        </extensions>
      </trkpt>
      <trkpt lat="1.3952740720102375" lon="103.89511545362062">
        <ele>15.705083777196705</ele>
        <time>2026-09-14T23:27:21Z</time>
        <extensions>
          <gpxtpx:TrackPointExtension>
            <gpxtpx:hr>159</gpxtpx:hr>
          </gpxtpx:TrackPointExtension>
        </extensions>
      </trkpt>
      <trkpt lat="1.3952675274581743" lon="103.89514110063077">
        <ele>15.674333578906953</ele>
        <time>2026-09-14T23:27:22Z</time>
        <extensions>
          <gpxtpx:TrackPointExtension>
            <gpxtpx:hr>159</gpxtpx:hr>
          </gpxtpx:TrackPointExtension>
        </extensions>
      </trkpt>
      <trkpt lat="1.3952625825988016" lon="103.89516812942233">
        <ele>15.647316257469356</ele>
        <time>2026-09-14T23:27:23Z</time>
        <extensions>
          <gpxtpx:TrackPointExtension>
            <gpxtpx:hr>159</gpxtpx:hr>
          </gpxtpx:TrackPointExtension>
        </extensions>
      </trkpt>
      <trkpt lat="1.395258454608445" lon="103.89519557846397">
        <ele>15.624520526267588</ele>
        <time>2026-09-14T23:27:24Z</time>
        <extensions>
          <gpxtpx:TrackPointExtension>
            <gpxtpx:hr>159</gpxtpx:hr>
          </gpxtpx:TrackPointExtension>
        </extensions>
      </trkpt>
      <trkpt lat="1.395254886790725" lon="103.89522221708589">
        <ele>15.605964741669595</ele>
        <time>2026-09-14T23:27:25Z</time>
        <extensions>
          <gpxtpx:TrackPointExtension>
            <gpxtpx:hr>159</gpxtpx:hr>
          </gpxtpx:TrackPointExtension>
        </extensions>
      </trkpt>
      <trkpt lat="1.3952522487017485" lon="103.89524792015305">
        <ele>15.591337928548455</ele>
        <time>2026-09-14T23:27:26Z</time>
        <extensions>
          <gpxtpx:TrackPointExtension>
            <gpxtpx:hr>159</gpxtpx:hr>
          </gpxtpx:TrackPointExtension>
        </extensions>
      </trkpt>
      <trkpt lat="1.3952494668066762" lon="103.89527351046505">
        <ele>15.580119015648961</ele>
        <time>2026-09-14T23:27:27Z</time>
        <extensions>
          <gpxtpx:TrackPointExtension>
            <gpxtpx:hr>159</gpxtpx:hr>
          </gpxtpx:TrackPointExtension>
        </extensions>
      </trkpt>
      <trkpt lat="1.3952456578605035" lon="103.89529934571036">
        <ele>15.571599509567022</ele>
        <time>2026-09-14T23:27:28Z</time>
        <extensions>
          <gpxtpx:TrackPointExtension>
            <gpxtpx:hr>159</gpxtpx:hr>
          </gpxtpx:TrackPointExtension>
        </extensions>
      </trkpt>
      <trkpt lat="1.395240811302778" lon="103.89532521344718">
        <ele>15.564858756959438</ele>
        <time>2026-09-14T23:27:29Z</time>
        <extensions>
          <gpxtpx:TrackPointExtension>
            <gpxtpx:hr>159</gpxtpx:hr>
          </gpxtpx:TrackPointExtension>
        </extensions>
      </trkpt>
      <trkpt lat="1.395235090809212" lon="103.89535116434973">
        <ele>15.558838007971644</ele>
        <time>2026-09-14T23:27:30Z</time>
        <extensions>
          <gpxtpx:TrackPointExtension>
            <gpxtpx:hr>158</gpxtpx:hr>
          </gpxtpx:TrackPointExtension>
        </extensions>
      </trkpt>
      <trkpt lat="1.3952283330195046" lon="103.8953779579157">
        <ele>15.552599909715354</ele>
        <time>2026-09-14T23:27:31Z</time>
        <extensions>
          <gpxtpx:TrackPointExtension>
            <gpxtpx:hr>158</gpxtpx:hr>
          </gpxtpx:TrackPointExtension>
        </extensions>
      </trkpt>
      <trkpt lat="1.3952207066212157" lon="103.89540530774325">
        <ele>15.545579603873193</ele>
        <time>2026-09-14T23:27:32Z</time>
        <extensions>
          <gpxtpx:TrackPointExtension>
            <gpxtpx:hr>158</gpxtpx:hr>
          </gpxtpx:TrackPointExtension>
        </extensions>
      </trkpt>
      <trkpt lat="1.3952130037496162" lon="103.89543269316943">
        <ele>15.5376300169155</ele>
        <time>2026-09-14T23:27:33Z</time>
        <extensions>
          <gpxtpx:TrackPointExtension>
            <gpxtpx:hr>158</gpxtpx:hr>
          </gpxtpx:TrackPointExtension>
        </extensions>
      </trkpt>
      <trkpt lat="1.3952057544004917" lon="103.8954595601278">
        <ele>15.528931525535882</ele>
        <time>2026-09-14T23:27:34Z</time>
        <extensions>
          <gpxtpx:TrackPointExtension>
            <gpxtpx:hr>158</gpxtpx:hr>
          </gpxtpx:TrackPointExtension>
        </extensions>
      </trkpt>
      <trkpt lat="1.3951993226465487" lon="103.89548616189818">
        <ele>15.519858952611685</ele>
        <time>2026-09-14T23:27:35Z</time>
        <extensions>
          <gpxtpx:TrackPointExtension>
            <gpxtpx:hr>158</gpxtpx:hr>
          </gpxtpx:TrackPointExtension>
        </extensions>
      </trkpt>
      <trkpt lat="1.3951933378004486" lon="103.8955127937521">
        <ele>15.510805544443429</ele>
        <time>2026-09-14T23:27:36Z</time>
        <extensions>
          <gpxtpx:TrackPointExtension>
            <gpxtpx:hr>158</gpxtpx:hr>
          </gpxtpx:TrackPointExtension>
        </extensions>
      </trkpt>
      <trkpt lat="1.3951877599763376" lon="103.89553942370193">
        <ele>15.502048509195447</ele>
        <time>2026-09-14T23:27:37Z</time>
        <extensions>
          <gpxtpx:TrackPointExtension>
            <gpxtpx:hr>158</gpxtpx:hr>
          </gpxtpx:TrackPointExtension>
        </extensions>
      </trkpt>
      <trkpt lat="1.3951826757608123" lon="103.89556621851914">
        <ele>15.493778498843312</ele>
        <time>2026-09-14T23:27:38Z</time>
        <extensions>
          <gpxtpx:TrackPointExtension>
            <gpxtpx:hr>158</gpxtpx:hr>
          </gpxtpx:TrackPointExtension>
        </extensions>
      </trkpt>
      <trkpt lat="1.3951780357223789" lon="103.89559318131487">
        <ele>15.486257570795715</ele>
        <time>2026-09-14T23:27:39Z</time>
        <extensions>
          <gpxtpx:TrackPointExtension>
            <gpxtpx:hr>158</gpxtpx:hr>
          </gpxtpx:TrackPointExtension>
        </extensions>
      </trkpt>
      <trkpt lat="1.3951746742466062" lon="103.89562096966043">
        <ele>15.479946398176253</ele>
        <time>2026-09-14T23:27:40Z</time>
        <extensions>
          <gpxtpx:TrackPointExtension>
            <gpxtpx:hr>158</gpxtpx:hr>
          </gpxtpx:TrackPointExtension>
        </extensions>
      </trkpt>
      <trkpt lat="1.395172423621858" lon="103.89564974635421">
        <ele>15.475511373952031</ele>
        <time>2026-09-14T23:27:41Z</time>
        <extensions>
          <gpxtpx:TrackPointExtension>
            <gpxtpx:hr>159</gpxtpx:hr>
          </gpxtpx:TrackPointExtension>
        </extensions>
      </trkpt>
      <trkpt lat="1.3951708097348676" lon="103.89567901254836">
        <ele>15.473769821226597</ele>
        <time>2026-09-14T23:27:42Z</time>
        <extensions>
          <gpxtpx:TrackPointExtension>
            <gpxtpx:hr>159</gpxtpx:hr>
          </gpxtpx:TrackPointExtension>
        </extensions>
      </trkpt>
      <trkpt lat="1.3951694140657631" lon="103.8957081042902">
        <ele>15.475625538267195</ele>
        <time>2026-09-14T23:27:43Z</time>
        <extensions>
          <gpxtpx:TrackPointExtension>
            <gpxtpx:hr>159</gpxtpx:hr>
          </gpxtpx:TrackPointExtension>
        </extensions>
      </trkpt>
      <trkpt lat="1.3951681943975196" lon="103.89573638098118">
        <ele>15.481971233151853</ele>
        <time>2026-09-14T23:27:44Z</time>
        <extensions>
          <gpxtpx:TrackPointExtension>
            <gpxtpx:hr>159</gpxtpx:hr>
          </gpxtpx:TrackPointExtension>
        </extensions>
      </trkpt>
      <trkpt lat="1.395166996350803" lon="103.89576360907184">
        <ele>15.493496946059167</ele>
        <time>2026-09-14T23:27:45Z</time>
        <extensions>
          <gpxtpx:TrackPointExtension>
            <gpxtpx:hr>159</gpxtpx:hr>
          </gpxtpx:TrackPointExtension>
        </extensions>
      </trkpt>
      <trkpt lat="1.395165005865793" lon="103.89578951583171">
        <ele>15.510344623588026</ele>
        <time>2026-09-14T23:27:46Z</time>
        <extensions>
          <gpxtpx:TrackPointExtension>
            <gpxtpx:hr>161</gpxtpx:hr>
          </gpxtpx:TrackPointExtension>
        </extensions>
      </trkpt>
      <trkpt lat="1.3951622787024112" lon="103.89581458516295">
        <ele>15.48007486667484</ele>
        <time>2026-09-14T23:27:47Z</time>
        <extensions>
          <gpxtpx:TrackPointExtension>
            <gpxtpx:hr>161</gpxtpx:hr>
          </gpxtpx:TrackPointExtension>
        </extensions>
      </trkpt>
      <trkpt lat="1.3951589608936954" lon="103.89583838426465">
        <ele>15.473986537195742</ele>
        <time>2026-09-14T23:27:48Z</time>
        <extensions>
          <gpxtpx:TrackPointExtension>
            <gpxtpx:hr>161</gpxtpx:hr>
          </gpxtpx:TrackPointExtension>
        </extensions>
      </trkpt>
      <trkpt lat="1.3951553516123494" lon="103.8958620809519">
        <ele>15.4689498860389</ele>
        <time>2026-09-14T23:27:49Z</time>
        <extensions>
          <gpxtpx:TrackPointExtension>
            <gpxtpx:hr>161</gpxtpx:hr>
          </gpxtpx:TrackPointExtension>
        </extensions>
      </trkpt>
      <trkpt lat="1.3951511855927963" lon="103.8958867999514">
        <ele>15.461810662411153</ele>
        <time>2026-09-14T23:27:50Z</time>
        <extensions>
          <gpxtpx:TrackPointExtension>
            <gpxtpx:hr>161</gpxtpx:hr>
          </gpxtpx:TrackPointExtension>
        </extensions>
      </trkpt>
      <trkpt lat="1.3951463051348238" lon="103.89591341010299">
        <ele>15.451558678410947</ele>
        <time>2026-09-14T23:27:51Z</time>
        <extensions>
          <gpxtpx:TrackPointExtension>
            <gpxtpx:hr>162</gpxtpx:hr>
          </gpxtpx:TrackPointExtension>
        </extensions>
      </trkpt>
      <trkpt lat="1.395141139324574" lon="103.8959421355448">
        <ele>15.438052722252905</ele>
        <time>2026-09-14T23:27:52Z</time>
        <extensions>
          <gpxtpx:TrackPointExtension>
            <gpxtpx:hr>162</gpxtpx:hr>
          </gpxtpx:TrackPointExtension>
        </extensions>
      </trkpt>
      <trkpt lat="1.3951356806637647" lon="103.89597200489979">
        <ele>15.421446507796645</ele>
        <time>2026-09-14T23:27:53Z</time>
        <extensions>
          <gpxtpx:TrackPointExtension>
            <gpxtpx:hr>162</gpxtpx:hr>
          </gpxtpx:TrackPointExtension>
        </extensions>
      </trkpt>
      <trkpt lat="1.3951305036389725" lon="103.89600196413694">
        <ele>15.401852110400796</ele>
        <time>2026-09-14T23:27:54Z</time>
        <extensions>
          <gpxtpx:TrackPointExtension>
            <gpxtpx:hr>162</gpxtpx:hr>
          </gpxtpx:TrackPointExtension>
        </extensions>
      </trkpt>
      <trkpt lat="1.395125207848531" lon="103.89603093778504">
        <ele>15.37969451956451</ele>
        <time>2026-09-14T23:27:55Z</time>
        <extensions>
          <gpxtpx:TrackPointExtension>
            <gpxtpx:hr>162</gpxtpx:hr>
          </gpxtpx:TrackPointExtension>
        </extensions>
      </trkpt>
      <trkpt lat="1.3951198967116838" lon="103.8960588985">
        <ele>15.355910474434495</ele>
        <time>2026-09-14T23:27:56Z</time>
        <extensions>
          <gpxtpx:TrackPointExtension>
            <gpxtpx:hr>162</gpxtpx:hr>
          </gpxtpx:TrackPointExtension>
        </extensions>
      </trkpt>
      <trkpt lat="1.3951143977457976" lon="103.8960855754727">
        <ele>15.332374602556229</ele>
        <time>2026-09-14T23:27:57Z</time>
        <extensions>
          <gpxtpx:TrackPointExtension>
            <gpxtpx:hr>162</gpxtpx:hr>
          </gpxtpx:TrackPointExtension>
        </extensions>
      </trkpt>
      <trkpt lat="1.3951084183258453" lon="103.89611111808135">
        <ele>15.31014075409621</ele>
        <time>2026-09-14T23:27:58Z</time>
        <extensions>
          <gpxtpx:TrackPointExtension>
            <gpxtpx:hr>162</gpxtpx:hr>
          </gpxtpx:TrackPointExtension>
        </extensions>
      </trkpt>
      <trkpt lat="1.3951018577497332" lon="103.89613609554105">
        <ele>15.290567815303802</ele>
        <time>2026-09-14T23:27:59Z</time>
        <extensions>
          <gpxtpx:TrackPointExtension>
            <gpxtpx:hr>162</gpxtpx:hr>
          </gpxtpx:TrackPointExtension>
        </extensions>
      </trkpt>
      <trkpt lat="1.3950941961606913" lon="103.89616145325006">
        <ele>15.274053136818111</ele>
        <time>2026-09-14T23:28:00Z</time>
        <extensions>
          <gpxtpx:TrackPointExtension>
            <gpxtpx:hr>162</gpxtpx:hr>
          </gpxtpx:TrackPointExtension>
        </extensions>
      </trkpt>
      <trkpt lat="1.3950858823883798" lon="103.89618776464037">
        <ele>15.260598167777061</ele>
        <time>2026-09-14T23:28:01Z</time>
        <extensions>
          <gpxtpx:TrackPointExtension>
            <gpxtpx:hr>162</gpxtpx:hr>
          </gpxtpx:TrackPointExtension>
        </extensions>
      </trkpt>
      <trkpt lat="1.3950767231596513" lon="103.89621465061444">
        <ele>15.250000797212124</ele>
        <time>2026-09-14T23:28:02Z</time>
        <extensions>
          <gpxtpx:TrackPointExtension>
            <gpxtpx:hr>162</gpxtpx:hr>
          </gpxtpx:TrackPointExtension>
        </extensions>
      </trkpt>
      <trkpt lat="1.3950670150021638" lon="103.8962420405239">
        <ele>15.241976404562593</ele>
        <time>2026-09-14T23:28:03Z</time>
        <extensions>
          <gpxtpx:TrackPointExtension>
            <gpxtpx:hr>162</gpxtpx:hr>
          </gpxtpx:TrackPointExtension>
        </extensions>
      </trkpt>
      <trkpt lat="1.3950570699157785" lon="103.89626945976133">
        <ele>15.236216638237238</ele>
        <time>2026-09-14T23:28:04Z</time>
        <extensions>
          <gpxtpx:TrackPointExtension>
            <gpxtpx:hr>162</gpxtpx:hr>
          </gpxtpx:TrackPointExtension>
        </extensions>
      </trkpt>
      <trkpt lat="1.3950468570465533" lon="103.89629641030065">
        <ele>15.230606939643621</ele>
        <time>2026-09-14T23:28:05Z</time>
        <extensions>
          <gpxtpx:TrackPointExtension>
            <gpxtpx:hr>162</gpxtpx:hr>
          </gpxtpx:TrackPointExtension>
        </extensions>
      </trkpt>
      <trkpt lat="1.3950364067592755" lon="103.89632319863098">
        <ele>15.226766356267035</ele>
        <time>2026-09-14T23:28:06Z</time>
        <extensions>
          <gpxtpx:TrackPointExtension>
            <gpxtpx:hr>162</gpxtpx:hr>
          </gpxtpx:TrackPointExtension>
        </extensions>
      </trkpt>
      <trkpt lat="1.3950253354644566" lon="103.89634985530283">
        <ele>15.228598464280367</ele>
        <time>2026-09-14T23:28:07Z</time>
        <extensions>
          <gpxtpx:TrackPointExtension>
            <gpxtpx:hr>162</gpxtpx:hr>
          </gpxtpx:TrackPointExtension>
        </extensions>
      </trkpt>
      <trkpt lat="1.3950137615301423" lon="103.89637696237843">
        <ele>15.229938101954758</ele>
        <time>2026-09-14T23:28:08Z</time>
        <extensions>
          <gpxtpx:TrackPointExtension>
            <gpxtpx:hr>162</gpxtpx:hr>
          </gpxtpx:TrackPointExtension>
        </extensions>
      </trkpt>
      <trkpt lat="1.395002369064471" lon="103.89640411296605">
        <ele>15.23178297560662</ele>
        <time>2026-09-14T23:28:09Z</time>
        <extensions>
          <gpxtpx:TrackPointExtension>
            <gpxtpx:hr>162</gpxtpx:hr>
          </gpxtpx:TrackPointExtension>
        </extensions>
      </trkpt>
      <trkpt lat="1.3949921970710424" lon="103.89643093674347">
        <ele>15.234383003786206</ele>
        <time>2026-09-14T23:28:10Z</time>
        <extensions>
          <gpxtpx:TrackPointExtension>
            <gpxtpx:hr>162</gpxtpx:hr>
          </gpxtpx:TrackPointExtension>
        </extensions>
      </trkpt>
      <trkpt lat="1.3949836667701772" lon="103.89645779558508">
        <ele>15.237498744390905</ele>
        <time>2026-09-14T23:28:11Z</time>
        <extensions>
          <gpxtpx:TrackPointExtension>
            <gpxtpx:hr>162</gpxtpx:hr>
          </gpxtpx:TrackPointExtension>
        </extensions>
      </trkpt>
      <trkpt lat="1.394976844228761" lon="103.89648511665963">
        <ele>15.241864083334804</ele>
        <time>2026-09-14T23:28:12Z</time>
        <extensions>
          <gpxtpx:TrackPointExtension>
            <gpxtpx:hr>162</gpxtpx:hr>
          </gpxtpx:TrackPointExtension>
        </extensions>
      </trkpt>
      <trkpt lat="1.394970982217839" lon="103.89651264719093">
        <ele>15.248730666004121</ele>
        <time>2026-09-14T23:28:13Z</time>
        <extensions>
          <gpxtpx:TrackPointExtension>
            <gpxtpx:hr>162</gpxtpx:hr>
          </gpxtpx:TrackPointExtension>
        </extensions>
      </trkpt>
      <trkpt lat="1.394965144506476" lon="103.89653951305013">
        <ele>15.258696163073182</ele>
        <time>2026-09-14T23:28:14Z</time>
        <extensions>
          <gpxtpx:TrackPointExtension>
            <gpxtpx:hr>162</gpxtpx:hr>
          </gpxtpx:TrackPointExtension>
        </extensions>
      </trkpt>
      <trkpt lat="1.3949589650783911" lon="103.89656644034893">
        <ele>15.272287180647254</ele>
        <time>2026-09-14T23:28:15Z</time>
        <extensions>
          <gpxtpx:TrackPointExtension>
            <gpxtpx:hr>162</gpxtpx:hr>
          </gpxtpx:TrackPointExtension>
        </extensions>
      </trkpt>
      <trkpt lat="1.3949524870384116" lon="103.89659396759953">
        <ele>15.290447209961712</ele>
        <time>2026-09-14T23:28:16Z</time>
        <extensions>
          <gpxtpx:TrackPointExtension>
            <gpxtpx:hr>161</gpxtpx:hr>
          </gpxtpx:TrackPointExtension>
        </extensions>
      </trkpt>
      <trkpt lat="1.3949459809790274" lon="103.89662179015467">
        <ele>15.317528302781284</ele>
        <time>2026-09-14T23:28:17Z</time>
        <extensions>
          <gpxtpx:TrackPointExtension>
            <gpxtpx:hr>161</gpxtpx:hr>
          </gpxtpx:TrackPointExtension>
        </extensions>
      </trkpt>
      <trkpt lat="1.3949393400203718" lon="103.89664899506086">
        <ele>15.356744393706322</ele>
        <time>2026-09-14T23:28:18Z</time>
        <extensions>
          <gpxtpx:TrackPointExtension>
            <gpxtpx:hr>161</gpxtpx:hr>
          </gpxtpx:TrackPointExtension>
        </extensions>
      </trkpt>
      <trkpt lat="1.3949330669118305" lon="103.89667527883275">
        <ele>15.418282170780003</ele>
        <time>2026-09-14T23:28:19Z</time>
        <extensions>
          <gpxtpx:TrackPointExtension>
            <gpxtpx:hr>161</gpxtpx:hr>
          </gpxtpx:TrackPointExtension>
        </extensions>
      </trkpt>
      <trkpt lat="1.3949269880613764" lon="103.8967008896395">
        <ele>15.493784026242793</ele>
        <time>2026-09-14T23:28:20Z</time>
        <extensions>
          <gpxtpx:TrackPointExtension>
            <gpxtpx:hr>161</gpxtpx:hr>
          </gpxtpx:TrackPointExtension>
        </extensions>
      </trkpt>
      <trkpt lat="1.3949210305708215" lon="103.89672643121253">
        <ele>15.59331966470927</ele>
        <time>2026-09-14T23:28:21Z</time>
        <extensions>
          <gpxtpx:TrackPointExtension>
            <gpxtpx:hr>162</gpxtpx:hr>
          </gpxtpx:TrackPointExtension>
        </extensions>
      </trkpt>
      <trkpt lat="1.394915052217056" lon="103.896751773447">
        <ele>15.697393598034978</ele>
        <time>2026-09-14T23:28:22Z</time>
        <extensions>
          <gpxtpx:TrackPointExtension>
            <gpxtpx:hr>162</gpxtpx:hr>
          </gpxtpx:TrackPointExtension>
        </extensions>
      </trkpt>
      <trkpt lat="1.3949087971027967" lon="103.8967765889452">
        <ele>15.809263415634632</ele>
        <time>2026-09-14T23:28:23Z</time>
        <extensions>
          <gpxtpx:TrackPointExtension>
            <gpxtpx:hr>162</gpxtpx:hr>
          </gpxtpx:TrackPointExtension>
        </extensions>
      </trkpt>
      <trkpt lat="1.3949025817300924" lon="103.89680166011202">
        <ele>15.912910632789135</ele>
        <time>2026-09-14T23:28:24Z</time>
        <extensions>
          <gpxtpx:TrackPointExtension>
            <gpxtpx:hr>162</gpxtpx:hr>
          </gpxtpx:TrackPointExtension>
        </extensions>
      </trkpt>
      <trkpt lat="1.3948959638650469" lon="103.89682723140513">
        <ele>16.019861213862896</ele>
        <time>2026-09-14T23:28:25Z</time>
        <extensions>
          <gpxtpx:TrackPointExtension>
            <gpxtpx:hr>162</gpxtpx:hr>
          </gpxtpx:TrackPointExtension>
        </extensions>
      </trkpt>
      <trkpt lat="1.3948889709008967" lon="103.89685384863508">
        <ele>16.10713674686849</ele>
        <time>2026-09-14T23:28:26Z</time>
        <extensions>
          <gpxtpx:TrackPointExtension>
            <gpxtpx:hr>162</gpxtpx:hr>
          </gpxtpx:TrackPointExtension>
        </extensions>
      </trkpt>
      <trkpt lat="1.3948814984708675" lon="103.8968812436387">
        <ele>16.188120084814727</ele>
        <time>2026-09-14T23:28:27Z</time>
        <extensions>
          <gpxtpx:TrackPointExtension>
            <gpxtpx:hr>162</gpxtpx:hr>
          </gpxtpx:TrackPointExtension>
        </extensions>
      </trkpt>
      <trkpt lat="1.3948735272565322" lon="103.89690836991983">
        <ele>16.28071772865951</ele>
        <time>2026-09-14T23:28:28Z</time>
        <extensions>
          <gpxtpx:TrackPointExtension>
            <gpxtpx:hr>162</gpxtpx:hr>
          </gpxtpx:TrackPointExtension>
        </extensions>
      </trkpt>
      <trkpt lat="1.3948662459203576" lon="103.89693456491695">
        <ele>16.351747735403478</ele>
        <time>2026-09-14T23:28:29Z</time>
        <extensions>
          <gpxtpx:TrackPointExtension>
            <gpxtpx:hr>161</gpxtpx:hr>
          </gpxtpx:TrackPointExtension>
        </extensions>
      </trkpt>
      <trkpt lat="1.3948599933603758" lon="103.89695849045181">
        <ele>16.427639432251453</ele>
        <time>2026-09-14T23:28:30Z</time>
        <extensions>
          <gpxtpx:TrackPointExtension>
            <gpxtpx:hr>161</gpxtpx:hr>
          </gpxtpx:TrackPointExtension>
        </extensions>
      </trkpt>
      <trkpt lat="1.3948548220359556" lon="103.89698076692268">
        <ele>16.469013148918748</ele>
        <time>2026-09-14T23:28:31Z</time>
        <extensions>
          <gpxtpx:TrackPointExtension>
            <gpxtpx:hr>161</gpxtpx:hr>
          </gpxtpx:TrackPointExtension>
        </extensions>
      </trkpt>
      <trkpt lat="1.3948499846581772" lon="103.89700268795664">
        <ele>16.52592792455107</ele>
        <time>2026-09-14T23:28:32Z</time>
        <extensions>
          <gpxtpx:TrackPointExtension>
            <gpxtpx:hr>161</gpxtpx:hr>
          </gpxtpx:TrackPointExtension>
        </extensions>
      </trkpt>
      <trkpt lat="1.3948444556371928" lon="103.89702550102785">
        <ele>16.550113705918193</ele>
        <time>2026-09-14T23:28:33Z</time>
        <extensions>
          <gpxtpx:TrackPointExtension>
            <gpxtpx:hr>161</gpxtpx:hr>
          </gpxtpx:TrackPointExtension>
        </extensions>
      </trkpt>
      <trkpt lat="1.3948380296599476" lon="103.89705020764939">
        <ele>16.61267850920558</ele>
        <time>2026-09-14T23:28:34Z</time>
        <extensions>
          <gpxtpx:TrackPointExtension>
            <gpxtpx:hr>161</gpxtpx:hr>
          </gpxtpx:TrackPointExtension>
        </extensions>
      </trkpt>
      <trkpt lat="1.394830402968771" lon="103.89707585386202">
        <ele>16.64649103116244</ele>
        <time>2026-09-14T23:28:35Z</time>
        <extensions>
          <gpxtpx:TrackPointExtension>
            <gpxtpx:hr>161</gpxtpx:hr>
          </gpxtpx:TrackPointExtension>
        </extensions>
      </trkpt>
      <trkpt lat="1.3948224873423203" lon="103.89710242075435">
        <ele>16.503653740510345</ele>
        <time>2026-09-14T23:28:36Z</time>
        <extensions>
          <gpxtpx:TrackPointExtension>
            <gpxtpx:hr>161</gpxtpx:hr>
          </gpxtpx:TrackPointExtension>
        </extensions>
      </trkpt>
      <trkpt lat="1.3948150197969407" lon="103.89712812146672">
        <ele>16.505305597558618</ele>
        <time>2026-09-14T23:28:37Z</time>
        <extensions>
          <gpxtpx:TrackPointExtension>
            <gpxtpx:hr>161</gpxtpx:hr>
          </gpxtpx:TrackPointExtension>
        </extensions>
      </trkpt>
      <trkpt lat="1.3948081675260855" lon="103.89715301015408">
        <ele>16.50217417255044</ele>
        <time>2026-09-14T23:28:38Z</time>
        <extensions>
          <gpxtpx:TrackPointExtension>
            <gpxtpx:hr>161</gpxtpx:hr>
          </gpxtpx:TrackPointExtension>
        </extensions>
      </trkpt>
      <trkpt lat="1.394801916464254" lon="103.89717742549156">
        <ele>16.493890666402876</ele>
        <time>2026-09-14T23:28:39Z</time>
        <extensions>
          <gpxtpx:TrackPointExtension>
            <gpxtpx:hr>161</gpxtpx:hr>
          </gpxtpx:TrackPointExtension>
        </extensions>
      </trkpt>
      <trkpt lat="1.3947958840751133" lon="103.8972019315224">
        <ele>16.480829579755664</ele>
        <time>2026-09-14T23:28:40Z</time>
        <extensions>
          <gpxtpx:TrackPointExtension>
            <gpxtpx:hr>161</gpxtpx:hr>
          </gpxtpx:TrackPointExtension>
        </extensions>
      </trkpt>
      <trkpt lat="1.3947898157901104" lon="103.89722682255109">
        <ele>16.4632282005623</ele>
        <time>2026-09-14T23:28:41Z</time>
        <extensions>
          <gpxtpx:TrackPointExtension>
            <gpxtpx:hr>160</gpxtpx:hr>
          </gpxtpx:TrackPointExtension>
        </extensions>
      </trkpt>
      <trkpt lat="1.3947836375967535" lon="103.89725178241781">
        <ele>16.44092690385878</ele>
        <time>2026-09-14T23:28:42Z</time>
        <extensions>
          <gpxtpx:TrackPointExtension>
            <gpxtpx:hr>160</gpxtpx:hr>
          </gpxtpx:TrackPointExtension>
        </extensions>
      </trkpt>
      <trkpt lat="1.394777510168005" lon="103.89727659665127">
        <ele>16.414012582041323</ele>
        <time>2026-09-14T23:28:43Z</time>
        <extensions>
          <gpxtpx:TrackPointExtension>
            <gpxtpx:hr>160</gpxtpx:hr>
          </gpxtpx:TrackPointExtension>
        </extensions>
      </trkpt>
      <trkpt lat="1.3947714092181025" lon="103.89730118980621">
        <ele>16.382297274656594</ele>
        <time>2026-09-14T23:28:44Z</time>
        <extensions>
          <gpxtpx:TrackPointExtension>
            <gpxtpx:hr>160</gpxtpx:hr>
          </gpxtpx:TrackPointExtension>
        </extensions>
      </trkpt>
      <trkpt lat="1.394765345345487" lon="103.89732557316542">
        <ele>16.346428222954273</ele>
        <time>2026-09-14T23:28:45Z</time>
        <extensions>
          <gpxtpx:TrackPointExtension>
            <gpxtpx:hr>160</gpxtpx:hr>
          </gpxtpx:TrackPointExtension>
        </extensions>
      </trkpt>
      <trkpt lat="1.3947594532295327" lon="103.89734973284375">
        <ele>16.306520203128457</ele>
        <time>2026-09-14T23:28:46Z</time>
        <extensions>
          <gpxtpx:TrackPointExtension>
            <gpxtpx:hr>161</gpxtpx:hr>
          </gpxtpx:TrackPointExtension>
        </extensions>
      </trkpt>
      <trkpt lat="1.3947538308240999" lon="103.89737356989377">
        <ele>16.26316943578422</ele>
        <time>2026-09-14T23:28:47Z</time>
        <extensions>
          <gpxtpx:TrackPointExtension>
            <gpxtpx:hr>161</gpxtpx:hr>
          </gpxtpx:TrackPointExtension>
        </extensions>
      </trkpt>
      <trkpt lat="1.3947485564852051" lon="103.89739727245227">
        <ele>16.217418611049652</ele>
        <time>2026-09-14T23:28:48Z</time>
        <extensions>
          <gpxtpx:TrackPointExtension>
            <gpxtpx:hr>161</gpxtpx:hr>
          </gpxtpx:TrackPointExtension>
        </extensions>
      </trkpt>
      <trkpt lat="1.3947434224679285" lon="103.89742114081909">
        <ele>16.171079490333796</ele>
        <time>2026-09-14T23:28:49Z</time>
        <extensions>
          <gpxtpx:TrackPointExtension>
            <gpxtpx:hr>161</gpxtpx:hr>
          </gpxtpx:TrackPointExtension>
        </extensions>
      </trkpt>
      <trkpt lat="1.3947384749500182" lon="103.89744531836091">
        <ele>16.124006648547947</ele>
        <time>2026-09-14T23:28:50Z</time>
        <extensions>
          <gpxtpx:TrackPointExtension>
            <gpxtpx:hr>161</gpxtpx:hr>
          </gpxtpx:TrackPointExtension>
        </extensions>
      </trkpt>
      <trkpt lat="1.3947338823814937" lon="103.89746966298374">
        <ele>16.077901799231768</ele>
        <time>2026-09-14T23:28:51Z</time>
        <extensions>
          <gpxtpx:TrackPointExtension>
            <gpxtpx:hr>161</gpxtpx:hr>
          </gpxtpx:TrackPointExtension>
        </extensions>
      </trkpt>
      <trkpt lat="1.394729673874551" lon="103.89749386993394">
        <ele>16.03133894596249</ele>
        <time>2026-09-14T23:28:52Z</time>
        <extensions>
          <gpxtpx:TrackPointExtension>
            <gpxtpx:hr>160</gpxtpx:hr>
          </gpxtpx:TrackPointExtension>
        </extensions>
      </trkpt>
      <trkpt lat="1.3947259681229547" lon="103.89751767675611">
        <ele>15.98531087860465</ele>
        <time>2026-09-14T23:28:53Z</time>
        <extensions>
          <gpxtpx:TrackPointExtension>
            <gpxtpx:hr>160</gpxtpx:hr>
          </gpxtpx:TrackPointExtension>
        </extensions>
      </trkpt>
      <trkpt lat="1.3947228171995478" lon="103.89754117183134">
        <ele>15.938915133476257</ele>
        <time>2026-09-14T23:28:54Z</time>
        <extensions>
          <gpxtpx:TrackPointExtension>
            <gpxtpx:hr>160</gpxtpx:hr>
          </gpxtpx:TrackPointExtension>
        </extensions>
      </trkpt>
      <trkpt lat="1.3947204990561066" lon="103.89756457092707">
        <ele>15.892650046385825</ele>
        <time>2026-09-14T23:28:55Z</time>
        <extensions>
          <gpxtpx:TrackPointExtension>
            <gpxtpx:hr>160</gpxtpx:hr>
          </gpxtpx:TrackPointExtension>
        </extensions>
      </trkpt>
      <trkpt lat="1.3947194873487894" lon="103.89758777004658">
        <ele>15.846422627568245</ele>
        <time>2026-09-14T23:28:56Z</time>
        <extensions>
          <gpxtpx:TrackPointExtension>
            <gpxtpx:hr>160</gpxtpx:hr>
          </gpxtpx:TrackPointExtension>
        </extensions>
      </trkpt>
      <trkpt lat="1.3947202180100642" lon="103.89761070233511">
        <ele>15.799898069351912</ele>
        <time>2026-09-14T23:28:57Z</time>
        <extensions>
          <gpxtpx:TrackPointExtension>
            <gpxtpx:hr>160</gpxtpx:hr>
          </gpxtpx:TrackPointExtension>
        </extensions>
      </trkpt>
      <trkpt lat="1.3947229731500437" lon="103.89763375195193">
        <ele>15.752829801291227</ele>
        <time>2026-09-14T23:28:58Z</time>
        <extensions>
          <gpxtpx:TrackPointExtension>
            <gpxtpx:hr>160</gpxtpx:hr>
          </gpxtpx:TrackPointExtension>
        </extensions>
      </trkpt>
      <trkpt lat="1.3947279055793396" lon="103.89765725157802">
        <ele>15.705256254412234</ele>
        <time>2026-09-14T23:28:59Z</time>
        <extensions>
          <gpxtpx:TrackPointExtension>
            <gpxtpx:hr>160</gpxtpx:hr>
          </gpxtpx:TrackPointExtension>
        </extensions>
      </trkpt>
      <trkpt lat="1.394735133041513" lon="103.89768107754564">
        <ele>15.657788909971714</ele>
        <time>2026-09-14T23:29:00Z</time>
        <extensions>
          <gpxtpx:TrackPointExtension>
            <gpxtpx:hr>159</gpxtpx:hr>
          </gpxtpx:TrackPointExtension>
        </extensions>
      </trkpt>
      <trkpt lat="1.3947445598885182" lon="103.897704673131">
        <ele>15.610966376028955</ele>
        <time>2026-09-14T23:29:01Z</time>
        <extensions>
          <gpxtpx:TrackPointExtension>
            <gpxtpx:hr>159</gpxtpx:hr>
          </gpxtpx:TrackPointExtension>
        </extensions>
      </trkpt>
      <trkpt lat="1.394756205738373" lon="103.89772736736046">
        <ele>15.565244481898844</ele>
        <time>2026-09-14T23:29:02Z</time>
        <extensions>
          <gpxtpx:TrackPointExtension>
            <gpxtpx:hr>159</gpxtpx:hr>
          </gpxtpx:TrackPointExtension>
        </extensions>
      </trkpt>
      <trkpt lat="1.394769958183547" lon="103.89774872387498">
        <ele>15.520652322098613</ele>
        <time>2026-09-14T23:29:03Z</time>
        <extensions>
          <gpxtpx:TrackPointExtension>
            <gpxtpx:hr>159</gpxtpx:hr>
          </gpxtpx:TrackPointExtension>
        </extensions>
      </trkpt>
      <trkpt lat="1.3947854927137502" lon="103.89776837090434">
        <ele>15.477072027511895</ele>
        <time>2026-09-14T23:29:04Z</time>
        <extensions>
          <gpxtpx:TrackPointExtension>
            <gpxtpx:hr>159</gpxtpx:hr>
          </gpxtpx:TrackPointExtension>
        </extensions>
      </trkpt>
      <trkpt lat="1.3948026265007265" lon="103.8977860198199">
        <ele>15.433702119626105</ele>
        <time>2026-09-14T23:29:05Z</time>
        <extensions>
          <gpxtpx:TrackPointExtension>
            <gpxtpx:hr>159</gpxtpx:hr>
          </gpxtpx:TrackPointExtension>
        </extensions>
      </trkpt>
      <trkpt lat="1.394821343108698" lon="103.89780147186369">
        <ele>15.389712031930685</ele>
        <time>2026-09-14T23:29:06Z</time>
        <extensions>
          <gpxtpx:TrackPointExtension>
            <gpxtpx:hr>159</gpxtpx:hr>
          </gpxtpx:TrackPointExtension>
        </extensions>
      </trkpt>
      <trkpt lat="1.394841959628603" lon="103.89781489155652">
        <ele>15.344535020180047</ele>
        <time>2026-09-14T23:29:07Z</time>
        <extensions>
          <gpxtpx:TrackPointExtension>
            <gpxtpx:hr>159</gpxtpx:hr>
          </gpxtpx:TrackPointExtension>
        </extensions>
      </trkpt>
      <trkpt lat="1.394864668206094" lon="103.89782668191536">
        <ele>15.296729966066778</ele>
        <time>2026-09-14T23:29:08Z</time>
        <extensions>
          <gpxtpx:TrackPointExtension>
            <gpxtpx:hr>159</gpxtpx:hr>
          </gpxtpx:TrackPointExtension>
        </extensions>
      </trkpt>
      <trkpt lat="1.3948891241062336" lon="103.89783699779844">
        <ele>15.246005245484412</ele>
        <time>2026-09-14T23:29:09Z</time>
        <extensions>
          <gpxtpx:TrackPointExtension>
            <gpxtpx:hr>159</gpxtpx:hr>
          </gpxtpx:TrackPointExtension>
        </extensions>
      </trkpt>
      <trkpt lat="1.394914477784781" lon="103.8978460181175">
        <ele>15.191313503310084</ele>
        <time>2026-09-14T23:29:10Z</time>
        <extensions>
          <gpxtpx:TrackPointExtension>
            <gpxtpx:hr>159</gpxtpx:hr>
          </gpxtpx:TrackPointExtension>
        </extensions>
      </trkpt>
      <trkpt lat="1.3949401762157527" lon="103.89785391470109">
        <ele>15.132439544424415</ele>
        <time>2026-09-14T23:29:11Z</time>
        <extensions>
          <gpxtpx:TrackPointExtension>
            <gpxtpx:hr>159</gpxtpx:hr>
          </gpxtpx:TrackPointExtension>
        </extensions>
      </trkpt>
      <trkpt lat="1.394966022129214" lon="103.89786103764159">
        <ele>15.068220904096961</ele>
        <time>2026-09-14T23:29:12Z</time>
        <extensions>
          <gpxtpx:TrackPointExtension>
            <gpxtpx:hr>159</gpxtpx:hr>
          </gpxtpx:TrackPointExtension>
        </extensions>
      </trkpt>
      <trkpt lat="1.3949917520620283" lon="103.89786783275419">
        <ele>14.999666204676032</ele>
        <time>2026-09-14T23:29:13Z</time>
        <extensions>
          <gpxtpx:TrackPointExtension>
            <gpxtpx:hr>159</gpxtpx:hr>
          </gpxtpx:TrackPointExtension>
        </extensions>
      </trkpt>
      <trkpt lat="1.3950172971343522" lon="103.89787465374049">
        <ele>14.9261827012524</ele>
        <time>2026-09-14T23:29:14Z</time>
        <extensions>
          <gpxtpx:TrackPointExtension>
            <gpxtpx:hr>159</gpxtpx:hr>
          </gpxtpx:TrackPointExtension>
        </extensions>
      </trkpt>
      <trkpt lat="1.3950425609589205" lon="103.89788180663552">
        <ele>14.849084047600627</ele>
        <time>2026-09-14T23:29:15Z</time>
        <extensions>
          <gpxtpx:TrackPointExtension>
            <gpxtpx:hr>159</gpxtpx:hr>
          </gpxtpx:TrackPointExtension>
        </extensions>
      </trkpt>
      <trkpt lat="1.3950675027893604" lon="103.89788932717879">
        <ele>14.768086747266352</ele>
        <time>2026-09-14T23:29:16Z</time>
        <extensions>
          <gpxtpx:TrackPointExtension>
            <gpxtpx:hr>159</gpxtpx:hr>
          </gpxtpx:TrackPointExtension>
        </extensions>
      </trkpt>
      <trkpt lat="1.395092040287235" lon="103.89789728205092">
        <ele>14.685001891106367</ele>
        <time>2026-09-14T23:29:17Z</time>
        <extensions>
          <gpxtpx:TrackPointExtension>
            <gpxtpx:hr>159</gpxtpx:hr>
          </gpxtpx:TrackPointExtension>
        </extensions>
      </trkpt>
      <trkpt lat="1.3951162936001535" lon="103.89790577326319">
        <ele>14.600108858197927</ele>
        <time>2026-09-14T23:29:18Z</time>
        <extensions>
          <gpxtpx:TrackPointExtension>
            <gpxtpx:hr>159</gpxtpx:hr>
          </gpxtpx:TrackPointExtension>
        </extensions>
      </trkpt>
      <trkpt lat="1.3951405715769991" lon="103.89791479830734">
        <ele>14.515526976436377</ele>
        <time>2026-09-14T23:29:19Z</time>
        <extensions>
          <gpxtpx:TrackPointExtension>
            <gpxtpx:hr>159</gpxtpx:hr>
          </gpxtpx:TrackPointExtension>
        </extensions>
      </trkpt>
      <trkpt lat="1.3951649987586954" lon="103.89792410516498">
        <ele>14.431287865154445</ele>
        <time>2026-09-14T23:29:20Z</time>
        <extensions>
          <gpxtpx:TrackPointExtension>
            <gpxtpx:hr>159</gpxtpx:hr>
          </gpxtpx:TrackPointExtension>
        </extensions>
      </trkpt>
      <trkpt lat="1.3951895460819368" lon="103.89793336611064">
        <ele>14.349493513815105</ele>
        <time>2026-09-14T23:29:21Z</time>
        <extensions>
          <gpxtpx:TrackPointExtension>
            <gpxtpx:hr>159</gpxtpx:hr>
          </gpxtpx:TrackPointExtension>
        </extensions>
      </trkpt>
      <trkpt lat="1.39521397830804" lon="103.89794246423615">
        <ele>14.269998645409942</ele>
        <time>2026-09-14T23:29:22Z</time>
        <extensions>
          <gpxtpx:TrackPointExtension>
            <gpxtpx:hr>159</gpxtpx:hr>
          </gpxtpx:TrackPointExtension>
        </extensions>
      </trkpt>
      <trkpt lat="1.3952383541824462" lon="103.89795133835986">
        <ele>14.194452363997698</ele>
        <time>2026-09-14T23:29:23Z</time>
        <extensions>
          <gpxtpx:TrackPointExtension>
            <gpxtpx:hr>159</gpxtpx:hr>
          </gpxtpx:TrackPointExtension>
        </extensions>
      </trkpt>
      <trkpt lat="1.3952627588147575" lon="103.89796002377128">
        <ele>14.12289166264236</ele>
        <time>2026-09-14T23:29:24Z</time>
        <extensions>
          <gpxtpx:TrackPointExtension>
            <gpxtpx:hr>158</gpxtpx:hr>
          </gpxtpx:TrackPointExtension>
        </extensions>
      </trkpt>
      <trkpt lat="1.395287102601821" lon="103.89796845180507">
        <ele>14.055589651688933</ele>
        <time>2026-09-14T23:29:25Z</time>
        <extensions>
          <gpxtpx:TrackPointExtension>
            <gpxtpx:hr>158</gpxtpx:hr>
          </gpxtpx:TrackPointExtension>
        </extensions>
      </trkpt>
      <trkpt lat="1.3953113209507568" lon="103.89797630198979">
        <ele>13.992384493350983</ele>
        <time>2026-09-14T23:29:26Z</time>
        <extensions>
          <gpxtpx:TrackPointExtension>
            <gpxtpx:hr>158</gpxtpx:hr>
          </gpxtpx:TrackPointExtension>
        </extensions>
      </trkpt>
      <trkpt lat="1.395335271186128" lon="103.89798327238718">
        <ele>13.933636742644012</ele>
        <time>2026-09-14T23:29:27Z</time>
        <extensions>
          <gpxtpx:TrackPointExtension>
            <gpxtpx:hr>158</gpxtpx:hr>
          </gpxtpx:TrackPointExtension>
        </extensions>
      </trkpt>
      <trkpt lat="1.3953589005335527" lon="103.89798922261936">
        <ele>13.879279991611838</ele>
        <time>2026-09-14T23:29:28Z</time>
        <extensions>
          <gpxtpx:TrackPointExtension>
            <gpxtpx:hr>156</gpxtpx:hr>
          </gpxtpx:TrackPointExtension>
        </extensions>
      </trkpt>
      <trkpt lat="1.3953821330363676" lon="103.89799473494556">
        <ele>13.82956231571734</ele>
        <time>2026-09-14T23:29:29Z</time>
        <extensions>
          <gpxtpx:TrackPointExtension>
            <gpxtpx:hr>156</gpxtpx:hr>
          </gpxtpx:TrackPointExtension>
        </extensions>
      </trkpt>
      <trkpt lat="1.3954051740929683" lon="103.89800084614637">
        <ele>13.784465826116502</ele>
        <time>2026-09-14T23:29:30Z</time>
        <extensions>
          <gpxtpx:TrackPointExtension>
            <gpxtpx:hr>156</gpxtpx:hr>
          </gpxtpx:TrackPointExtension>
        </extensions>
      </trkpt>
      <trkpt lat="1.3954283278007518" lon="103.89800817683583">
        <ele>13.743286518380046</ele>
        <time>2026-09-14T23:29:31Z</time>
        <extensions>
          <gpxtpx:TrackPointExtension>
            <gpxtpx:hr>156</gpxtpx:hr>
          </gpxtpx:TrackPointExtension>
        </extensions>
      </trkpt>
      <trkpt lat="1.3954514353267051" lon="103.8980167300417">
        <ele>13.705325201153755</ele>
        <time>2026-09-14T23:29:32Z</time>
        <extensions>
          <gpxtpx:TrackPointExtension>
            <gpxtpx:hr>156</gpxtpx:hr>
          </gpxtpx:TrackPointExtension>
        </extensions>
      </trkpt>
      <trkpt lat="1.3954741121468053" lon="103.89802616211266">
        <ele>13.67144678067416</ele>
        <time>2026-09-14T23:29:33Z</time>
        <extensions>
          <gpxtpx:TrackPointExtension>
            <gpxtpx:hr>156</gpxtpx:hr>
          </gpxtpx:TrackPointExtension>
        </extensions>
      </trkpt>
      <trkpt lat="1.3954961896833369" lon="103.89803571862859">
        <ele>13.64074890781194</ele>
        <time>2026-09-14T23:29:34Z</time>
        <extensions>
          <gpxtpx:TrackPointExtension>
            <gpxtpx:hr>156</gpxtpx:hr>
          </gpxtpx:TrackPointExtension>
        </extensions>
      </trkpt>
      <trkpt lat="1.3955178993460102" lon="103.89804411887755">
        <ele>13.614213351160288</ele>
        <time>2026-09-14T23:29:35Z</time>
        <extensions>
          <gpxtpx:TrackPointExtension>
            <gpxtpx:hr>155</gpxtpx:hr>
          </gpxtpx:TrackPointExtension>
        </extensions>
      </trkpt>
      <trkpt lat="1.3955395696937567" lon="103.8980504682951">
        <ele>13.590973093174398</ele>
        <time>2026-09-14T23:29:36Z</time>
        <extensions>
          <gpxtpx:TrackPointExtension>
            <gpxtpx:hr>155</gpxtpx:hr>
          </gpxtpx:TrackPointExtension>
        </extensions>
      </trkpt>
      <trkpt lat="1.3955612963421775" lon="103.89805481527263">
        <ele>13.572024678811431</ele>
        <time>2026-09-14T23:29:37Z</time>
        <extensions>
          <gpxtpx:TrackPointExtension>
            <gpxtpx:hr>155</gpxtpx:hr>
          </gpxtpx:TrackPointExtension>
        </extensions>
      </trkpt>
      <trkpt lat="1.3955831537519043" lon="103.8980578133148">
        <ele>13.556606677360833</ele>
        <time>2026-09-14T23:29:38Z</time>
        <extensions>
          <gpxtpx:TrackPointExtension>
            <gpxtpx:hr>155</gpxtpx:hr>
          </gpxtpx:TrackPointExtension>
        </extensions>
      </trkpt>
      <trkpt lat="1.3956052918342852" lon="103.89805997506822">
        <ele>13.545414838939905</ele>
        <time>2026-09-14T23:29:39Z</time>
        <extensions>
          <gpxtpx:TrackPointExtension>
            <gpxtpx:hr>155</gpxtpx:hr>
          </gpxtpx:TrackPointExtension>
        </extensions>
      </trkpt>
      <trkpt lat="1.3956277566470205" lon="103.89806142008999">
        <ele>13.537534844130278</ele>
        <time>2026-09-14T23:29:40Z</time>
        <extensions>
          <gpxtpx:TrackPointExtension>
            <gpxtpx:hr>155</gpxtpx:hr>
          </gpxtpx:TrackPointExtension>
        </extensions>
      </trkpt>
      <trkpt lat="1.3956505023360073" lon="103.89806220330337">
        <ele>13.533522749319673</ele>
        <time>2026-09-14T23:29:41Z</time>
        <extensions>
          <gpxtpx:TrackPointExtension>
            <gpxtpx:hr>155</gpxtpx:hr>
          </gpxtpx:TrackPointExtension>
        </extensions>
      </trkpt>
      <trkpt lat="1.3956736468259099" lon="103.89806222068309">
        <ele>13.532559026032686</ele>
        <time>2026-09-14T23:29:42Z</time>
        <extensions>
          <gpxtpx:TrackPointExtension>
            <gpxtpx:hr>155</gpxtpx:hr>
          </gpxtpx:TrackPointExtension>
        </extensions>
      </trkpt>
      <trkpt lat="1.3956971247756496" lon="103.89806132693248">
        <ele>13.535200624726713</ele>
        <time>2026-09-14T23:29:43Z</time>
        <extensions>
          <gpxtpx:TrackPointExtension>
            <gpxtpx:hr>155</gpxtpx:hr>
          </gpxtpx:TrackPointExtension>
        </extensions>
      </trkpt>
      <trkpt lat="1.395720565459906" lon="103.89805925291837">
        <ele>13.541337632574141</ele>
        <time>2026-09-14T23:29:44Z</time>
        <extensions>
          <gpxtpx:TrackPointExtension>
            <gpxtpx:hr>155</gpxtpx:hr>
          </gpxtpx:TrackPointExtension>
        </extensions>
      </trkpt>
      <trkpt lat="1.395743911209267" lon="103.89805634516146">
        <ele>13.55053196195513</ele>
        <time>2026-09-14T23:29:45Z</time>
        <extensions>
          <gpxtpx:TrackPointExtension>
            <gpxtpx:hr>155</gpxtpx:hr>
          </gpxtpx:TrackPointExtension>
        </extensions>
      </trkpt>
      <trkpt lat="1.3957672655826843" lon="103.89805318079412">
        <ele>13.562226807698607</ele>
        <time>2026-09-14T23:29:46Z</time>
        <extensions>
          <gpxtpx:TrackPointExtension>
            <gpxtpx:hr>155</gpxtpx:hr>
          </gpxtpx:TrackPointExtension>
        </extensions>
      </trkpt>
      <trkpt lat="1.3957906820405324" lon="103.8980496967922">
        <ele>13.575102216564119</ele>
        <time>2026-09-14T23:29:47Z</time>
        <extensions>
          <gpxtpx:TrackPointExtension>
            <gpxtpx:hr>155</gpxtpx:hr>
          </gpxtpx:TrackPointExtension>
        </extensions>
      </trkpt>
      <trkpt lat="1.3958142280357684" lon="103.89804585097498">
        <ele>13.588866145350039</ele>
        <time>2026-09-14T23:29:48Z</time>
        <extensions>
          <gpxtpx:TrackPointExtension>
            <gpxtpx:hr>155</gpxtpx:hr>
          </gpxtpx:TrackPointExtension>
        </extensions>
      </trkpt>
      <trkpt lat="1.395837969249056" lon="103.89804157993919">
        <ele>13.602386262267828</ele>
        <time>2026-09-14T23:29:49Z</time>
        <extensions>
          <gpxtpx:TrackPointExtension>
            <gpxtpx:hr>155</gpxtpx:hr>
          </gpxtpx:TrackPointExtension>
        </extensions>
      </trkpt>
      <trkpt lat="1.395861866702804" lon="103.89803682733823">
        <ele>13.61531763151288</ele>
        <time>2026-09-14T23:29:50Z</time>
        <extensions>
          <gpxtpx:TrackPointExtension>
            <gpxtpx:hr>155</gpxtpx:hr>
          </gpxtpx:TrackPointExtension>
        </extensions>
      </trkpt>
      <trkpt lat="1.3958858104881153" lon="103.89803157048384">
        <ele>13.626974899321795</ele>
        <time>2026-09-14T23:29:51Z</time>
        <extensions>
          <gpxtpx:TrackPointExtension>
            <gpxtpx:hr>155</gpxtpx:hr>
          </gpxtpx:TrackPointExtension>
        </extensions>
      </trkpt>
      <trkpt lat="1.3959097170906667" lon="103.89802579611653">
        <ele>13.637434859760106</ele>
        <time>2026-09-14T23:29:52Z</time>
        <extensions>
          <gpxtpx:TrackPointExtension>
            <gpxtpx:hr>155</gpxtpx:hr>
          </gpxtpx:TrackPointExtension>
        </extensions>
      </trkpt>
      <trkpt lat="1.3959335553605667" lon="103.89801950169529">
        <ele>13.646682223305106</ele>
        <time>2026-09-14T23:29:53Z</time>
        <extensions>
          <gpxtpx:TrackPointExtension>
            <gpxtpx:hr>155</gpxtpx:hr>
          </gpxtpx:TrackPointExtension>
        </extensions>
      </trkpt>
      <trkpt lat="1.395957325646385" lon="103.89801267069912">
        <ele>13.655481048859656</ele>
        <time>2026-09-14T23:29:54Z</time>
        <extensions>
          <gpxtpx:TrackPointExtension>
            <gpxtpx:hr>155</gpxtpx:hr>
          </gpxtpx:TrackPointExtension>
        </extensions>
      </trkpt>
      <trkpt lat="1.3959809999593478" lon="103.89800530709753">
        <ele>13.664105000905693</ele>
        <time>2026-09-14T23:29:55Z</time>
        <extensions>
          <gpxtpx:TrackPointExtension>
            <gpxtpx:hr>158</gpxtpx:hr>
          </gpxtpx:TrackPointExtension>
        </extensions>
      </trkpt>
      <trkpt lat="1.396004525822314" lon="103.89799739831822">
        <ele>13.673145638778806</ele>
        <time>2026-09-14T23:29:56Z</time>
        <extensions>
          <gpxtpx:TrackPointExtension>
            <gpxtpx:hr>158</gpxtpx:hr>
          </gpxtpx:TrackPointExtension>
        </extensions>
      </trkpt>
      <trkpt lat="1.3960278303065001" lon="103.89798892185848">
        <ele>13.682840988971293</ele>
        <time>2026-09-14T23:29:57Z</time>
        <extensions>
          <gpxtpx:TrackPointExtension>
            <gpxtpx:hr>158</gpxtpx:hr>
          </gpxtpx:TrackPointExtension>
        </extensions>
      </trkpt>
      <trkpt lat="1.3960508048460194" lon="103.89797983959691">
        <ele>13.69366227928549</ele>
        <time>2026-09-14T23:29:58Z</time>
        <extensions>
          <gpxtpx:TrackPointExtension>
            <gpxtpx:hr>158</gpxtpx:hr>
          </gpxtpx:TrackPointExtension>
        </extensions>
      </trkpt>
      <trkpt lat="1.396073320544344" lon="103.89797011610155">
        <ele>13.705795530229807</ele>
        <time>2026-09-14T23:29:59Z</time>
        <extensions>
          <gpxtpx:TrackPointExtension>
            <gpxtpx:hr>158</gpxtpx:hr>
          </gpxtpx:TrackPointExtension>
        </extensions>
      </trkpt>
      <trkpt lat="1.3960952740903623" lon="103.89795974700155">
        <ele>13.719365546479821</ele>
        <time>2026-09-14T23:30:00Z</time>
        <extensions>
          <gpxtpx:TrackPointExtension>
            <gpxtpx:hr>158</gpxtpx:hr>
          </gpxtpx:TrackPointExtension>
        </extensions>
      </trkpt>
      <trkpt lat="1.3961166422335143" lon="103.89794869149654">
        <ele>13.734517723321915</ele>
        <time>2026-09-14T23:30:01Z</time>
        <extensions>
          <gpxtpx:TrackPointExtension>
            <gpxtpx:hr>158</gpxtpx:hr>
          </gpxtpx:TrackPointExtension>
        </extensions>
      </trkpt>
      <trkpt lat="1.3961375130731049" lon="103.89793691721133">
        <ele>13.751523980870843</ele>
        <time>2026-09-14T23:30:02Z</time>
        <extensions>
          <gpxtpx:TrackPointExtension>
            <gpxtpx:hr>158</gpxtpx:hr>
          </gpxtpx:TrackPointExtension>
        </extensions>
      </trkpt>
      <trkpt lat="1.3961579968245423" lon="103.89792440236346">
        <ele>13.770158695988357</ele>
        <time>2026-09-14T23:30:03Z</time>
        <extensions>
          <gpxtpx:TrackPointExtension>
            <gpxtpx:hr>158</gpxtpx:hr>
          </gpxtpx:TrackPointExtension>
        </extensions>
      </trkpt>
      <trkpt lat="1.3961781431301432" lon="103.89791118926887">
        <ele>13.790573252364993</ele>
        <time>2026-09-14T23:30:04Z</time>
        <extensions>
          <gpxtpx:TrackPointExtension>
            <gpxtpx:hr>158</gpxtpx:hr>
          </gpxtpx:TrackPointExtension>
        </extensions>
      </trkpt>
      <trkpt lat="1.3961979613224993" lon="103.8978973571633">
        <ele>13.81225492991507</ele>
        <time>2026-09-14T23:30:05Z</time>
        <extensions>
          <gpxtpx:TrackPointExtension>
            <gpxtpx:hr>158</gpxtpx:hr>
          </gpxtpx:TrackPointExtension>
        </extensions>
      </trkpt>
      <trkpt lat="1.396217495381771" lon="103.8978829651239">
        <ele>13.836198777891695</ele>
        <time>2026-09-14T23:30:06Z</time>
        <extensions>
          <gpxtpx:TrackPointExtension>
            <gpxtpx:hr>158</gpxtpx:hr>
          </gpxtpx:TrackPointExtension>
        </extensions>
      </trkpt>
      <trkpt lat="1.396236818042816" lon="103.89786808213655">
        <ele>13.86172123067081</ele>
        <time>2026-09-14T23:30:07Z</time>
        <extensions>
          <gpxtpx:TrackPointExtension>
            <gpxtpx:hr>158</gpxtpx:hr>
          </gpxtpx:TrackPointExtension>
        </extensions>
      </trkpt>
      <trkpt lat="1.3962557447322015" lon="103.89785183152078">
        <ele>13.890255026519299</ele>
        <time>2026-09-14T23:30:08Z</time>
        <extensions>
          <gpxtpx:TrackPointExtension>
            <gpxtpx:hr>158</gpxtpx:hr>
          </gpxtpx:TrackPointExtension>
        </extensions>
      </trkpt>
      <trkpt lat="1.3962740566100624" lon="103.89783368153188">
        <ele>13.921069391071796</ele>
        <time>2026-09-14T23:30:09Z</time>
        <extensions>
          <gpxtpx:TrackPointExtension>
            <gpxtpx:hr>158</gpxtpx:hr>
          </gpxtpx:TrackPointExtension>
        </extensions>
      </trkpt>
      <trkpt lat="1.3962916662323444" lon="103.89781431993877">
        <ele>13.95506981573999</ele>
        <time>2026-09-14T23:30:10Z</time>
        <extensions>
          <gpxtpx:TrackPointExtension>
            <gpxtpx:hr>159</gpxtpx:hr>
          </gpxtpx:TrackPointExtension>
        </extensions>
      </trkpt>
      <trkpt lat="1.3963085231580132" lon="103.89779439910633">
        <ele>13.991434519179165</ele>
        <time>2026-09-14T23:30:11Z</time>
        <extensions>
          <gpxtpx:TrackPointExtension>
            <gpxtpx:hr>159</gpxtpx:hr>
          </gpxtpx:TrackPointExtension>
        </extensions>
      </trkpt>
      <trkpt lat="1.39632453274385" lon="103.89777417483535">
        <ele>14.031645961105824</ele>
        <time>2026-09-14T23:30:12Z</time>
        <extensions>
          <gpxtpx:TrackPointExtension>
            <gpxtpx:hr>159</gpxtpx:hr>
          </gpxtpx:TrackPointExtension>
        </extensions>
      </trkpt>
      <trkpt lat="1.3963397169898055" lon="103.89775350055328">
        <ele>14.074749453924596</ele>
        <time>2026-09-14T23:30:13Z</time>
        <extensions>
          <gpxtpx:TrackPointExtension>
            <gpxtpx:hr>159</gpxtpx:hr>
          </gpxtpx:TrackPointExtension>
        </extensions>
      </trkpt>
      <trkpt lat="1.3963543432934822" lon="103.89773202371227">
        <ele>14.12212470639497</ele>
        <time>2026-09-14T23:30:14Z</time>
        <extensions>
          <gpxtpx:TrackPointExtension>
            <gpxtpx:hr>159</gpxtpx:hr>
          </gpxtpx:TrackPointExtension>
        </extensions>
      </trkpt>
      <trkpt lat="1.3963685618877846" lon="103.89770941487313">
        <ele>14.172937353141606</ele>
        <time>2026-09-14T23:30:15Z</time>
        <extensions>
          <gpxtpx:TrackPointExtension>
            <gpxtpx:hr>159</gpxtpx:hr>
          </gpxtpx:TrackPointExtension>
        </extensions>
      </trkpt>
      <trkpt lat="1.3963823308323924" lon="103.89768583383342">
        <ele>14.227767612785101</ele>
        <time>2026-09-14T23:30:16Z</time>
        <extensions>
          <gpxtpx:TrackPointExtension>
            <gpxtpx:hr>159</gpxtpx:hr>
          </gpxtpx:TrackPointExtension>
        </extensions>
      </trkpt>
      <trkpt lat="1.3963955854034964" lon="103.89766140396279">
        <ele>14.286481969058514</ele>
        <time>2026-09-14T23:30:17Z</time>
        <extensions>
          <gpxtpx:TrackPointExtension>
            <gpxtpx:hr>159</gpxtpx:hr>
          </gpxtpx:TrackPointExtension>
        </extensions>
      </trkpt>
      <trkpt lat="1.3964082900727164" lon="103.89763647069404">
        <ele>14.349150681868196</ele>
        <time>2026-09-14T23:30:18Z</time>
        <extensions>
          <gpxtpx:TrackPointExtension>
            <gpxtpx:hr>159</gpxtpx:hr>
          </gpxtpx:TrackPointExtension>
        </extensions>
      </trkpt>
      <trkpt lat="1.396420319127576" lon="103.89761146847376">
        <ele>14.414844025857747</ele>
        <time>2026-09-14T23:30:19Z</time>
        <extensions>
          <gpxtpx:TrackPointExtension>
            <gpxtpx:hr>159</gpxtpx:hr>
          </gpxtpx:TrackPointExtension>
        </extensions>
      </trkpt>
      <trkpt lat="1.3964316903170166" lon="103.89758651679365">
        <ele>14.4829236920923</ele>
        <time>2026-09-14T23:30:20Z</time>
        <extensions>
          <gpxtpx:TrackPointExtension>
            <gpxtpx:hr>159</gpxtpx:hr>
          </gpxtpx:TrackPointExtension>
        </extensions>
      </trkpt>
      <trkpt lat="1.3964425128458622" lon="103.89756172553615">
        <ele>14.55251432210207</ele>
        <time>2026-09-14T23:30:21Z</time>
        <extensions>
          <gpxtpx:TrackPointExtension>
            <gpxtpx:hr>160</gpxtpx:hr>
          </gpxtpx:TrackPointExtension>
        </extensions>
      </trkpt>
      <trkpt lat="1.396452820134715" lon="103.89753704833898">
        <ele>14.622860121540725</ele>
        <time>2026-09-14T23:30:22Z</time>
        <extensions>
          <gpxtpx:TrackPointExtension>
            <gpxtpx:hr>160</gpxtpx:hr>
          </gpxtpx:TrackPointExtension>
        </extensions>
      </trkpt>
      <trkpt lat="1.3964627076825475" lon="103.89751266126832">
        <ele>14.69362410530448</ele>
        <time>2026-09-14T23:30:23Z</time>
        <extensions>
          <gpxtpx:TrackPointExtension>
            <gpxtpx:hr>160</gpxtpx:hr>
          </gpxtpx:TrackPointExtension>
        </extensions>
      </trkpt>
      <trkpt lat="1.3964720863241102" lon="103.89748880780803">
        <ele>14.764168136753142</ele>
        <time>2026-09-14T23:30:24Z</time>
        <extensions>
          <gpxtpx:TrackPointExtension>
            <gpxtpx:hr>160</gpxtpx:hr>
          </gpxtpx:TrackPointExtension>
        </extensions>
      </trkpt>
      <trkpt lat="1.3964809350963279" lon="103.89746555782415">
        <ele>14.833892018534243</ele>
        <time>2026-09-14T23:30:25Z</time>
        <extensions>
          <gpxtpx:TrackPointExtension>
            <gpxtpx:hr>160</gpxtpx:hr>
          </gpxtpx:TrackPointExtension>
        </extensions>
      </trkpt>
      <trkpt lat="1.3964895291171344" lon="103.89744271314514">
        <ele>14.901757444255054</ele>
        <time>2026-09-14T23:30:26Z</time>
        <extensions>
          <gpxtpx:TrackPointExtension>
            <gpxtpx:hr>160</gpxtpx:hr>
          </gpxtpx:TrackPointExtension>
        </extensions>
      </trkpt>
      <trkpt lat="1.3964980337305446" lon="103.89742009593851">
        <ele>14.967746632173657</ele>
        <time>2026-09-14T23:30:27Z</time>
        <extensions>
          <gpxtpx:TrackPointExtension>
            <gpxtpx:hr>160</gpxtpx:hr>
          </gpxtpx:TrackPointExtension>
        </extensions>
      </trkpt>
      <trkpt lat="1.3965064682190327" lon="103.89739776678469">
        <ele>15.031071760691702</ele>
        <time>2026-09-14T23:30:28Z</time>
        <extensions>
          <gpxtpx:TrackPointExtension>
            <gpxtpx:hr>160</gpxtpx:hr>
          </gpxtpx:TrackPointExtension>
        </extensions>
      </trkpt>
      <trkpt lat="1.3965148811363437" lon="103.89737546832498">
        <ele>15.09184342250228</ele>
        <time>2026-09-14T23:30:29Z</time>
        <extensions>
          <gpxtpx:TrackPointExtension>
            <gpxtpx:hr>160</gpxtpx:hr>
          </gpxtpx:TrackPointExtension>
        </extensions>
      </trkpt>
      <trkpt lat="1.3965234663160933" lon="103.89735285714197">
        <ele>15.149903310462832</ele>
        <time>2026-09-14T23:30:30Z</time>
        <extensions>
          <gpxtpx:TrackPointExtension>
            <gpxtpx:hr>160</gpxtpx:hr>
          </gpxtpx:TrackPointExtension>
        </extensions>
      </trkpt>
      <trkpt lat="1.3965322685137547" lon="103.89732971222632">
        <ele>15.20625331159681</ele>
        <time>2026-09-14T23:30:31Z</time>
        <extensions>
          <gpxtpx:TrackPointExtension>
            <gpxtpx:hr>160</gpxtpx:hr>
          </gpxtpx:TrackPointExtension>
        </extensions>
      </trkpt>
      <trkpt lat="1.396541208729204" lon="103.89730589345672">
        <ele>15.261236757040024</ele>
        <time>2026-09-14T23:30:32Z</time>
        <extensions>
          <gpxtpx:TrackPointExtension>
            <gpxtpx:hr>160</gpxtpx:hr>
          </gpxtpx:TrackPointExtension>
        </extensions>
      </trkpt>
      <trkpt lat="1.3965502319911907" lon="103.8972814186318">
        <ele>15.3150580143556</ele>
        <time>2026-09-14T23:30:33Z</time>
        <extensions>
          <gpxtpx:TrackPointExtension>
            <gpxtpx:hr>160</gpxtpx:hr>
          </gpxtpx:TrackPointExtension>
        </extensions>
      </trkpt>
      <trkpt lat="1.3965591621525193" lon="103.89725654818957">
        <ele>15.36928468476981</ele>
        <time>2026-09-14T23:30:34Z</time>
        <extensions>
          <gpxtpx:TrackPointExtension>
            <gpxtpx:hr>160</gpxtpx:hr>
          </gpxtpx:TrackPointExtension>
        </extensions>
      </trkpt>
      <trkpt lat="1.3965679126388475" lon="103.89723194781969">
        <ele>15.423909349367023</ele>
        <time>2026-09-14T23:30:35Z</time>
        <extensions>
          <gpxtpx:TrackPointExtension>
            <gpxtpx:hr>160</gpxtpx:hr>
          </gpxtpx:TrackPointExtension>
        </extensions>
      </trkpt>
      <trkpt lat="1.3965764161208734" lon="103.89720806203236">
        <ele>15.479960817843676</ele>
        <time>2026-09-14T23:30:36Z</time>
        <extensions>
          <gpxtpx:TrackPointExtension>
            <gpxtpx:hr>160</gpxtpx:hr>
          </gpxtpx:TrackPointExtension>
        </extensions>
      </trkpt>
      <trkpt lat="1.396584549707259" lon="103.897185016736">
        <ele>15.537317533046007</ele>
        <time>2026-09-14T23:30:37Z</time>
        <extensions>
          <gpxtpx:TrackPointExtension>
            <gpxtpx:hr>161</gpxtpx:hr>
          </gpxtpx:TrackPointExtension>
        </extensions>
      </trkpt>
      <trkpt lat="1.3965923786028964" lon="103.89716268333483">
        <ele>15.597324581816792</ele>
        <time>2026-09-14T23:30:38Z</time>
        <extensions>
          <gpxtpx:TrackPointExtension>
            <gpxtpx:hr>161</gpxtpx:hr>
          </gpxtpx:TrackPointExtension>
        </extensions>
      </trkpt>
      <trkpt lat="1.396600015293598" lon="103.89714089959021">
        <ele>15.659470409154892</ele>
        <time>2026-09-14T23:30:39Z</time>
        <extensions>
          <gpxtpx:TrackPointExtension>
            <gpxtpx:hr>161</gpxtpx:hr>
          </gpxtpx:TrackPointExtension>
        </extensions>
      </trkpt>
      <trkpt lat="1.3966075489820529" lon="103.89711967622618">
        <ele>15.724684254266322</ele>
        <time>2026-09-14T23:30:40Z</time>
        <extensions>
          <gpxtpx:TrackPointExtension>
            <gpxtpx:hr>161</gpxtpx:hr>
          </gpxtpx:TrackPointExtension>
        </extensions>
      </trkpt>
      <trkpt lat="1.3966150005326028" lon="103.89709876999406">
        <ele>15.792217663489282</ele>
        <time>2026-09-14T23:30:41Z</time>
        <extensions>
          <gpxtpx:TrackPointExtension>
            <gpxtpx:hr>161</gpxtpx:hr>
          </gpxtpx:TrackPointExtension>
        </extensions>
      </trkpt>
      <trkpt lat="1.3966224985951519" lon="103.89707771511841">
        <ele>15.862770553678274</ele>
        <time>2026-09-14T23:30:42Z</time>
        <extensions>
          <gpxtpx:TrackPointExtension>
            <gpxtpx:hr>161</gpxtpx:hr>
          </gpxtpx:TrackPointExtension>
        </extensions>
      </trkpt>
      <trkpt lat="1.3966302974167784" lon="103.89705591955125">
        <ele>15.936455268412828</ele>
        <time>2026-09-14T23:30:43Z</time>
        <extensions>
          <gpxtpx:TrackPointExtension>
            <gpxtpx:hr>162</gpxtpx:hr>
          </gpxtpx:TrackPointExtension>
        </extensions>
      </trkpt>
      <trkpt lat="1.3966385035546023" lon="103.89703323616598">
        <ele>16.01304831635207</ele>
        <time>2026-09-14T23:30:44Z</time>
        <extensions>
          <gpxtpx:TrackPointExtension>
            <gpxtpx:hr>162</gpxtpx:hr>
          </gpxtpx:TrackPointExtension>
        </extensions>
      </trkpt>
      <trkpt lat="1.3966470482975069" lon="103.89701005917689">
        <ele>16.093217251822352</ele>
        <time>2026-09-14T23:30:45Z</time>
        <extensions>
          <gpxtpx:TrackPointExtension>
            <gpxtpx:hr>162</gpxtpx:hr>
          </gpxtpx:TrackPointExtension>
        </extensions>
      </trkpt>
      <trkpt lat="1.3966558255513446" lon="103.89698677243327">
        <ele>16.175995803438127</ele>
        <time>2026-09-14T23:30:46Z</time>
        <extensions>
          <gpxtpx:TrackPointExtension>
            <gpxtpx:hr>162</gpxtpx:hr>
          </gpxtpx:TrackPointExtension>
        </extensions>
      </trkpt>
      <trkpt lat="1.3966648438016709" lon="103.89696363025972">
        <ele>16.26087713893503</ele>
        <time>2026-09-14T23:30:47Z</time>
        <extensions>
          <gpxtpx:TrackPointExtension>
            <gpxtpx:hr>162</gpxtpx:hr>
          </gpxtpx:TrackPointExtension>
        </extensions>
      </trkpt>
      <trkpt lat="1.3966740834194147" lon="103.89694053679443">
        <ele>16.346396263688803</ele>
        <time>2026-09-14T23:30:48Z</time>
        <extensions>
          <gpxtpx:TrackPointExtension>
            <gpxtpx:hr>162</gpxtpx:hr>
          </gpxtpx:TrackPointExtension>
        </extensions>
      </trkpt>
      <trkpt lat="1.396683570651475" lon="103.89691731553124">
        <ele>16.43260599859059</ele>
        <time>2026-09-14T23:30:49Z</time>
        <extensions>
          <gpxtpx:TrackPointExtension>
            <gpxtpx:hr>161</gpxtpx:hr>
          </gpxtpx:TrackPointExtension>
        </extensions>
      </trkpt>
      <trkpt lat="1.396693402145225" lon="103.8968937216819">
        <ele>16.518613647669554</ele>
        <time>2026-09-14T23:30:50Z</time>
        <extensions>
          <gpxtpx:TrackPointExtension>
            <gpxtpx:hr>161</gpxtpx:hr>
          </gpxtpx:TrackPointExtension>
        </extensions>
      </trkpt>
      <trkpt lat="1.3967035779211605" lon="103.8968696320206">
        <ele>16.60377710033208</ele>
        <time>2026-09-14T23:30:51Z</time>
        <extensions>
          <gpxtpx:TrackPointExtension>
            <gpxtpx:hr>161</gpxtpx:hr>
          </gpxtpx:TrackPointExtension>
        </extensions>
      </trkpt>
      <trkpt lat="1.396713963554244" lon="103.89684543718751">
        <ele>16.68702582642436</ele>
        <time>2026-09-14T23:30:52Z</time>
        <extensions>
          <gpxtpx:TrackPointExtension>
            <gpxtpx:hr>161</gpxtpx:hr>
          </gpxtpx:TrackPointExtension>
        </extensions>
      </trkpt>
      <trkpt lat="1.3967243766366126" lon="103.89682157768989">
        <ele>16.768161536194384</ele>
        <time>2026-09-14T23:30:53Z</time>
        <extensions>
          <gpxtpx:TrackPointExtension>
            <gpxtpx:hr>161</gpxtpx:hr>
          </gpxtpx:TrackPointExtension>
        </extensions>
      </trkpt>
      <trkpt lat="1.3967346345323073" lon="103.8967983873086">
        <ele>16.84567399416119</ele>
        <time>2026-09-14T23:30:54Z</time>
        <extensions>
          <gpxtpx:TrackPointExtension>
            <gpxtpx:hr>159</gpxtpx:hr>
          </gpxtpx:TrackPointExtension>
        </extensions>
      </trkpt>
      <trkpt lat="1.3967444827320339" lon="103.8967756261883">
        <ele>16.919380717910826</ele>
        <time>2026-09-14T23:30:55Z</time>
        <extensions>
          <gpxtpx:TrackPointExtension>
            <gpxtpx:hr>159</gpxtpx:hr>
          </gpxtpx:TrackPointExtension>
        </extensions>
      </trkpt>
      <trkpt lat="1.3967539461535998" lon="103.89675268471133">
        <ele>16.98807595204562</ele>
        <time>2026-09-14T23:30:56Z</time>
        <extensions>
          <gpxtpx:TrackPointExtension>
            <gpxtpx:hr>159</gpxtpx:hr>
          </gpxtpx:TrackPointExtension>
        </extensions>
      </trkpt>
      <trkpt lat="1.396763309883994" lon="103.89672907307161">
        <ele>17.05213636532426</ele>
        <time>2026-09-14T23:30:57Z</time>
        <extensions>
          <gpxtpx:TrackPointExtension>
            <gpxtpx:hr>159</gpxtpx:hr>
          </gpxtpx:TrackPointExtension>
        </extensions>
      </trkpt>
      <trkpt lat="1.3967728415561425" lon="103.89670464896106">
        <ele>17.10999409854412</ele>
        <time>2026-09-14T23:30:58Z</time>
        <extensions>
          <gpxtpx:TrackPointExtension>
            <gpxtpx:hr>159</gpxtpx:hr>
          </gpxtpx:TrackPointExtension>
        </extensions>
      </trkpt>
      <trkpt lat="1.396782593822183" lon="103.89667981726394">
        <ele>17.161465287208557</ele>
        <time>2026-09-14T23:30:59Z</time>
        <extensions>
          <gpxtpx:TrackPointExtension>
            <gpxtpx:hr>157</gpxtpx:hr>
          </gpxtpx:TrackPointExtension>
        </extensions>
      </trkpt>
      <trkpt lat="1.3967922773854085" lon="103.89665500242815">
        <ele>17.204835932701826</ele>
        <time>2026-09-14T23:31:00Z</time>
        <extensions>
          <gpxtpx:TrackPointExtension>
            <gpxtpx:hr>157</gpxtpx:hr>
          </gpxtpx:TrackPointExtension>
        </extensions>
      </trkpt>
      <trkpt lat="1.396801624385281" lon="103.89663050500113">
        <ele>17.24041046947241</ele>
        <time>2026-09-14T23:31:01Z</time>
        <extensions>
          <gpxtpx:TrackPointExtension>
            <gpxtpx:hr>157</gpxtpx:hr>
          </gpxtpx:TrackPointExtension>
        </extensions>
      </trkpt>
      <trkpt lat="1.3968105667757766" lon="103.89660635850997">
        <ele>17.267581707797945</ele>
        <time>2026-09-14T23:31:02Z</time>
        <extensions>
          <gpxtpx:TrackPointExtension>
            <gpxtpx:hr>157</gpxtpx:hr>
          </gpxtpx:TrackPointExtension>
        </extensions>
      </trkpt>
      <trkpt lat="1.3968192017831178" lon="103.8965824494135">
        <ele>17.285574248060584</ele>
        <time>2026-09-14T23:31:03Z</time>
        <extensions>
          <gpxtpx:TrackPointExtension>
            <gpxtpx:hr>157</gpxtpx:hr>
          </gpxtpx:TrackPointExtension>
        </extensions>
      </trkpt>
      <trkpt lat="1.3968274685469022" lon="103.89655852944719">
        <ele>17.295634257607162</ele>
        <time>2026-09-14T23:31:04Z</time>
        <extensions>
          <gpxtpx:TrackPointExtension>
            <gpxtpx:hr>156</gpxtpx:hr>
          </gpxtpx:TrackPointExtension>
        </extensions>
      </trkpt>
      <trkpt lat="1.3968351887702992" lon="103.89653430409106">
        <ele>17.297209532931447</ele>
        <time>2026-09-14T23:31:05Z</time>
        <extensions>
          <gpxtpx:TrackPointExtension>
            <gpxtpx:hr>156</gpxtpx:hr>
          </gpxtpx:TrackPointExtension>
        </extensions>
      </trkpt>
      <trkpt lat="1.3968426970923005" lon="103.89650983650897">
        <ele>17.291335750371218</ele>
        <time>2026-09-14T23:31:06Z</time>
        <extensions>
          <gpxtpx:TrackPointExtension>
            <gpxtpx:hr>156</gpxtpx:hr>
          </gpxtpx:TrackPointExtension>
        </extensions>
      </trkpt>
      <trkpt lat="1.396850369170925" lon="103.8964852614463">
        <ele>17.27771980315447</ele>
        <time>2026-09-14T23:31:07Z</time>
        <extensions>
          <gpxtpx:TrackPointExtension>
            <gpxtpx:hr>156</gpxtpx:hr>
          </gpxtpx:TrackPointExtension>
        </extensions>
      </trkpt>
      <trkpt lat="1.396857962693468" lon="103.89646058160213">
        <ele>17.25680538546294</ele>
        <time>2026-09-14T23:31:08Z</time>
        <extensions>
          <gpxtpx:TrackPointExtension>
            <gpxtpx:hr>156</gpxtpx:hr>
          </gpxtpx:TrackPointExtension>
        </extensions>
      </trkpt>
      <trkpt lat="1.3968650480251072" lon="103.89643539860636">
        <ele>17.22962164413184</ele>
        <time>2026-09-14T23:31:09Z</time>
        <extensions>
          <gpxtpx:TrackPointExtension>
            <gpxtpx:hr>156</gpxtpx:hr>
          </gpxtpx:TrackPointExtension>
        </extensions>
      </trkpt>
      <trkpt lat="1.3968716864309598" lon="103.89640970129423">
        <ele>17.196031316183507</ele>
        <time>2026-09-14T23:31:10Z</time>
        <extensions>
          <gpxtpx:TrackPointExtension>
            <gpxtpx:hr>157</gpxtpx:hr>
          </gpxtpx:TrackPointExtension>
        </extensions>
      </trkpt>
      <trkpt lat="1.3968780658362283" lon="103.89638380107522">
        <ele>17.157588030211627</ele>
        <time>2026-09-14T23:31:11Z</time>
        <extensions>
          <gpxtpx:TrackPointExtension>
            <gpxtpx:hr>157</gpxtpx:hr>
          </gpxtpx:TrackPointExtension>
        </extensions>
      </trkpt>
      <trkpt lat="1.3968840734416983" lon="103.89635769504505">
        <ele>17.113824969157577</ele>
        <time>2026-09-14T23:31:12Z</time>
        <extensions>
          <gpxtpx:TrackPointExtension>
            <gpxtpx:hr>157</gpxtpx:hr>
          </gpxtpx:TrackPointExtension>
        </extensions>
      </trkpt>
      <trkpt lat="1.3968895990634367" lon="103.89633140478675">
        <ele>17.06622360087931</ele>
        <time>2026-09-14T23:31:13Z</time>
        <extensions>
          <gpxtpx:TrackPointExtension>
            <gpxtpx:hr>157</gpxtpx:hr>
          </gpxtpx:TrackPointExtension>
        </extensions>
      </trkpt>
      <trkpt lat="1.3968945506366695" lon="103.89630495467803">
        <ele>17.014247252605855</ele>
        <time>2026-09-14T23:31:14Z</time>
        <extensions>
          <gpxtpx:TrackPointExtension>
            <gpxtpx:hr>157</gpxtpx:hr>
          </gpxtpx:TrackPointExtension>
        </extensions>
      </trkpt>
      <trkpt lat="1.3968988738021126" lon="103.89627834947316">
        <ele>16.959176647476852</ele>
        <time>2026-09-14T23:31:15Z</time>
        <extensions>
          <gpxtpx:TrackPointExtension>
            <gpxtpx:hr>157</gpxtpx:hr>
          </gpxtpx:TrackPointExtension>
        </extensions>
      </trkpt>
      <trkpt lat="1.3969025176539795" lon="103.89625152592276">
        <ele>16.900679324753582</ele>
        <time>2026-09-14T23:31:16Z</time>
        <extensions>
          <gpxtpx:TrackPointExtension>
            <gpxtpx:hr>157</gpxtpx:hr>
          </gpxtpx:TrackPointExtension>
        </extensions>
      </trkpt>
      <trkpt lat="1.3969054441041187" lon="103.89622446760893">
        <ele>16.840123472735286</ele>
        <time>2026-09-14T23:31:17Z</time>
        <extensions>
          <gpxtpx:TrackPointExtension>
            <gpxtpx:hr>157</gpxtpx:hr>
          </gpxtpx:TrackPointExtension>
        </extensions>
      </trkpt>
      <trkpt lat="1.396907610556576" lon="103.89619720624178">
        <ele>16.777662795968354</ele>
        <time>2026-09-14T23:31:18Z</time>
        <extensions>
          <gpxtpx:TrackPointExtension>
            <gpxtpx:hr>157</gpxtpx:hr>
          </gpxtpx:TrackPointExtension>
        </extensions>
      </trkpt>
      <trkpt lat="1.396908977142368" lon="103.8961697757091">
        <ele>16.714636261574924</ele>
        <time>2026-09-14T23:31:19Z</time>
        <extensions>
          <gpxtpx:TrackPointExtension>
            <gpxtpx:hr>157</gpxtpx:hr>
          </gpxtpx:TrackPointExtension>
        </extensions>
      </trkpt>
      <trkpt lat="1.3969095149776583" lon="103.89614223511292">
        <ele>16.651966418139637</ele>
        <time>2026-09-14T23:31:20Z</time>
        <extensions>
          <gpxtpx:TrackPointExtension>
            <gpxtpx:hr>157</gpxtpx:hr>
          </gpxtpx:TrackPointExtension>
        </extensions>
      </trkpt>
      <trkpt lat="1.396909185467601" lon="103.89611463950084">
        <ele>16.591378699988127</ele>
        <time>2026-09-14T23:31:21Z</time>
        <extensions>
          <gpxtpx:TrackPointExtension>
            <gpxtpx:hr>157</gpxtpx:hr>
          </gpxtpx:TrackPointExtension>
        </extensions>
      </trkpt>
      <trkpt lat="1.396907959076164" lon="103.89608703210948">
        <ele>16.533803143538535</ele>
        <time>2026-09-14T23:31:22Z</time>
        <extensions>
          <gpxtpx:TrackPointExtension>
            <gpxtpx:hr>157</gpxtpx:hr>
          </gpxtpx:TrackPointExtension>
        </extensions>
      </trkpt>
      <trkpt lat="1.3969057886174445" lon="103.8960594714213">
        <ele>16.480975278653204</ele>
        <time>2026-09-14T23:31:23Z</time>
        <extensions>
          <gpxtpx:TrackPointExtension>
            <gpxtpx:hr>157</gpxtpx:hr>
          </gpxtpx:TrackPointExtension>
        </extensions>
      </trkpt>
      <trkpt lat="1.3969026672000406" lon="103.896032030458">
        <ele>16.433623583987355</ele>
        <time>2026-09-14T23:31:24Z</time>
        <extensions>
          <gpxtpx:TrackPointExtension>
            <gpxtpx:hr>157</gpxtpx:hr>
          </gpxtpx:TrackPointExtension>
        </extensions>
      </trkpt>
      <trkpt lat="1.3968986105107972" lon="103.89600470540968">
        <ele>16.392430305480957</ele>
        <time>2026-09-14T23:31:25Z</time>
        <extensions>
          <gpxtpx:TrackPointExtension>
            <gpxtpx:hr>158</gpxtpx:hr>
          </gpxtpx:TrackPointExtension>
        </extensions>
      </trkpt>
      <trkpt lat="1.3968936200916413" lon="103.89597745123402">
        <ele>16.357093021273613</ele>
        <time>2026-09-14T23:31:26Z</time>
        <extensions>
          <gpxtpx:TrackPointExtension>
            <gpxtpx:hr>158</gpxtpx:hr>
          </gpxtpx:TrackPointExtension>
        </extensions>
      </trkpt>
      <trkpt lat="1.3968877107067" lon="103.89595028872672">
        <ele>16.327698785811663</ele>
        <time>2026-09-14T23:31:27Z</time>
        <extensions>
          <gpxtpx:TrackPointExtension>
            <gpxtpx:hr>158</gpxtpx:hr>
          </gpxtpx:TrackPointExtension>
        </extensions>
      </trkpt>
      <trkpt lat="1.3968809095288985" lon="103.89592330203922">
        <ele>16.3039683541283</ele>
        <time>2026-09-14T23:31:28Z</time>
        <extensions>
          <gpxtpx:TrackPointExtension>
            <gpxtpx:hr>158</gpxtpx:hr>
          </gpxtpx:TrackPointExtension>
        </extensions>
      </trkpt>
      <trkpt lat="1.3968732764727956" lon="103.89589660606633">
        <ele>16.28575037792325</ele>
        <time>2026-09-14T23:31:29Z</time>
        <extensions>
          <gpxtpx:TrackPointExtension>
            <gpxtpx:hr>158</gpxtpx:hr>
          </gpxtpx:TrackPointExtension>
        </extensions>
      </trkpt>
      <trkpt lat="1.3968648457543256" lon="103.89587033990273">
        <ele>16.272728060372174</ele>
        <time>2026-09-14T23:31:30Z</time>
        <extensions>
          <gpxtpx:TrackPointExtension>
            <gpxtpx:hr>158</gpxtpx:hr>
          </gpxtpx:TrackPointExtension>
        </extensions>
      </trkpt>
      <trkpt lat="1.3968556658872784" lon="103.89584460047607">
        <ele>16.264737455174327</ele>
        <time>2026-09-14T23:31:31Z</time>
        <extensions>
          <gpxtpx:TrackPointExtension>
            <gpxtpx:hr>158</gpxtpx:hr>
          </gpxtpx:TrackPointExtension>
        </extensions>
      </trkpt>
      <trkpt lat="1.396845749465517" lon="103.8958193898353">
        <ele>16.261823263019323</ele>
        <time>2026-09-14T23:31:32Z</time>
        <extensions>
          <gpxtpx:TrackPointExtension>
            <gpxtpx:hr>158</gpxtpx:hr>
          </gpxtpx:TrackPointExtension>
        </extensions>
      </trkpt>
      <trkpt lat="1.3968350529589972" lon="103.89579465814074">
        <ele>16.263992697931826</ele>
        <time>2026-09-14T23:31:33Z</time>
        <extensions>
          <gpxtpx:TrackPointExtension>
            <gpxtpx:hr>157</gpxtpx:hr>
          </gpxtpx:TrackPointExtension>
        </extensions>
      </trkpt>
      <trkpt lat="1.3968235725276381" lon="103.89577037598332">
        <ele>16.270892553031445</ele>
        <time>2026-09-14T23:31:34Z</time>
        <extensions>
          <gpxtpx:TrackPointExtension>
            <gpxtpx:hr>157</gpxtpx:hr>
          </gpxtpx:TrackPointExtension>
        </extensions>
      </trkpt>
      <trkpt lat="1.396811333655732" lon="103.8957465365115">
        <ele>16.28231727425009</ele>
        <time>2026-09-14T23:31:35Z</time>
        <extensions>
          <gpxtpx:TrackPointExtension>
            <gpxtpx:hr>157</gpxtpx:hr>
          </gpxtpx:TrackPointExtension>
        </extensions>
      </trkpt>
      <trkpt lat="1.3967983953149952" lon="103.89572317154958">
        <ele>16.29723171144724</ele>
        <time>2026-09-14T23:31:36Z</time>
        <extensions>
          <gpxtpx:TrackPointExtension>
            <gpxtpx:hr>157</gpxtpx:hr>
          </gpxtpx:TrackPointExtension>
        </extensions>
      </trkpt>
      <trkpt lat="1.3967847774765998" lon="103.89570037003">
        <ele>16.31501322146505</ele>
        <time>2026-09-14T23:31:37Z</time>
        <extensions>
          <gpxtpx:TrackPointExtension>
            <gpxtpx:hr>157</gpxtpx:hr>
          </gpxtpx:TrackPointExtension>
        </extensions>
      </trkpt>
      <trkpt lat="1.3967705088556852" lon="103.8956782413571">
        <ele>16.334781947545707</ele>
        <time>2026-09-14T23:31:38Z</time>
        <extensions>
          <gpxtpx:TrackPointExtension>
            <gpxtpx:hr>157</gpxtpx:hr>
          </gpxtpx:TrackPointExtension>
        </extensions>
      </trkpt>
      <trkpt lat="1.3967556026206687" lon="103.89565682813526">
        <ele>16.356262078508735</ele>
        <time>2026-09-14T23:31:39Z</time>
        <extensions>
          <gpxtpx:TrackPointExtension>
            <gpxtpx:hr>157</gpxtpx:hr>
          </gpxtpx:TrackPointExtension>
        </extensions>
      </trkpt>
      <trkpt lat="1.396740002610062" lon="103.89563609753944">
        <ele>16.378904807381332</ele>
        <time>2026-09-14T23:31:40Z</time>
        <extensions>
          <gpxtpx:TrackPointExtension>
            <gpxtpx:hr>156</gpxtpx:hr>
          </gpxtpx:TrackPointExtension>
        </extensions>
      </trkpt>
      <trkpt lat="1.396723645664273" lon="103.89561600119218">
        <ele>16.402591035701334</ele>
        <time>2026-09-14T23:31:41Z</time>
        <extensions>
          <gpxtpx:TrackPointExtension>
            <gpxtpx:hr>156</gpxtpx:hr>
          </gpxtpx:TrackPointExtension>
        </extensions>
      </trkpt>
      <trkpt lat="1.396706538587985" lon="103.89559650812919">
        <ele>16.42689118999988</ele>
        <time>2026-09-14T23:31:42Z</time>
        <extensions>
          <gpxtpx:TrackPointExtension>
            <gpxtpx:hr>156</gpxtpx:hr>
          </gpxtpx:TrackPointExtension>
        </extensions>
      </trkpt>
      <trkpt lat="1.3966888131173352" lon="103.89557765305396">
        <ele>16.451334393583238</ele>
        <time>2026-09-14T23:31:43Z</time>
        <extensions>
          <gpxtpx:TrackPointExtension>
            <gpxtpx:hr>156</gpxtpx:hr>
          </gpxtpx:TrackPointExtension>
        </extensions>
      </trkpt>
      <trkpt lat="1.3966705586799506" lon="103.89555948736242">
        <ele>16.475394069217145</ele>
        <time>2026-09-14T23:31:44Z</time>
        <extensions>
          <gpxtpx:TrackPointExtension>
            <gpxtpx:hr>156</gpxtpx:hr>
          </gpxtpx:TrackPointExtension>
        </extensions>
      </trkpt>
      <trkpt lat="1.3966517739308422" lon="103.89554198251332">
        <ele>16.49862749222666</ele>
        <time>2026-09-14T23:31:45Z</time>
        <extensions>
          <gpxtpx:TrackPointExtension>
            <gpxtpx:hr>157</gpxtpx:hr>
          </gpxtpx:TrackPointExtension>
        </extensions>
      </trkpt>
      <trkpt lat="1.396632397423645" lon="103.8955250607509">
        <ele>16.520407087169588</ele>
        <time>2026-09-14T23:31:46Z</time>
        <extensions>
          <gpxtpx:TrackPointExtension>
            <gpxtpx:hr>157</gpxtpx:hr>
          </gpxtpx:TrackPointExtension>
        </extensions>
      </trkpt>
      <trkpt lat="1.3966123969730355" lon="103.89550869567647">
        <ele>16.54054911993444</ele>
        <time>2026-09-14T23:31:47Z</time>
        <extensions>
          <gpxtpx:TrackPointExtension>
            <gpxtpx:hr>157</gpxtpx:hr>
          </gpxtpx:TrackPointExtension>
        </extensions>
      </trkpt>
      <trkpt lat="1.3965918352748323" lon="103.89549294107407">
        <ele>16.558725217357278</ele>
        <time>2026-09-14T23:31:48Z</time>
        <extensions>
          <gpxtpx:TrackPointExtension>
            <gpxtpx:hr>157</gpxtpx:hr>
          </gpxtpx:TrackPointExtension>
        </extensions>
      </trkpt>
      <trkpt lat="1.396570757683355" lon="103.89547782460727">
        <ele>16.574830574914813</ele>
        <time>2026-09-14T23:31:49Z</time>
        <extensions>
          <gpxtpx:TrackPointExtension>
            <gpxtpx:hr>158</gpxtpx:hr>
          </gpxtpx:TrackPointExtension>
        </extensions>
      </trkpt>
      <trkpt lat="1.3965491556940974" lon="103.89546329891166">
        <ele>16.588721885345876</ele>
        <time>2026-09-14T23:31:50Z</time>
        <extensions>
          <gpxtpx:TrackPointExtension>
            <gpxtpx:hr>158</gpxtpx:hr>
          </gpxtpx:TrackPointExtension>
        </extensions>
      </trkpt>
      <trkpt lat="1.3965270130031984" lon="103.89544933048961">
        <ele>16.60067627672106</ele>
        <time>2026-09-14T23:31:51Z</time>
        <extensions>
          <gpxtpx:TrackPointExtension>
            <gpxtpx:hr>158</gpxtpx:hr>
          </gpxtpx:TrackPointExtension>
        </extensions>
      </trkpt>
      <trkpt lat="1.39650438095849" lon="103.89543590833871">
        <ele>16.61058305390179</ele>
        <time>2026-09-14T23:31:52Z</time>
        <extensions>
          <gpxtpx:TrackPointExtension>
            <gpxtpx:hr>158</gpxtpx:hr>
          </gpxtpx:TrackPointExtension>
        </extensions>
      </trkpt>
      <trkpt lat="1.3964813252992816" lon="103.89542303607739">
        <ele>16.61864927597344</ele>
        <time>2026-09-14T23:31:53Z</time>
        <extensions>
          <gpxtpx:TrackPointExtension>
            <gpxtpx:hr>158</gpxtpx:hr>
          </gpxtpx:TrackPointExtension>
        </extensions>
      </trkpt>
      <trkpt lat="1.396457926341238" lon="103.89541071660514">
        <ele>16.6250884514302</ele>
        <time>2026-09-14T23:31:54Z</time>
        <extensions>
          <gpxtpx:TrackPointExtension>
            <gpxtpx:hr>158</gpxtpx:hr>
          </gpxtpx:TrackPointExtension>
        </extensions>
      </trkpt>
      <trkpt lat="1.3964342982204454" lon="103.89539895663509">
        <ele>16.630180622451007</ele>
        <time>2026-09-14T23:31:55Z</time>
        <extensions>
          <gpxtpx:TrackPointExtension>
            <gpxtpx:hr>158</gpxtpx:hr>
          </gpxtpx:TrackPointExtension>
        </extensions>
      </trkpt>
      <trkpt lat="1.396410558427646" lon="103.89538776897032">
        <ele>16.63406349066645</ele>
        <time>2026-09-14T23:31:56Z</time>
        <extensions>
          <gpxtpx:TrackPointExtension>
            <gpxtpx:hr>158</gpxtpx:hr>
          </gpxtpx:TrackPointExtension>
        </extensions>
      </trkpt>
      <trkpt lat="1.3963868330190181" lon="103.89537712310116">
        <ele>16.636998404748738</ele>
        <time>2026-09-14T23:31:57Z</time>
        <extensions>
          <gpxtpx:TrackPointExtension>
            <gpxtpx:hr>158</gpxtpx:hr>
          </gpxtpx:TrackPointExtension>
        </extensions>
      </trkpt>
      <trkpt lat="1.3963631665176766" lon="103.89536696887586">
        <ele>16.639585450291634</ele>
        <time>2026-09-14T23:31:58Z</time>
        <extensions>
          <gpxtpx:TrackPointExtension>
            <gpxtpx:hr>158</gpxtpx:hr>
          </gpxtpx:TrackPointExtension>
        </extensions>
      </trkpt>
      <trkpt lat="1.3963394971788887" lon="103.89535721785413">
        <ele>16.641815822571516</ele>
        <time>2026-09-14T23:31:59Z</time>
        <extensions>
          <gpxtpx:TrackPointExtension>
            <gpxtpx:hr>156</gpxtpx:hr>
          </gpxtpx:TrackPointExtension>
        </extensions>
      </trkpt>
      <trkpt lat="1.3963157766579293" lon="103.8953477965837">
        <ele>16.644568789750338</ele>
        <time>2026-09-14T23:32:00Z</time>
        <extensions>
          <gpxtpx:TrackPointExtension>
            <gpxtpx:hr>156</gpxtpx:hr>
          </gpxtpx:TrackPointExtension>
        </extensions>
      </trkpt>
      <trkpt lat="1.3962920498546292" lon="103.89533868490523">
        <ele>16.64779530186206</ele>
        <time>2026-09-14T23:32:01Z</time>
        <extensions>
          <gpxtpx:TrackPointExtension>
            <gpxtpx:hr>156</gpxtpx:hr>
          </gpxtpx:TrackPointExtension>
        </extensions>
      </trkpt>
      <trkpt lat="1.396268352795326" lon="103.89532982687122">
        <ele>16.65214224625379</ele>
        <time>2026-09-14T23:32:02Z</time>
        <extensions>
          <gpxtpx:TrackPointExtension>
            <gpxtpx:hr>156</gpxtpx:hr>
          </gpxtpx:TrackPointExtension>
        </extensions>
      </trkpt>
      <trkpt lat="1.3962446520119012" lon="103.8953211427101">
        <ele>16.65766902361065</ele>
        <time>2026-09-14T23:32:03Z</time>
        <extensions>
          <gpxtpx:TrackPointExtension>
            <gpxtpx:hr>156</gpxtpx:hr>
          </gpxtpx:TrackPointExtension>
        </extensions>
      </trkpt>
      <trkpt lat="1.3962210029183442" lon="103.89531259744054">
        <ele>16.663698942400515</ele>
        <time>2026-09-14T23:32:04Z</time>
        <extensions>
          <gpxtpx:TrackPointExtension>
            <gpxtpx:hr>156</gpxtpx:hr>
          </gpxtpx:TrackPointExtension>
        </extensions>
      </trkpt>
      <trkpt lat="1.3961975017064217" lon="103.89530419521174">
        <ele>16.67088752798736</ele>
        <time>2026-09-14T23:32:05Z</time>
        <extensions>
          <gpxtpx:TrackPointExtension>
            <gpxtpx:hr>155</gpxtpx:hr>
          </gpxtpx:TrackPointExtension>
        </extensions>
      </trkpt>
      <trkpt lat="1.3961741765223357" lon="103.895295875625">
        <ele>16.677877021953464</ele>
        <time>2026-09-14T23:32:06Z</time>
        <extensions>
          <gpxtpx:TrackPointExtension>
            <gpxtpx:hr>155</gpxtpx:hr>
          </gpxtpx:TrackPointExtension>
        </extensions>
      </trkpt>
      <trkpt lat="1.3961510352720836" lon="103.89528753865814">
        <ele>16.684626637026668</ele>
        <time>2026-09-14T23:32:07Z</time>
        <extensions>
          <gpxtpx:TrackPointExtension>
            <gpxtpx:hr>155</gpxtpx:hr>
          </gpxtpx:TrackPointExtension>
        </extensions>
      </trkpt>
      <trkpt lat="1.3961280484711738" lon="103.89527915462409">
        <ele>16.689472454600036</ele>
        <time>2026-09-14T23:32:08Z</time>
        <extensions>
          <gpxtpx:TrackPointExtension>
            <gpxtpx:hr>155</gpxtpx:hr>
          </gpxtpx:TrackPointExtension>
        </extensions>
      </trkpt>
      <trkpt lat="1.3961050263189487" lon="103.89527074787914">
        <ele>16.69256699550897</ele>
        <time>2026-09-14T23:32:09Z</time>
        <extensions>
          <gpxtpx:TrackPointExtension>
            <gpxtpx:hr>155</gpxtpx:hr>
          </gpxtpx:TrackPointExtension>
        </extensions>
      </trkpt>
      <trkpt lat="1.3960816782444743" lon="103.89526236888635">
        <ele>16.69315996952355</ele>
        <time>2026-09-14T23:32:10Z</time>
        <extensions>
          <gpxtpx:TrackPointExtension>
            <gpxtpx:hr>155</gpxtpx:hr>
          </gpxtpx:TrackPointExtension>
        </extensions>
      </trkpt>
      <trkpt lat="1.3960579207488184" lon="103.89525402458285">
        <ele>16.691553939133883</ele>
        <time>2026-09-14T23:32:11Z</time>
        <extensions>
          <gpxtpx:TrackPointExtension>
            <gpxtpx:hr>155</gpxtpx:hr>
          </gpxtpx:TrackPointExtension>
        </extensions>
      </trkpt>
      <trkpt lat="1.3960338023686392" lon="103.89524573282046">
        <ele>16.68745195865631</ele>
        <time>2026-09-14T23:32:12Z</time>
        <extensions>
          <gpxtpx:TrackPointExtension>
            <gpxtpx:hr>155</gpxtpx:hr>
          </gpxtpx:TrackPointExtension>
        </extensions>
      </trkpt>
      <trkpt lat="1.3960095679142508" lon="103.89523744601615">
        <ele>16.681423760019243</ele>
        <time>2026-09-14T23:32:13Z</time>
        <extensions>
          <gpxtpx:TrackPointExtension>
            <gpxtpx:hr>155</gpxtpx:hr>
          </gpxtpx:TrackPointExtension>
        </extensions>
      </trkpt>
      <trkpt lat="1.3959854510275485" lon="103.89522928091986">
        <ele>16.67347577959299</ele>
        <time>2026-09-14T23:32:14Z</time>
        <extensions>
          <gpxtpx:TrackPointExtension>
            <gpxtpx:hr>155</gpxtpx:hr>
          </gpxtpx:TrackPointExtension>
        </extensions>
      </trkpt>
      <trkpt lat="1.3959614518835624" lon="103.89522138943582">
        <ele>16.662787278182805</ele>
        <time>2026-09-14T23:32:15Z</time>
        <extensions>
          <gpxtpx:TrackPointExtension>
            <gpxtpx:hr>155</gpxtpx:hr>
          </gpxtpx:TrackPointExtension>
        </extensions>
      </trkpt>
      <trkpt lat="1.3959376118665612" lon="103.8952137278672">
        <ele>16.649858998134732</ele>
        <time>2026-09-14T23:32:16Z</time>
        <extensions>
          <gpxtpx:TrackPointExtension>
            <gpxtpx:hr>155</gpxtpx:hr>
          </gpxtpx:TrackPointExtension>
        </extensions>
      </trkpt>
      <trkpt lat="1.3959139853631353" lon="103.89520635019277">
        <ele>16.634536935947835</ele>
        <time>2026-09-14T23:32:17Z</time>
        <extensions>
          <gpxtpx:TrackPointExtension>
            <gpxtpx:hr>155</gpxtpx:hr>
          </gpxtpx:TrackPointExtension>
        </extensions>
      </trkpt>
      <trkpt lat="1.39589051077176" lon="103.89519926701144">
        <ele>16.617087963968515</ele>
        <time>2026-09-14T23:32:18Z</time>
        <extensions>
          <gpxtpx:TrackPointExtension>
            <gpxtpx:hr>155</gpxtpx:hr>
          </gpxtpx:TrackPointExtension>
        </extensions>
      </trkpt>
      <trkpt lat="1.395866967913402" lon="103.89519237669951">
        <ele>16.598015484400094</ele>
        <time>2026-09-14T23:32:19Z</time>
        <extensions>
          <gpxtpx:TrackPointExtension>
            <gpxtpx:hr>155</gpxtpx:hr>
          </gpxtpx:TrackPointExtension>
        </extensions>
      </trkpt>
      <trkpt lat="1.3958432192650636" lon="103.89518497364735">
        <ele>16.57790773641318</ele>
        <time>2026-09-14T23:32:20Z</time>
        <extensions>
          <gpxtpx:TrackPointExtension>
            <gpxtpx:hr>156</gpxtpx:hr>
          </gpxtpx:TrackPointExtension>
        </extensions>
      </trkpt>
      <trkpt lat="1.3958192092198074" lon="103.8951763468452">
        <ele>16.55663099512458</ele>
        <time>2026-09-14T23:32:21Z</time>
        <extensions>
          <gpxtpx:TrackPointExtension>
            <gpxtpx:hr>156</gpxtpx:hr>
          </gpxtpx:TrackPointExtension>
        </extensions>
      </trkpt>
      <trkpt lat="1.3957952016166428" lon="103.8951664616973">
        <ele>16.535774817690253</ele>
        <time>2026-09-14T23:32:22Z</time>
        <extensions>
          <gpxtpx:TrackPointExtension>
            <gpxtpx:hr>156</gpxtpx:hr>
          </gpxtpx:TrackPointExtension>
        </extensions>
      </trkpt>
      <trkpt lat="1.3957716728602012" lon="103.89515554074431">
        <ele>16.515088877640665</ele>
        <time>2026-09-14T23:32:23Z</time>
        <extensions>
          <gpxtpx:TrackPointExtension>
            <gpxtpx:hr>156</gpxtpx:hr>
          </gpxtpx:TrackPointExtension>
        </extensions>
      </trkpt>
      <trkpt lat="1.3957489125383484" lon="103.89514411457193">
        <ele>16.494709878228605</ele>
        <time>2026-09-14T23:32:24Z</time>
        <extensions>
          <gpxtpx:TrackPointExtension>
            <gpxtpx:hr>156</gpxtpx:hr>
          </gpxtpx:TrackPointExtension>
        </extensions>
      </trkpt>
      <trkpt lat="1.3957265669539685" lon="103.89513279610351">
        <ele>16.47431794833392</ele>
        <time>2026-09-14T23:32:25Z</time>
        <extensions>
          <gpxtpx:TrackPointExtension>
            <gpxtpx:hr>156</gpxtpx:hr>
          </gpxtpx:TrackPointExtension>
        </extensions>
      </trkpt>
      <trkpt lat="1.3957037395288754" lon="103.8951220400213">
        <ele>16.453960050828755</ele>
        <time>2026-09-14T23:32:26Z</time>
        <extensions>
          <gpxtpx:TrackPointExtension>
            <gpxtpx:hr>156</gpxtpx:hr>
          </gpxtpx:TrackPointExtension>
        </extensions>
      </trkpt>
      <trkpt lat="1.3956798085669095" lon="103.895111859424">
        <ele>16.433497027494013</ele>
        <time>2026-09-14T23:32:27Z</time>
        <extensions>
          <gpxtpx:TrackPointExtension>
            <gpxtpx:hr>156</gpxtpx:hr>
          </gpxtpx:TrackPointExtension>
        </extensions>
      </trkpt>
      <trkpt lat="1.3956545395123003" lon="103.89510210292597">
        <ele>16.41297124605626</ele>
        <time>2026-09-14T23:32:28Z</time>
        <extensions>
          <gpxtpx:TrackPointExtension>
            <gpxtpx:hr>156</gpxtpx:hr>
          </gpxtpx:TrackPointExtension>
        </extensions>
      </trkpt>
      <trkpt lat="1.395628474948194" lon="103.89509268578166">
        <ele>16.391620369628072</ele>
        <time>2026-09-14T23:32:29Z</time>
        <extensions>
          <gpxtpx:TrackPointExtension>
            <gpxtpx:hr>157</gpxtpx:hr>
          </gpxtpx:TrackPointExtension>
        </extensions>
      </trkpt>
      <trkpt lat="1.395602638074067" lon="103.89508453786775">
        <ele>16.369587287306786</ele>
        <time>2026-09-14T23:32:30Z</time>
        <extensions>
          <gpxtpx:TrackPointExtension>
            <gpxtpx:hr>157</gpxtpx:hr>
          </gpxtpx:TrackPointExtension>
        </extensions>
      </trkpt>
      <trkpt lat="1.395577032202207" lon="103.89507896893734">
        <ele>16.346837440505624</ele>
        <time>2026-09-14T23:32:31Z</time>
        <extensions>
          <gpxtpx:TrackPointExtension>
            <gpxtpx:hr>157</gpxtpx:hr>
          </gpxtpx:TrackPointExtension>
        </extensions>
      </trkpt>
      <trkpt lat="1.395551308934424" lon="103.89507677805207">
        <ele>16.32317664846778</ele>
        <time>2026-09-14T23:32:32Z</time>
        <extensions>
          <gpxtpx:TrackPointExtension>
            <gpxtpx:hr>157</gpxtpx:hr>
          </gpxtpx:TrackPointExtension>
        </extensions>
      </trkpt>
      <trkpt lat="1.3955259147514918" lon="103.89507457803161">
        <ele>16.298401191830635</ele>
        <time>2026-09-14T23:32:33Z</time>
        <extensions>
          <gpxtpx:TrackPointExtension>
            <gpxtpx:hr>157</gpxtpx:hr>
          </gpxtpx:TrackPointExtension>
        </extensions>
      </trkpt>
      <trkpt lat="1.3955015765022125" lon="103.8950692545356">
        <ele>16.272349230013788</ele>
        <time>2026-09-14T23:32:34Z</time>
        <extensions>
          <gpxtpx:TrackPointExtension>
            <gpxtpx:hr>160</gpxtpx:hr>
          </gpxtpx:TrackPointExtension>
        </extensions>
      </trkpt>
      <trkpt lat="1.3954777151739914" lon="103.89506268255252">
        <ele>16.244738087058067</ele>
        <time>2026-09-14T23:32:35Z</time>
        <extensions>
          <gpxtpx:TrackPointExtension>
            <gpxtpx:hr>160</gpxtpx:hr>
          </gpxtpx:TrackPointExtension>
        </extensions>
      </trkpt>
      <trkpt lat="1.3954542128873915" lon="103.89505631561698">
        <ele>16.215150440111756</ele>
        <time>2026-09-14T23:32:36Z</time>
        <extensions>
          <gpxtpx:TrackPointExtension>
            <gpxtpx:hr>160</gpxtpx:hr>
          </gpxtpx:TrackPointExtension>
        </extensions>
      </trkpt>
      <trkpt lat="1.3954309109578404" lon="103.89505137103683">
        <ele>16.183107796125114</ele>
        <time>2026-09-14T23:32:37Z</time>
        <extensions>
          <gpxtpx:TrackPointExtension>
            <gpxtpx:hr>160</gpxtpx:hr>
          </gpxtpx:TrackPointExtension>
        </extensions>
      </trkpt>
      <trkpt lat="1.3954071094526967" lon="103.89504920143781">
        <ele>16.14804955665022</ele>
        <time>2026-09-14T23:32:38Z</time>
        <extensions>
          <gpxtpx:TrackPointExtension>
            <gpxtpx:hr>160</gpxtpx:hr>
          </gpxtpx:TrackPointExtension>
        </extensions>
      </trkpt>
      <trkpt lat="1.3953831944241675" lon="103.89505024726678">
        <ele>16.109414821490645</ele>
        <time>2026-09-14T23:32:39Z</time>
        <extensions>
          <gpxtpx:TrackPointExtension>
            <gpxtpx:hr>160</gpxtpx:hr>
          </gpxtpx:TrackPointExtension>
        </extensions>
      </trkpt>
      <trkpt lat="1.3953592219296702" lon="103.89505519344195">
        <ele>16.066836224868894</ele>
        <time>2026-09-14T23:32:40Z</time>
        <extensions>
          <gpxtpx:TrackPointExtension>
            <gpxtpx:hr>160</gpxtpx:hr>
          </gpxtpx:TrackPointExtension>
        </extensions>
      </trkpt>
      <trkpt lat="1.395335728188981" lon="103.89506408112354">
        <ele>16.02023432031274</ele>
        <time>2026-09-14T23:32:41Z</time>
        <extensions>
          <gpxtpx:TrackPointExtension>
            <gpxtpx:hr>161</gpxtpx:hr>
          </gpxtpx:TrackPointExtension>
        </extensions>
      </trkpt>
      <trkpt lat="1.395314085273359" lon="103.89507632421675">
        <ele>15.969843740575016</ele>
        <time>2026-09-14T23:32:42Z</time>
        <extensions>
          <gpxtpx:TrackPointExtension>
            <gpxtpx:hr>161</gpxtpx:hr>
          </gpxtpx:TrackPointExtension>
        </extensions>
      </trkpt>
      <trkpt lat="1.39529590376329" lon="103.89509196587645">
        <ele>15.916255188174546</ele>
        <time>2026-09-14T23:32:43Z</time>
        <extensions>
          <gpxtpx:TrackPointExtension>
            <gpxtpx:hr>161</gpxtpx:hr>
          </gpxtpx:TrackPointExtension>
        </extensions>
      </trkpt>
      <trkpt lat="1.3952832533303832" lon="103.89511042577838">
        <ele>15.860319796018302</ele>
        <time>2026-09-14T23:32:44Z</time>
        <extensions>
          <gpxtpx:TrackPointExtension>
            <gpxtpx:hr>161</gpxtpx:hr>
          </gpxtpx:TrackPointExtension>
        </extensions>
      </trkpt>
      <trkpt lat="1.3952763395340124" lon="103.89513221173993">
        <ele>15.802899012342095</ele>
        <time>2026-09-14T23:32:45Z</time>
        <extensions>
          <gpxtpx:TrackPointExtension>
            <gpxtpx:hr>162</gpxtpx:hr>
          </gpxtpx:TrackPointExtension>
        </extensions>
      </trkpt>
      <trkpt lat="1.3952721681575346" lon="103.89515778115671">
        <ele>15.74464484397322</ele>
        <time>2026-09-14T23:32:46Z</time>
        <extensions>
          <gpxtpx:TrackPointExtension>
            <gpxtpx:hr>162</gpxtpx:hr>
          </gpxtpx:TrackPointExtension>
        </extensions>
      </trkpt>
      <trkpt lat="1.3952686569063608" lon="103.89518497913643">
        <ele>15.685927679762244</ele>
        <time>2026-09-14T23:32:47Z</time>
        <extensions>
          <gpxtpx:TrackPointExtension>
            <gpxtpx:hr>162</gpxtpx:hr>
          </gpxtpx:TrackPointExtension>
        </extensions>
      </trkpt>
      <trkpt lat="1.3952650824033859" lon="103.8952110339961">
        <ele>15.626916410401464</ele>
        <time>2026-09-14T23:32:48Z</time>
        <extensions>
          <gpxtpx:TrackPointExtension>
            <gpxtpx:hr>162</gpxtpx:hr>
          </gpxtpx:TrackPointExtension>
        </extensions>
      </trkpt>
      <trkpt lat="1.3952611041475926" lon="103.89523571672497">
        <ele>15.567790894769132</ele>
        <time>2026-09-14T23:32:49Z</time>
        <extensions>
          <gpxtpx:TrackPointExtension>
            <gpxtpx:hr>162</gpxtpx:hr>
          </gpxtpx:TrackPointExtension>
        </extensions>
      </trkpt>
      <trkpt lat="1.3952568947064992" lon="103.89526000574257">
        <ele>15.508834840729833</ele>
        <time>2026-09-14T23:32:50Z</time>
        <extensions>
          <gpxtpx:TrackPointExtension>
            <gpxtpx:hr>160</gpxtpx:hr>
          </gpxtpx:TrackPointExtension>
        </extensions>
      </trkpt>
      <trkpt lat="1.3952523111830588" lon="103.89528401166898">
        <ele>15.45029816031456</ele>
        <time>2026-09-14T23:32:51Z</time>
        <extensions>
          <gpxtpx:TrackPointExtension>
            <gpxtpx:hr>160</gpxtpx:hr>
          </gpxtpx:TrackPointExtension>
        </extensions>
      </trkpt>
      <trkpt lat="1.3952474707159903" lon="103.89530852234046">
        <ele>15.392305186018348</ele>
        <time>2026-09-14T23:32:52Z</time>
        <extensions>
          <gpxtpx:TrackPointExtension>
            <gpxtpx:hr>160</gpxtpx:hr>
          </gpxtpx:TrackPointExtension>
        </extensions>
      </trkpt>
      <trkpt lat="1.3952420634724436" lon="103.89533455355199">
        <ele>15.33486575447023</ele>
        <time>2026-09-14T23:32:53Z</time>
        <extensions>
          <gpxtpx:TrackPointExtension>
            <gpxtpx:hr>160</gpxtpx:hr>
          </gpxtpx:TrackPointExtension>
        </extensions>
      </trkpt>
      <trkpt lat="1.3952363254487732" lon="103.89536158442021">
        <ele>15.278028700500727</ele>
        <time>2026-09-14T23:32:54Z</time>
        <extensions>
          <gpxtpx:TrackPointExtension>
            <gpxtpx:hr>160</gpxtpx:hr>
          </gpxtpx:TrackPointExtension>
        </extensions>
      </trkpt>
      <trkpt lat="1.3952306480276866" lon="103.89538815930172">
        <ele>15.221911412663758</ele>
        <time>2026-09-14T23:32:55Z</time>
        <extensions>
          <gpxtpx:TrackPointExtension>
            <gpxtpx:hr>160</gpxtpx:hr>
          </gpxtpx:TrackPointExtension>
        </extensions>
      </trkpt>
      <trkpt lat="1.3952252318042497" lon="103.89541369866939">
        <ele>15.166582060046494</ele>
        <time>2026-09-14T23:32:56Z</time>
        <extensions>
          <gpxtpx:TrackPointExtension>
            <gpxtpx:hr>160</gpxtpx:hr>
          </gpxtpx:TrackPointExtension>
        </extensions>
      </trkpt>
      <trkpt lat="1.395220555755589" lon="103.89543880726501">
        <ele>15.112093887291849</ele>
        <time>2026-09-14T23:32:57Z</time>
        <extensions>
          <gpxtpx:TrackPointExtension>
            <gpxtpx:hr>160</gpxtpx:hr>
          </gpxtpx:TrackPointExtension>
        </extensions>
      </trkpt>
      <trkpt lat="1.395216304415889" lon="103.89546442078041">
        <ele>15.05855059903115</ele>
        <time>2026-09-14T23:32:58Z</time>
        <extensions>
          <gpxtpx:TrackPointExtension>
            <gpxtpx:hr>160</gpxtpx:hr>
          </gpxtpx:TrackPointExtension>
        </extensions>
      </trkpt>
      <trkpt lat="1.3952122934741544" lon="103.89549044070624">
        <ele>15.006124077364802</ele>
        <time>2026-09-14T23:32:59Z</time>
        <extensions>
          <gpxtpx:TrackPointExtension>
            <gpxtpx:hr>158</gpxtpx:hr>
          </gpxtpx:TrackPointExtension>
        </extensions>
      </trkpt>
      <trkpt lat="1.3952081259571367" lon="103.89551629308589">
        <ele>14.955018258653581</ele>
        <time>2026-09-14T23:33:00Z</time>
        <extensions>
          <gpxtpx:TrackPointExtension>
            <gpxtpx:hr>158</gpxtpx:hr>
          </gpxtpx:TrackPointExtension>
        </extensions>
      </trkpt>
      <trkpt lat="1.3952040737852707" lon="103.8955425913418">
        <ele>14.905463516712189</ele>
        <time>2026-09-14T23:33:01Z</time>
        <extensions>
          <gpxtpx:TrackPointExtension>
            <gpxtpx:hr>158</gpxtpx:hr>
          </gpxtpx:TrackPointExtension>
        </extensions>
      </trkpt>
      <trkpt lat="1.3952000628745396" lon="103.8955693065939">
        <ele>14.857727259397507</ele>
        <time>2026-09-14T23:33:02Z</time>
        <extensions>
          <gpxtpx:TrackPointExtension>
            <gpxtpx:hr>158</gpxtpx:hr>
          </gpxtpx:TrackPointExtension>
        </extensions>
      </trkpt>
      <trkpt lat="1.3951957282017415" lon="103.89559611741218">
        <ele>14.812065619044006</ele>
        <time>2026-09-14T23:33:03Z</time>
        <extensions>
          <gpxtpx:TrackPointExtension>
            <gpxtpx:hr>158</gpxtpx:hr>
          </gpxtpx:TrackPointExtension>
        </extensions>
      </trkpt>
      <trkpt lat="1.3951912795915031" lon="103.89562275994551">
        <ele>14.768666852265596</ele>
        <time>2026-09-14T23:33:04Z</time>
        <extensions>
          <gpxtpx:TrackPointExtension>
            <gpxtpx:hr>158</gpxtpx:hr>
          </gpxtpx:TrackPointExtension>
        </extensions>
      </trkpt>
      <trkpt lat="1.395186733216999" lon="103.89564837575136">
        <ele>14.727714848704636</ele>
        <time>2026-09-14T23:33:05Z</time>
        <extensions>
          <gpxtpx:TrackPointExtension>
            <gpxtpx:hr>158</gpxtpx:hr>
          </gpxtpx:TrackPointExtension>
        </extensions>
      </trkpt>
      <trkpt lat="1.3951829610818491" lon="103.89567276814122">
        <ele>14.689456581138074</ele>
        <time>2026-09-14T23:33:06Z</time>
        <extensions>
          <gpxtpx:TrackPointExtension>
            <gpxtpx:hr>157</gpxtpx:hr>
          </gpxtpx:TrackPointExtension>
        </extensions>
      </trkpt>
      <trkpt lat="1.3951802400661946" lon="103.89569661714641">
        <ele>14.654152448289096</ele>
        <time>2026-09-14T23:33:07Z</time>
        <extensions>
          <gpxtpx:TrackPointExtension>
            <gpxtpx:hr>157</gpxtpx:hr>
          </gpxtpx:TrackPointExtension>
        </extensions>
      </trkpt>
      <trkpt lat="1.3951784750265621" lon="103.89572108716995">
        <ele>14.622084497474134</ele>
        <time>2026-09-14T23:33:08Z</time>
        <extensions>
          <gpxtpx:TrackPointExtension>
            <gpxtpx:hr>157</gpxtpx:hr>
          </gpxtpx:TrackPointExtension>
        </extensions>
      </trkpt>
      <trkpt lat="1.3951774231759162" lon="103.89574662995085">
        <ele>14.59356966149062</ele>
        <time>2026-09-14T23:33:09Z</time>
        <extensions>
          <gpxtpx:TrackPointExtension>
            <gpxtpx:hr>157</gpxtpx:hr>
          </gpxtpx:TrackPointExtension>
        </extensions>
      </trkpt>
      <trkpt lat="1.3951768053317226" lon="103.89577328073598">
        <ele>14.585669061169028</ele>
        <time>2026-09-14T23:33:10Z</time>
        <extensions>
          <gpxtpx:TrackPointExtension>
            <gpxtpx:hr>157</gpxtpx:hr>
          </gpxtpx:TrackPointExtension>
        </extensions>
      </trkpt>
      <trkpt lat="1.395176307777714" lon="103.89580080067398">
        <ele>14.57493754196912</ele>
        <time>2026-09-14T23:33:11Z</time>
        <extensions>
          <gpxtpx:TrackPointExtension>
            <gpxtpx:hr>157</gpxtpx:hr>
          </gpxtpx:TrackPointExtension>
        </extensions>
      </trkpt>
      <trkpt lat="1.3951753817947024" lon="103.89582856772475">
        <ele>14.578391943126917</ele>
        <time>2026-09-14T23:33:12Z</time>
        <extensions>
          <gpxtpx:TrackPointExtension>
            <gpxtpx:hr>157</gpxtpx:hr>
          </gpxtpx:TrackPointExtension>
        </extensions>
      </trkpt>
      <trkpt lat="1.3951740039943088" lon="103.8958562268914">
        <ele>14.573610662482679</ele>
        <time>2026-09-14T23:33:13Z</time>
        <extensions>
          <gpxtpx:TrackPointExtension>
            <gpxtpx:hr>157</gpxtpx:hr>
          </gpxtpx:TrackPointExtension>
        </extensions>
      </trkpt>
      <trkpt lat="1.3951716802763445" lon="103.89588364518325">
        <ele>14.564742230810225</ele>
        <time>2026-09-14T23:33:14Z</time>
        <extensions>
          <gpxtpx:TrackPointExtension>
            <gpxtpx:hr>155</gpxtpx:hr>
          </gpxtpx:TrackPointExtension>
        </extensions>
      </trkpt>
      <trkpt lat="1.395168734480042" lon="103.89591112019832">
        <ele>14.609250996261835</ele>
        <time>2026-09-14T23:33:15Z</time>
        <extensions>
          <gpxtpx:TrackPointExtension>
            <gpxtpx:hr>155</gpxtpx:hr>
          </gpxtpx:TrackPointExtension>
        </extensions>
      </trkpt>
      <trkpt lat="1.3951652404289374" lon="103.89593806608346">
        <ele>14.628075316548347</ele>
        <time>2026-09-14T23:33:16Z</time>
        <extensions>
          <gpxtpx:TrackPointExtension>
            <gpxtpx:hr>155</gpxtpx:hr>
          </gpxtpx:TrackPointExtension>
        </extensions>
      </trkpt>
      <trkpt lat="1.3951613818394049" lon="103.89596394033471">
        <ele>14.689832739531994</ele>
        <time>2026-09-14T23:33:17Z</time>
        <extensions>
          <gpxtpx:TrackPointExtension>
            <gpxtpx:hr>155</gpxtpx:hr>
          </gpxtpx:TrackPointExtension>
        </extensions>
      </trkpt>
      <trkpt lat="1.3951572947941562" lon="103.89598898595794">
        <ele>14.728857814334333</ele>
        <time>2026-09-14T23:33:18Z</time>
        <extensions>
          <gpxtpx:TrackPointExtension>
            <gpxtpx:hr>155</gpxtpx:hr>
          </gpxtpx:TrackPointExtension>
        </extensions>
      </trkpt>
      <trkpt lat="1.3951528131451367" lon="103.89601401404795">
        <ele>14.789063326083124</ele>
        <time>2026-09-14T23:33:19Z</time>
        <extensions>
          <gpxtpx:TrackPointExtension>
            <gpxtpx:hr>155</gpxtpx:hr>
          </gpxtpx:TrackPointExtension>
        </extensions>
      </trkpt>
      <trkpt lat="1.3951480671194894" lon="103.89603976953498">
        <ele>14.83819437213242</ele>
        <time>2026-09-14T23:33:20Z</time>
        <extensions>
          <gpxtpx:TrackPointExtension>
            <gpxtpx:hr>154</gpxtpx:hr>
          </gpxtpx:TrackPointExtension>
        </extensions>
      </trkpt>
      <trkpt lat="1.3951424848031106" lon="103.89606628410371">
        <ele>14.89934788737446</ele>
        <time>2026-09-14T23:33:21Z</time>
        <extensions>
          <gpxtpx:TrackPointExtension>
            <gpxtpx:hr>154</gpxtpx:hr>
          </gpxtpx:TrackPointExtension>
        </extensions>
      </trkpt>
      <trkpt lat="1.3951358468310977" lon="103.89609336270517">
        <ele>14.930000036023557</ele>
        <time>2026-09-14T23:33:22Z</time>
        <extensions>
          <gpxtpx:TrackPointExtension>
            <gpxtpx:hr>154</gpxtpx:hr>
          </gpxtpx:TrackPointExtension>
        </extensions>
      </trkpt>
      <trkpt lat="1.3951280867471274" lon="103.89612020039245">
        <ele>14.979902599938214</ele>
        <time>2026-09-14T23:33:23Z</time>
        <extensions>
          <gpxtpx:TrackPointExtension>
            <gpxtpx:hr>154</gpxtpx:hr>
          </gpxtpx:TrackPointExtension>
        </extensions>
      </trkpt>
      <trkpt lat="1.3951200480746686" lon="103.89614617117246">
        <ele>15.01384802069515</ele>
        <time>2026-09-14T23:33:24Z</time>
        <extensions>
          <gpxtpx:TrackPointExtension>
            <gpxtpx:hr>154</gpxtpx:hr>
          </gpxtpx:TrackPointExtension>
        </extensions>
      </trkpt>
      <trkpt lat="1.39511189995709" lon="103.89617128094312">
        <ele>15.073065222240984</ele>
        <time>2026-09-14T23:33:25Z</time>
        <extensions>
          <gpxtpx:TrackPointExtension>
            <gpxtpx:hr>155</gpxtpx:hr>
          </gpxtpx:TrackPointExtension>
        </extensions>
      </trkpt>
      <trkpt lat="1.3951031905956606" lon="103.89619626527451">
        <ele>15.114186950959265</ele>
        <time>2026-09-14T23:33:26Z</time>
        <extensions>
          <gpxtpx:TrackPointExtension>
            <gpxtpx:hr>155</gpxtpx:hr>
          </gpxtpx:TrackPointExtension>
        </extensions>
      </trkpt>
      <trkpt lat="1.3950941136666006" lon="103.89622156005446">
        <ele>15.156817456707358</ele>
        <time>2026-09-14T23:33:27Z</time>
        <extensions>
          <gpxtpx:TrackPointExtension>
            <gpxtpx:hr>155</gpxtpx:hr>
          </gpxtpx:TrackPointExtension>
        </extensions>
      </trkpt>
      <trkpt lat="1.3950845535441485" lon="103.89624755776588">
        <ele>15.178867227397859</ele>
        <time>2026-09-14T23:33:28Z</time>
        <extensions>
          <gpxtpx:TrackPointExtension>
            <gpxtpx:hr>155</gpxtpx:hr>
          </gpxtpx:TrackPointExtension>
        </extensions>
      </trkpt>
      <trkpt lat="1.395074447606508" lon="103.89627424400152">
        <ele>15.189290673471987</ele>
        <time>2026-09-14T23:33:29Z</time>
        <extensions>
          <gpxtpx:TrackPointExtension>
            <gpxtpx:hr>155</gpxtpx:hr>
          </gpxtpx:TrackPointExtension>
        </extensions>
      </trkpt>
      <trkpt lat="1.3950636859971801" lon="103.89630082615592">
        <ele>15.206836445257068</ele>
        <time>2026-09-14T23:33:30Z</time>
        <extensions>
          <gpxtpx:TrackPointExtension>
            <gpxtpx:hr>156</gpxtpx:hr>
          </gpxtpx:TrackPointExtension>
        </extensions>
      </trkpt>
      <trkpt lat="1.395052612776638" lon="103.89632747801744">
        <ele>15.220006750896573</ele>
        <time>2026-09-14T23:33:31Z</time>
        <extensions>
          <gpxtpx:TrackPointExtension>
            <gpxtpx:hr>156</gpxtpx:hr>
          </gpxtpx:TrackPointExtension>
        </extensions>
      </trkpt>
      <trkpt lat="1.3950412375816232" lon="103.89635432301122">
        <ele>15.243891437537968</ele>
        <time>2026-09-14T23:33:32Z</time>
        <extensions>
          <gpxtpx:TrackPointExtension>
            <gpxtpx:hr>156</gpxtpx:hr>
          </gpxtpx:TrackPointExtension>
        </extensions>
      </trkpt>
      <trkpt lat="1.395029823741874" lon="103.89638135025152">
        <ele>15.247757869772613</ele>
        <time>2026-09-14T23:33:33Z</time>
        <extensions>
          <gpxtpx:TrackPointExtension>
            <gpxtpx:hr>156</gpxtpx:hr>
          </gpxtpx:TrackPointExtension>
        </extensions>
      </trkpt>
      <trkpt lat="1.3950187234169864" lon="103.89640777576155">
        <ele>15.270139777101576</ele>
        <time>2026-09-14T23:33:34Z</time>
        <extensions>
          <gpxtpx:TrackPointExtension>
            <gpxtpx:hr>158</gpxtpx:hr>
          </gpxtpx:TrackPointExtension>
        </extensions>
      </trkpt>
      <trkpt lat="1.3950081169927306" lon="103.89643330325804">
        <ele>15.269711574539542</ele>
        <time>2026-09-14T23:33:35Z</time>
        <extensions>
          <gpxtpx:TrackPointExtension>
            <gpxtpx:hr>158</gpxtpx:hr>
          </gpxtpx:TrackPointExtension>
        </extensions>
      </trkpt>
      <trkpt lat="1.3949985792513937" lon="103.8964582349205">
        <ele>15.287908076308668</ele>
        <time>2026-09-14T23:33:36Z</time>
        <extensions>
          <gpxtpx:TrackPointExtension>
            <gpxtpx:hr>158</gpxtpx:hr>
          </gpxtpx:TrackPointExtension>
        </extensions>
      </trkpt>
      <trkpt lat="1.3949903034807165" lon="103.89648248153473">
        <ele>15.288081447593868</ele>
        <time>2026-09-14T23:33:37Z</time>
        <extensions>
          <gpxtpx:TrackPointExtension>
            <gpxtpx:hr>158</gpxtpx:hr>
          </gpxtpx:TrackPointExtension>
        </extensions>
      </trkpt>
      <trkpt lat="1.394983276867247" lon="103.89650722649948">
        <ele>15.299769294448197</ele>
        <time>2026-09-14T23:33:38Z</time>
        <extensions>
          <gpxtpx:TrackPointExtension>
            <gpxtpx:hr>158</gpxtpx:hr>
          </gpxtpx:TrackPointExtension>
        </extensions>
      </trkpt>
      <trkpt lat="1.3949770198297746" lon="103.89653359715047">
        <ele>15.29210357554257</ele>
        <time>2026-09-14T23:33:39Z</time>
        <extensions>
          <gpxtpx:TrackPointExtension>
            <gpxtpx:hr>158</gpxtpx:hr>
          </gpxtpx:TrackPointExtension>
        </extensions>
      </trkpt>
      <trkpt lat="1.3949717259898966" lon="103.89656191195387">
        <ele>15.304242245852947</ele>
        <time>2026-09-14T23:33:40Z</time>
        <extensions>
          <gpxtpx:TrackPointExtension>
            <gpxtpx:hr>159</gpxtpx:hr>
          </gpxtpx:TrackPointExtension>
        </extensions>
      </trkpt>
      <trkpt lat="1.3949671978815894" lon="103.89659094719617">
        <ele>15.262280418537557</ele>
        <time>2026-09-14T23:33:41Z</time>
        <extensions>
          <gpxtpx:TrackPointExtension>
            <gpxtpx:hr>159</gpxtpx:hr>
          </gpxtpx:TrackPointExtension>
        </extensions>
      </trkpt>
      <trkpt lat="1.3949626466050786" lon="103.89661947830992">
        <ele>15.24146244674921</ele>
        <time>2026-09-14T23:33:42Z</time>
        <extensions>
          <gpxtpx:TrackPointExtension>
            <gpxtpx:hr>159</gpxtpx:hr>
          </gpxtpx:TrackPointExtension>
        </extensions>
      </trkpt>
      <trkpt lat="1.3949575802812004" lon="103.89664708572727">
        <ele>15.200684688054025</ele>
        <time>2026-09-14T23:33:43Z</time>
        <extensions>
          <gpxtpx:TrackPointExtension>
            <gpxtpx:hr>159</gpxtpx:hr>
          </gpxtpx:TrackPointExtension>
        </extensions>
      </trkpt>
      <trkpt lat="1.3949517670725542" lon="103.89667339770686">
        <ele>15.141172288917005</ele>
        <time>2026-09-14T23:33:44Z</time>
        <extensions>
          <gpxtpx:TrackPointExtension>
            <gpxtpx:hr>159</gpxtpx:hr>
          </gpxtpx:TrackPointExtension>
        </extensions>
      </trkpt>
      <trkpt lat="1.3949459017303953" lon="103.89669821552903">
        <ele>15.122047209180892</ele>
        <time>2026-09-14T23:33:45Z</time>
        <extensions>
          <gpxtpx:TrackPointExtension>
            <gpxtpx:hr>160</gpxtpx:hr>
          </gpxtpx:TrackPointExtension>
        </extensions>
      </trkpt>
      <trkpt lat="1.3949399327456056" lon="103.89672178091664">
        <ele>15.062114640139043</ele>
        <time>2026-09-14T23:33:46Z</time>
        <extensions>
          <gpxtpx:TrackPointExtension>
            <gpxtpx:hr>160</gpxtpx:hr>
          </gpxtpx:TrackPointExtension>
        </extensions>
      </trkpt>
      <trkpt lat="1.3949336653955506" lon="103.89674535668979">
        <ele>15.048456126824021</ele>
        <time>2026-09-14T23:33:47Z</time>
        <extensions>
          <gpxtpx:TrackPointExtension>
            <gpxtpx:hr>160</gpxtpx:hr>
          </gpxtpx:TrackPointExtension>
        </extensions>
      </trkpt>
      <trkpt lat="1.3949271271563812" lon="103.896769301266">
        <ele>15.009623158723116</ele>
        <time>2026-09-14T23:33:48Z</time>
        <extensions>
          <gpxtpx:TrackPointExtension>
            <gpxtpx:hr>160</gpxtpx:hr>
          </gpxtpx:TrackPointExtension>
        </extensions>
      </trkpt>
      <trkpt lat="1.3949204080644837" lon="103.89679329293979">
        <ele>14.967950407415628</ele>
        <time>2026-09-14T23:33:49Z</time>
        <extensions>
          <gpxtpx:TrackPointExtension>
            <gpxtpx:hr>160</gpxtpx:hr>
          </gpxtpx:TrackPointExtension>
        </extensions>
      </trkpt>
      <trkpt lat="1.3949135398638923" lon="103.89681749170526">
        <ele>14.92202896438539</ele>
        <time>2026-09-14T23:33:50Z</time>
        <extensions>
          <gpxtpx:TrackPointExtension>
            <gpxtpx:hr>161</gpxtpx:hr>
          </gpxtpx:TrackPointExtension>
        </extensions>
      </trkpt>
      <trkpt lat="1.3949062514216184" lon="103.89684216320518">
        <ele>14.863207043148577</ele>
        <time>2026-09-14T23:33:51Z</time>
        <extensions>
          <gpxtpx:TrackPointExtension>
            <gpxtpx:hr>161</gpxtpx:hr>
          </gpxtpx:TrackPointExtension>
        </extensions>
      </trkpt>
      <trkpt lat="1.394898725082869" lon="103.89686699474449">
        <ele>14.825312107801437</ele>
        <time>2026-09-14T23:33:52Z</time>
        <extensions>
          <gpxtpx:TrackPointExtension>
            <gpxtpx:hr>161</gpxtpx:hr>
          </gpxtpx:TrackPointExtension>
        </extensions>
      </trkpt>
      <trkpt lat="1.3948908783067835" lon="103.89689090731713">
        <ele>14.748637674376369</ele>
        <time>2026-09-14T23:33:53Z</time>
        <extensions>
          <gpxtpx:TrackPointExtension>
            <gpxtpx:hr>161</gpxtpx:hr>
          </gpxtpx:TrackPointExtension>
        </extensions>
      </trkpt>
      <trkpt lat="1.3948827503495196" lon="103.89691407263152">
        <ele>14.739515263587236</ele>
        <time>2026-09-14T23:33:54Z</time>
        <extensions>
          <gpxtpx:TrackPointExtension>
            <gpxtpx:hr>161</gpxtpx:hr>
          </gpxtpx:TrackPointExtension>
        </extensions>
      </trkpt>
      <trkpt lat="1.3948748542834435" lon="103.89693787472558">
        <ele>14.678136763162911</ele>
        <time>2026-09-14T23:33:55Z</time>
        <extensions>
          <gpxtpx:TrackPointExtension>
            <gpxtpx:hr>161</gpxtpx:hr>
          </gpxtpx:TrackPointExtension>
        </extensions>
      </trkpt>
      <trkpt lat="1.3948670427080152" lon="103.89696286771088">
        <ele>14.649099645204842</ele>
        <time>2026-09-14T23:33:56Z</time>
        <extensions>
          <gpxtpx:TrackPointExtension>
            <gpxtpx:hr>161</gpxtpx:hr>
          </gpxtpx:TrackPointExtension>
        </extensions>
      </trkpt>
      <trkpt lat="1.39485957083718" lon="103.8969888683637">
        <ele>14.56673996988684</ele>
        <time>2026-09-14T23:33:57Z</time>
        <extensions>
          <gpxtpx:TrackPointExtension>
            <gpxtpx:hr>161</gpxtpx:hr>
          </gpxtpx:TrackPointExtension>
        </extensions>
      </trkpt>
      <trkpt lat="1.3948522005760016" lon="103.897014065507">
        <ele>14.55430035572499</ele>
        <time>2026-09-14T23:33:58Z</time>
        <extensions>
          <gpxtpx:TrackPointExtension>
            <gpxtpx:hr>161</gpxtpx:hr>
          </gpxtpx:TrackPointExtension>
        </extensions>
      </trkpt>
      <trkpt lat="1.3948458430858206" lon="103.89703825143053">
        <ele>14.520750709809363</ele>
        <time>2026-09-14T23:33:59Z</time>
        <extensions>
          <gpxtpx:TrackPointExtension>
            <gpxtpx:hr>161</gpxtpx:hr>
          </gpxtpx:TrackPointExtension>
        </extensions>
      </trkpt>
      <trkpt lat="1.394840081523058" lon="103.89706222040157">
        <ele>14.527478552423418</ele>
        <time>2026-09-14T23:34:00Z</time>
        <extensions>
          <gpxtpx:TrackPointExtension>
            <gpxtpx:hr>160</gpxtpx:hr>
          </gpxtpx:TrackPointExtension>
        </extensions>
      </trkpt>
      <trkpt lat="1.3948350008501453" lon="103.89708640353832">
        <ele>14.425555827096105</ele>
        <time>2026-09-14T23:34:01Z</time>
        <extensions>
          <gpxtpx:TrackPointExtension>
            <gpxtpx:hr>160</gpxtpx:hr>
          </gpxtpx:TrackPointExtension>
        </extensions>
      </trkpt>
      <trkpt lat="1.3948301918667234" lon="103.89711063670173">
        <ele>14.399080288596451</ele>
        <time>2026-09-14T23:34:02Z</time>
        <extensions>
          <gpxtpx:TrackPointExtension>
            <gpxtpx:hr>160</gpxtpx:hr>
          </gpxtpx:TrackPointExtension>
        </extensions>
      </trkpt>
      <trkpt lat="1.3948259784073025" lon="103.89713560724114">
        <ele>14.374009870924056</ele>
        <time>2026-09-14T23:34:03Z</time>
        <extensions>
          <gpxtpx:TrackPointExtension>
            <gpxtpx:hr>160</gpxtpx:hr>
          </gpxtpx:TrackPointExtension>
        </extensions>
      </trkpt>
      <trkpt lat="1.39482238582027" lon="103.89716202449013">
        <ele>14.350415021181107</ele>
        <time>2026-09-14T23:34:04Z</time>
        <extensions>
          <gpxtpx:TrackPointExtension>
            <gpxtpx:hr>160</gpxtpx:hr>
          </gpxtpx:TrackPointExtension>
        </extensions>
      </trkpt>
      <trkpt lat="1.3948192416167393" lon="103.89718967335064">
        <ele>14.328193727880716</ele>
        <time>2026-09-14T23:34:05Z</time>
        <extensions>
          <gpxtpx:TrackPointExtension>
            <gpxtpx:hr>160</gpxtpx:hr>
          </gpxtpx:TrackPointExtension>
        </extensions>
      </trkpt>
      <trkpt lat="1.394816491916072" lon="103.89721768206581">
        <ele>14.306903997436166</ele>
        <time>2026-09-14T23:34:06Z</time>
        <extensions>
          <gpxtpx:TrackPointExtension>
            <gpxtpx:hr>159</gpxtpx:hr>
          </gpxtpx:TrackPointExtension>
        </extensions>
      </trkpt>
      <trkpt lat="1.3948142238860415" lon="103.89724534446158">
        <ele>14.286435485817492</ele>
        <time>2026-09-14T23:34:07Z</time>
        <extensions>
          <gpxtpx:TrackPointExtension>
            <gpxtpx:hr>159</gpxtpx:hr>
          </gpxtpx:TrackPointExtension>
        </extensions>
      </trkpt>
      <trkpt lat="1.39481248846235" lon="103.89727211027493">
        <ele>14.266928467899561</ele>
        <time>2026-09-14T23:34:08Z</time>
        <extensions>
          <gpxtpx:TrackPointExtension>
            <gpxtpx:hr>159</gpxtpx:hr>
          </gpxtpx:TrackPointExtension>
        </extensions>
      </trkpt>
      <trkpt lat="1.3948111194090447" lon="103.8972976801832">
        <ele>14.247285474091768</ele>
        <time>2026-09-14T23:34:09Z</time>
        <extensions>
          <gpxtpx:TrackPointExtension>
            <gpxtpx:hr>159</gpxtpx:hr>
          </gpxtpx:TrackPointExtension>
        </extensions>
      </trkpt>
      <trkpt lat="1.3948096694718848" lon="103.89732248170255">
        <ele>14.227569513954222</ele>
        <time>2026-09-14T23:34:10Z</time>
        <extensions>
          <gpxtpx:TrackPointExtension>
            <gpxtpx:hr>159</gpxtpx:hr>
          </gpxtpx:TrackPointExtension>
        </extensions>
      </trkpt>
      <trkpt lat="1.3948077293617587" lon="103.89734713144321">
        <ele>14.206962144002318</ele>
        <time>2026-09-14T23:34:11Z</time>
        <extensions>
          <gpxtpx:TrackPointExtension>
            <gpxtpx:hr>159</gpxtpx:hr>
          </gpxtpx:TrackPointExtension>
        </extensions>
      </trkpt>
      <trkpt lat="1.3948048525821801" lon="103.89737161801756">
        <ele>14.186880301684141</ele>
        <time>2026-09-14T23:34:12Z</time>
        <extensions>
          <gpxtpx:TrackPointExtension>
            <gpxtpx:hr>159</gpxtpx:hr>
          </gpxtpx:TrackPointExtension>
        </extensions>
      </trkpt>
      <trkpt lat="1.3948009823847052" lon="103.89739573210974">
        <ele>14.16614256426692</ele>
        <time>2026-09-14T23:34:13Z</time>
        <extensions>
          <gpxtpx:TrackPointExtension>
            <gpxtpx:hr>159</gpxtpx:hr>
          </gpxtpx:TrackPointExtension>
        </extensions>
      </trkpt>
      <trkpt lat="1.394796185620872" lon="103.89741961310523">
        <ele>14.1463083922863</ele>
        <time>2026-09-14T23:34:14Z</time>
        <extensions>
          <gpxtpx:TrackPointExtension>
            <gpxtpx:hr>159</gpxtpx:hr>
          </gpxtpx:TrackPointExtension>
        </extensions>
      </trkpt>
      <trkpt lat="1.3947905207283355" lon="103.89744356755124">
        <ele>14.126169802621007</ele>
        <time>2026-09-14T23:34:15Z</time>
        <extensions>
          <gpxtpx:TrackPointExtension>
            <gpxtpx:hr>158</gpxtpx:hr>
          </gpxtpx:TrackPointExtension>
        </extensions>
      </trkpt>
      <trkpt lat="1.3947841834327244" lon="103.89746757442384">
        <ele>14.105990381911397</ele>
        <time>2026-09-14T23:34:16Z</time>
        <extensions>
          <gpxtpx:TrackPointExtension>
            <gpxtpx:hr>158</gpxtpx:hr>
          </gpxtpx:TrackPointExtension>
        </extensions>
      </trkpt>
      <trkpt lat="1.3947773338089582" lon="103.89749156234772">
        <ele>14.084988778457046</ele>
        <time>2026-09-14T23:34:17Z</time>
        <extensions>
          <gpxtpx:TrackPointExtension>
            <gpxtpx:hr>158</gpxtpx:hr>
          </gpxtpx:TrackPointExtension>
        </extensions>
      </trkpt>
      <trkpt lat="1.394770344962849" lon="103.89751551390725">
        <ele>14.06315279379487</ele>
        <time>2026-09-14T23:34:18Z</time>
        <extensions>
          <gpxtpx:TrackPointExtension>
            <gpxtpx:hr>158</gpxtpx:hr>
          </gpxtpx:TrackPointExtension>
        </extensions>
      </trkpt>
      <trkpt lat="1.3947636904426945" lon="103.89753940535246">
        <ele>14.039259200915694</ele>
        <time>2026-09-14T23:34:19Z</time>
        <extensions>
          <gpxtpx:TrackPointExtension>
            <gpxtpx:hr>158</gpxtpx:hr>
          </gpxtpx:TrackPointExtension>
        </extensions>
      </trkpt>
      <trkpt lat="1.3947578239370655" lon="103.89756329550347">
        <ele>14.013321918435395</ele>
        <time>2026-09-14T23:34:20Z</time>
        <extensions>
          <gpxtpx:TrackPointExtension>
            <gpxtpx:hr>155</gpxtpx:hr>
          </gpxtpx:TrackPointExtension>
        </extensions>
      </trkpt>
      <trkpt lat="1.39475343414454" lon="103.89758710547048">
        <ele>13.985096859745681</ele>
        <time>2026-09-14T23:34:21Z</time>
        <extensions>
          <gpxtpx:TrackPointExtension>
            <gpxtpx:hr>155</gpxtpx:hr>
          </gpxtpx:TrackPointExtension>
        </extensions>
      </trkpt>
      <trkpt lat="1.3947511439112934" lon="103.89761076716111">
        <ele>13.953985713422298</ele>
        <time>2026-09-14T23:34:22Z</time>
        <extensions>
          <gpxtpx:TrackPointExtension>
            <gpxtpx:hr>155</gpxtpx:hr>
          </gpxtpx:TrackPointExtension>
        </extensions>
      </trkpt>
      <trkpt lat="1.3947512171936924" lon="103.89763444459197">
        <ele>13.919825792312622</ele>
        <time>2026-09-14T23:34:23Z</time>
        <extensions>
          <gpxtpx:TrackPointExtension>
            <gpxtpx:hr>155</gpxtpx:hr>
          </gpxtpx:TrackPointExtension>
        </extensions>
      </trkpt>
      <trkpt lat="1.3947537379145505" lon="103.89765845089599">
        <ele>13.882607677951455</ele>
        <time>2026-09-14T23:34:24Z</time>
        <extensions>
          <gpxtpx:TrackPointExtension>
            <gpxtpx:hr>155</gpxtpx:hr>
          </gpxtpx:TrackPointExtension>
        </extensions>
      </trkpt>
      <trkpt lat="1.3947586996760466" lon="103.8976826558108">
        <ele>13.842101174406707</ele>
        <time>2026-09-14T23:34:25Z</time>
        <extensions>
          <gpxtpx:TrackPointExtension>
            <gpxtpx:hr>155</gpxtpx:hr>
          </gpxtpx:TrackPointExtension>
        </extensions>
      </trkpt>
      <trkpt lat="1.3947658698793253" lon="103.8977065264383">
        <ele>13.798806917853653</ele>
        <time>2026-09-14T23:34:26Z</time>
        <extensions>
          <gpxtpx:TrackPointExtension>
            <gpxtpx:hr>155</gpxtpx:hr>
          </gpxtpx:TrackPointExtension>
        </extensions>
      </trkpt>
      <trkpt lat="1.3947750651531332" lon="103.89772939530067">
        <ele>13.753914882428944</ele>
        <time>2026-09-14T23:34:27Z</time>
        <extensions>
          <gpxtpx:TrackPointExtension>
            <gpxtpx:hr>155</gpxtpx:hr>
          </gpxtpx:TrackPointExtension>
        </extensions>
      </trkpt>
      <trkpt lat="1.3947861986854038" lon="103.8977508188611">
        <ele>13.707939688116312</ele>
        <time>2026-09-14T23:34:28Z</time>
        <extensions>
          <gpxtpx:TrackPointExtension>
            <gpxtpx:hr>155</gpxtpx:hr>
          </gpxtpx:TrackPointExtension>
        </extensions>
      </trkpt>
      <trkpt lat="1.3947992702902983" lon="103.89777093751317">
        <ele>13.66202531196177</ele>
        <time>2026-09-14T23:34:29Z</time>
        <extensions>
          <gpxtpx:TrackPointExtension>
            <gpxtpx:hr>155</gpxtpx:hr>
          </gpxtpx:TrackPointExtension>
        </extensions>
      </trkpt>
      <trkpt lat="1.3948142112044282" lon="103.897789690971">
        <ele>13.616110561415553</ele>
        <time>2026-09-14T23:34:30Z</time>
        <extensions>
          <gpxtpx:TrackPointExtension>
            <gpxtpx:hr>155</gpxtpx:hr>
          </gpxtpx:TrackPointExtension>
        </extensions>
      </trkpt>
      <trkpt lat="1.394830881934732" lon="103.89780696346453">
        <ele>13.570957619696856</ele>
        <time>2026-09-14T23:34:31Z</time>
        <extensions>
          <gpxtpx:TrackPointExtension>
            <gpxtpx:hr>155</gpxtpx:hr>
          </gpxtpx:TrackPointExtension>
        </extensions>
      </trkpt>
      <trkpt lat="1.3948491699506866" lon="103.89782250818698">
        <ele>13.52578389365226</ele>
        <time>2026-09-14T23:34:32Z</time>
        <extensions>
          <gpxtpx:TrackPointExtension>
            <gpxtpx:hr>155</gpxtpx:hr>
          </gpxtpx:TrackPointExtension>
        </extensions>
      </trkpt>
      <trkpt lat="1.394868839199718" lon="103.8978362495293">
        <ele>13.48045463487506</ele>
        <time>2026-09-14T23:34:33Z</time>
        <extensions>
          <gpxtpx:TrackPointExtension>
            <gpxtpx:hr>155</gpxtpx:hr>
          </gpxtpx:TrackPointExtension>
        </extensions>
      </trkpt>
      <trkpt lat="1.3948897425032751" lon="103.8978483548083">
        <ele>13.435961063951254</ele>
        <time>2026-09-14T23:34:34Z</time>
        <extensions>
          <gpxtpx:TrackPointExtension>
            <gpxtpx:hr>155</gpxtpx:hr>
          </gpxtpx:TrackPointExtension>
        </extensions>
      </trkpt>
      <trkpt lat="1.394911632928038" lon="103.8978587512231">
        <ele>13.391196496784687</ele>
        <time>2026-09-14T23:34:35Z</time>
        <extensions>
          <gpxtpx:TrackPointExtension>
            <gpxtpx:hr>156</gpxtpx:hr>
          </gpxtpx:TrackPointExtension>
        </extensions>
      </trkpt>
      <trkpt lat="1.3949343284555367" lon="103.89786737895247">
        <ele>13.347049854695797</ele>
        <time>2026-09-14T23:34:36Z</time>
        <extensions>
          <gpxtpx:TrackPointExtension>
            <gpxtpx:hr>156</gpxtpx:hr>
          </gpxtpx:TrackPointExtension>
        </extensions>
      </trkpt>
      <trkpt lat="1.3949577891069622" lon="103.8978740570403">
        <ele>13.303524958901107</ele>
        <time>2026-09-14T23:34:37Z</time>
        <extensions>
          <gpxtpx:TrackPointExtension>
            <gpxtpx:hr>156</gpxtpx:hr>
          </gpxtpx:TrackPointExtension>
        </extensions>
      </trkpt>
      <trkpt lat="1.3949817575131818" lon="103.89787892810311">
        <ele>13.262063896283507</ele>
        <time>2026-09-14T23:34:38Z</time>
        <extensions>
          <gpxtpx:TrackPointExtension>
            <gpxtpx:hr>156</gpxtpx:hr>
          </gpxtpx:TrackPointExtension>
        </extensions>
      </trkpt>
      <trkpt lat="1.3950058438135928" lon="103.89788237880359">
        <ele>13.222571692429483</ele>
        <time>2026-09-14T23:34:39Z</time>
        <extensions>
          <gpxtpx:TrackPointExtension>
            <gpxtpx:hr>156</gpxtpx:hr>
          </gpxtpx:TrackPointExtension>
        </extensions>
      </trkpt>
      <trkpt lat="1.3950304437247008" lon="103.897885405225">
        <ele>13.186700260266662</ele>
        <time>2026-09-14T23:34:40Z</time>
        <extensions>
          <gpxtpx:TrackPointExtension>
            <gpxtpx:hr>156</gpxtpx:hr>
          </gpxtpx:TrackPointExtension>
        </extensions>
      </trkpt>
      <trkpt lat="1.3950556904279179" lon="103.89788941951734">
        <ele>13.15469372831285</ele>
        <time>2026-09-14T23:34:41Z</time>
        <extensions>
          <gpxtpx:TrackPointExtension>
            <gpxtpx:hr>156</gpxtpx:hr>
          </gpxtpx:TrackPointExtension>
        </extensions>
      </trkpt>
      <trkpt lat="1.39508087366293" lon="103.89789484872986">
        <ele>13.1274385266006</ele>
        <time>2026-09-14T23:34:42Z</time>
        <extensions>
          <gpxtpx:TrackPointExtension>
            <gpxtpx:hr>156</gpxtpx:hr>
          </gpxtpx:TrackPointExtension>
        </extensions>
      </trkpt>
      <trkpt lat="1.3951057169957195" lon="103.89790127175824">
        <ele>13.104839626699686</ele>
        <time>2026-09-14T23:34:43Z</time>
        <extensions>
          <gpxtpx:TrackPointExtension>
            <gpxtpx:hr>157</gpxtpx:hr>
          </gpxtpx:TrackPointExtension>
        </extensions>
      </trkpt>
      <trkpt lat="1.3951304063017502" lon="103.89790841772904">
        <ele>13.08675083052367</ele>
        <time>2026-09-14T23:34:44Z</time>
        <extensions>
          <gpxtpx:TrackPointExtension>
            <gpxtpx:hr>157</gpxtpx:hr>
          </gpxtpx:TrackPointExtension>
        </extensions>
      </trkpt>
      <trkpt lat="1.3951553336991278" lon="103.89791606018144">
        <ele>13.073160963132977</ele>
        <time>2026-09-14T23:34:45Z</time>
        <extensions>
          <gpxtpx:TrackPointExtension>
            <gpxtpx:hr>157</gpxtpx:hr>
          </gpxtpx:TrackPointExtension>
        </extensions>
      </trkpt>
      <trkpt lat="1.3951805792607526" lon="103.89792382106664">
        <ele>13.062958707101643</ele>
        <time>2026-09-14T23:34:46Z</time>
        <extensions>
          <gpxtpx:TrackPointExtension>
            <gpxtpx:hr>157</gpxtpx:hr>
          </gpxtpx:TrackPointExtension>
        </extensions>
      </trkpt>
      <trkpt lat="1.3952060233469585" lon="103.89793154817734">
        <ele>13.055990982800722</ele>
        <time>2026-09-14T23:34:47Z</time>
        <extensions>
          <gpxtpx:TrackPointExtension>
            <gpxtpx:hr>157</gpxtpx:hr>
          </gpxtpx:TrackPointExtension>
        </extensions>
      </trkpt>
      <trkpt lat="1.3952314509494281" lon="103.89793915174137">
        <ele>13.050902704708278</ele>
        <time>2026-09-14T23:34:48Z</time>
        <extensions>
          <gpxtpx:TrackPointExtension>
            <gpxtpx:hr>157</gpxtpx:hr>
          </gpxtpx:TrackPointExtension>
        </extensions>
      </trkpt>
      <trkpt lat="1.395256559231399" lon="103.89794666589476">
        <ele>13.045869200490415</ele>
        <time>2026-09-14T23:34:49Z</time>
        <extensions>
          <gpxtpx:TrackPointExtension>
            <gpxtpx:hr>157</gpxtpx:hr>
          </gpxtpx:TrackPointExtension>
        </extensions>
      </trkpt>
      <trkpt lat="1.3952814946028167" lon="103.8979540439754">
        <ele>13.03995497059077</ele>
        <time>2026-09-14T23:34:50Z</time>
        <extensions>
          <gpxtpx:TrackPointExtension>
            <gpxtpx:hr>156</gpxtpx:hr>
          </gpxtpx:TrackPointExtension>
        </extensions>
      </trkpt>
      <trkpt lat="1.3953065099108637" lon="103.89796117375626">
        <ele>13.03316203225404</ele>
        <time>2026-09-14T23:34:51Z</time>
        <extensions>
          <gpxtpx:TrackPointExtension>
            <gpxtpx:hr>156</gpxtpx:hr>
          </gpxtpx:TrackPointExtension>
        </extensions>
      </trkpt>
      <trkpt lat="1.3953317561762713" lon="103.89796793305204">
        <ele>13.024466990493238</ele>
        <time>2026-09-14T23:34:52Z</time>
        <extensions>
          <gpxtpx:TrackPointExtension>
            <gpxtpx:hr>156</gpxtpx:hr>
          </gpxtpx:TrackPointExtension>
        </extensions>
      </trkpt>
      <trkpt lat="1.3953574324801243" lon="103.89797454592515">
        <ele>13.015385575592518</ele>
        <time>2026-09-14T23:34:53Z</time>
        <extensions>
          <gpxtpx:TrackPointExtension>
            <gpxtpx:hr>156</gpxtpx:hr>
          </gpxtpx:TrackPointExtension>
        </extensions>
      </trkpt>
      <trkpt lat="1.3953836119601568" lon="103.89798198127573">
        <ele>13.005538394674659</ele>
        <time>2026-09-14T23:34:54Z</time>
        <extensions>
          <gpxtpx:TrackPointExtension>
            <gpxtpx:hr>156</gpxtpx:hr>
          </gpxtpx:TrackPointExtension>
        </extensions>
      </trkpt>
      <trkpt lat="1.395409653258687" lon="103.89799070003498">
        <ele>12.995982394553721</ele>
        <time>2026-09-14T23:34:55Z</time>
        <extensions>
          <gpxtpx:TrackPointExtension>
            <gpxtpx:hr>157</gpxtpx:hr>
          </gpxtpx:TrackPointExtension>
        </extensions>
      </trkpt>
      <trkpt lat="1.3954347016041455" lon="103.89800043317774">
        <ele>12.986237513832748</ele>
        <time>2026-09-14T23:34:56Z</time>
        <extensions>
          <gpxtpx:TrackPointExtension>
            <gpxtpx:hr>157</gpxtpx:hr>
          </gpxtpx:TrackPointExtension>
        </extensions>
      </trkpt>
      <trkpt lat="1.3954586877865764" lon="103.89801075610949">
        <ele>12.97777177579701</ele>
        <time>2026-09-14T23:34:57Z</time>
        <extensions>
          <gpxtpx:TrackPointExtension>
            <gpxtpx:hr>157</gpxtpx:hr>
          </gpxtpx:TrackPointExtension>
        </extensions>
      </trkpt>
      <trkpt lat="1.395481728046638" lon="103.89802095641093">
        <ele>12.969943745993078</ele>
        <time>2026-09-14T23:34:58Z</time>
        <extensions>
          <gpxtpx:TrackPointExtension>
            <gpxtpx:hr>157</gpxtpx:hr>
          </gpxtpx:TrackPointExtension>
        </extensions>
      </trkpt>
      <trkpt lat="1.395504180025064" lon="103.89803023583644">
        <ele>12.96356781385839</ele>
        <time>2026-09-14T23:34:59Z</time>
        <extensions>
          <gpxtpx:TrackPointExtension>
            <gpxtpx:hr>157</gpxtpx:hr>
          </gpxtpx:TrackPointExtension>
        </extensions>
      </trkpt>
      <trkpt lat="1.395526732202969" lon="103.89803809577657">
        <ele>12.958134358748794</ele>
        <time>2026-09-14T23:35:00Z</time>
        <extensions>
          <gpxtpx:TrackPointExtension>
            <gpxtpx:hr>158</gpxtpx:hr>
          </gpxtpx:TrackPointExtension>
        </extensions>
      </trkpt>
      <trkpt lat="1.395550375242757" lon="103.89804461988915">
        <ele>12.95418691355735</ele>
        <time>2026-09-14T23:35:01Z</time>
        <extensions>
          <gpxtpx:TrackPointExtension>
            <gpxtpx:hr>158</gpxtpx:hr>
          </gpxtpx:TrackPointExtension>
        </extensions>
      </trkpt>
      <trkpt lat="1.3955758411657173" lon="103.89804995594436">
        <ele>12.951077939011157</ele>
        <time>2026-09-14T23:35:02Z</time>
        <extensions>
          <gpxtpx:TrackPointExtension>
            <gpxtpx:hr>158</gpxtpx:hr>
          </gpxtpx:TrackPointExtension>
        </extensions>
      </trkpt>
      <trkpt lat="1.395602985567481" lon="103.8980541159423">
        <ele>12.948815637268126</ele>
        <time>2026-09-14T23:35:03Z</time>
        <extensions>
          <gpxtpx:TrackPointExtension>
            <gpxtpx:hr>158</gpxtpx:hr>
          </gpxtpx:TrackPointExtension>
        </extensions>
      </trkpt>
      <trkpt lat="1.3956313400310787" lon="103.89805715887222">
        <ele>12.947700137272477</ele>
        <time>2026-09-14T23:35:04Z</time>
        <extensions>
          <gpxtpx:TrackPointExtension>
            <gpxtpx:hr>158</gpxtpx:hr>
          </gpxtpx:TrackPointExtension>
        </extensions>
      </trkpt>
      <trkpt lat="1.3956598954590447" lon="103.89805924224986">
        <ele>12.94809225294739</ele>
        <time>2026-09-14T23:35:05Z</time>
        <extensions>
          <gpxtpx:TrackPointExtension>
            <gpxtpx:hr>159</gpxtpx:hr>
          </gpxtpx:TrackPointExtension>
        </extensions>
      </trkpt>
      <trkpt lat="1.3956875303224832" lon="103.8980603382341">
        <ele>12.950351881794631</ele>
        <time>2026-09-14T23:35:06Z</time>
        <extensions>
          <gpxtpx:TrackPointExtension>
            <gpxtpx:hr>159</gpxtpx:hr>
          </gpxtpx:TrackPointExtension>
        </extensions>
      </trkpt>
      <trkpt lat="1.395713499505638" lon="103.8980602816185">
        <ele>12.954490196891129</ele>
        <time>2026-09-14T23:35:07Z</time>
        <extensions>
          <gpxtpx:TrackPointExtension>
            <gpxtpx:hr>159</gpxtpx:hr>
          </gpxtpx:TrackPointExtension>
        </extensions>
      </trkpt>
      <trkpt lat="1.3957378387650634" lon="103.8980589843322">
        <ele>12.960832877084613</ele>
        <time>2026-09-14T23:35:08Z</time>
        <extensions>
          <gpxtpx:TrackPointExtension>
            <gpxtpx:hr>159</gpxtpx:hr>
          </gpxtpx:TrackPointExtension>
        </extensions>
      </trkpt>
      <trkpt lat="1.3957611641270542" lon="103.89805617534158">
        <ele>12.969798427075148</ele>
        <time>2026-09-14T23:35:09Z</time>
        <extensions>
          <gpxtpx:TrackPointExtension>
            <gpxtpx:hr>159</gpxtpx:hr>
          </gpxtpx:TrackPointExtension>
        </extensions>
      </trkpt>
      <trkpt lat="1.3957840963508088" lon="103.89805236861368">
        <ele>12.981978610157967</ele>
        <time>2026-09-14T23:35:10Z</time>
        <extensions>
          <gpxtpx:TrackPointExtension>
            <gpxtpx:hr>159</gpxtpx:hr>
          </gpxtpx:TrackPointExtension>
        </extensions>
      </trkpt>
      <trkpt lat="1.395807045193809" lon="103.89804818566253">
        <ele>12.997498198412359</ele>
        <time>2026-09-14T23:35:11Z</time>
        <extensions>
          <gpxtpx:TrackPointExtension>
            <gpxtpx:hr>159</gpxtpx:hr>
          </gpxtpx:TrackPointExtension>
        </extensions>
      </trkpt>
      <trkpt lat="1.3958300236907537" lon="103.89804353647185">
        <ele>13.01606647670269</ele>
        <time>2026-09-14T23:35:12Z</time>
        <extensions>
          <gpxtpx:TrackPointExtension>
            <gpxtpx:hr>159</gpxtpx:hr>
          </gpxtpx:TrackPointExtension>
        </extensions>
      </trkpt>
      <trkpt lat="1.395853042593485" lon="103.89803834754072">
        <ele>13.037891720421612</ele>
        <time>2026-09-14T23:35:13Z</time>
        <extensions>
          <gpxtpx:TrackPointExtension>
            <gpxtpx:hr>159</gpxtpx:hr>
          </gpxtpx:TrackPointExtension>
        </extensions>
      </trkpt>
      <trkpt lat="1.395876117063371" lon="103.89803253184904">
        <ele>13.062298662029207</ele>
        <time>2026-09-14T23:35:14Z</time>
        <extensions>
          <gpxtpx:TrackPointExtension>
            <gpxtpx:hr>159</gpxtpx:hr>
          </gpxtpx:TrackPointExtension>
        </extensions>
      </trkpt>
      <trkpt lat="1.3958992317452328" lon="103.89802601051301">
        <ele>13.089400393888354</ele>
        <time>2026-09-14T23:35:15Z</time>
        <extensions>
          <gpxtpx:TrackPointExtension>
            <gpxtpx:hr>159</gpxtpx:hr>
          </gpxtpx:TrackPointExtension>
        </extensions>
      </trkpt>
      <trkpt lat="1.3959222976230494" lon="103.89801874329014">
        <ele>13.118093180470169</ele>
        <time>2026-09-14T23:35:16Z</time>
        <extensions>
          <gpxtpx:TrackPointExtension>
            <gpxtpx:hr>159</gpxtpx:hr>
          </gpxtpx:TrackPointExtension>
        </extensions>
      </trkpt>
      <trkpt lat="1.3959451645814613" lon="103.89801079060003">
        <ele>13.14844327326864</ele>
        <time>2026-09-14T23:35:17Z</time>
        <extensions>
          <gpxtpx:TrackPointExtension>
            <gpxtpx:hr>159</gpxtpx:hr>
          </gpxtpx:TrackPointExtension>
        </extensions>
      </trkpt>
      <trkpt lat="1.3959676722145273" lon="103.89800220049406">
        <ele>13.179256234318018</ele>
        <time>2026-09-14T23:35:18Z</time>
        <extensions>
          <gpxtpx:TrackPointExtension>
            <gpxtpx:hr>159</gpxtpx:hr>
          </gpxtpx:TrackPointExtension>
        </extensions>
      </trkpt>
      <trkpt lat="1.3959896958473987" lon="103.89799301802185">
        <ele>13.210394920781255</ele>
        <time>2026-09-14T23:35:19Z</time>
        <extensions>
          <gpxtpx:TrackPointExtension>
            <gpxtpx:hr>159</gpxtpx:hr>
          </gpxtpx:TrackPointExtension>
        </extensions>
      </trkpt>
      <trkpt lat="1.396011214463903" lon="103.89798328304812">
        <ele>13.240569110028446</ele>
        <time>2026-09-14T23:35:20Z</time>
        <extensions>
          <gpxtpx:TrackPointExtension>
            <gpxtpx:hr>159</gpxtpx:hr>
          </gpxtpx:TrackPointExtension>
        </extensions>
      </trkpt>
      <trkpt lat="1.396032308231215" lon="103.89797294570933">
        <ele>13.269457791000605</ele>
        <time>2026-09-14T23:35:21Z</time>
        <extensions>
          <gpxtpx:TrackPointExtension>
            <gpxtpx:hr>159</gpxtpx:hr>
          </gpxtpx:TrackPointExtension>
        </extensions>
      </trkpt>
      <trkpt lat="1.3960531069400788" lon="103.89796194100381">
        <ele>13.29581525363028</ele>
        <time>2026-09-14T23:35:22Z</time>
        <extensions>
          <gpxtpx:TrackPointExtension>
            <gpxtpx:hr>159</gpxtpx:hr>
          </gpxtpx:TrackPointExtension>
        </extensions>
      </trkpt>
      <trkpt lat="1.396073634503361" lon="103.89795021386907">
        <ele>13.319310877472162</ele>
        <time>2026-09-14T23:35:23Z</time>
        <extensions>
          <gpxtpx:TrackPointExtension>
            <gpxtpx:hr>159</gpxtpx:hr>
          </gpxtpx:TrackPointExtension>
        </extensions>
      </trkpt>
      <trkpt lat="1.3960938452585054" lon="103.8979377796933">
        <ele>13.338772640563548</ele>
        <time>2026-09-14T23:35:24Z</time>
        <extensions>
          <gpxtpx:TrackPointExtension>
            <gpxtpx:hr>159</gpxtpx:hr>
          </gpxtpx:TrackPointExtension>
        </extensions>
      </trkpt>
      <trkpt lat="1.3961137551118499" lon="103.89792466590342">
        <ele>13.353755458258092</ele>
        <time>2026-09-14T23:35:25Z</time>
        <extensions>
          <gpxtpx:TrackPointExtension>
            <gpxtpx:hr>160</gpxtpx:hr>
          </gpxtpx:TrackPointExtension>
        </extensions>
      </trkpt>
      <trkpt lat="1.3961334352206207" lon="103.8979108732831">
        <ele>13.36367869656533</ele>
        <time>2026-09-14T23:35:26Z</time>
        <extensions>
          <gpxtpx:TrackPointExtension>
            <gpxtpx:hr>160</gpxtpx:hr>
          </gpxtpx:TrackPointExtension>
        </extensions>
      </trkpt>
      <trkpt lat="1.3961529949952143" lon="103.89789639588538">
        <ele>13.369060771539807</ele>
        <time>2026-09-14T23:35:27Z</time>
        <extensions>
          <gpxtpx:TrackPointExtension>
            <gpxtpx:hr>160</gpxtpx:hr>
          </gpxtpx:TrackPointExtension>
        </extensions>
      </trkpt>
      <trkpt lat="1.396172510090373" lon="103.89788127665213">
        <ele>13.370076447725296</ele>
        <time>2026-09-14T23:35:28Z</time>
        <extensions>
          <gpxtpx:TrackPointExtension>
            <gpxtpx:hr>160</gpxtpx:hr>
          </gpxtpx:TrackPointExtension>
        </extensions>
      </trkpt>
      <trkpt lat="1.3961920012501465" lon="103.89786561552094">
        <ele>13.367886730469763</ele>
        <time>2026-09-14T23:35:29Z</time>
        <extensions>
          <gpxtpx:TrackPointExtension>
            <gpxtpx:hr>162</gpxtpx:hr>
          </gpxtpx:TrackPointExtension>
        </extensions>
      </trkpt>
      <trkpt lat="1.3962114400613042" lon="103.89784947560179">
        <ele>13.36360102146864</ele>
        <time>2026-09-14T23:35:30Z</time>
        <extensions>
          <gpxtpx:TrackPointExtension>
            <gpxtpx:hr>162</gpxtpx:hr>
          </gpxtpx:TrackPointExtension>
        </extensions>
      </trkpt>
      <trkpt lat="1.3962307908013598" lon="103.89783294586925">
        <ele>13.358281233347952</ele>
        <time>2026-09-14T23:35:31Z</time>
        <extensions>
          <gpxtpx:TrackPointExtension>
            <gpxtpx:hr>162</gpxtpx:hr>
          </gpxtpx:TrackPointExtension>
        </extensions>
      </trkpt>
      <trkpt lat="1.3962495806880524" lon="103.89781569323829">
        <ele>13.353064940311015</ele>
        <time>2026-09-14T23:35:32Z</time>
        <extensions>
          <gpxtpx:TrackPointExtension>
            <gpxtpx:hr>162</gpxtpx:hr>
          </gpxtpx:TrackPointExtension>
        </extensions>
      </trkpt>
      <trkpt lat="1.3962674641651873" lon="103.89779766835181">
        <ele>13.348540404811502</ele>
        <time>2026-09-14T23:35:33Z</time>
        <extensions>
          <gpxtpx:TrackPointExtension>
            <gpxtpx:hr>162</gpxtpx:hr>
          </gpxtpx:TrackPointExtension>
        </extensions>
      </trkpt>
      <trkpt lat="1.3962845835160749" lon="103.89777920737549">
        <ele>13.345190143212676</ele>
        <time>2026-09-14T23:35:34Z</time>
        <extensions>
          <gpxtpx:TrackPointExtension>
            <gpxtpx:hr>163</gpxtpx:hr>
          </gpxtpx:TrackPointExtension>
        </extensions>
      </trkpt>
      <trkpt lat="1.3963007429424832" lon="103.89776056548165">
        <ele>13.343202477321029</ele>
        <time>2026-09-14T23:35:35Z</time>
        <extensions>
          <gpxtpx:TrackPointExtension>
            <gpxtpx:hr>163</gpxtpx:hr>
          </gpxtpx:TrackPointExtension>
        </extensions>
      </trkpt>
      <trkpt lat="1.3963157503194574" lon="103.89774210961197">
        <ele>13.342555382288992</ele>
        <time>2026-09-14T23:35:36Z</time>
        <extensions>
          <gpxtpx:TrackPointExtension>
            <gpxtpx:hr>163</gpxtpx:hr>
          </gpxtpx:TrackPointExtension>
        </extensions>
      </trkpt>
      <trkpt lat="1.3963295747055264" lon="103.89772400635749">
        <ele>13.343177714385092</ele>
        <time>2026-09-14T23:35:37Z</time>
        <extensions>
          <gpxtpx:TrackPointExtension>
            <gpxtpx:hr>163</gpxtpx:hr>
          </gpxtpx:TrackPointExtension>
        </extensions>
      </trkpt>
      <trkpt lat="1.3963428066361079" lon="103.89770560220758">
        <ele>13.345065512694418</ele>
        <time>2026-09-14T23:35:38Z</time>
        <extensions>
          <gpxtpx:TrackPointExtension>
            <gpxtpx:hr>163</gpxtpx:hr>
          </gpxtpx:TrackPointExtension>
        </extensions>
      </trkpt>
      <trkpt lat="1.3963561021585247" lon="103.89768614149872">
        <ele>13.348953505046666</ele>
        <time>2026-09-14T23:35:39Z</time>
        <extensions>
          <gpxtpx:TrackPointExtension>
            <gpxtpx:hr>162</gpxtpx:hr>
          </gpxtpx:TrackPointExtension>
        </extensions>
      </trkpt>
      <trkpt lat="1.3963693731639493" lon="103.89766570713154">
        <ele>13.355467558838427</ele>
        <time>2026-09-14T23:35:40Z</time>
        <extensions>
          <gpxtpx:TrackPointExtension>
            <gpxtpx:hr>162</gpxtpx:hr>
          </gpxtpx:TrackPointExtension>
        </extensions>
      </trkpt>
      <trkpt lat="1.3963824116975267" lon="103.89764443523943">
        <ele>13.365737051703036</ele>
        <time>2026-09-14T23:35:41Z</time>
        <extensions>
          <gpxtpx:TrackPointExtension>
            <gpxtpx:hr>162</gpxtpx:hr>
          </gpxtpx:TrackPointExtension>
        </extensions>
      </trkpt>
      <trkpt lat="1.3963949577665364" lon="103.89762232970477">
        <ele>13.38043864723295</ele>
        <time>2026-09-14T23:35:42Z</time>
        <extensions>
          <gpxtpx:TrackPointExtension>
            <gpxtpx:hr>162</gpxtpx:hr>
          </gpxtpx:TrackPointExtension>
        </extensions>
      </trkpt>
      <trkpt lat="1.3964069635401315" lon="103.8975994184824">
        <ele>13.400671587325633</ele>
        <time>2026-09-14T23:35:43Z</time>
        <extensions>
          <gpxtpx:TrackPointExtension>
            <gpxtpx:hr>161</gpxtpx:hr>
          </gpxtpx:TrackPointExtension>
        </extensions>
      </trkpt>
      <trkpt lat="1.3964185105504305" lon="103.89757561828881">
        <ele>13.426514821127057</ele>
        <time>2026-09-14T23:35:44Z</time>
        <extensions>
          <gpxtpx:TrackPointExtension>
            <gpxtpx:hr>161</gpxtpx:hr>
          </gpxtpx:TrackPointExtension>
        </extensions>
      </trkpt>
      <trkpt lat="1.396429689769036" lon="103.8975508519083">
        <ele>13.458550457842648</ele>
        <time>2026-09-14T23:35:45Z</time>
        <extensions>
          <gpxtpx:TrackPointExtension>
            <gpxtpx:hr>161</gpxtpx:hr>
          </gpxtpx:TrackPointExtension>
        </extensions>
      </trkpt>
      <trkpt lat="1.396440594933713" lon="103.89752542969593">
        <ele>13.495855974033475</ele>
        <time>2026-09-14T23:35:46Z</time>
        <extensions>
          <gpxtpx:TrackPointExtension>
            <gpxtpx:hr>161</gpxtpx:hr>
          </gpxtpx:TrackPointExtension>
        </extensions>
      </trkpt>
      <trkpt lat="1.3964512445806947" lon="103.89750008334039">
        <ele>13.538469643332064</ele>
        <time>2026-09-14T23:35:47Z</time>
        <extensions>
          <gpxtpx:TrackPointExtension>
            <gpxtpx:hr>161</gpxtpx:hr>
          </gpxtpx:TrackPointExtension>
        </extensions>
      </trkpt>
      <trkpt lat="1.3964617658786305" lon="103.89747518868809">
        <ele>13.58513540122658</ele>
        <time>2026-09-14T23:35:48Z</time>
        <extensions>
          <gpxtpx:TrackPointExtension>
            <gpxtpx:hr>162</gpxtpx:hr>
          </gpxtpx:TrackPointExtension>
        </extensions>
      </trkpt>
      <trkpt lat="1.39647234935528" lon="103.89745040299252">
        <ele>13.635509906336665</ele>
        <time>2026-09-14T23:35:49Z</time>
        <extensions>
          <gpxtpx:TrackPointExtension>
            <gpxtpx:hr>162</gpxtpx:hr>
          </gpxtpx:TrackPointExtension>
        </extensions>
      </trkpt>
      <trkpt lat="1.396483041703261" lon="103.89742537181463">
        <ele>13.688686093315482</ele>
        <time>2026-09-14T23:35:50Z</time>
        <extensions>
          <gpxtpx:TrackPointExtension>
            <gpxtpx:hr>162</gpxtpx:hr>
          </gpxtpx:TrackPointExtension>
        </extensions>
      </trkpt>
      <trkpt lat="1.3964935373650755" lon="103.8974001686607">
        <ele>13.744897957891226</ele>
        <time>2026-09-14T23:35:51Z</time>
        <extensions>
          <gpxtpx:TrackPointExtension>
            <gpxtpx:hr>162</gpxtpx:hr>
          </gpxtpx:TrackPointExtension>
        </extensions>
      </trkpt>
      <trkpt lat="1.3965037214275375" lon="103.89737536400759">
        <ele>13.803625505417585</ele>
        <time>2026-09-14T23:35:52Z</time>
        <extensions>
          <gpxtpx:TrackPointExtension>
            <gpxtpx:hr>162</gpxtpx:hr>
          </gpxtpx:TrackPointExtension>
        </extensions>
      </trkpt>
      <trkpt lat="1.3965136221556753" lon="103.89735136049615">
        <ele>13.865776762366295</ele>
        <time>2026-09-14T23:35:53Z</time>
        <extensions>
          <gpxtpx:TrackPointExtension>
            <gpxtpx:hr>162</gpxtpx:hr>
          </gpxtpx:TrackPointExtension>
        </extensions>
      </trkpt>
      <trkpt lat="1.39652321587458" lon="103.89732797889195">
        <ele>13.931332311592996</ele>
        <time>2026-09-14T23:35:54Z</time>
        <extensions>
          <gpxtpx:TrackPointExtension>
            <gpxtpx:hr>163</gpxtpx:hr>
          </gpxtpx:TrackPointExtension>
        </extensions>
      </trkpt>
      <trkpt lat="1.3965327120960391" lon="103.89730478353414">
        <ele>14.00130610074848</ele>
        <time>2026-09-14T23:35:55Z</time>
        <extensions>
          <gpxtpx:TrackPointExtension>
            <gpxtpx:hr>163</gpxtpx:hr>
          </gpxtpx:TrackPointExtension>
        </extensions>
      </trkpt>
      <trkpt lat="1.3965421820998818" lon="103.89728159991068">
        <ele>14.075598976574838</ele>
        <time>2026-09-14T23:35:56Z</time>
        <extensions>
          <gpxtpx:TrackPointExtension>
            <gpxtpx:hr>163</gpxtpx:hr>
          </gpxtpx:TrackPointExtension>
        </extensions>
      </trkpt>
      <trkpt lat="1.3965516193062288" lon="103.89725842914405">
        <ele>14.15545448102057</ele>
        <time>2026-09-14T23:35:57Z</time>
        <extensions>
          <gpxtpx:TrackPointExtension>
            <gpxtpx:hr>163</gpxtpx:hr>
          </gpxtpx:TrackPointExtension>
        </extensions>
      </trkpt>
      <trkpt lat="1.3965610515790576" lon="103.89723501148833">
        <ele>14.241564081981778</ele>
        <time>2026-09-14T23:35:58Z</time>
        <extensions>
          <gpxtpx:TrackPointExtension>
            <gpxtpx:hr>163</gpxtpx:hr>
          </gpxtpx:TrackPointExtension>
        </extensions>
      </trkpt>
      <trkpt lat="1.3965704871634521" lon="103.89721124073118">
        <ele>14.334707234986126</ele>
        <time>2026-09-14T23:35:59Z</time>
        <extensions>
          <gpxtpx:TrackPointExtension>
            <gpxtpx:hr>163</gpxtpx:hr>
          </gpxtpx:TrackPointExtension>
        </extensions>
      </trkpt>
      <trkpt lat="1.3965799251465054" lon="103.89718719194856">
        <ele>14.4347871132195</ele>
        <time>2026-09-14T23:36:00Z</time>
        <extensions>
          <gpxtpx:TrackPointExtension>
            <gpxtpx:hr>163</gpxtpx:hr>
          </gpxtpx:TrackPointExtension>
        </extensions>
      </trkpt>
      <trkpt lat="1.396589542632274" lon="103.8971628307645">
        <ele>14.541507211513817</ele>
        <time>2026-09-14T23:36:01Z</time>
        <extensions>
          <gpxtpx:TrackPointExtension>
            <gpxtpx:hr>161</gpxtpx:hr>
          </gpxtpx:TrackPointExtension>
        </extensions>
      </trkpt>
      <trkpt lat="1.396599252715041" lon="103.89713797634977">
        <ele>14.654149520210922</ele>
        <time>2026-09-14T23:36:02Z</time>
        <extensions>
          <gpxtpx:TrackPointExtension>
            <gpxtpx:hr>161</gpxtpx:hr>
          </gpxtpx:TrackPointExtension>
        </extensions>
      </trkpt>
      <trkpt lat="1.3966088595495754" lon="103.89711261964506">
        <ele>14.772930388338864</ele>
        <time>2026-09-14T23:36:03Z</time>
        <extensions>
          <gpxtpx:TrackPointExtension>
            <gpxtpx:hr>161</gpxtpx:hr>
          </gpxtpx:TrackPointExtension>
        </extensions>
      </trkpt>
      <trkpt lat="1.3966185150716752" lon="103.89708703708953">
        <ele>14.89820898231119</ele>
        <time>2026-09-14T23:36:04Z</time>
        <extensions>
          <gpxtpx:TrackPointExtension>
            <gpxtpx:hr>161</gpxtpx:hr>
          </gpxtpx:TrackPointExtension>
        </extensions>
      </trkpt>
      <trkpt lat="1.3966283033900875" lon="103.89706125974773">
        <ele>15.029442310333252</ele>
        <time>2026-09-14T23:36:05Z</time>
        <extensions>
          <gpxtpx:TrackPointExtension>
            <gpxtpx:hr>161</gpxtpx:hr>
          </gpxtpx:TrackPointExtension>
        </extensions>
      </trkpt>
      <trkpt lat="1.3966384427109053" lon="103.8970354070203">
        <ele>15.16573183145374</ele>
        <time>2026-09-14T23:36:06Z</time>
        <extensions>
          <gpxtpx:TrackPointExtension>
            <gpxtpx:hr>161</gpxtpx:hr>
          </gpxtpx:TrackPointExtension>
        </extensions>
      </trkpt>
      <trkpt lat="1.3966489366821797" lon="103.89700991758704">
        <ele>15.305001575499773</ele>
        <time>2026-09-14T23:36:07Z</time>
        <extensions>
          <gpxtpx:TrackPointExtension>
            <gpxtpx:hr>161</gpxtpx:hr>
          </gpxtpx:TrackPointExtension>
        </extensions>
      </trkpt>
      <trkpt lat="1.3966594975505457" lon="103.89698500750394">
        <ele>15.44490271806717</ele>
        <time>2026-09-14T23:36:08Z</time>
        <extensions>
          <gpxtpx:TrackPointExtension>
            <gpxtpx:hr>161</gpxtpx:hr>
          </gpxtpx:TrackPointExtension>
        </extensions>
      </trkpt>
      <trkpt lat="1.3966699282561332" lon="103.89696035778634">
        <ele>15.583304737694561</ele>
        <time>2026-09-14T23:36:09Z</time>
        <extensions>
          <gpxtpx:TrackPointExtension>
            <gpxtpx:hr>161</gpxtpx:hr>
          </gpxtpx:TrackPointExtension>
        </extensions>
      </trkpt>
      <trkpt lat="1.3966800941555055" lon="103.8969354230195">
        <ele>15.717171614989638</ele>
        <time>2026-09-14T23:36:10Z</time>
        <extensions>
          <gpxtpx:TrackPointExtension>
            <gpxtpx:hr>161</gpxtpx:hr>
          </gpxtpx:TrackPointExtension>
        </extensions>
      </trkpt>
      <trkpt lat="1.3966903219997941" lon="103.89690991800326">
        <ele>15.84576013777405</ele>
        <time>2026-09-14T23:36:11Z</time>
        <extensions>
          <gpxtpx:TrackPointExtension>
            <gpxtpx:hr>161</gpxtpx:hr>
          </gpxtpx:TrackPointExtension>
        </extensions>
      </trkpt>
      <trkpt lat="1.3967008785709998" lon="103.89688417787255">
        <ele>15.966063148342073</ele>
        <time>2026-09-14T23:36:12Z</time>
        <extensions>
          <gpxtpx:TrackPointExtension>
            <gpxtpx:hr>161</gpxtpx:hr>
          </gpxtpx:TrackPointExtension>
        </extensions>
      </trkpt>
      <trkpt lat="1.3967116290871413" lon="103.89685913653305">
        <ele>16.078662940301</ele>
        <time>2026-09-14T23:36:13Z</time>
        <extensions>
          <gpxtpx:TrackPointExtension>
            <gpxtpx:hr>161</gpxtpx:hr>
          </gpxtpx:TrackPointExtension>
        </extensions>
      </trkpt>
      <trkpt lat="1.3967223000153508" lon="103.89683545734428">
        <ele>16.181759672239423</ele>
        <time>2026-09-14T23:36:14Z</time>
        <extensions>
          <gpxtpx:TrackPointExtension>
            <gpxtpx:hr>161</gpxtpx:hr>
          </gpxtpx:TrackPointExtension>
        </extensions>
      </trkpt>
      <trkpt lat="1.396732649952134" lon="103.89681311902194">
        <ele>16.27559696789831</ele>
        <time>2026-09-14T23:36:15Z</time>
        <extensions>
          <gpxtpx:TrackPointExtension>
            <gpxtpx:hr>161</gpxtpx:hr>
          </gpxtpx:TrackPointExtension>
        </extensions>
      </trkpt>
      <trkpt lat="1.3967427015848777" lon="103.89679154674246">
        <ele>16.35902622807771</ele>
        <time>2026-09-14T23:36:16Z</time>
        <extensions>
          <gpxtpx:TrackPointExtension>
            <gpxtpx:hr>161</gpxtpx:hr>
          </gpxtpx:TrackPointExtension>
        </extensions>
      </trkpt>
      <trkpt lat="1.3967524983583284" lon="103.89676985084769">
        <ele>16.432590815238655</ele>
        <time>2026-09-14T23:36:17Z</time>
        <extensions>
          <gpxtpx:TrackPointExtension>
            <gpxtpx:hr>161</gpxtpx:hr>
          </gpxtpx:TrackPointExtension>
        </extensions>
      </trkpt>
      <trkpt lat="1.396761808273478" lon="103.89674731111285">
        <ele>16.49593247566372</ele>
        <time>2026-09-14T23:36:18Z</time>
        <extensions>
          <gpxtpx:TrackPointExtension>
            <gpxtpx:hr>161</gpxtpx:hr>
          </gpxtpx:TrackPointExtension>
        </extensions>
      </trkpt>
      <trkpt lat="1.3967707076806135" lon="103.89672378593521">
        <ele>16.548672454431653</ele>
        <time>2026-09-14T23:36:19Z</time>
        <extensions>
          <gpxtpx:TrackPointExtension>
            <gpxtpx:hr>161</gpxtpx:hr>
          </gpxtpx:TrackPointExtension>
        </extensions>
      </trkpt>
      <trkpt lat="1.3967797126860872" lon="103.8966997386734">
        <ele>16.591087286360562</ele>
        <time>2026-09-14T23:36:20Z</time>
        <extensions>
          <gpxtpx:TrackPointExtension>
            <gpxtpx:hr>160</gpxtpx:hr>
          </gpxtpx:TrackPointExtension>
        </extensions>
      </trkpt>
      <trkpt lat="1.3967888792832996" lon="103.89667567143846">
        <ele>16.623437798582017</ele>
        <time>2026-09-14T23:36:21Z</time>
        <extensions>
          <gpxtpx:TrackPointExtension>
            <gpxtpx:hr>160</gpxtpx:hr>
          </gpxtpx:TrackPointExtension>
        </extensions>
      </trkpt>
      <trkpt lat="1.396798178970564" lon="103.89665166148515">
        <ele>16.646372260525823</ele>
        <time>2026-09-14T23:36:22Z</time>
        <extensions>
          <gpxtpx:TrackPointExtension>
            <gpxtpx:hr>160</gpxtpx:hr>
          </gpxtpx:TrackPointExtension>
        </extensions>
      </trkpt>
      <trkpt lat="1.3968077123440155" lon="103.89662751706928">
        <ele>16.657377671450377</ele>
        <time>2026-09-14T23:36:23Z</time>
        <extensions>
          <gpxtpx:TrackPointExtension>
            <gpxtpx:hr>160</gpxtpx:hr>
          </gpxtpx:TrackPointExtension>
        </extensions>
      </trkpt>
      <trkpt lat="1.3968173892435083" lon="103.89660314637858">
        <ele>16.65796619374305</ele>
        <time>2026-09-14T23:36:24Z</time>
        <extensions>
          <gpxtpx:TrackPointExtension>
            <gpxtpx:hr>160</gpxtpx:hr>
          </gpxtpx:TrackPointExtension>
        </extensions>
      </trkpt>
      <trkpt lat="1.3968270252187878" lon="103.89657860153144">
        <ele>16.648070134222507</ele>
        <time>2026-09-14T23:36:25Z</time>
        <extensions>
          <gpxtpx:TrackPointExtension>
            <gpxtpx:hr>161</gpxtpx:hr>
          </gpxtpx:TrackPointExtension>
        </extensions>
      </trkpt>
      <trkpt lat="1.396836384630565" lon="103.89655394386828">
        <ele>16.62871761713177</ele>
        <time>2026-09-14T23:36:26Z</time>
        <extensions>
          <gpxtpx:TrackPointExtension>
            <gpxtpx:hr>161</gpxtpx:hr>
          </gpxtpx:TrackPointExtension>
        </extensions>
      </trkpt>
      <trkpt lat="1.3968453343316405" lon="103.89652929792766">
        <ele>16.599140405654907</ele>
        <time>2026-09-14T23:36:27Z</time>
        <extensions>
          <gpxtpx:TrackPointExtension>
            <gpxtpx:hr>161</gpxtpx:hr>
          </gpxtpx:TrackPointExtension>
        </extensions>
      </trkpt>
      <trkpt lat="1.3968537066586735" lon="103.89650474730061">
        <ele>16.562154576182365</ele>
        <time>2026-09-14T23:36:28Z</time>
        <extensions>
          <gpxtpx:TrackPointExtension>
            <gpxtpx:hr>161</gpxtpx:hr>
          </gpxtpx:TrackPointExtension>
        </extensions>
      </trkpt>
      <trkpt lat="1.3968612590519056" lon="103.8964800510846">
        <ele>16.51651748176664</ele>
        <time>2026-09-14T23:36:29Z</time>
        <extensions>
          <gpxtpx:TrackPointExtension>
            <gpxtpx:hr>161</gpxtpx:hr>
          </gpxtpx:TrackPointExtension>
        </extensions>
      </trkpt>
      <trkpt lat="1.3968678148745137" lon="103.89645474463815">
        <ele>16.46642222907394</ele>
        <time>2026-09-14T23:36:30Z</time>
        <extensions>
          <gpxtpx:TrackPointExtension>
            <gpxtpx:hr>161</gpxtpx:hr>
          </gpxtpx:TrackPointExtension>
        </extensions>
      </trkpt>
      <trkpt lat="1.3968737724761018" lon="103.8964289366613">
        <ele>16.411123919300735</ele>
        <time>2026-09-14T23:36:31Z</time>
        <extensions>
          <gpxtpx:TrackPointExtension>
            <gpxtpx:hr>161</gpxtpx:hr>
          </gpxtpx:TrackPointExtension>
        </extensions>
      </trkpt>
      <trkpt lat="1.3968796086105426" lon="103.89640291310873">
        <ele>16.35424487479031</ele>
        <time>2026-09-14T23:36:32Z</time>
        <extensions>
          <gpxtpx:TrackPointExtension>
            <gpxtpx:hr>161</gpxtpx:hr>
          </gpxtpx:TrackPointExtension>
        </extensions>
      </trkpt>
      <trkpt lat="1.396885255808503" lon="103.89637654152018">
        <ele>16.297067782841623</ele>
        <time>2026-09-14T23:36:33Z</time>
        <extensions>
          <gpxtpx:TrackPointExtension>
            <gpxtpx:hr>161</gpxtpx:hr>
          </gpxtpx:TrackPointExtension>
        </extensions>
      </trkpt>
      <trkpt lat="1.3968906348079766" lon="103.89634971606657">
        <ele>16.240828364156187</ele>
        <time>2026-09-14T23:36:34Z</time>
        <extensions>
          <gpxtpx:TrackPointExtension>
            <gpxtpx:hr>161</gpxtpx:hr>
          </gpxtpx:TrackPointExtension>
        </extensions>
      </trkpt>
      <trkpt lat="1.3968956216832733" lon="103.89632242638673">
        <ele>16.18648644629866</ele>
        <time>2026-09-14T23:36:35Z</time>
        <extensions>
          <gpxtpx:TrackPointExtension>
            <gpxtpx:hr>161</gpxtpx:hr>
          </gpxtpx:TrackPointExtension>
        </extensions>
      </trkpt>
      <trkpt lat="1.3969000974280785" lon="103.8962947418762">
        <ele>16.13391289394349</ele>
        <time>2026-09-14T23:36:36Z</time>
        <extensions>
          <gpxtpx:TrackPointExtension>
            <gpxtpx:hr>161</gpxtpx:hr>
          </gpxtpx:TrackPointExtension>
        </extensions>
      </trkpt>
      <trkpt lat="1.3969039575035964" lon="103.89626670628941">
        <ele>16.083248540759087</ele>
        <time>2026-09-14T23:36:37Z</time>
        <extensions>
          <gpxtpx:TrackPointExtension>
            <gpxtpx:hr>160</gpxtpx:hr>
          </gpxtpx:TrackPointExtension>
        </extensions>
      </trkpt>
      <trkpt lat="1.39690709951607" lon="103.89623838208955">
        <ele>16.034619907848537</ele>
        <time>2026-09-14T23:36:38Z</time>
        <extensions>
          <gpxtpx:TrackPointExtension>
            <gpxtpx:hr>160</gpxtpx:hr>
          </gpxtpx:TrackPointExtension>
        </extensions>
      </trkpt>
      <trkpt lat="1.3969094721875717" lon="103.89620985468353">
        <ele>15.986450987868011</ele>
        <time>2026-09-14T23:36:39Z</time>
        <extensions>
          <gpxtpx:TrackPointExtension>
            <gpxtpx:hr>160</gpxtpx:hr>
          </gpxtpx:TrackPointExtension>
        </extensions>
      </trkpt>
      <trkpt lat="1.396911039605068" lon="103.89618122028224">
        <ele>15.940090786665678</ele>
        <time>2026-09-14T23:36:40Z</time>
        <extensions>
          <gpxtpx:TrackPointExtension>
            <gpxtpx:hr>160</gpxtpx:hr>
          </gpxtpx:TrackPointExtension>
        </extensions>
      </trkpt>
      <trkpt lat="1.3969117810255718" lon="103.8961525824972">
        <ele>15.893969126045704</ele>
        <time>2026-09-14T23:36:41Z</time>
        <extensions>
          <gpxtpx:TrackPointExtension>
            <gpxtpx:hr>160</gpxtpx:hr>
          </gpxtpx:TrackPointExtension>
        </extensions>
      </trkpt>
      <trkpt lat="1.3969116723557806" lon="103.89612406037365">
        <ele>15.849934938363731</ele>
        <time>2026-09-14T23:36:42Z</time>
        <extensions>
          <gpxtpx:TrackPointExtension>
            <gpxtpx:hr>160</gpxtpx:hr>
          </gpxtpx:TrackPointExtension>
        </extensions>
      </trkpt>
      <trkpt lat="1.3969106840269105" lon="103.89609578172687">
        <ele>15.806905737146735</ele>
        <time>2026-09-14T23:36:43Z</time>
        <extensions>
          <gpxtpx:TrackPointExtension>
            <gpxtpx:hr>160</gpxtpx:hr>
          </gpxtpx:TrackPointExtension>
        </extensions>
      </trkpt>
      <trkpt lat="1.39690878114718" lon="103.89606778903432">
        <ele>15.76779946219176</ele>
        <time>2026-09-14T23:36:44Z</time>
        <extensions>
          <gpxtpx:TrackPointExtension>
            <gpxtpx:hr>160</gpxtpx:hr>
          </gpxtpx:TrackPointExtension>
        </extensions>
      </trkpt>
      <trkpt lat="1.396905964859378" lon="103.89604000463093">
        <ele>15.73196869250387</ele>
        <time>2026-09-14T23:36:45Z</time>
        <extensions>
          <gpxtpx:TrackPointExtension>
            <gpxtpx:hr>160</gpxtpx:hr>
          </gpxtpx:TrackPointExtension>
        </extensions>
      </trkpt>
      <trkpt lat="1.3969022514131488" lon="103.89601235720285">
        <ele>15.701831090264022</ele>
        <time>2026-09-14T23:36:46Z</time>
        <extensions>
          <gpxtpx:TrackPointExtension>
            <gpxtpx:hr>161</gpxtpx:hr>
          </gpxtpx:TrackPointExtension>
        </extensions>
      </trkpt>
      <trkpt lat="1.3968976376423403" lon="103.89598492238574">
        <ele>15.676886921748519</ele>
        <time>2026-09-14T23:36:47Z</time>
        <extensions>
          <gpxtpx:TrackPointExtension>
            <gpxtpx:hr>161</gpxtpx:hr>
          </gpxtpx:TrackPointExtension>
        </extensions>
      </trkpt>
      <trkpt lat="1.3968921465119204" lon="103.89595776599533">
        <ele>15.657236860133708</ele>
        <time>2026-09-14T23:36:48Z</time>
        <extensions>
          <gpxtpx:TrackPointExtension>
            <gpxtpx:hr>161</gpxtpx:hr>
          </gpxtpx:TrackPointExtension>
        </extensions>
      </trkpt>
      <trkpt lat="1.39688579206" lon="103.89593088837147">
        <ele>15.642560012638569</ele>
        <time>2026-09-14T23:36:49Z</time>
        <extensions>
          <gpxtpx:TrackPointExtension>
            <gpxtpx:hr>161</gpxtpx:hr>
          </gpxtpx:TrackPointExtension>
        </extensions>
      </trkpt>
      <trkpt lat="1.3968785720293022" lon="103.8959043189868">
        <ele>15.631933450698853</ele>
        <time>2026-09-14T23:36:50Z</time>
        <extensions>
          <gpxtpx:TrackPointExtension>
            <gpxtpx:hr>161</gpxtpx:hr>
          </gpxtpx:TrackPointExtension>
        </extensions>
      </trkpt>
      <trkpt lat="1.396870521371303" lon="103.89587814362352">
        <ele>15.624698316678405</ele>
        <time>2026-09-14T23:36:51Z</time>
        <extensions>
          <gpxtpx:TrackPointExtension>
            <gpxtpx:hr>160</gpxtpx:hr>
          </gpxtpx:TrackPointExtension>
        </extensions>
      </trkpt>
      <trkpt lat="1.3968617135263253" lon="103.89585246423862">
        <ele>15.62033324688673</ele>
        <time>2026-09-14T23:36:52Z</time>
        <extensions>
          <gpxtpx:TrackPointExtension>
            <gpxtpx:hr>160</gpxtpx:hr>
          </gpxtpx:TrackPointExtension>
        </extensions>
      </trkpt>
      <trkpt lat="1.3968521783913017" lon="103.89582731838301">
        <ele>15.618413553573191</ele>
        <time>2026-09-14T23:36:53Z</time>
        <extensions>
          <gpxtpx:TrackPointExtension>
            <gpxtpx:hr>160</gpxtpx:hr>
          </gpxtpx:TrackPointExtension>
        </extensions>
      </trkpt>
      <trkpt lat="1.3968418943563536" lon="103.8958027176273">
        <ele>15.61842835880816</ele>
        <time>2026-09-14T23:36:54Z</time>
        <extensions>
          <gpxtpx:TrackPointExtension>
            <gpxtpx:hr>160</gpxtpx:hr>
          </gpxtpx:TrackPointExtension>
        </extensions>
      </trkpt>
      <trkpt lat="1.3968308579960846" lon="103.89577866055598">
        <ele>15.619746748358011</ele>
        <time>2026-09-14T23:36:55Z</time>
        <extensions>
          <gpxtpx:TrackPointExtension>
            <gpxtpx:hr>160</gpxtpx:hr>
          </gpxtpx:TrackPointExtension>
        </extensions>
      </trkpt>
      <trkpt lat="1.3968190639931402" lon="103.89575515147136">
        <ele>15.62178932968527</ele>
        <time>2026-09-14T23:36:56Z</time>
        <extensions>
          <gpxtpx:TrackPointExtension>
            <gpxtpx:hr>160</gpxtpx:hr>
          </gpxtpx:TrackPointExtension>
        </extensions>
      </trkpt>
      <trkpt lat="1.3968065277825945" lon="103.89573216745276">
        <ele>15.624154242686927</ele>
        <time>2026-09-14T23:36:57Z</time>
        <extensions>
          <gpxtpx:TrackPointExtension>
            <gpxtpx:hr>161</gpxtpx:hr>
          </gpxtpx:TrackPointExtension>
        </extensions>
      </trkpt>
      <trkpt lat="1.3967932816636395" lon="103.89570970555313">
        <ele>15.626616188324988</ele>
        <time>2026-09-14T23:36:58Z</time>
        <extensions>
          <gpxtpx:TrackPointExtension>
            <gpxtpx:hr>161</gpxtpx:hr>
          </gpxtpx:TrackPointExtension>
        </extensions>
      </trkpt>
      <trkpt lat="1.3967793402357203" lon="103.89568785064083">
        <ele>15.628972728736699</ele>
        <time>2026-09-14T23:36:59Z</time>
        <extensions>
          <gpxtpx:TrackPointExtension>
            <gpxtpx:hr>161</gpxtpx:hr>
          </gpxtpx:TrackPointExtension>
        </extensions>
      </trkpt>
      <trkpt lat="1.3967646887349447" lon="103.89566668338679">
        <ele>15.63098608981818</ele>
        <time>2026-09-14T23:37:00Z</time>
        <extensions>
          <gpxtpx:TrackPointExtension>
            <gpxtpx:hr>161</gpxtpx:hr>
          </gpxtpx:TrackPointExtension>
        </extensions>
      </trkpt>
      <trkpt lat="1.3967492691932213" lon="103.89564628221451">
        <ele>15.632444246672094</ele>
        <time>2026-09-14T23:37:01Z</time>
        <extensions>
          <gpxtpx:TrackPointExtension>
            <gpxtpx:hr>161</gpxtpx:hr>
          </gpxtpx:TrackPointExtension>
        </extensions>
      </trkpt>
      <trkpt lat="1.3967331389887918" lon="103.89562657296787">
        <ele>15.633291998878121</ele>
        <time>2026-09-14T23:37:02Z</time>
        <extensions>
          <gpxtpx:TrackPointExtension>
            <gpxtpx:hr>161</gpxtpx:hr>
          </gpxtpx:TrackPointExtension>
        </extensions>
      </trkpt>
      <trkpt lat="1.3967164647728567" lon="103.89560745745278">
        <ele>15.633710690774024</ele>
        <time>2026-09-14T23:37:03Z</time>
        <extensions>
          <gpxtpx:TrackPointExtension>
            <gpxtpx:hr>161</gpxtpx:hr>
          </gpxtpx:TrackPointExtension>
        </extensions>
      </trkpt>
      <trkpt lat="1.396699399303587" lon="103.89558896101735">
        <ele>15.633950554765761</ele>
        <time>2026-09-14T23:37:04Z</time>
        <extensions>
          <gpxtpx:TrackPointExtension>
            <gpxtpx:hr>159</gpxtpx:hr>
          </gpxtpx:TrackPointExtension>
        </extensions>
      </trkpt>
      <trkpt lat="1.396681951317662" lon="103.89557105272657">
        <ele>15.634219743311405</ele>
        <time>2026-09-14T23:37:05Z</time>
        <extensions>
          <gpxtpx:TrackPointExtension>
            <gpxtpx:hr>159</gpxtpx:hr>
          </gpxtpx:TrackPointExtension>
        </extensions>
      </trkpt>
      <trkpt lat="1.3966640171971307" lon="103.89555369073112">
        <ele>15.634592456743121</ele>
        <time>2026-09-14T23:37:06Z</time>
        <extensions>
          <gpxtpx:TrackPointExtension>
            <gpxtpx:hr>159</gpxtpx:hr>
          </gpxtpx:TrackPointExtension>
        </extensions>
      </trkpt>
      <trkpt lat="1.3966455329570084" lon="103.89553685792782">
        <ele>15.634835643693805</ele>
        <time>2026-09-14T23:37:07Z</time>
        <extensions>
          <gpxtpx:TrackPointExtension>
            <gpxtpx:hr>159</gpxtpx:hr>
          </gpxtpx:TrackPointExtension>
        </extensions>
      </trkpt>
      <trkpt lat="1.3966264374722792" lon="103.8955205775307">
        <ele>15.634299730882049</ele>
        <time>2026-09-14T23:37:08Z</time>
        <extensions>
          <gpxtpx:TrackPointExtension>
            <gpxtpx:hr>159</gpxtpx:hr>
          </gpxtpx:TrackPointExtension>
        </extensions>
      </trkpt>
      <trkpt lat="1.396606696022067" lon="103.89550487456944">
        <ele>15.632053692825139</ele>
        <time>2026-09-14T23:37:09Z</time>
        <extensions>
          <gpxtpx:TrackPointExtension>
            <gpxtpx:hr>159</gpxtpx:hr>
          </gpxtpx:TrackPointExtension>
        </extensions>
      </trkpt>
      <trkpt lat="1.3965862807096185" lon="103.89548980935861">
        <ele>15.627091865986586</ele>
        <time>2026-09-14T23:37:10Z</time>
        <extensions>
          <gpxtpx:TrackPointExtension>
            <gpxtpx:hr>158</gpxtpx:hr>
          </gpxtpx:TrackPointExtension>
        </extensions>
      </trkpt>
      <trkpt lat="1.3965652268076703" lon="103.89547549603512">
        <ele>15.618388761766255</ele>
        <time>2026-09-14T23:37:11Z</time>
        <extensions>
          <gpxtpx:TrackPointExtension>
            <gpxtpx:hr>158</gpxtpx:hr>
          </gpxtpx:TrackPointExtension>
        </extensions>
      </trkpt>
      <trkpt lat="1.3965436280663024" lon="103.89546194984983">
        <ele>15.605066465213895</ele>
        <time>2026-09-14T23:37:12Z</time>
        <extensions>
          <gpxtpx:TrackPointExtension>
            <gpxtpx:hr>158</gpxtpx:hr>
          </gpxtpx:TrackPointExtension>
        </extensions>
      </trkpt>
      <trkpt lat="1.3965216958631985" lon="103.8954489385527">
        <ele>15.58694280218333</ele>
        <time>2026-09-14T23:37:13Z</time>
        <extensions>
          <gpxtpx:TrackPointExtension>
            <gpxtpx:hr>158</gpxtpx:hr>
          </gpxtpx:TrackPointExtension>
        </extensions>
      </trkpt>
      <trkpt lat="1.3964996090996693" lon="103.89543628692111">
        <ele>15.564754680730402</ele>
        <time>2026-09-14T23:37:14Z</time>
        <extensions>
          <gpxtpx:TrackPointExtension>
            <gpxtpx:hr>158</gpxtpx:hr>
          </gpxtpx:TrackPointExtension>
        </extensions>
      </trkpt>
      <trkpt lat="1.3964773782408118" lon="103.89542409349176">
        <ele>15.539475351572037</ele>
        <time>2026-09-14T23:37:15Z</time>
        <extensions>
          <gpxtpx:TrackPointExtension>
            <gpxtpx:hr>158</gpxtpx:hr>
          </gpxtpx:TrackPointExtension>
        </extensions>
      </trkpt>
      <trkpt lat="1.3964549974229414" lon="103.89541240137312">
        <ele>15.511682222597301</ele>
        <time>2026-09-14T23:37:16Z</time>
        <extensions>
          <gpxtpx:TrackPointExtension>
            <gpxtpx:hr>158</gpxtpx:hr>
          </gpxtpx:TrackPointExtension>
        </extensions>
      </trkpt>
      <trkpt lat="1.3964324192768023" lon="103.89540116487048">
        <ele>15.481547965668142</ele>
        <time>2026-09-14T23:37:17Z</time>
        <extensions>
          <gpxtpx:TrackPointExtension>
            <gpxtpx:hr>158</gpxtpx:hr>
          </gpxtpx:TrackPointExtension>
        </extensions>
      </trkpt>
      <trkpt lat="1.3964096033355997" lon="103.89539033705636">
        <ele>15.448960986919701</ele>
        <time>2026-09-14T23:37:18Z</time>
        <extensions>
          <gpxtpx:TrackPointExtension>
            <gpxtpx:hr>158</gpxtpx:hr>
          </gpxtpx:TrackPointExtension>
        </extensions>
      </trkpt>
      <trkpt lat="1.3963865052079079" lon="103.89537985899904">
        <ele>15.413770636543632</ele>
        <time>2026-09-14T23:37:19Z</time>
        <extensions>
          <gpxtpx:TrackPointExtension>
            <gpxtpx:hr>158</gpxtpx:hr>
          </gpxtpx:TrackPointExtension>
        </extensions>
      </trkpt>
      <trkpt lat="1.3963630893481878" lon="103.8953697038211">
        <ele>15.376025632023811</ele>
        <time>2026-09-14T23:37:20Z</time>
        <extensions>
          <gpxtpx:TrackPointExtension>
            <gpxtpx:hr>157</gpxtpx:hr>
          </gpxtpx:TrackPointExtension>
        </extensions>
      </trkpt>
      <trkpt lat="1.3963394113207905" lon="103.89535982408725">
        <ele>15.336029159836471</ele>
        <time>2026-09-14T23:37:21Z</time>
        <extensions>
          <gpxtpx:TrackPointExtension>
            <gpxtpx:hr>157</gpxtpx:hr>
          </gpxtpx:TrackPointExtension>
        </extensions>
      </trkpt>
      <trkpt lat="1.3963156025603831" lon="103.89535020013489">
        <ele>15.294413776136935</ele>
        <time>2026-09-14T23:37:22Z</time>
        <extensions>
          <gpxtpx:TrackPointExtension>
            <gpxtpx:hr>157</gpxtpx:hr>
          </gpxtpx:TrackPointExtension>
        </extensions>
      </trkpt>
      <trkpt lat="1.3962918031174922" lon="103.89534085127869">
        <ele>15.25185968913138</ele>
        <time>2026-09-14T23:37:23Z</time>
        <extensions>
          <gpxtpx:TrackPointExtension>
            <gpxtpx:hr>157</gpxtpx:hr>
          </gpxtpx:TrackPointExtension>
        </extensions>
      </trkpt>
      <trkpt lat="1.3962680576267068" lon="103.89533175185788">
        <ele>15.208937075920403</ele>
        <time>2026-09-14T23:37:24Z</time>
        <extensions>
          <gpxtpx:TrackPointExtension>
            <gpxtpx:hr>157</gpxtpx:hr>
          </gpxtpx:TrackPointExtension>
        </extensions>
      </trkpt>
      <trkpt lat="1.3962443724318045" lon="103.8953228772883">
        <ele>15.16617118474096</ele>
        <time>2026-09-14T23:37:25Z</time>
        <extensions>
          <gpxtpx:TrackPointExtension>
            <gpxtpx:hr>158</gpxtpx:hr>
          </gpxtpx:TrackPointExtension>
        </extensions>
      </trkpt>
      <trkpt lat="1.3962207710240138" lon="103.89531419083197">
        <ele>15.123967179097235</ele>
        <time>2026-09-14T23:37:26Z</time>
        <extensions>
          <gpxtpx:TrackPointExtension>
            <gpxtpx:hr>158</gpxtpx:hr>
          </gpxtpx:TrackPointExtension>
        </extensions>
      </trkpt>
      <trkpt lat="1.3961972665645248" lon="103.89530565553093">
        <ele>15.08259652275592</ele>
        <time>2026-09-14T23:37:27Z</time>
        <extensions>
          <gpxtpx:TrackPointExtension>
            <gpxtpx:hr>158</gpxtpx:hr>
          </gpxtpx:TrackPointExtension>
        </extensions>
      </trkpt>
      <trkpt lat="1.3961738393688015" lon="103.8952971970547">
        <ele>15.04214374255389</ele>
        <time>2026-09-14T23:37:28Z</time>
        <extensions>
          <gpxtpx:TrackPointExtension>
            <gpxtpx:hr>157</gpxtpx:hr>
          </gpxtpx:TrackPointExtension>
        </extensions>
      </trkpt>
      <trkpt lat="1.3961503475404917" lon="103.89528873043193">
        <ele>15.002703602425754</ele>
        <time>2026-09-14T23:37:29Z</time>
        <extensions>
          <gpxtpx:TrackPointExtension>
            <gpxtpx:hr>157</gpxtpx:hr>
          </gpxtpx:TrackPointExtension>
        </extensions>
      </trkpt>
      <trkpt lat="1.3961266724004249" lon="103.8952802214748">
        <ele>14.96450369618833</ele>
        <time>2026-09-14T23:37:30Z</time>
        <extensions>
          <gpxtpx:TrackPointExtension>
            <gpxtpx:hr>157</gpxtpx:hr>
          </gpxtpx:TrackPointExtension>
        </extensions>
      </trkpt>
      <trkpt lat="1.3961029879900315" lon="103.89527161249823">
        <ele>14.927821922115982</ele>
        <time>2026-09-14T23:37:31Z</time>
        <extensions>
          <gpxtpx:TrackPointExtension>
            <gpxtpx:hr>157</gpxtpx:hr>
          </gpxtpx:TrackPointExtension>
        </extensions>
      </trkpt>
      <trkpt lat="1.39607954264312" lon="103.89526296428616">
        <ele>14.893030679784715</ele>
        <time>2026-09-14T23:37:32Z</time>
        <extensions>
          <gpxtpx:TrackPointExtension>
            <gpxtpx:hr>157</gpxtpx:hr>
          </gpxtpx:TrackPointExtension>
        </extensions>
      </trkpt>
      <trkpt lat="1.3960561736410415" lon="103.89525419229219">
        <ele>14.860605861991644</ele>
        <time>2026-09-14T23:37:33Z</time>
        <extensions>
          <gpxtpx:TrackPointExtension>
            <gpxtpx:hr>157</gpxtpx:hr>
          </gpxtpx:TrackPointExtension>
        </extensions>
      </trkpt>
      <trkpt lat="1.39603235987601" lon="103.89524510620437">
        <ele>14.830978894606233</ele>
        <time>2026-09-14T23:37:34Z</time>
        <extensions>
          <gpxtpx:TrackPointExtension>
            <gpxtpx:hr>157</gpxtpx:hr>
          </gpxtpx:TrackPointExtension>
        </extensions>
      </trkpt>
      <trkpt lat="1.396008029556644" lon="103.89523579460868">
        <ele>14.804310482926667</ele>
        <time>2026-09-14T23:37:35Z</time>
        <extensions>
          <gpxtpx:TrackPointExtension>
            <gpxtpx:hr>157</gpxtpx:hr>
          </gpxtpx:TrackPointExtension>
        </extensions>
      </trkpt>
      <trkpt lat="1.3959835550674073" lon="103.89522662350765">
        <ele>14.780405258759856</ele>
        <time>2026-09-14T23:37:36Z</time>
        <extensions>
          <gpxtpx:TrackPointExtension>
            <gpxtpx:hr>157</gpxtpx:hr>
          </gpxtpx:TrackPointExtension>
        </extensions>
      </trkpt>
      <trkpt lat="1.395952661349744" lon="103.8952151722656">
        <ele>14.753254383802414</ele>
        <time>2026-09-14T23:37:37Z</time>
        <extensions>
          <gpxtpx:TrackPointExtension>
            <gpxtpx:hr>157</gpxtpx:hr>
          </gpxtpx:TrackPointExtension>
        </extensions>
      </trkpt>
      <trkpt lat="1.3959294657731482" lon="103.8952064496441">
        <ele>14.734231756068766</ele>
        <time>2026-09-14T23:37:38Z</time>
        <extensions>
          <gpxtpx:TrackPointExtension>
            <gpxtpx:hr>157</gpxtpx:hr>
          </gpxtpx:TrackPointExtension>
        </extensions>
      </trkpt>
    </trkseg>
  </trk>
</gpx>