<?xml version="1.0" encoding="UTF-8"?>
<gpx xmlns="http://www.topografix.com/GPX/1/1" xmlns:gpxtpx="http://www.garmin.com/xmlschemas/TrackPointExtension/v1" xmlns:xsi="http://www.w3.org/2001/XMLSchema-instance" xsi:schemaLocation="http://www.topografix.com/GPX/1/1 http://www.topografix.com/GPX/1/1/gpx.xsd" version="1.1" creator="gpx.py -- https://github.com/tkrajina/gpxpy">
  <trk>
    <name>gpx from keep</name>
    <type>Walk</type>
    <trkseg>
      <trkpt lat="1.3982538515334684" lon="103.88954983602747">
        <ele>0</ele>
        <time>2026-09-23T23:43:08Z</time>
      </trkpt>
      <trkpt lat="1.398256139594766" lon="103.88956455873816">
        <ele>0</ele>
        <time>2026-09-23T23:43:08Z</time>
      </trkpt>
      <trkpt lat="1.3982587106241575" lon="103.88957927436923">
        <ele>0</ele>
        <time>2026-09-23T23:43:09Z</time>
      </trkpt>
      <trkpt lat="1.3982615813107675" lon="103.88959405080584">
        <ele>0</ele>
        <time>2026-09-23T23:43:10Z</time>
      </trkpt>
      <trkpt lat="1.3982647167548854" lon="103.88960898082269">
        <ele>0</ele>
        <time>2026-09-23T23:43:11Z</time>
      </trkpt>
      <trkpt lat="1.3982680809132804" lon="103.88962408023467">
        <ele>0</ele>
        <time>2026-09-23T23:43:12Z</time>
      </trkpt>
      <trkpt lat="1.3982716157396597" lon="103.8896393873252">
        <ele>0</ele>
        <time>2026-09-23T23:43:13Z</time>
      </trkpt>
      <trkpt lat="1.3982752352742553" lon="103.88965490093956">
        <ele>0</ele>
        <time>2026-09-23T23:43:14Z</time>
      </trkpt>
      <trkpt lat="1.3982787923212856" lon="103.88967056495909">
        <ele>0</ele>
        <time>2026-09-23T23:43:15Z</time>
      </trkpt>
      <trkpt lat="1.3982823393183086" lon="103.88968637224227">
        <ele>0</ele>
        <time>2026-09-23T23:43:16Z</time>
      </trkpt>
      <trkpt lat="1.3982872251306506" lon="103.88970390128667">
        <ele>0</ele>
        <time>2026-09-23T23:43:17Z</time>
      </trkpt>
      <trkpt lat="1.398292745361604" lon="103.88972084250211">
        <ele>0</ele>
        <time>2026-09-23T23:43:18Z</time>
      </trkpt>
      <trkpt lat="1.3982976300175105" lon="103.88973549520534">
        <ele>0</ele>
        <time>2026-09-23T23:43:19Z</time>
      </trkpt>
      <trkpt lat="1.3983025814258354" lon="103.88975017069359">
        <ele>0</ele>
        <time>2026-09-23T23:43:20Z</time>
      </trkpt>
      <trkpt lat="1.398308139720985" lon="103.88976457194414">
        <ele>0</ele>
        <time>2026-09-23T23:43:21Z</time>
      </trkpt>
      <trkpt lat="1.3983142105102868" lon="103.88977846087329">
        <ele>0</ele>
        <time>2026-09-23T23:43:22Z</time>
      </trkpt>
      <trkpt lat="1.3983202322377752" lon="103.8897921174664">
        <ele>0</ele>
        <time>2026-09-23T23:43:23Z</time>
      </trkpt>
      <trkpt lat="1.3983261998890988" lon="103.88980563709606">
        <ele>0</ele>
        <time>2026-09-23T23:43:24Z</time>
      </trkpt>
      <trkpt lat="1.3983321346649835" lon="103.88981898757731">
        <ele>0</ele>
        <time>2026-09-23T23:43:25Z</time>
      </trkpt>
      <trkpt lat="1.398338418265231" lon="103.88983182893843">
        <ele>0</ele>
        <time>2026-09-23T23:43:26Z</time>
      </trkpt>
      <trkpt lat="1.398345136482302" lon="103.88984433845218">
        <ele>0</ele>
        <time>2026-09-23T23:43:27Z</time>
      </trkpt>
      <trkpt lat="1.3983519595265885" lon="103.88985695943758">
        <ele>0</ele>
        <time>2026-09-23T23:43:28Z</time>
      </trkpt>
      <trkpt lat="1.3983587794886956" lon="103.88986957327182">
        <ele>0</ele>
        <time>2026-09-23T23:43:29Z</time>
      </trkpt>
      <trkpt lat="1.398365375752718" lon="103.8898817606942">
        <ele>0</ele>
        <time>2026-09-23T23:43:30Z</time>
      </trkpt>
      <trkpt lat="1.3983716636917427" lon="103.88989331233672">
        <ele>0</ele>
        <time>2026-09-23T23:43:31Z</time>
      </trkpt>
      <trkpt lat="1.3983784779219641" lon="103.88990491530042">
        <ele>0</ele>
        <time>2026-09-23T23:43:32Z</time>
      </trkpt>
      <trkpt lat="1.398386262842907" lon="103.88991731286248">
        <ele>0</ele>
        <time>2026-09-23T23:43:33Z</time>
      </trkpt>
      <trkpt lat="1.3983944613576695" lon="103.88993025254456">
        <ele>0</ele>
        <time>2026-09-23T23:43:34Z</time>
      </trkpt>
      <trkpt lat="1.3984030683384783" lon="103.88994295194354">
        <ele>0</ele>
        <time>2026-09-23T23:43:35Z</time>
      </trkpt>
      <trkpt lat="1.3984119976315803" lon="103.88995531570046">
        <ele>0</ele>
        <time>2026-09-23T23:43:36Z</time>
      </trkpt>
      <trkpt lat="1.3984208553868673" lon="103.8899674756335">
        <ele>0</ele>
        <time>2026-09-23T23:43:37Z</time>
      </trkpt>
      <trkpt lat="1.398429242081495" lon="103.88997958059984">
        <ele>0</ele>
        <time>2026-09-23T23:43:38Z</time>
      </trkpt>
      <trkpt lat="1.3984371555796073" lon="103.88999176591383">
        <ele>0</ele>
        <time>2026-09-23T23:43:39Z</time>
      </trkpt>
      <trkpt lat="1.3984451327052099" lon="103.8900041125801">
        <ele>0</ele>
        <time>2026-09-23T23:43:40Z</time>
      </trkpt>
      <trkpt lat="1.3984532659757287" lon="103.89001672480838">
        <ele>0</ele>
        <time>2026-09-23T23:43:41Z</time>
      </trkpt>
      <trkpt lat="1.3984615614432114" lon="103.89002959493705">
        <ele>0</ele>
        <time>2026-09-23T23:43:42Z</time>
      </trkpt>
      <trkpt lat="1.398469866481699" lon="103.89004246090634">
        <ele>0</ele>
        <time>2026-09-23T23:43:43Z</time>
      </trkpt>
      <trkpt lat="1.3984783330969845" lon="103.89005512381722">
        <ele>0</ele>
        <time>2026-09-23T23:43:44Z</time>
      </trkpt>
      <trkpt lat="1.3984867478930636" lon="103.89006764306738">
        <ele>0</ele>
        <time>2026-09-23T23:43:45Z</time>
      </trkpt>
      <trkpt lat="1.3984947997537436" lon="103.89008002550909">
        <ele>0</ele>
        <time>2026-09-23T23:43:46Z</time>
      </trkpt>
      <trkpt lat="1.3985026522058805" lon="103.890092134048">
        <ele>0</ele>
        <time>2026-09-23T23:43:47Z</time>
      </trkpt>
      <trkpt lat="1.3985103740725813" lon="103.89010405760555">
        <ele>0</ele>
        <time>2026-09-23T23:43:48Z</time>
      </trkpt>
      <trkpt lat="1.398517963300873" lon="103.8901157778959">
        <ele>0</ele>
        <time>2026-09-23T23:43:49Z</time>
      </trkpt>
      <trkpt lat="1.3985219535536937" lon="103.89012181083216">
        <ele>0</ele>
        <time>2026-09-23T23:43:50Z</time>
      </trkpt>
      <trkpt lat="1.3985191177744232" lon="103.89011706085273">
        <ele>0</ele>
        <time>2026-09-23T23:43:51Z</time>
      </trkpt>
      <trkpt lat="1.3985195990632733" lon="103.89011756357554">
        <ele>0</ele>
        <time>2026-09-23T23:43:52Z</time>
      </trkpt>
      <trkpt lat="1.3985272525405672" lon="103.8901294268216">
        <ele>0</ele>
        <time>2026-09-23T23:43:53Z</time>
      </trkpt>
      <trkpt lat="1.3985353323999878" lon="103.89014244856324">
        <ele>0</ele>
        <time>2026-09-23T23:43:54Z</time>
      </trkpt>
      <trkpt lat="1.3985433338796955" lon="103.89015583608227">
        <ele>0</ele>
        <time>2026-09-23T23:43:55Z</time>
      </trkpt>
      <trkpt lat="1.3985513828197143" lon="103.8901693522168">
        <ele>0</ele>
        <time>2026-09-23T23:43:56Z</time>
      </trkpt>
      <trkpt lat="1.3985593637731402" lon="103.89018284915036">
        <ele>0</ele>
        <time>2026-09-23T23:43:57Z</time>
      </trkpt>
      <trkpt lat="1.3985667328246374" lon="103.89019649331448">
        <ele>0</ele>
        <time>2026-09-23T23:43:58Z</time>
      </trkpt>
      <trkpt lat="1.3985734453469665" lon="103.89021014898539">
        <ele>0</ele>
        <time>2026-09-23T23:43:59Z</time>
      </trkpt>
      <trkpt lat="1.3985799476141296" lon="103.89022347740769">
        <ele>0</ele>
        <time>2026-09-23T23:44:00Z</time>
      </trkpt>
      <trkpt lat="1.3985863335000805" lon="103.8902365816546">
        <ele>0</ele>
        <time>2026-09-23T23:44:01Z</time>
      </trkpt>
      <trkpt lat="1.3985926590963806" lon="103.89024965563199">
        <ele>0</ele>
        <time>2026-09-23T23:44:02Z</time>
      </trkpt>
      <trkpt lat="1.3985984723346558" lon="103.89026298433504">
        <ele>0</ele>
        <time>2026-09-23T23:44:03Z</time>
      </trkpt>
      <trkpt lat="1.3986037455531506" lon="103.89027649324169">
        <ele>0</ele>
        <time>2026-09-23T23:44:04Z</time>
      </trkpt>
      <trkpt lat="1.3986089848275827" lon="103.8902900240755">
        <ele>0</ele>
        <time>2026-09-23T23:44:05Z</time>
      </trkpt>
      <trkpt lat="1.3986143208302828" lon="103.89030382729679">
        <ele>0</ele>
        <time>2026-09-23T23:44:06Z</time>
      </trkpt>
      <trkpt lat="1.3986197369059685" lon="103.8903178577283">
        <ele>0</ele>
        <time>2026-09-23T23:44:07Z</time>
      </trkpt>
      <trkpt lat="1.398625125367542" lon="103.89033194883794">
        <ele>0</ele>
        <time>2026-09-23T23:44:08Z</time>
      </trkpt>
      <trkpt lat="1.3986299143691652" lon="103.8903462528457">
        <ele>0</ele>
        <time>2026-09-23T23:44:09Z</time>
      </trkpt>
      <trkpt lat="1.3986341480209177" lon="103.89036092097827">
        <ele>0</ele>
        <time>2026-09-23T23:44:10Z</time>
      </trkpt>
      <trkpt lat="1.398638357201828" lon="103.89037568254913">
        <ele>0</ele>
        <time>2026-09-23T23:44:11Z</time>
      </trkpt>
      <trkpt lat="1.3986425023275002" lon="103.89039019314043">
        <ele>0</ele>
        <time>2026-09-23T23:44:12Z</time>
      </trkpt>
      <trkpt lat="1.3986465643962467" lon="103.89040443226992">
        <ele>0</ele>
        <time>2026-09-23T23:44:13Z</time>
      </trkpt>
      <trkpt lat="1.3986505516896721" lon="103.8904185660014">
        <ele>0</ele>
        <time>2026-09-23T23:44:14Z</time>
      </trkpt>
      <trkpt lat="1.3986539821717425" lon="103.89043282904827">
        <ele>0</ele>
        <time>2026-09-23T23:44:15Z</time>
      </trkpt>
      <trkpt lat="1.398656839644897" lon="103.89044713772708">
        <ele>0</ele>
        <time>2026-09-23T23:44:16Z</time>
      </trkpt>
      <trkpt lat="1.398659626282521" lon="103.89046129427989">
        <ele>0</ele>
        <time>2026-09-23T23:44:17Z</time>
      </trkpt>
      <trkpt lat="1.3986624454062397" lon="103.89047554516155">
        <ele>0</ele>
        <time>2026-09-23T23:44:18Z</time>
      </trkpt>
      <trkpt lat="1.3986653281477008" lon="103.89049037607344">
        <ele>0</ele>
        <time>2026-09-23T23:44:19Z</time>
      </trkpt>
      <trkpt lat="1.398668271856168" lon="103.89050579731519">
        <ele>0</ele>
        <time>2026-09-23T23:44:20Z</time>
      </trkpt>
      <trkpt lat="1.398671203013764" lon="103.89052152401062">
        <ele>0</ele>
        <time>2026-09-23T23:44:21Z</time>
      </trkpt>
      <trkpt lat="1.3986733901898025" lon="103.89053739185235">
        <ele>0</ele>
        <time>2026-09-23T23:44:22Z</time>
      </trkpt>
      <trkpt lat="1.3986748070519293" lon="103.89055313155761">
        <ele>0</ele>
        <time>2026-09-23T23:44:23Z</time>
      </trkpt>
      <trkpt lat="1.3986771869553831" lon="103.890568260865">
        <ele>0</ele>
        <time>2026-09-23T23:44:24Z</time>
      </trkpt>
      <trkpt lat="1.3986794873619632" lon="103.890582992857">
        <ele>0</ele>
        <time>2026-09-23T23:44:25Z</time>
      </trkpt>
      <trkpt lat="1.398681805178383" lon="103.89059779941674">
        <ele>0</ele>
        <time>2026-09-23T23:44:26Z</time>
      </trkpt>
      <trkpt lat="1.3986841413189735" lon="103.89061294560118">
        <ele>0</ele>
        <time>2026-09-23T23:44:27Z</time>
      </trkpt>
      <trkpt lat="1.3986858601807919" lon="103.89062798675768">
        <ele>0</ele>
        <time>2026-09-23T23:44:28Z</time>
      </trkpt>
      <trkpt lat="1.39868693295648" lon="103.89064250174225">
        <ele>0</ele>
        <time>2026-09-23T23:44:29Z</time>
      </trkpt>
      <trkpt lat="1.3986879709564384" lon="103.89065666543391">
        <ele>0</ele>
        <time>2026-09-23T23:44:30Z</time>
      </trkpt>
      <trkpt lat="1.3986890174373747" lon="103.89067057452186">
        <ele>0</ele>
        <time>2026-09-23T23:44:31Z</time>
      </trkpt>
      <trkpt lat="1.3986900694338513" lon="103.8906842711108">
        <ele>0</ele>
        <time>2026-09-23T23:44:32Z</time>
      </trkpt>
      <trkpt lat="1.3986909119087854" lon="103.8906976931391">
        <ele>0</ele>
        <time>2026-09-23T23:44:33Z</time>
      </trkpt>
      <trkpt lat="1.3986899450411703" lon="103.89071013379284">
        <ele>0</ele>
        <time>2026-09-23T23:44:34Z</time>
      </trkpt>
      <trkpt lat="1.398684787126554" lon="103.89071923078637">
        <ele>0</ele>
        <time>2026-09-23T23:44:35Z</time>
      </trkpt>
      <trkpt lat="1.3986776048085794" lon="103.89072612296829">
        <ele>0</ele>
        <time>2026-09-23T23:44:36Z</time>
      </trkpt>
      <trkpt lat="1.398674581109834" lon="103.89073018626347">
        <ele>0</ele>
        <time>2026-09-23T23:44:37Z</time>
      </trkpt>
      <trkpt lat="1.3986756412839092" lon="103.8907307090256">
        <ele>0</ele>
        <time>2026-09-23T23:44:38Z</time>
      </trkpt>
      <trkpt lat="1.3986772416097568" lon="103.8907307776994">
        <ele>0</ele>
        <time>2026-09-23T23:44:39Z</time>
      </trkpt>
      <trkpt lat="1.3986788528526424" lon="103.8907308197164">
        <ele>0</ele>
        <time>2026-09-23T23:44:40Z</time>
      </trkpt>
      <trkpt lat="1.3986804702585436" lon="103.89073086726123">
        <ele>0</ele>
        <time>2026-09-23T23:44:41Z</time>
      </trkpt>
      <trkpt lat="1.3986824591628568" lon="103.89073095762801">
        <ele>0</ele>
        <time>2026-09-23T23:44:42Z</time>
      </trkpt>
      <trkpt lat="1.398689378956239" lon="103.89073166387497">
        <ele>0</ele>
        <time>2026-09-23T23:44:43Z</time>
      </trkpt>
      <trkpt lat="1.3986942203991124" lon="103.89073884475677">
        <ele>0</ele>
        <time>2026-09-23T23:44:44Z</time>
      </trkpt>
      <trkpt lat="1.398695610656958" lon="103.89075297124059">
        <ele>0</ele>
        <time>2026-09-23T23:44:45Z</time>
      </trkpt>
      <trkpt lat="1.3986988294882507" lon="103.89076885706183">
        <ele>0</ele>
        <time>2026-09-23T23:44:46Z</time>
      </trkpt>
      <trkpt lat="1.3987007000904785" lon="103.89078517504079">
        <ele>0</ele>
        <time>2026-09-23T23:44:47Z</time>
      </trkpt>
      <trkpt lat="1.3987039204126872" lon="103.89080053179296">
        <ele>0</ele>
        <time>2026-09-23T23:44:48Z</time>
      </trkpt>
      <trkpt lat="1.3987085008848315" lon="103.89081490622996">
        <ele>0</ele>
        <time>2026-09-23T23:44:49Z</time>
      </trkpt>
      <trkpt lat="1.3987116750846207" lon="103.89082911458307">
        <ele>0</ele>
        <time>2026-09-23T23:44:50Z</time>
      </trkpt>
      <trkpt lat="1.398712517968239" lon="103.89084337886476">
        <ele>0</ele>
        <time>2026-09-23T23:44:51Z</time>
      </trkpt>
      <trkpt lat="1.3987123516162951" lon="103.89085781772644">
        <ele>0</ele>
        <time>2026-09-23T23:44:52Z</time>
      </trkpt>
      <trkpt lat="1.398711352853436" lon="103.89087274372385">
        <ele>0</ele>
        <time>2026-09-23T23:44:53Z</time>
      </trkpt>
      <trkpt lat="1.398710146631929" lon="103.89088814407619">
        <ele>0</ele>
        <time>2026-09-23T23:44:54Z</time>
      </trkpt>
      <trkpt lat="1.3987096515668724" lon="103.89090380930392">
        <ele>0</ele>
        <time>2026-09-23T23:44:55Z</time>
      </trkpt>
      <trkpt lat="1.3987086147979984" lon="103.89091930674861">
        <ele>0</ele>
        <time>2026-09-23T23:44:56Z</time>
      </trkpt>
      <trkpt lat="1.3987067830668434" lon="103.89093446479383">
        <ele>0</ele>
        <time>2026-09-23T23:44:57Z</time>
      </trkpt>
      <trkpt lat="1.3987050760695323" lon="103.89094923867647">
        <ele>0</ele>
        <time>2026-09-23T23:44:58Z</time>
      </trkpt>
      <trkpt lat="1.3987039697645167" lon="103.89096377354151">
        <ele>0</ele>
        <time>2026-09-23T23:44:59Z</time>
      </trkpt>
      <trkpt lat="1.3987031121691196" lon="103.89097847489677">
        <ele>0</ele>
        <time>2026-09-23T23:45:00Z</time>
      </trkpt>
      <trkpt lat="1.398701389667833" lon="103.8909933966877">
        <ele>0</ele>
        <time>2026-09-23T23:45:01Z</time>
      </trkpt>
      <trkpt lat="1.39869866660749" lon="103.89100838417718">
        <ele>0</ele>
        <time>2026-09-23T23:45:02Z</time>
      </trkpt>
      <trkpt lat="1.3986952593341426" lon="103.89102334960535">
        <ele>0</ele>
        <time>2026-09-23T23:45:03Z</time>
      </trkpt>
      <trkpt lat="1.398691751685086" lon="103.89103838407722">
        <ele>0</ele>
        <time>2026-09-23T23:45:04Z</time>
      </trkpt>
      <trkpt lat="1.3986892237216266" lon="103.89105369564541">
        <ele>0</ele>
        <time>2026-09-23T23:45:05Z</time>
      </trkpt>
      <trkpt lat="1.3986874230454718" lon="103.89106866451652">
        <ele>0</ele>
        <time>2026-09-23T23:45:06Z</time>
      </trkpt>
      <trkpt lat="1.3986860987343432" lon="103.89108320999104">
        <ele>0</ele>
        <time>2026-09-23T23:45:07Z</time>
      </trkpt>
      <trkpt lat="1.398684616248283" lon="103.89109748607723">
        <ele>0</ele>
        <time>2026-09-23T23:45:08Z</time>
      </trkpt>
      <trkpt lat="1.398682122887464" lon="103.89111172623328">
        <ele>0</ele>
        <time>2026-09-23T23:45:09Z</time>
      </trkpt>
      <trkpt lat="1.3986792807301685" lon="103.89112627801498">
        <ele>0</ele>
        <time>2026-09-23T23:45:10Z</time>
      </trkpt>
      <trkpt lat="1.3986768115092147" lon="103.89114122662563">
        <ele>0</ele>
        <time>2026-09-23T23:45:11Z</time>
      </trkpt>
      <trkpt lat="1.3986742564794572" lon="103.89115603832136">
        <ele>0</ele>
        <time>2026-09-23T23:45:12Z</time>
      </trkpt>
      <trkpt lat="1.3986707173938933" lon="103.89117055143436">
        <ele>0</ele>
        <time>2026-09-23T23:45:13Z</time>
      </trkpt>
      <trkpt lat="1.3986667285694525" lon="103.89118469074289">
        <ele>0</ele>
        <time>2026-09-23T23:45:14Z</time>
      </trkpt>
      <trkpt lat="1.398664362864796" lon="103.8911956210542">
        <ele>0</ele>
        <time>2026-09-23T23:45:15Z</time>
      </trkpt>
      <trkpt lat="1.3986617303543047" lon="103.8912079633758">
        <ele>0</ele>
        <time>2026-09-23T23:45:16Z</time>
      </trkpt>
      <trkpt lat="1.3986590987678762" lon="103.89121825808569">
        <ele>0</ele>
        <time>2026-09-23T23:45:17Z</time>
      </trkpt>
      <trkpt lat="1.3986562360916341" lon="103.89122838574917">
        <ele>0</ele>
        <time>2026-09-23T23:45:18Z</time>
      </trkpt>
      <trkpt lat="1.3986541539628006" lon="103.8912394169524">
        <ele>0</ele>
        <time>2026-09-23T23:45:19Z</time>
      </trkpt>
      <trkpt lat="1.3986533186843755" lon="103.89125150500084">
        <ele>0</ele>
        <time>2026-09-23T23:45:20Z</time>
      </trkpt>
      <trkpt lat="1.3986519915126647" lon="103.89126359285714">
        <ele>0</ele>
        <time>2026-09-23T23:45:21Z</time>
      </trkpt>
      <trkpt lat="1.3986495109446468" lon="103.89127530437514">
        <ele>0</ele>
        <time>2026-09-23T23:45:22Z</time>
      </trkpt>
      <trkpt lat="1.3986480693861052" lon="103.89128173874623">
        <ele>0</ele>
        <time>2026-09-23T23:45:23Z</time>
      </trkpt>
      <trkpt lat="1.3986474482006679" lon="103.89128258613205">
        <ele>0</ele>
        <time>2026-09-23T23:45:24Z</time>
      </trkpt>
      <trkpt lat="1.398640646767557" lon="103.89128327415374">
        <ele>0</ele>
        <time>2026-09-23T23:45:25Z</time>
      </trkpt>
      <trkpt lat="1.398632553209899" lon="103.89129021804537">
        <ele>0</ele>
        <time>2026-09-23T23:45:26Z</time>
      </trkpt>
      <trkpt lat="1.3986290383258135" lon="103.89130342404277">
        <ele>0</ele>
        <time>2026-09-23T23:45:27Z</time>
      </trkpt>
      <trkpt lat="1.3986252849726668" lon="103.89131692720915">
        <ele>0</ele>
        <time>2026-09-23T23:45:28Z</time>
      </trkpt>
      <trkpt lat="1.3986208845335828" lon="103.89133040459863">
        <ele>0</ele>
        <time>2026-09-23T23:45:29Z</time>
      </trkpt>
      <trkpt lat="1.3986157772215848" lon="103.8913438566302">
        <ele>0</ele>
        <time>2026-09-23T23:45:30Z</time>
      </trkpt>
      <trkpt lat="1.3986102114269083" lon="103.89135722052843">
        <ele>0</ele>
        <time>2026-09-23T23:45:31Z</time>
      </trkpt>
      <trkpt lat="1.3986050182486054" lon="103.89137083454906">
        <ele>0</ele>
        <time>2026-09-23T23:45:32Z</time>
      </trkpt>
      <trkpt lat="1.3986006350431983" lon="103.89138471498208">
        <ele>0</ele>
        <time>2026-09-23T23:45:33Z</time>
      </trkpt>
      <trkpt lat="1.3985960351483735" lon="103.89139797007647">
        <ele>0</ele>
        <time>2026-09-23T23:45:34Z</time>
      </trkpt>
      <trkpt lat="1.39859085222107" lon="103.89141060934114">
        <ele>0</ele>
        <time>2026-09-23T23:45:35Z</time>
      </trkpt>
      <trkpt lat="1.3985828369087376" lon="103.89141981883755">
        <ele>0</ele>
        <time>2026-09-23T23:45:36Z</time>
      </trkpt>
      <trkpt lat="1.398575347851103" lon="103.89142829342708">
        <ele>0</ele>
        <time>2026-09-23T23:45:37Z</time>
      </trkpt>
      <trkpt lat="1.3985681366022769" lon="103.89143543209126">
        <ele>0</ele>
        <time>2026-09-23T23:45:38Z</time>
      </trkpt>
      <trkpt lat="1.398558522761894" lon="103.8914421059547">
        <ele>0</ele>
        <time>2026-09-23T23:45:39Z</time>
      </trkpt>
      <trkpt lat="1.3985518256737097" lon="103.89145409528555">
        <ele>0</ele>
        <time>2026-09-23T23:45:40Z</time>
      </trkpt>
      <trkpt lat="1.398546970679055" lon="103.89146760745234">
        <ele>0</ele>
        <time>2026-09-23T23:45:41Z</time>
      </trkpt>
      <trkpt lat="1.3985425557608653" lon="103.89148105462978">
        <ele>0</ele>
        <time>2026-09-23T23:45:42Z</time>
      </trkpt>
      <trkpt lat="1.3985391211731801" lon="103.89149471196652">
        <ele>0</ele>
        <time>2026-09-23T23:45:43Z</time>
      </trkpt>
      <trkpt lat="1.3985357829883267" lon="103.89150823724589">
        <ele>0</ele>
        <time>2026-09-23T23:45:44Z</time>
      </trkpt>
      <trkpt lat="1.398532528635907" lon="103.89152142999816">
        <ele>0</ele>
        <time>2026-09-23T23:45:45Z</time>
        <extensions>
          <gpxtpx:TrackPointExtension>
            <gpxtpx:hr>103</gpxtpx:hr>
          </gpxtpx:TrackPointExtension>
        </extensions>
      </trkpt>
      <trkpt lat="1.3985292957576285" lon="103.89153446714548">
        <ele>0</ele>
        <time>2026-09-23T23:45:46Z</time>
        <extensions>
          <gpxtpx:TrackPointExtension>
            <gpxtpx:hr>103</gpxtpx:hr>
          </gpxtpx:TrackPointExtension>
        </extensions>
      </trkpt>
      <trkpt lat="1.3985259739660265" lon="103.89154769164983">
        <ele>0</ele>
        <time>2026-09-23T23:45:47Z</time>
        <extensions>
          <gpxtpx:TrackPointExtension>
            <gpxtpx:hr>103</gpxtpx:hr>
          </gpxtpx:TrackPointExtension>
        </extensions>
      </trkpt>
      <trkpt lat="1.3985225110790869" lon="103.89156131506358">
        <ele>0</ele>
        <time>2026-09-23T23:45:48Z</time>
        <extensions>
          <gpxtpx:TrackPointExtension>
            <gpxtpx:hr>103</gpxtpx:hr>
          </gpxtpx:TrackPointExtension>
        </extensions>
      </trkpt>
      <trkpt lat="1.3985189143103844" lon="103.89157547432731">
        <ele>0</ele>
        <time>2026-09-23T23:45:49Z</time>
        <extensions>
          <gpxtpx:TrackPointExtension>
            <gpxtpx:hr>103</gpxtpx:hr>
          </gpxtpx:TrackPointExtension>
        </extensions>
      </trkpt>
      <trkpt lat="1.3985151751151306" lon="103.89159019261533">
        <ele>0</ele>
        <time>2026-09-23T23:45:50Z</time>
        <extensions>
          <gpxtpx:TrackPointExtension>
            <gpxtpx:hr>103</gpxtpx:hr>
          </gpxtpx:TrackPointExtension>
        </extensions>
      </trkpt>
      <trkpt lat="1.3985112634865071" lon="103.89160554560002">
        <ele>0</ele>
        <time>2026-09-23T23:45:51Z</time>
        <extensions>
          <gpxtpx:TrackPointExtension>
            <gpxtpx:hr>103</gpxtpx:hr>
          </gpxtpx:TrackPointExtension>
        </extensions>
      </trkpt>
      <trkpt lat="1.39850718349816" lon="103.89162103121708">
        <ele>0</ele>
        <time>2026-09-23T23:45:52Z</time>
        <extensions>
          <gpxtpx:TrackPointExtension>
            <gpxtpx:hr>103</gpxtpx:hr>
          </gpxtpx:TrackPointExtension>
        </extensions>
      </trkpt>
      <trkpt lat="1.3985031496569844" lon="103.89163583818906">
        <ele>0</ele>
        <time>2026-09-23T23:45:53Z</time>
        <extensions>
          <gpxtpx:TrackPointExtension>
            <gpxtpx:hr>103</gpxtpx:hr>
          </gpxtpx:TrackPointExtension>
        </extensions>
      </trkpt>
      <trkpt lat="1.398499304327249" lon="103.89164989778362">
        <ele>0</ele>
        <time>2026-09-23T23:45:54Z</time>
        <extensions>
          <gpxtpx:TrackPointExtension>
            <gpxtpx:hr>103</gpxtpx:hr>
          </gpxtpx:TrackPointExtension>
        </extensions>
      </trkpt>
      <trkpt lat="1.398495579841247" lon="103.89166349593647">
        <ele>0</ele>
        <time>2026-09-23T23:45:55Z</time>
        <extensions>
          <gpxtpx:TrackPointExtension>
            <gpxtpx:hr>103</gpxtpx:hr>
          </gpxtpx:TrackPointExtension>
        </extensions>
      </trkpt>
      <trkpt lat="1.398491928754645" lon="103.8916768116294">
        <ele>0</ele>
        <time>2026-09-23T23:45:56Z</time>
        <extensions>
          <gpxtpx:TrackPointExtension>
            <gpxtpx:hr>103</gpxtpx:hr>
          </gpxtpx:TrackPointExtension>
        </extensions>
      </trkpt>
      <trkpt lat="1.3984883076161843" lon="103.89169002417695">
        <ele>0</ele>
        <time>2026-09-23T23:45:57Z</time>
        <extensions>
          <gpxtpx:TrackPointExtension>
            <gpxtpx:hr>103</gpxtpx:hr>
          </gpxtpx:TrackPointExtension>
        </extensions>
      </trkpt>
      <trkpt lat="1.3984846660511645" lon="103.89170330232638">
        <ele>0</ele>
        <time>2026-09-23T23:45:58Z</time>
        <extensions>
          <gpxtpx:TrackPointExtension>
            <gpxtpx:hr>103</gpxtpx:hr>
          </gpxtpx:TrackPointExtension>
        </extensions>
      </trkpt>
      <trkpt lat="1.3984809196517982" lon="103.89171679169324">
        <ele>0</ele>
        <time>2026-09-23T23:45:59Z</time>
        <extensions>
          <gpxtpx:TrackPointExtension>
            <gpxtpx:hr>103</gpxtpx:hr>
          </gpxtpx:TrackPointExtension>
        </extensions>
      </trkpt>
      <trkpt lat="1.3984767595105614" lon="103.89173024066906">
        <ele>0</ele>
        <time>2026-09-23T23:46:00Z</time>
        <extensions>
          <gpxtpx:TrackPointExtension>
            <gpxtpx:hr>103</gpxtpx:hr>
          </gpxtpx:TrackPointExtension>
        </extensions>
      </trkpt>
      <trkpt lat="1.3984723736261353" lon="103.89174314460351">
        <ele>0</ele>
        <time>2026-09-23T23:46:01Z</time>
        <extensions>
          <gpxtpx:TrackPointExtension>
            <gpxtpx:hr>103</gpxtpx:hr>
          </gpxtpx:TrackPointExtension>
        </extensions>
      </trkpt>
      <trkpt lat="1.398468330692307" lon="103.89175491337626">
        <ele>0</ele>
        <time>2026-09-23T23:46:02Z</time>
        <extensions>
          <gpxtpx:TrackPointExtension>
            <gpxtpx:hr>103</gpxtpx:hr>
          </gpxtpx:TrackPointExtension>
        </extensions>
      </trkpt>
      <trkpt lat="1.398463779235643" lon="103.89176584795659">
        <ele>0</ele>
        <time>2026-09-23T23:46:03Z</time>
        <extensions>
          <gpxtpx:TrackPointExtension>
            <gpxtpx:hr>103</gpxtpx:hr>
          </gpxtpx:TrackPointExtension>
        </extensions>
      </trkpt>
      <trkpt lat="1.398458065812157" lon="103.8917774944813">
        <ele>0</ele>
        <time>2026-09-23T23:46:04Z</time>
        <extensions>
          <gpxtpx:TrackPointExtension>
            <gpxtpx:hr>103</gpxtpx:hr>
          </gpxtpx:TrackPointExtension>
        </extensions>
      </trkpt>
      <trkpt lat="1.3984518407735727" lon="103.89179025210201">
        <ele>0</ele>
        <time>2026-09-23T23:46:05Z</time>
        <extensions>
          <gpxtpx:TrackPointExtension>
            <gpxtpx:hr>103</gpxtpx:hr>
          </gpxtpx:TrackPointExtension>
        </extensions>
      </trkpt>
      <trkpt lat="1.3984454643931719" lon="103.89180323490274">
        <ele>0</ele>
        <time>2026-09-23T23:46:06Z</time>
      </trkpt>
      <trkpt lat="1.3984387600431154" lon="103.89181557990347">
        <ele>0</ele>
        <time>2026-09-23T23:46:07Z</time>
      </trkpt>
      <trkpt lat="1.3984319862406833" lon="103.8918268695749">
        <ele>0</ele>
        <time>2026-09-23T23:46:08Z</time>
      </trkpt>
      <trkpt lat="1.398428406042233" lon="103.89183282436655">
        <ele>0</ele>
        <time>2026-09-23T23:46:09Z</time>
      </trkpt>
      <trkpt lat="1.3984277168317418" lon="103.89183401041961">
        <ele>0</ele>
        <time>2026-09-23T23:46:10Z</time>
      </trkpt>
      <trkpt lat="1.3984238541290723" lon="103.89184038974041">
        <ele>0</ele>
        <time>2026-09-23T23:46:11Z</time>
      </trkpt>
      <trkpt lat="1.3984163504607894" lon="103.89185208997823">
        <ele>0</ele>
        <time>2026-09-23T23:46:12Z</time>
      </trkpt>
      <trkpt lat="1.3984083147564175" lon="103.89186398093314">
        <ele>0</ele>
        <time>2026-09-23T23:46:13Z</time>
      </trkpt>
      <trkpt lat="1.3984003123153206" lon="103.89187575868448">
        <ele>0</ele>
        <time>2026-09-23T23:46:14Z</time>
      </trkpt>
      <trkpt lat="1.398392427035055" lon="103.891886948609">
        <ele>0</ele>
        <time>2026-09-23T23:46:15Z</time>
      </trkpt>
      <trkpt lat="1.3983846543260503" lon="103.89189758148015">
        <ele>0</ele>
        <time>2026-09-23T23:46:16Z</time>
      </trkpt>
      <trkpt lat="1.3983767059185503" lon="103.89190842589399">
        <ele>0</ele>
        <time>2026-09-23T23:46:17Z</time>
      </trkpt>
      <trkpt lat="1.3983684136684154" lon="103.89191973690343">
        <ele>0</ele>
        <time>2026-09-23T23:46:18Z</time>
      </trkpt>
      <trkpt lat="1.3983600378685657" lon="103.89193115944128">
        <ele>0</ele>
        <time>2026-09-23T23:46:19Z</time>
      </trkpt>
      <trkpt lat="1.3983516836519245" lon="103.8919425048938">
        <ele>0</ele>
        <time>2026-09-23T23:46:20Z</time>
      </trkpt>
      <trkpt lat="1.3983430379859196" lon="103.89195354390135">
        <ele>0</ele>
        <time>2026-09-23T23:46:21Z</time>
      </trkpt>
      <trkpt lat="1.3983340789208887" lon="103.8919642716882">
        <ele>0</ele>
        <time>2026-09-23T23:46:22Z</time>
      </trkpt>
      <trkpt lat="1.3983250366037034" lon="103.89197505304854">
        <ele>0</ele>
        <time>2026-09-23T23:46:23Z</time>
      </trkpt>
      <trkpt lat="1.398315915459604" lon="103.89198592367735">
        <ele>0</ele>
        <time>2026-09-23T23:46:24Z</time>
      </trkpt>
      <trkpt lat="1.3983068073214604" lon="103.89199675399354">
        <ele>0</ele>
        <time>2026-09-23T23:46:25Z</time>
      </trkpt>
      <trkpt lat="1.39829752364031" lon="103.89200696705568">
        <ele>0</ele>
        <time>2026-09-23T23:46:26Z</time>
      </trkpt>
      <trkpt lat="1.3982880934860946" lon="103.89201651434149">
        <ele>0</ele>
        <time>2026-09-23T23:46:27Z</time>
      </trkpt>
      <trkpt lat="1.3982786931110835" lon="103.89202598048058">
        <ele>0</ele>
        <time>2026-09-23T23:46:28Z</time>
      </trkpt>
      <trkpt lat="1.3982691237868892" lon="103.89203558762388">
        <ele>0</ele>
        <time>2026-09-23T23:46:29Z</time>
      </trkpt>
      <trkpt lat="1.3982592675177365" lon="103.89204535370544">
        <ele>0</ele>
        <time>2026-09-23T23:46:30Z</time>
      </trkpt>
      <trkpt lat="1.3982485162328657" lon="103.89205442159374">
        <ele>0</ele>
        <time>2026-09-23T23:46:31Z</time>
      </trkpt>
      <trkpt lat="1.3982369282346028" lon="103.8920627225064">
        <ele>0</ele>
        <time>2026-09-23T23:46:32Z</time>
      </trkpt>
      <trkpt lat="1.3982253012826062" lon="103.89207095783563">
        <ele>0</ele>
        <time>2026-09-23T23:46:33Z</time>
      </trkpt>
      <trkpt lat="1.3982137739226979" lon="103.8920790755147">
        <ele>0</ele>
        <time>2026-09-23T23:46:34Z</time>
      </trkpt>
      <trkpt lat="1.3982022713739526" lon="103.8920870184604">
        <ele>0</ele>
        <time>2026-09-23T23:46:35Z</time>
      </trkpt>
      <trkpt lat="1.3981903496790002" lon="103.89209444476755">
        <ele>0</ele>
        <time>2026-09-23T23:46:36Z</time>
      </trkpt>
      <trkpt lat="1.3981779793318896" lon="103.892101476037">
        <ele>0</ele>
        <time>2026-09-23T23:46:37Z</time>
      </trkpt>
      <trkpt lat="1.398165547944059" lon="103.892108483466">
        <ele>0</ele>
        <time>2026-09-23T23:46:38Z</time>
      </trkpt>
      <trkpt lat="1.3981531556425846" lon="103.89211544790564">
        <ele>0</ele>
        <time>2026-09-23T23:46:39Z</time>
      </trkpt>
      <trkpt lat="1.3981405912749212" lon="103.8921220509972">
        <ele>0</ele>
        <time>2026-09-23T23:46:40Z</time>
      </trkpt>
      <trkpt lat="1.3981276391785873" lon="103.89212837428337">
        <ele>0</ele>
        <time>2026-09-23T23:46:41Z</time>
      </trkpt>
      <trkpt lat="1.3981148455555719" lon="103.89213457826206">
        <ele>0</ele>
        <time>2026-09-23T23:46:42Z</time>
      </trkpt>
      <trkpt lat="1.3981024400525839" lon="103.89214061890237">
        <ele>0</ele>
        <time>2026-09-23T23:46:43Z</time>
      </trkpt>
      <trkpt lat="1.3980898923040186" lon="103.89214668063086">
        <ele>0</ele>
        <time>2026-09-23T23:46:44Z</time>
      </trkpt>
      <trkpt lat="1.3980774381516397" lon="103.8921526571469">
        <ele>0</ele>
        <time>2026-09-23T23:46:45Z</time>
      </trkpt>
      <trkpt lat="1.3980650790161717" lon="103.89215847278946">
        <ele>0</ele>
        <time>2026-09-23T23:46:46Z</time>
      </trkpt>
      <trkpt lat="1.3980523561848803" lon="103.89216376578278">
        <ele>0</ele>
        <time>2026-09-23T23:46:47Z</time>
      </trkpt>
      <trkpt lat="1.3980390076834384" lon="103.89216889921687">
        <ele>0</ele>
        <time>2026-09-23T23:46:48Z</time>
      </trkpt>
      <trkpt lat="1.3980255080575401" lon="103.89217326192322">
        <ele>0</ele>
        <time>2026-09-23T23:46:49Z</time>
      </trkpt>
      <trkpt lat="1.398013475773017" lon="103.89217643631432">
        <ele>0</ele>
        <time>2026-09-23T23:46:50Z</time>
      </trkpt>
      <trkpt lat="1.3980076138973982" lon="103.89217777958154">
        <ele>0</ele>
        <time>2026-09-23T23:46:51Z</time>
      </trkpt>
      <trkpt lat="1.3980064504155183" lon="103.89217775676826">
        <ele>0</ele>
        <time>2026-09-23T23:46:52Z</time>
      </trkpt>
      <trkpt lat="1.3980000077197645" lon="103.89217944563374">
        <ele>0</ele>
        <time>2026-09-23T23:46:53Z</time>
      </trkpt>
      <trkpt lat="1.3979875934185464" lon="103.89218299836342">
        <ele>0</ele>
        <time>2026-09-23T23:46:54Z</time>
      </trkpt>
      <trkpt lat="1.3979743745219415" lon="103.89218689781735">
        <ele>0</ele>
        <time>2026-09-23T23:46:55Z</time>
      </trkpt>
      <trkpt lat="1.3979607806671555" lon="103.89219072324181">
        <ele>0</ele>
        <time>2026-09-23T23:46:56Z</time>
      </trkpt>
      <trkpt lat="1.39794966008623" lon="103.89219355265908">
        <ele>0</ele>
        <time>2026-09-23T23:46:57Z</time>
      </trkpt>
      <trkpt lat="1.397934477369756" lon="103.8921972445353">
        <ele>0</ele>
        <time>2026-09-23T23:46:58Z</time>
      </trkpt>
      <trkpt lat="1.3979214095554937" lon="103.89219977842838">
        <ele>0</ele>
        <time>2026-09-23T23:46:59Z</time>
      </trkpt>
      <trkpt lat="1.3979087122686038" lon="103.89220162705772">
        <ele>0</ele>
        <time>2026-09-23T23:47:00Z</time>
      </trkpt>
      <trkpt lat="1.3978971821394546" lon="103.89220332727764">
        <ele>0</ele>
        <time>2026-09-23T23:47:01Z</time>
      </trkpt>
      <trkpt lat="1.3978858159440941" lon="103.89220488263673">
        <ele>0</ele>
        <time>2026-09-23T23:47:02Z</time>
      </trkpt>
      <trkpt lat="1.3978734293729436" lon="103.892206433648">
        <ele>0</ele>
        <time>2026-09-23T23:47:03Z</time>
      </trkpt>
      <trkpt lat="1.3978601483748934" lon="103.89220811137405">
        <ele>0</ele>
        <time>2026-09-23T23:47:04Z</time>
      </trkpt>
      <trkpt lat="1.3978464917534656" lon="103.89220983968612">
        <ele>0</ele>
        <time>2026-09-23T23:47:05Z</time>
      </trkpt>
      <trkpt lat="1.3978323368747911" lon="103.89221163575078">
        <ele>0</ele>
        <time>2026-09-23T23:47:06Z</time>
      </trkpt>
      <trkpt lat="1.3978182471792404" lon="103.89221338981822">
        <ele>0</ele>
        <time>2026-09-23T23:47:07Z</time>
      </trkpt>
      <trkpt lat="1.397804266113407" lon="103.89221460109438">
        <ele>0</ele>
        <time>2026-09-23T23:47:08Z</time>
      </trkpt>
      <trkpt lat="1.3977913488656397" lon="103.8922152270007">
        <ele>0</ele>
        <time>2026-09-23T23:47:09Z</time>
      </trkpt>
      <trkpt lat="1.3977796641586204" lon="103.89221574983044">
        <ele>0</ele>
        <time>2026-09-23T23:47:10Z</time>
      </trkpt>
      <trkpt lat="1.3977679848264892" lon="103.89221568182447">
        <ele>0</ele>
        <time>2026-09-23T23:47:11Z</time>
      </trkpt>
      <trkpt lat="1.3977559912847668" lon="103.89221500404666">
        <ele>0</ele>
        <time>2026-09-23T23:47:12Z</time>
      </trkpt>
      <trkpt lat="1.3977438235086788" lon="103.89221428823993">
        <ele>0</ele>
        <time>2026-09-23T23:47:13Z</time>
      </trkpt>
      <trkpt lat="1.3977318337750357" lon="103.89221358797103">
        <ele>0</ele>
        <time>2026-09-23T23:47:14Z</time>
      </trkpt>
      <trkpt lat="1.397719637755298" lon="103.89221284481741">
        <ele>0</ele>
        <time>2026-09-23T23:47:15Z</time>
      </trkpt>
      <trkpt lat="1.397707361379393" lon="103.89221177959976">
        <ele>0</ele>
        <time>2026-09-23T23:47:16Z</time>
      </trkpt>
      <trkpt lat="1.3976951883633568" lon="103.89221040126687">
        <ele>0</ele>
        <time>2026-09-23T23:47:17Z</time>
      </trkpt>
      <trkpt lat="1.3976841368437087" lon="103.89220912539994">
        <ele>0</ele>
        <time>2026-09-23T23:47:18Z</time>
      </trkpt>
      <trkpt lat="1.3976744496592612" lon="103.89220801250075">
        <ele>0</ele>
        <time>2026-09-23T23:47:19Z</time>
      </trkpt>
      <trkpt lat="1.3976649054396144" lon="103.89220660741924">
        <ele>0</ele>
        <time>2026-09-23T23:47:20Z</time>
      </trkpt>
      <trkpt lat="1.3976545181092275" lon="103.89220474001289">
        <ele>0</ele>
        <time>2026-09-23T23:47:21Z</time>
      </trkpt>
      <trkpt lat="1.3976431857931717" lon="103.89220268918099">
        <ele>0</ele>
        <time>2026-09-23T23:47:22Z</time>
      </trkpt>
      <trkpt lat="1.39763165934213" lon="103.89220057960101">
        <ele>0</ele>
        <time>2026-09-23T23:47:23Z</time>
      </trkpt>
      <trkpt lat="1.397621364617404" lon="103.89219832758641">
        <ele>0</ele>
        <time>2026-09-23T23:47:24Z</time>
      </trkpt>
      <trkpt lat="1.3976123935325795" lon="103.89219596253965">
        <ele>0</ele>
        <time>2026-09-23T23:47:25Z</time>
      </trkpt>
      <trkpt lat="1.3976034113028737" lon="103.89219357924387">
        <ele>0</ele>
        <time>2026-09-23T23:47:26Z</time>
      </trkpt>
      <trkpt lat="1.3975940865889438" lon="103.89219110439373">
        <ele>0</ele>
        <time>2026-09-23T23:47:27Z</time>
      </trkpt>
      <trkpt lat="1.3975845320292481" lon="103.89218855453865">
        <ele>0</ele>
        <time>2026-09-23T23:47:28Z</time>
      </trkpt>
      <trkpt lat="1.3975749805929205" lon="103.8921856095275">
        <ele>0</ele>
        <time>2026-09-23T23:47:29Z</time>
      </trkpt>
      <trkpt lat="1.3975643899571764" lon="103.8921819213092">
        <ele>0</ele>
        <time>2026-09-23T23:47:30Z</time>
      </trkpt>
      <trkpt lat="1.3975527019505958" lon="103.8921778313376">
        <ele>0</ele>
        <time>2026-09-23T23:47:31Z</time>
      </trkpt>
      <trkpt lat="1.3975408579544286" lon="103.89217369271834">
        <ele>0</ele>
        <time>2026-09-23T23:47:32Z</time>
      </trkpt>
      <trkpt lat="1.3975291149109368" lon="103.89216958956239">
        <ele>0</ele>
        <time>2026-09-23T23:47:33Z</time>
      </trkpt>
      <trkpt lat="1.397517509835295" lon="103.89216554006808">
        <ele>0</ele>
        <time>2026-09-23T23:47:34Z</time>
      </trkpt>
      <trkpt lat="1.3975059956681684" lon="103.89216152223358">
        <ele>0</ele>
        <time>2026-09-23T23:47:35Z</time>
      </trkpt>
      <trkpt lat="1.3974936684020258" lon="103.89215722247957">
        <ele>0</ele>
        <time>2026-09-23T23:47:36Z</time>
      </trkpt>
      <trkpt lat="1.3974805466434241" lon="103.89215264707441">
        <ele>0</ele>
        <time>2026-09-23T23:47:37Z</time>
      </trkpt>
      <trkpt lat="1.3974671927403517" lon="103.89214799788427">
        <ele>0</ele>
        <time>2026-09-23T23:47:38Z</time>
      </trkpt>
      <trkpt lat="1.3974535330650004" lon="103.89214333101118">
        <ele>0</ele>
        <time>2026-09-23T23:47:39Z</time>
      </trkpt>
      <trkpt lat="1.3974398829036132" lon="103.89213835779047">
        <ele>0</ele>
        <time>2026-09-23T23:47:40Z</time>
      </trkpt>
      <trkpt lat="1.3974258265924584" lon="103.89213334029343">
        <ele>0</ele>
        <time>2026-09-23T23:47:41Z</time>
      </trkpt>
      <trkpt lat="1.397411688969844" lon="103.8921288301834">
        <ele>0</ele>
        <time>2026-09-23T23:47:42Z</time>
      </trkpt>
      <trkpt lat="1.3973977537108149" lon="103.89212474496787">
        <ele>0</ele>
        <time>2026-09-23T23:47:43Z</time>
      </trkpt>
      <trkpt lat="1.3973839519473694" lon="103.8921210035628">
        <ele>0</ele>
        <time>2026-09-23T23:47:44Z</time>
      </trkpt>
      <trkpt lat="1.3973710557919143" lon="103.89211740014916">
        <ele>0</ele>
        <time>2026-09-23T23:47:45Z</time>
      </trkpt>
      <trkpt lat="1.397358862854394" lon="103.89211385953573">
        <ele>0</ele>
        <time>2026-09-23T23:47:46Z</time>
      </trkpt>
      <trkpt lat="1.3973469289017073" lon="103.89211042870426">
        <ele>0</ele>
        <time>2026-09-23T23:47:47Z</time>
      </trkpt>
      <trkpt lat="1.3973359223502957" lon="103.89210716809329">
        <ele>0</ele>
        <time>2026-09-23T23:47:48Z</time>
      </trkpt>
      <trkpt lat="1.3973257966544315" lon="103.89210404479985">
        <ele>0</ele>
        <time>2026-09-23T23:47:49Z</time>
      </trkpt>
      <trkpt lat="1.3973158790561622" lon="103.89210086107254">
        <ele>0</ele>
        <time>2026-09-23T23:47:50Z</time>
      </trkpt>
      <trkpt lat="1.3973065095062267" lon="103.89209775359433">
        <ele>0</ele>
        <time>2026-09-23T23:47:51Z</time>
      </trkpt>
      <trkpt lat="1.3972978259838562" lon="103.89209469297835">
        <ele>0</ele>
        <time>2026-09-23T23:47:52Z</time>
      </trkpt>
      <trkpt lat="1.3972893926570515" lon="103.89209149079167">
        <ele>0</ele>
        <time>2026-09-23T23:47:53Z</time>
      </trkpt>
      <trkpt lat="1.3972800158130065" lon="103.89208794381152">
        <ele>0</ele>
        <time>2026-09-23T23:47:54Z</time>
      </trkpt>
      <trkpt lat="1.3972683153211392" lon="103.89208441806666">
        <ele>0</ele>
        <time>2026-09-23T23:47:55Z</time>
      </trkpt>
      <trkpt lat="1.3972563512310208" lon="103.89208054522133">
        <ele>0</ele>
        <time>2026-09-23T23:47:56Z</time>
      </trkpt>
      <trkpt lat="1.3972447663675558" lon="103.89207650492722">
        <ele>0</ele>
        <time>2026-09-23T23:47:57Z</time>
      </trkpt>
      <trkpt lat="1.397233501129916" lon="103.8920725100532">
        <ele>0</ele>
        <time>2026-09-23T23:47:58Z</time>
      </trkpt>
      <trkpt lat="1.39722145191544" lon="103.8920693930967">
        <ele>0</ele>
        <time>2026-09-23T23:47:59Z</time>
      </trkpt>
      <trkpt lat="1.397207680219192" lon="103.8920657870905">
        <ele>0</ele>
        <time>2026-09-23T23:48:00Z</time>
      </trkpt>
      <trkpt lat="1.3971923676509377" lon="103.89206195498207">
        <ele>0</ele>
        <time>2026-09-23T23:48:01Z</time>
      </trkpt>
      <trkpt lat="1.397176516193995" lon="103.892058284031">
        <ele>0</ele>
        <time>2026-09-23T23:48:02Z</time>
      </trkpt>
      <trkpt lat="1.397162182997924" lon="103.89205386009456">
        <ele>0</ele>
        <time>2026-09-23T23:48:03Z</time>
      </trkpt>
      <trkpt lat="1.3971488023717742" lon="103.89205017915053">
        <ele>0</ele>
        <time>2026-09-23T23:48:04Z</time>
      </trkpt>
      <trkpt lat="1.3971395291385404" lon="103.89205342508814">
        <ele>0</ele>
        <time>2026-09-23T23:48:05Z</time>
      </trkpt>
      <trkpt lat="1.3971350383829917" lon="103.89206434776034">
        <ele>0</ele>
        <time>2026-09-23T23:48:06Z</time>
      </trkpt>
      <trkpt lat="1.39713052354534" lon="103.89207681935969">
        <ele>0</ele>
        <time>2026-09-23T23:48:07Z</time>
      </trkpt>
      <trkpt lat="1.3971259012071149" lon="103.89209031850373">
        <ele>0</ele>
        <time>2026-09-23T23:48:08Z</time>
      </trkpt>
      <trkpt lat="1.3971206812230121" lon="103.89210353224345">
        <ele>0</ele>
        <time>2026-09-23T23:48:09Z</time>
      </trkpt>
      <trkpt lat="1.3971161824159044" lon="103.89211635744434">
        <ele>0</ele>
        <time>2026-09-23T23:48:10Z</time>
      </trkpt>
      <trkpt lat="1.3971116159833261" lon="103.89212958854797">
        <ele>0</ele>
        <time>2026-09-23T23:48:11Z</time>
      </trkpt>
      <trkpt lat="1.3971073503907112" lon="103.89214253253726">
        <ele>0</ele>
        <time>2026-09-23T23:48:12Z</time>
      </trkpt>
      <trkpt lat="1.3971035489296444" lon="103.89215478639447">
        <ele>0</ele>
        <time>2026-09-23T23:48:13Z</time>
      </trkpt>
      <trkpt lat="1.3970998968288308" lon="103.8921669393941">
        <ele>0</ele>
        <time>2026-09-23T23:48:14Z</time>
      </trkpt>
      <trkpt lat="1.3970962714687198" lon="103.89217931772217">
        <ele>0</ele>
        <time>2026-09-23T23:48:15Z</time>
      </trkpt>
      <trkpt lat="1.3970926561362467" lon="103.89219190615053">
        <ele>0</ele>
        <time>2026-09-23T23:48:16Z</time>
      </trkpt>
      <trkpt lat="1.3970890236496711" lon="103.8922047338056">
        <ele>0</ele>
        <time>2026-09-23T23:48:17Z</time>
      </trkpt>
      <trkpt lat="1.3970858549474081" lon="103.89221657533979">
        <ele>0</ele>
        <time>2026-09-23T23:48:18Z</time>
      </trkpt>
      <trkpt lat="1.3970878902151784" lon="103.89222113012264">
        <ele>0</ele>
        <time>2026-09-23T23:48:19Z</time>
        <extensions>
          <gpxtpx:TrackPointExtension>
            <gpxtpx:hr>101</gpxtpx:hr>
          </gpxtpx:TrackPointExtension>
        </extensions>
      </trkpt>
      <trkpt lat="1.3970926426167787" lon="103.89221655981235">
        <ele>0</ele>
        <time>2026-09-23T23:48:20Z</time>
        <extensions>
          <gpxtpx:TrackPointExtension>
            <gpxtpx:hr>101</gpxtpx:hr>
          </gpxtpx:TrackPointExtension>
        </extensions>
      </trkpt>
      <trkpt lat="1.397092467881025" lon="103.89221859958133">
        <ele>0</ele>
        <time>2026-09-23T23:48:21Z</time>
        <extensions>
          <gpxtpx:TrackPointExtension>
            <gpxtpx:hr>101</gpxtpx:hr>
          </gpxtpx:TrackPointExtension>
        </extensions>
      </trkpt>
      <trkpt lat="1.3970888775984966" lon="103.89223185374942">
        <ele>0</ele>
        <time>2026-09-23T23:48:22Z</time>
        <extensions>
          <gpxtpx:TrackPointExtension>
            <gpxtpx:hr>101</gpxtpx:hr>
          </gpxtpx:TrackPointExtension>
        </extensions>
      </trkpt>
      <trkpt lat="1.3970846900305542" lon="103.89224699140394">
        <ele>0</ele>
        <time>2026-09-23T23:48:23Z</time>
        <extensions>
          <gpxtpx:TrackPointExtension>
            <gpxtpx:hr>101</gpxtpx:hr>
          </gpxtpx:TrackPointExtension>
        </extensions>
      </trkpt>
      <trkpt lat="1.3970804044829066" lon="103.89226221579356">
        <ele>0</ele>
        <time>2026-09-23T23:48:24Z</time>
        <extensions>
          <gpxtpx:TrackPointExtension>
            <gpxtpx:hr>101</gpxtpx:hr>
          </gpxtpx:TrackPointExtension>
        </extensions>
      </trkpt>
      <trkpt lat="1.3970763400592041" lon="103.89227667709007">
        <ele>0</ele>
        <time>2026-09-23T23:48:25Z</time>
        <extensions>
          <gpxtpx:TrackPointExtension>
            <gpxtpx:hr>101</gpxtpx:hr>
          </gpxtpx:TrackPointExtension>
        </extensions>
      </trkpt>
      <trkpt lat="1.397072568280842" lon="103.89229019073196">
        <ele>0</ele>
        <time>2026-09-23T23:48:26Z</time>
        <extensions>
          <gpxtpx:TrackPointExtension>
            <gpxtpx:hr>101</gpxtpx:hr>
          </gpxtpx:TrackPointExtension>
        </extensions>
      </trkpt>
      <trkpt lat="1.3970687957377443" lon="103.89230369127358">
        <ele>0</ele>
        <time>2026-09-23T23:48:27Z</time>
        <extensions>
          <gpxtpx:TrackPointExtension>
            <gpxtpx:hr>101</gpxtpx:hr>
          </gpxtpx:TrackPointExtension>
        </extensions>
      </trkpt>
      <trkpt lat="1.3970649024705553" lon="103.8923176096934">
        <ele>0</ele>
        <time>2026-09-23T23:48:28Z</time>
        <extensions>
          <gpxtpx:TrackPointExtension>
            <gpxtpx:hr>101</gpxtpx:hr>
          </gpxtpx:TrackPointExtension>
        </extensions>
      </trkpt>
      <trkpt lat="1.3970609273471324" lon="103.89233180752184">
        <ele>0</ele>
        <time>2026-09-23T23:48:29Z</time>
        <extensions>
          <gpxtpx:TrackPointExtension>
            <gpxtpx:hr>101</gpxtpx:hr>
          </gpxtpx:TrackPointExtension>
        </extensions>
      </trkpt>
      <trkpt lat="1.3970569510758002" lon="103.89234599811023">
        <ele>0</ele>
        <time>2026-09-23T23:48:30Z</time>
        <extensions>
          <gpxtpx:TrackPointExtension>
            <gpxtpx:hr>101</gpxtpx:hr>
          </gpxtpx:TrackPointExtension>
        </extensions>
      </trkpt>
      <trkpt lat="1.3970529321838954" lon="103.89236032003821">
        <ele>0</ele>
        <time>2026-09-23T23:48:31Z</time>
        <extensions>
          <gpxtpx:TrackPointExtension>
            <gpxtpx:hr>101</gpxtpx:hr>
          </gpxtpx:TrackPointExtension>
        </extensions>
      </trkpt>
      <trkpt lat="1.3970488191685018" lon="103.89237495171564">
        <ele>0</ele>
        <time>2026-09-23T23:48:32Z</time>
        <extensions>
          <gpxtpx:TrackPointExtension>
            <gpxtpx:hr>101</gpxtpx:hr>
          </gpxtpx:TrackPointExtension>
        </extensions>
      </trkpt>
      <trkpt lat="1.3970448435823744" lon="103.89238908804359">
        <ele>0</ele>
        <time>2026-09-23T23:48:33Z</time>
        <extensions>
          <gpxtpx:TrackPointExtension>
            <gpxtpx:hr>101</gpxtpx:hr>
          </gpxtpx:TrackPointExtension>
        </extensions>
      </trkpt>
      <trkpt lat="1.3970410739689274" lon="103.89240257290862">
        <ele>0</ele>
        <time>2026-09-23T23:48:34Z</time>
        <extensions>
          <gpxtpx:TrackPointExtension>
            <gpxtpx:hr>101</gpxtpx:hr>
          </gpxtpx:TrackPointExtension>
        </extensions>
      </trkpt>
      <trkpt lat="1.3970373485647243" lon="103.89241597932006">
        <ele>0</ele>
        <time>2026-09-23T23:48:35Z</time>
        <extensions>
          <gpxtpx:TrackPointExtension>
            <gpxtpx:hr>101</gpxtpx:hr>
          </gpxtpx:TrackPointExtension>
        </extensions>
      </trkpt>
      <trkpt lat="1.3970335570619357" lon="103.89242961276592">
        <ele>0</ele>
        <time>2026-09-23T23:48:36Z</time>
        <extensions>
          <gpxtpx:TrackPointExtension>
            <gpxtpx:hr>101</gpxtpx:hr>
          </gpxtpx:TrackPointExtension>
        </extensions>
      </trkpt>
      <trkpt lat="1.397029568039777" lon="103.89244392745267">
        <ele>0</ele>
        <time>2026-09-23T23:48:37Z</time>
        <extensions>
          <gpxtpx:TrackPointExtension>
            <gpxtpx:hr>101</gpxtpx:hr>
          </gpxtpx:TrackPointExtension>
        </extensions>
      </trkpt>
      <trkpt lat="1.3970255176373458" lon="103.89245845148807">
        <ele>0</ele>
        <time>2026-09-23T23:48:38Z</time>
        <extensions>
          <gpxtpx:TrackPointExtension>
            <gpxtpx:hr>101</gpxtpx:hr>
          </gpxtpx:TrackPointExtension>
        </extensions>
      </trkpt>
      <trkpt lat="1.3970215501515146" lon="103.8924726787887">
        <ele>0</ele>
        <time>2026-09-23T23:48:39Z</time>
      </trkpt>
      <trkpt lat="1.3970176354366846" lon="103.89248671635187">
        <ele>0</ele>
        <time>2026-09-23T23:48:40Z</time>
      </trkpt>
      <trkpt lat="1.3970137439224324" lon="103.89250066604266">
        <ele>0</ele>
        <time>2026-09-23T23:48:41Z</time>
      </trkpt>
      <trkpt lat="1.3970096833107126" lon="103.89251518109299">
        <ele>0</ele>
        <time>2026-09-23T23:48:42Z</time>
      </trkpt>
      <trkpt lat="1.3970055070704837" lon="103.89253008287042">
        <ele>0</ele>
        <time>2026-09-23T23:48:43Z</time>
      </trkpt>
      <trkpt lat="1.3970014587607194" lon="103.89254454224088">
        <ele>0</ele>
        <time>2026-09-23T23:48:44Z</time>
      </trkpt>
      <trkpt lat="1.3969975576295801" lon="103.89255849395983">
        <ele>0</ele>
        <time>2026-09-23T23:48:45Z</time>
      </trkpt>
      <trkpt lat="1.3969936990055623" lon="103.8925723045015">
        <ele>0</ele>
        <time>2026-09-23T23:48:46Z</time>
      </trkpt>
      <trkpt lat="1.3969897801207776" lon="103.8925863236236">
        <ele>0</ele>
        <time>2026-09-23T23:48:47Z</time>
      </trkpt>
      <trkpt lat="1.396985767863052" lon="103.89260067031218">
        <ele>0</ele>
        <time>2026-09-23T23:48:48Z</time>
      </trkpt>
      <trkpt lat="1.3969816735926652" lon="103.89261530947465">
        <ele>0</ele>
        <time>2026-09-23T23:48:49Z</time>
      </trkpt>
      <trkpt lat="1.3969776254115098" lon="103.89262980303067">
        <ele>0</ele>
        <time>2026-09-23T23:48:50Z</time>
      </trkpt>
      <trkpt lat="1.3969736622147844" lon="103.89264401449852">
        <ele>0</ele>
        <time>2026-09-23T23:48:51Z</time>
      </trkpt>
      <trkpt lat="1.3969697090763797" lon="103.89265819252579">
        <ele>0</ele>
        <time>2026-09-23T23:48:52Z</time>
      </trkpt>
      <trkpt lat="1.3969655726474917" lon="103.89267285231965">
        <ele>0</ele>
        <time>2026-09-23T23:48:53Z</time>
      </trkpt>
      <trkpt lat="1.3969613672394194" lon="103.89268761967186">
        <ele>0</ele>
        <time>2026-09-23T23:48:54Z</time>
      </trkpt>
      <trkpt lat="1.3969573327845908" lon="103.89270182288203">
        <ele>0</ele>
        <time>2026-09-23T23:48:55Z</time>
      </trkpt>
      <trkpt lat="1.3969531909716681" lon="103.89271641182361">
        <ele>0</ele>
        <time>2026-09-23T23:48:56Z</time>
      </trkpt>
      <trkpt lat="1.3969490909544977" lon="103.8927308944554">
        <ele>0</ele>
        <time>2026-09-23T23:48:57Z</time>
      </trkpt>
      <trkpt lat="1.3969452648548082" lon="103.89274449082119">
        <ele>0</ele>
        <time>2026-09-23T23:48:58Z</time>
      </trkpt>
      <trkpt lat="1.3969414574344783" lon="103.8927580654545">
        <ele>0</ele>
        <time>2026-09-23T23:48:59Z</time>
      </trkpt>
      <trkpt lat="1.3969375369704953" lon="103.89277206602029">
        <ele>0</ele>
        <time>2026-09-23T23:49:00Z</time>
      </trkpt>
      <trkpt lat="1.3969335431928422" lon="103.89278637049247">
        <ele>0</ele>
        <time>2026-09-23T23:49:01Z</time>
      </trkpt>
      <trkpt lat="1.396929673785068" lon="103.89280033840934">
        <ele>0</ele>
        <time>2026-09-23T23:49:02Z</time>
      </trkpt>
      <trkpt lat="1.3969259043474846" lon="103.89281407441412">
        <ele>0</ele>
        <time>2026-09-23T23:49:03Z</time>
      </trkpt>
      <trkpt lat="1.396922096680229" lon="103.89282787483518">
        <ele>0</ele>
        <time>2026-09-23T23:49:04Z</time>
      </trkpt>
      <trkpt lat="1.3969182716091233" lon="103.89284174965668">
        <ele>0</ele>
        <time>2026-09-23T23:49:05Z</time>
      </trkpt>
      <trkpt lat="1.3969144592427196" lon="103.89285552868792">
        <ele>0</ele>
        <time>2026-09-23T23:49:06Z</time>
      </trkpt>
      <trkpt lat="1.396910887012269" lon="103.89286849799672">
        <ele>0</ele>
        <time>2026-09-23T23:49:07Z</time>
      </trkpt>
      <trkpt lat="1.3969073426326766" lon="103.89288134398959">
        <ele>0</ele>
        <time>2026-09-23T23:49:08Z</time>
      </trkpt>
      <trkpt lat="1.396903519538464" lon="103.89289513258852">
        <ele>0</ele>
        <time>2026-09-23T23:49:09Z</time>
      </trkpt>
      <trkpt lat="1.3968996948240384" lon="103.89290892639404">
        <ele>0</ele>
        <time>2026-09-23T23:49:10Z</time>
      </trkpt>
      <trkpt lat="1.396895914514079" lon="103.89292257379547">
        <ele>0</ele>
        <time>2026-09-23T23:49:11Z</time>
      </trkpt>
      <trkpt lat="1.3968919122870425" lon="103.89293703420337">
        <ele>0</ele>
        <time>2026-09-23T23:49:12Z</time>
      </trkpt>
      <trkpt lat="1.3968878704111702" lon="103.89295176073091">
        <ele>0</ele>
        <time>2026-09-23T23:49:13Z</time>
      </trkpt>
      <trkpt lat="1.3968827545351994" lon="103.89297015314689">
        <ele>0</ele>
        <time>2026-09-23T23:49:14Z</time>
      </trkpt>
      <trkpt lat="1.3968794441981651" lon="103.8929823566277">
        <ele>0</ele>
        <time>2026-09-23T23:49:15Z</time>
      </trkpt>
      <trkpt lat="1.3968759792418581" lon="103.8929951045264">
        <ele>0</ele>
        <time>2026-09-23T23:49:16Z</time>
      </trkpt>
      <trkpt lat="1.396872724453422" lon="103.89300715712378">
        <ele>0</ele>
        <time>2026-09-23T23:49:17Z</time>
      </trkpt>
      <trkpt lat="1.3968699267003448" lon="103.89301765167794">
        <ele>0</ele>
        <time>2026-09-23T23:49:18Z</time>
      </trkpt>
      <trkpt lat="1.3968671298709932" lon="103.89302815789425">
        <ele>0</ele>
        <time>2026-09-23T23:49:19Z</time>
      </trkpt>
      <trkpt lat="1.3968642264564286" lon="103.89303904670597">
        <ele>0</ele>
        <time>2026-09-23T23:49:20Z</time>
      </trkpt>
      <trkpt lat="1.3968613204341456" lon="103.8930499586927">
        <ele>0</ele>
        <time>2026-09-23T23:49:21Z</time>
      </trkpt>
      <trkpt lat="1.3968585126101039" lon="103.89306055645126">
        <ele>0</ele>
        <time>2026-09-23T23:49:22Z</time>
      </trkpt>
      <trkpt lat="1.39685585148869" lon="103.89307066887095">
        <ele>0</ele>
        <time>2026-09-23T23:49:23Z</time>
      </trkpt>
      <trkpt lat="1.3968531714017653" lon="103.89308086818545">
        <ele>0</ele>
        <time>2026-09-23T23:49:24Z</time>
      </trkpt>
      <trkpt lat="1.3968503593872332" lon="103.89309154086942">
        <ele>0</ele>
        <time>2026-09-23T23:49:25Z</time>
      </trkpt>
      <trkpt lat="1.396847556829106" lon="103.8931021980371">
        <ele>0</ele>
        <time>2026-09-23T23:49:26Z</time>
      </trkpt>
      <trkpt lat="1.3968447354117843" lon="103.89311294347051">
        <ele>0</ele>
        <time>2026-09-23T23:49:27Z</time>
      </trkpt>
      <trkpt lat="1.3968419228860152" lon="103.89312368773781">
        <ele>0</ele>
        <time>2026-09-23T23:49:28Z</time>
      </trkpt>
      <trkpt lat="1.396839237774116" lon="103.89313401747033">
        <ele>0</ele>
        <time>2026-09-23T23:49:29Z</time>
      </trkpt>
      <trkpt lat="1.3968367811402345" lon="103.89314358004188">
        <ele>0</ele>
        <time>2026-09-23T23:49:30Z</time>
      </trkpt>
      <trkpt lat="1.3968343124342033" lon="103.89315328824009">
        <ele>0</ele>
        <time>2026-09-23T23:49:31Z</time>
      </trkpt>
      <trkpt lat="1.3968316542747226" lon="103.89316377041986">
        <ele>0</ele>
        <time>2026-09-23T23:49:32Z</time>
      </trkpt>
      <trkpt lat="1.3968290008972377" lon="103.89317426577173">
        <ele>0</ele>
        <time>2026-09-23T23:49:33Z</time>
      </trkpt>
      <trkpt lat="1.3968264678784892" lon="103.89318436252833">
        <ele>0</ele>
        <time>2026-09-23T23:49:34Z</time>
      </trkpt>
      <trkpt lat="1.3968240603858995" lon="103.89319404672186">
        <ele>0</ele>
        <time>2026-09-23T23:49:35Z</time>
      </trkpt>
      <trkpt lat="1.3968216173118815" lon="103.89320388833988">
        <ele>0</ele>
        <time>2026-09-23T23:49:36Z</time>
      </trkpt>
      <trkpt lat="1.3968190846315187" lon="103.89321407868132">
        <ele>0</ele>
        <time>2026-09-23T23:49:37Z</time>
      </trkpt>
      <trkpt lat="1.3968165642497543" lon="103.89322426152265">
        <ele>0</ele>
        <time>2026-09-23T23:49:38Z</time>
      </trkpt>
      <trkpt lat="1.3968141588734453" lon="103.89323407455687">
        <ele>0</ele>
        <time>2026-09-23T23:49:39Z</time>
      </trkpt>
      <trkpt lat="1.3968117540101532" lon="103.89324391616175">
        <ele>0</ele>
        <time>2026-09-23T23:49:40Z</time>
      </trkpt>
      <trkpt lat="1.3968092805418546" lon="103.89325404314154">
        <ele>0</ele>
        <time>2026-09-23T23:49:41Z</time>
      </trkpt>
      <trkpt lat="1.3968068485981437" lon="103.8932640652185">
        <ele>0</ele>
        <time>2026-09-23T23:49:42Z</time>
      </trkpt>
      <trkpt lat="1.3968045748128257" lon="103.89327355256093">
        <ele>0</ele>
        <time>2026-09-23T23:49:43Z</time>
      </trkpt>
      <trkpt lat="1.3968022001273304" lon="103.89328318645349">
        <ele>0</ele>
        <time>2026-09-23T23:49:44Z</time>
      </trkpt>
      <trkpt lat="1.3967996668260796" lon="103.89329317441522">
        <ele>0</ele>
        <time>2026-09-23T23:49:45Z</time>
      </trkpt>
      <trkpt lat="1.3967971871577665" lon="103.89330299737543">
        <ele>0</ele>
        <time>2026-09-23T23:49:46Z</time>
      </trkpt>
      <trkpt lat="1.3967947604569995" lon="103.89331265840445">
        <ele>0</ele>
        <time>2026-09-23T23:49:47Z</time>
      </trkpt>
      <trkpt lat="1.3967923247155658" lon="103.89332239492593">
        <ele>0</ele>
        <time>2026-09-23T23:49:48Z</time>
      </trkpt>
      <trkpt lat="1.3967899605665806" lon="103.89333193496859">
        <ele>0</ele>
        <time>2026-09-23T23:49:49Z</time>
      </trkpt>
      <trkpt lat="1.396787652900659" lon="103.89334133076078">
        <ele>0</ele>
        <time>2026-09-23T23:49:50Z</time>
      </trkpt>
      <trkpt lat="1.3967853451158327" lon="103.89335078015104">
        <ele>0</ele>
        <time>2026-09-23T23:49:51Z</time>
      </trkpt>
      <trkpt lat="1.3967831047310986" lon="103.89336005429764">
        <ele>0</ele>
        <time>2026-09-23T23:49:52Z</time>
      </trkpt>
      <trkpt lat="1.3967810511813261" lon="103.89336874459704">
        <ele>0</ele>
        <time>2026-09-23T23:49:53Z</time>
      </trkpt>
      <trkpt lat="1.396779224016928" lon="103.89337671282982">
        <ele>0</ele>
        <time>2026-09-23T23:49:54Z</time>
      </trkpt>
      <trkpt lat="1.3967776047002671" lon="103.89338402263277">
        <ele>0</ele>
        <time>2026-09-23T23:49:55Z</time>
      </trkpt>
      <trkpt lat="1.3967763907244573" lon="103.89338999811062">
        <ele>0</ele>
        <time>2026-09-23T23:49:56Z</time>
      </trkpt>
      <trkpt lat="1.396773577444786" lon="103.89339756037478">
        <ele>0</ele>
        <time>2026-09-23T23:49:57Z</time>
      </trkpt>
      <trkpt lat="1.39676985888633" lon="103.89340804705394">
        <ele>0</ele>
        <time>2026-09-23T23:49:58Z</time>
      </trkpt>
      <trkpt lat="1.3967658348837166" lon="103.89341935512125">
        <ele>0</ele>
        <time>2026-09-23T23:49:59Z</time>
      </trkpt>
      <trkpt lat="1.3967615752524523" lon="103.89343124836435">
        <ele>0</ele>
        <time>2026-09-23T23:50:00Z</time>
      </trkpt>
      <trkpt lat="1.3967571529932408" lon="103.89344349288916">
        <ele>0</ele>
        <time>2026-09-23T23:50:01Z</time>
      </trkpt>
      <trkpt lat="1.3967526780011539" lon="103.89345572350578">
        <ele>0</ele>
        <time>2026-09-23T23:50:02Z</time>
      </trkpt>
      <trkpt lat="1.396748169530192" lon="103.89346788012377">
        <ele>0</ele>
        <time>2026-09-23T23:50:03Z</time>
      </trkpt>
      <trkpt lat="1.3967435786748374" lon="103.89348009338148">
        <ele>0</ele>
        <time>2026-09-23T23:50:04Z</time>
      </trkpt>
      <trkpt lat="1.396739009186269" lon="103.89349214670396">
        <ele>0</ele>
        <time>2026-09-23T23:50:05Z</time>
      </trkpt>
      <trkpt lat="1.3967349551406518" lon="103.89350370074608">
        <ele>0</ele>
        <time>2026-09-23T23:50:06Z</time>
      </trkpt>
      <trkpt lat="1.3967382470216216" lon="103.89351233241008">
        <ele>0</ele>
        <time>2026-09-23T23:50:07Z</time>
      </trkpt>
      <trkpt lat="1.3967491477929421" lon="103.89351811541037">
        <ele>0</ele>
        <time>2026-09-23T23:50:08Z</time>
      </trkpt>
      <trkpt lat="1.39676077808905" lon="103.89352358077193">
        <ele>0</ele>
        <time>2026-09-23T23:50:09Z</time>
      </trkpt>
      <trkpt lat="1.3967721655885879" lon="103.8935288971826">
        <ele>0</ele>
        <time>2026-09-23T23:50:10Z</time>
      </trkpt>
      <trkpt lat="1.3967832755837792" lon="103.89353408782617">
        <ele>0</ele>
        <time>2026-09-23T23:50:11Z</time>
      </trkpt>
      <trkpt lat="1.3967944602693618" lon="103.8935393384156">
        <ele>0</ele>
        <time>2026-09-23T23:50:12Z</time>
      </trkpt>
      <trkpt lat="1.396805723142926" lon="103.89354464774347">
        <ele>0</ele>
        <time>2026-09-23T23:50:13Z</time>
      </trkpt>
      <trkpt lat="1.3968170570382035" lon="103.89355000927299">
        <ele>0</ele>
        <time>2026-09-23T23:50:14Z</time>
      </trkpt>
      <trkpt lat="1.3968286238759908" lon="103.89355550620363">
        <ele>0</ele>
        <time>2026-09-23T23:50:15Z</time>
      </trkpt>
      <trkpt lat="1.3968406142782142" lon="103.89356123297121">
        <ele>0</ele>
        <time>2026-09-23T23:50:16Z</time>
      </trkpt>
      <trkpt lat="1.3968530517193167" lon="103.89356720043438">
        <ele>0</ele>
        <time>2026-09-23T23:50:17Z</time>
      </trkpt>
      <trkpt lat="1.3968655286773677" lon="103.89357318983122">
        <ele>0</ele>
        <time>2026-09-23T23:50:18Z</time>
      </trkpt>
      <trkpt lat="1.3968774826405228" lon="103.89357890059033">
        <ele>0</ele>
        <time>2026-09-23T23:50:19Z</time>
      </trkpt>
      <trkpt lat="1.3968889570574143" lon="103.89358434802116">
        <ele>0</ele>
        <time>2026-09-23T23:50:20Z</time>
      </trkpt>
      <trkpt lat="1.396900418373968" lon="103.89358964067897">
        <ele>0</ele>
        <time>2026-09-23T23:50:21Z</time>
      </trkpt>
      <trkpt lat="1.3969119315898142" lon="103.8935948162328">
        <ele>0</ele>
        <time>2026-09-23T23:50:22Z</time>
      </trkpt>
      <trkpt lat="1.3969234219312454" lon="103.89359997121323">
        <ele>0</ele>
        <time>2026-09-23T23:50:23Z</time>
      </trkpt>
      <trkpt lat="1.3969347886138788" lon="103.89360506306713">
        <ele>0</ele>
        <time>2026-09-23T23:50:24Z</time>
      </trkpt>
      <trkpt lat="1.396945924689266" lon="103.89361003744537">
        <ele>0</ele>
        <time>2026-09-23T23:50:25Z</time>
      </trkpt>
      <trkpt lat="1.3969565510831767" lon="103.89361475084579">
        <ele>0</ele>
        <time>2026-09-23T23:50:26Z</time>
      </trkpt>
      <trkpt lat="1.396966650689729" lon="103.89361919606412">
        <ele>0</ele>
        <time>2026-09-23T23:50:27Z</time>
      </trkpt>
      <trkpt lat="1.3969766630475007" lon="103.89362360061601">
        <ele>0</ele>
        <time>2026-09-23T23:50:28Z</time>
      </trkpt>
      <trkpt lat="1.3969865987263315" lon="103.8936279672217">
        <ele>0</ele>
        <time>2026-09-23T23:50:29Z</time>
      </trkpt>
      <trkpt lat="1.3969961758198244" lon="103.89363215006297">
        <ele>0</ele>
        <time>2026-09-23T23:50:30Z</time>
      </trkpt>
      <trkpt lat="1.3970058189146661" lon="103.893636326536">
        <ele>0</ele>
        <time>2026-09-23T23:50:31Z</time>
      </trkpt>
      <trkpt lat="1.3970160262382627" lon="103.89364022221332">
        <ele>0</ele>
        <time>2026-09-23T23:50:32Z</time>
      </trkpt>
      <trkpt lat="1.397026678673298" lon="103.89364376717496">
        <ele>0</ele>
        <time>2026-09-23T23:50:33Z</time>
        <extensions>
          <gpxtpx:TrackPointExtension>
            <gpxtpx:hr>103</gpxtpx:hr>
          </gpxtpx:TrackPointExtension>
        </extensions>
      </trkpt>
      <trkpt lat="1.3970375444633654" lon="103.89364737049611">
        <ele>0</ele>
        <time>2026-09-23T23:50:34Z</time>
        <extensions>
          <gpxtpx:TrackPointExtension>
            <gpxtpx:hr>103</gpxtpx:hr>
          </gpxtpx:TrackPointExtension>
        </extensions>
      </trkpt>
      <trkpt lat="1.397048521641825" lon="103.89365101787449">
        <ele>0</ele>
        <time>2026-09-23T23:50:35Z</time>
        <extensions>
          <gpxtpx:TrackPointExtension>
            <gpxtpx:hr>103</gpxtpx:hr>
          </gpxtpx:TrackPointExtension>
        </extensions>
      </trkpt>
      <trkpt lat="1.397059047790487" lon="103.89365448834528">
        <ele>0</ele>
        <time>2026-09-23T23:50:36Z</time>
        <extensions>
          <gpxtpx:TrackPointExtension>
            <gpxtpx:hr>103</gpxtpx:hr>
          </gpxtpx:TrackPointExtension>
        </extensions>
      </trkpt>
      <trkpt lat="1.3970685710779205" lon="103.89365756387691">
        <ele>0</ele>
        <time>2026-09-23T23:50:37Z</time>
        <extensions>
          <gpxtpx:TrackPointExtension>
            <gpxtpx:hr>103</gpxtpx:hr>
          </gpxtpx:TrackPointExtension>
        </extensions>
      </trkpt>
      <trkpt lat="1.3970769440578907" lon="103.89366018527741">
        <ele>0</ele>
        <time>2026-09-23T23:50:38Z</time>
        <extensions>
          <gpxtpx:TrackPointExtension>
            <gpxtpx:hr>103</gpxtpx:hr>
          </gpxtpx:TrackPointExtension>
        </extensions>
      </trkpt>
      <trkpt lat="1.3970846075772843" lon="103.89366252736443">
        <ele>0</ele>
        <time>2026-09-23T23:50:39Z</time>
        <extensions>
          <gpxtpx:TrackPointExtension>
            <gpxtpx:hr>103</gpxtpx:hr>
          </gpxtpx:TrackPointExtension>
        </extensions>
      </trkpt>
      <trkpt lat="1.3970916309452162" lon="103.89366460636336">
        <ele>0</ele>
        <time>2026-09-23T23:50:40Z</time>
        <extensions>
          <gpxtpx:TrackPointExtension>
            <gpxtpx:hr>103</gpxtpx:hr>
          </gpxtpx:TrackPointExtension>
        </extensions>
      </trkpt>
      <trkpt lat="1.3970948020234577" lon="103.89366503639611">
        <ele>0</ele>
        <time>2026-09-23T23:50:41Z</time>
        <extensions>
          <gpxtpx:TrackPointExtension>
            <gpxtpx:hr>103</gpxtpx:hr>
          </gpxtpx:TrackPointExtension>
        </extensions>
      </trkpt>
      <trkpt lat="1.397094118905976" lon="103.89366380144983">
        <ele>0</ele>
        <time>2026-09-23T23:50:42Z</time>
        <extensions>
          <gpxtpx:TrackPointExtension>
            <gpxtpx:hr>103</gpxtpx:hr>
          </gpxtpx:TrackPointExtension>
        </extensions>
      </trkpt>
      <trkpt lat="1.3970928676188452" lon="103.89366233139444">
        <ele>0</ele>
        <time>2026-09-23T23:50:43Z</time>
        <extensions>
          <gpxtpx:TrackPointExtension>
            <gpxtpx:hr>103</gpxtpx:hr>
          </gpxtpx:TrackPointExtension>
        </extensions>
      </trkpt>
      <trkpt lat="1.3970915862861941" lon="103.89366085604118">
        <ele>0</ele>
        <time>2026-09-23T23:50:44Z</time>
        <extensions>
          <gpxtpx:TrackPointExtension>
            <gpxtpx:hr>105</gpxtpx:hr>
          </gpxtpx:TrackPointExtension>
        </extensions>
      </trkpt>
      <trkpt lat="1.3970902541532677" lon="103.8936593670218">
        <ele>0</ele>
        <time>2026-09-23T23:50:45Z</time>
        <extensions>
          <gpxtpx:TrackPointExtension>
            <gpxtpx:hr>105</gpxtpx:hr>
          </gpxtpx:TrackPointExtension>
        </extensions>
      </trkpt>
      <trkpt lat="1.3970889436300735" lon="103.89365800825655">
        <ele>0</ele>
        <time>2026-09-23T23:50:46Z</time>
        <extensions>
          <gpxtpx:TrackPointExtension>
            <gpxtpx:hr>105</gpxtpx:hr>
          </gpxtpx:TrackPointExtension>
        </extensions>
      </trkpt>
      <trkpt lat="1.3970876632417975" lon="103.89365675433098">
        <ele>0</ele>
        <time>2026-09-23T23:50:47Z</time>
        <extensions>
          <gpxtpx:TrackPointExtension>
            <gpxtpx:hr>105</gpxtpx:hr>
          </gpxtpx:TrackPointExtension>
        </extensions>
      </trkpt>
      <trkpt lat="1.3970862488945217" lon="103.8936557356886">
        <ele>0</ele>
        <time>2026-09-23T23:50:48Z</time>
        <extensions>
          <gpxtpx:TrackPointExtension>
            <gpxtpx:hr>105</gpxtpx:hr>
          </gpxtpx:TrackPointExtension>
        </extensions>
      </trkpt>
      <trkpt lat="1.3970856513964862" lon="103.89365464798956">
        <ele>0</ele>
        <time>2026-09-23T23:50:49Z</time>
        <extensions>
          <gpxtpx:TrackPointExtension>
            <gpxtpx:hr>104</gpxtpx:hr>
          </gpxtpx:TrackPointExtension>
        </extensions>
      </trkpt>
      <trkpt lat="1.3970904646589748" lon="103.89365575269606">
        <ele>0</ele>
        <time>2026-09-23T23:50:50Z</time>
        <extensions>
          <gpxtpx:TrackPointExtension>
            <gpxtpx:hr>104</gpxtpx:hr>
          </gpxtpx:TrackPointExtension>
        </extensions>
      </trkpt>
      <trkpt lat="1.3970890477774862" lon="103.89365419662977">
        <ele>0</ele>
        <time>2026-09-23T23:50:51Z</time>
        <extensions>
          <gpxtpx:TrackPointExtension>
            <gpxtpx:hr>104</gpxtpx:hr>
          </gpxtpx:TrackPointExtension>
        </extensions>
      </trkpt>
      <trkpt lat="1.3970756680606347" lon="103.8936475795294">
        <ele>0</ele>
        <time>2026-09-23T23:50:52Z</time>
        <extensions>
          <gpxtpx:TrackPointExtension>
            <gpxtpx:hr>104</gpxtpx:hr>
          </gpxtpx:TrackPointExtension>
        </extensions>
      </trkpt>
      <trkpt lat="1.3970612913751839" lon="103.89364047536127">
        <ele>0</ele>
        <time>2026-09-23T23:50:53Z</time>
        <extensions>
          <gpxtpx:TrackPointExtension>
            <gpxtpx:hr>104</gpxtpx:hr>
          </gpxtpx:TrackPointExtension>
        </extensions>
      </trkpt>
      <trkpt lat="1.3970466080749382" lon="103.8936331976469">
        <ele>0</ele>
        <time>2026-09-23T23:50:54Z</time>
        <extensions>
          <gpxtpx:TrackPointExtension>
            <gpxtpx:hr>104</gpxtpx:hr>
          </gpxtpx:TrackPointExtension>
        </extensions>
      </trkpt>
      <trkpt lat="1.3970324376196424" lon="103.89362641673884">
        <ele>0</ele>
        <time>2026-09-23T23:50:55Z</time>
        <extensions>
          <gpxtpx:TrackPointExtension>
            <gpxtpx:hr>104</gpxtpx:hr>
          </gpxtpx:TrackPointExtension>
        </extensions>
      </trkpt>
      <trkpt lat="1.3970222756772146" lon="103.89362844163855">
        <ele>0</ele>
        <time>2026-09-23T23:50:56Z</time>
        <extensions>
          <gpxtpx:TrackPointExtension>
            <gpxtpx:hr>104</gpxtpx:hr>
          </gpxtpx:TrackPointExtension>
        </extensions>
      </trkpt>
      <trkpt lat="1.3970166869702887" lon="103.89363883348054">
        <ele>0</ele>
        <time>2026-09-23T23:50:57Z</time>
        <extensions>
          <gpxtpx:TrackPointExtension>
            <gpxtpx:hr>104</gpxtpx:hr>
          </gpxtpx:TrackPointExtension>
        </extensions>
      </trkpt>
      <trkpt lat="1.397021080416752" lon="103.89364816766867">
        <ele>0</ele>
        <time>2026-09-23T23:50:58Z</time>
        <extensions>
          <gpxtpx:TrackPointExtension>
            <gpxtpx:hr>104</gpxtpx:hr>
          </gpxtpx:TrackPointExtension>
        </extensions>
      </trkpt>
      <trkpt lat="1.3970345484154925" lon="103.89365357579119">
        <ele>0</ele>
        <time>2026-09-23T23:50:59Z</time>
        <extensions>
          <gpxtpx:TrackPointExtension>
            <gpxtpx:hr>104</gpxtpx:hr>
          </gpxtpx:TrackPointExtension>
        </extensions>
      </trkpt>
      <trkpt lat="1.397048865984068" lon="103.89365795668965">
        <ele>0</ele>
        <time>2026-09-23T23:51:00Z</time>
        <extensions>
          <gpxtpx:TrackPointExtension>
            <gpxtpx:hr>104</gpxtpx:hr>
          </gpxtpx:TrackPointExtension>
        </extensions>
      </trkpt>
      <trkpt lat="1.3970629865105477" lon="103.89366188996053">
        <ele>0</ele>
        <time>2026-09-23T23:51:01Z</time>
        <extensions>
          <gpxtpx:TrackPointExtension>
            <gpxtpx:hr>103</gpxtpx:hr>
          </gpxtpx:TrackPointExtension>
        </extensions>
      </trkpt>
      <trkpt lat="1.3970768295583307" lon="103.89366531366284">
        <ele>0</ele>
        <time>2026-09-23T23:51:02Z</time>
        <extensions>
          <gpxtpx:TrackPointExtension>
            <gpxtpx:hr>103</gpxtpx:hr>
          </gpxtpx:TrackPointExtension>
        </extensions>
      </trkpt>
      <trkpt lat="1.397090556481235" lon="103.89366800776519">
        <ele>0</ele>
        <time>2026-09-23T23:51:03Z</time>
        <extensions>
          <gpxtpx:TrackPointExtension>
            <gpxtpx:hr>103</gpxtpx:hr>
          </gpxtpx:TrackPointExtension>
        </extensions>
      </trkpt>
      <trkpt lat="1.3971037066353726" lon="103.89367271755819">
        <ele>0</ele>
        <time>2026-09-23T23:51:04Z</time>
        <extensions>
          <gpxtpx:TrackPointExtension>
            <gpxtpx:hr>104</gpxtpx:hr>
          </gpxtpx:TrackPointExtension>
        </extensions>
      </trkpt>
      <trkpt lat="1.397109352245791" lon="103.89368125110131">
        <ele>0</ele>
        <time>2026-09-23T23:51:05Z</time>
        <extensions>
          <gpxtpx:TrackPointExtension>
            <gpxtpx:hr>104</gpxtpx:hr>
          </gpxtpx:TrackPointExtension>
        </extensions>
      </trkpt>
      <trkpt lat="1.3971070679539261" lon="103.89369406030013">
        <ele>0</ele>
        <time>2026-09-23T23:51:06Z</time>
        <extensions>
          <gpxtpx:TrackPointExtension>
            <gpxtpx:hr>104</gpxtpx:hr>
          </gpxtpx:TrackPointExtension>
        </extensions>
      </trkpt>
      <trkpt lat="1.3971039528094729" lon="103.89370768802172">
        <ele>0</ele>
        <time>2026-09-23T23:51:07Z</time>
        <extensions>
          <gpxtpx:TrackPointExtension>
            <gpxtpx:hr>104</gpxtpx:hr>
          </gpxtpx:TrackPointExtension>
        </extensions>
      </trkpt>
      <trkpt lat="1.3971005517488442" lon="103.89372137388442">
        <ele>0</ele>
        <time>2026-09-23T23:51:08Z</time>
        <extensions>
          <gpxtpx:TrackPointExtension>
            <gpxtpx:hr>104</gpxtpx:hr>
          </gpxtpx:TrackPointExtension>
        </extensions>
      </trkpt>
      <trkpt lat="1.39709681143963" lon="103.89373467064168">
        <ele>0</ele>
        <time>2026-09-23T23:51:09Z</time>
        <extensions>
          <gpxtpx:TrackPointExtension>
            <gpxtpx:hr>104</gpxtpx:hr>
          </gpxtpx:TrackPointExtension>
        </extensions>
      </trkpt>
      <trkpt lat="1.3970927287877826" lon="103.89374763830116">
        <ele>0</ele>
        <time>2026-09-23T23:51:10Z</time>
        <extensions>
          <gpxtpx:TrackPointExtension>
            <gpxtpx:hr>104</gpxtpx:hr>
          </gpxtpx:TrackPointExtension>
        </extensions>
      </trkpt>
      <trkpt lat="1.3970884471020868" lon="103.89376087199209">
        <ele>0</ele>
        <time>2026-09-23T23:51:11Z</time>
        <extensions>
          <gpxtpx:TrackPointExtension>
            <gpxtpx:hr>103</gpxtpx:hr>
          </gpxtpx:TrackPointExtension>
        </extensions>
      </trkpt>
      <trkpt lat="1.397083959286959" lon="103.8937748837125">
        <ele>0</ele>
        <time>2026-09-23T23:51:12Z</time>
        <extensions>
          <gpxtpx:TrackPointExtension>
            <gpxtpx:hr>103</gpxtpx:hr>
          </gpxtpx:TrackPointExtension>
        </extensions>
      </trkpt>
      <trkpt lat="1.3970787363371766" lon="103.8937913230375">
        <ele>0</ele>
        <time>2026-09-23T23:51:13Z</time>
        <extensions>
          <gpxtpx:TrackPointExtension>
            <gpxtpx:hr>103</gpxtpx:hr>
          </gpxtpx:TrackPointExtension>
        </extensions>
      </trkpt>
      <trkpt lat="1.3970741613398563" lon="103.89380577774124">
        <ele>0</ele>
        <time>2026-09-23T23:51:14Z</time>
        <extensions>
          <gpxtpx:TrackPointExtension>
            <gpxtpx:hr>103</gpxtpx:hr>
          </gpxtpx:TrackPointExtension>
        </extensions>
      </trkpt>
      <trkpt lat="1.3970709266132997" lon="103.89381611816565">
        <ele>0</ele>
        <time>2026-09-23T23:51:15Z</time>
        <extensions>
          <gpxtpx:TrackPointExtension>
            <gpxtpx:hr>103</gpxtpx:hr>
          </gpxtpx:TrackPointExtension>
        </extensions>
      </trkpt>
      <trkpt lat="1.3970676804888045" lon="103.89382638480535">
        <ele>0</ele>
        <time>2026-09-23T23:51:16Z</time>
        <extensions>
          <gpxtpx:TrackPointExtension>
            <gpxtpx:hr>103</gpxtpx:hr>
          </gpxtpx:TrackPointExtension>
        </extensions>
      </trkpt>
      <trkpt lat="1.397065188766525" lon="103.89383449942662">
        <ele>0</ele>
        <time>2026-09-23T23:51:17Z</time>
        <extensions>
          <gpxtpx:TrackPointExtension>
            <gpxtpx:hr>103</gpxtpx:hr>
          </gpxtpx:TrackPointExtension>
        </extensions>
      </trkpt>
      <trkpt lat="1.397063698450336" lon="103.89383996948499">
        <ele>0</ele>
        <time>2026-09-23T23:51:18Z</time>
        <extensions>
          <gpxtpx:TrackPointExtension>
            <gpxtpx:hr>103</gpxtpx:hr>
          </gpxtpx:TrackPointExtension>
        </extensions>
      </trkpt>
      <trkpt lat="1.3970626919414573" lon="103.89384453539418">
        <ele>0</ele>
        <time>2026-09-23T23:51:19Z</time>
        <extensions>
          <gpxtpx:TrackPointExtension>
            <gpxtpx:hr>103</gpxtpx:hr>
          </gpxtpx:TrackPointExtension>
        </extensions>
      </trkpt>
      <trkpt lat="1.3970620655013737" lon="103.89384822155768">
        <ele>0</ele>
        <time>2026-09-23T23:51:20Z</time>
        <extensions>
          <gpxtpx:TrackPointExtension>
            <gpxtpx:hr>103</gpxtpx:hr>
          </gpxtpx:TrackPointExtension>
        </extensions>
      </trkpt>
      <trkpt lat="1.3970613758838848" lon="103.89385192043079">
        <ele>0</ele>
        <time>2026-09-23T23:51:21Z</time>
        <extensions>
          <gpxtpx:TrackPointExtension>
            <gpxtpx:hr>103</gpxtpx:hr>
          </gpxtpx:TrackPointExtension>
        </extensions>
      </trkpt>
      <trkpt lat="1.3970603661207723" lon="103.89385627169196">
        <ele>0</ele>
        <time>2026-09-23T23:51:22Z</time>
        <extensions>
          <gpxtpx:TrackPointExtension>
            <gpxtpx:hr>104</gpxtpx:hr>
          </gpxtpx:TrackPointExtension>
        </extensions>
      </trkpt>
      <trkpt lat="1.397059089157468" lon="103.89386111799507">
        <ele>0</ele>
        <time>2026-09-23T23:51:23Z</time>
        <extensions>
          <gpxtpx:TrackPointExtension>
            <gpxtpx:hr>104</gpxtpx:hr>
          </gpxtpx:TrackPointExtension>
        </extensions>
      </trkpt>
      <trkpt lat="1.3970575421513893" lon="103.89386621009703">
        <ele>0</ele>
        <time>2026-09-23T23:51:24Z</time>
        <extensions>
          <gpxtpx:TrackPointExtension>
            <gpxtpx:hr>104</gpxtpx:hr>
          </gpxtpx:TrackPointExtension>
        </extensions>
      </trkpt>
      <trkpt lat="1.3970559167688397" lon="103.8938714221646">
        <ele>0</ele>
        <time>2026-09-23T23:51:25Z</time>
        <extensions>
          <gpxtpx:TrackPointExtension>
            <gpxtpx:hr>104</gpxtpx:hr>
          </gpxtpx:TrackPointExtension>
        </extensions>
      </trkpt>
      <trkpt lat="1.3970542446407483" lon="103.89387671686826">
        <ele>0</ele>
        <time>2026-09-23T23:51:26Z</time>
        <extensions>
          <gpxtpx:TrackPointExtension>
            <gpxtpx:hr>104</gpxtpx:hr>
          </gpxtpx:TrackPointExtension>
        </extensions>
      </trkpt>
      <trkpt lat="1.3970524535250326" lon="103.89388207587261">
        <ele>0</ele>
        <time>2026-09-23T23:51:27Z</time>
        <extensions>
          <gpxtpx:TrackPointExtension>
            <gpxtpx:hr>104</gpxtpx:hr>
          </gpxtpx:TrackPointExtension>
        </extensions>
      </trkpt>
      <trkpt lat="1.3970507095749838" lon="103.89388736788014">
        <ele>0</ele>
        <time>2026-09-23T23:51:28Z</time>
        <extensions>
          <gpxtpx:TrackPointExtension>
            <gpxtpx:hr>104</gpxtpx:hr>
          </gpxtpx:TrackPointExtension>
        </extensions>
      </trkpt>
      <trkpt lat="1.397052173602413" lon="103.89389127030361">
        <ele>0</ele>
        <time>2026-09-23T23:51:29Z</time>
        <extensions>
          <gpxtpx:TrackPointExtension>
            <gpxtpx:hr>104</gpxtpx:hr>
          </gpxtpx:TrackPointExtension>
        </extensions>
      </trkpt>
      <trkpt lat="1.3970568976863686" lon="103.89389390451441">
        <ele>0</ele>
        <time>2026-09-23T23:51:30Z</time>
        <extensions>
          <gpxtpx:TrackPointExtension>
            <gpxtpx:hr>104</gpxtpx:hr>
          </gpxtpx:TrackPointExtension>
        </extensions>
      </trkpt>
      <trkpt lat="1.3970616727666207" lon="103.89389627437441">
        <ele>0</ele>
        <time>2026-09-23T23:51:31Z</time>
        <extensions>
          <gpxtpx:TrackPointExtension>
            <gpxtpx:hr>104</gpxtpx:hr>
          </gpxtpx:TrackPointExtension>
        </extensions>
      </trkpt>
      <trkpt lat="1.3970663533936527" lon="103.89389835692708">
        <ele>0</ele>
        <time>2026-09-23T23:51:32Z</time>
        <extensions>
          <gpxtpx:TrackPointExtension>
            <gpxtpx:hr>104</gpxtpx:hr>
          </gpxtpx:TrackPointExtension>
        </extensions>
      </trkpt>
      <trkpt lat="1.3970707026863578" lon="103.89390043179996">
        <ele>0</ele>
        <time>2026-09-23T23:51:33Z</time>
        <extensions>
          <gpxtpx:TrackPointExtension>
            <gpxtpx:hr>104</gpxtpx:hr>
          </gpxtpx:TrackPointExtension>
        </extensions>
      </trkpt>
      <trkpt lat="1.3970744251844835" lon="103.89390245853103">
        <ele>0</ele>
        <time>2026-09-23T23:51:34Z</time>
        <extensions>
          <gpxtpx:TrackPointExtension>
            <gpxtpx:hr>104</gpxtpx:hr>
          </gpxtpx:TrackPointExtension>
        </extensions>
      </trkpt>
      <trkpt lat="1.3970756518035867" lon="103.89390397453705">
        <ele>0</ele>
        <time>2026-09-23T23:51:35Z</time>
        <extensions>
          <gpxtpx:TrackPointExtension>
            <gpxtpx:hr>104</gpxtpx:hr>
          </gpxtpx:TrackPointExtension>
        </extensions>
      </trkpt>
      <trkpt lat="1.3970753999345762" lon="103.89390400821603">
        <ele>0</ele>
        <time>2026-09-23T23:51:36Z</time>
        <extensions>
          <gpxtpx:TrackPointExtension>
            <gpxtpx:hr>100</gpxtpx:hr>
          </gpxtpx:TrackPointExtension>
        </extensions>
      </trkpt>
      <trkpt lat="1.3970749607421826" lon="103.89390396994344">
        <ele>0</ele>
        <time>2026-09-23T23:51:37Z</time>
        <extensions>
          <gpxtpx:TrackPointExtension>
            <gpxtpx:hr>100</gpxtpx:hr>
          </gpxtpx:TrackPointExtension>
        </extensions>
      </trkpt>
      <trkpt lat="1.3970742954984035" lon="103.89390383908525">
        <ele>0</ele>
        <time>2026-09-23T23:51:38Z</time>
        <extensions>
          <gpxtpx:TrackPointExtension>
            <gpxtpx:hr>100</gpxtpx:hr>
          </gpxtpx:TrackPointExtension>
        </extensions>
      </trkpt>
      <trkpt lat="1.397075870935835" lon="103.89390434689147">
        <ele>0</ele>
        <time>2026-09-23T23:51:39Z</time>
        <extensions>
          <gpxtpx:TrackPointExtension>
            <gpxtpx:hr>104</gpxtpx:hr>
          </gpxtpx:TrackPointExtension>
        </extensions>
      </trkpt>
      <trkpt lat="1.39707949319346" lon="103.89390541077064">
        <ele>0</ele>
        <time>2026-09-23T23:51:40Z</time>
        <extensions>
          <gpxtpx:TrackPointExtension>
            <gpxtpx:hr>104</gpxtpx:hr>
          </gpxtpx:TrackPointExtension>
        </extensions>
      </trkpt>
      <trkpt lat="1.3970834146734736" lon="103.89390620293057">
        <ele>0</ele>
        <time>2026-09-23T23:51:41Z</time>
        <extensions>
          <gpxtpx:TrackPointExtension>
            <gpxtpx:hr>104</gpxtpx:hr>
          </gpxtpx:TrackPointExtension>
        </extensions>
      </trkpt>
      <trkpt lat="1.3970879052834384" lon="103.89390668700086">
        <ele>0</ele>
        <time>2026-09-23T23:51:42Z</time>
        <extensions>
          <gpxtpx:TrackPointExtension>
            <gpxtpx:hr>104</gpxtpx:hr>
          </gpxtpx:TrackPointExtension>
        </extensions>
      </trkpt>
      <trkpt lat="1.3970929707164719" lon="103.89390712793039">
        <ele>0</ele>
        <time>2026-09-23T23:51:43Z</time>
        <extensions>
          <gpxtpx:TrackPointExtension>
            <gpxtpx:hr>103</gpxtpx:hr>
          </gpxtpx:TrackPointExtension>
        </extensions>
      </trkpt>
      <trkpt lat="1.3970979530416703" lon="103.89390750995356">
        <ele>0</ele>
        <time>2026-09-23T23:51:44Z</time>
        <extensions>
          <gpxtpx:TrackPointExtension>
            <gpxtpx:hr>103</gpxtpx:hr>
          </gpxtpx:TrackPointExtension>
        </extensions>
      </trkpt>
      <trkpt lat="1.3971059891958466" lon="103.89390891017827">
        <ele>0</ele>
        <time>2026-09-23T23:51:45Z</time>
        <extensions>
          <gpxtpx:TrackPointExtension>
            <gpxtpx:hr>103</gpxtpx:hr>
          </gpxtpx:TrackPointExtension>
        </extensions>
      </trkpt>
      <trkpt lat="1.3971115314366815" lon="103.89390928236429">
        <ele>0</ele>
        <time>2026-09-23T23:51:46Z</time>
        <extensions>
          <gpxtpx:TrackPointExtension>
            <gpxtpx:hr>103</gpxtpx:hr>
          </gpxtpx:TrackPointExtension>
        </extensions>
      </trkpt>
      <trkpt lat="1.3971116620925852" lon="103.89390768075921">
        <ele>0</ele>
        <time>2026-09-23T23:51:47Z</time>
        <extensions>
          <gpxtpx:TrackPointExtension>
            <gpxtpx:hr>103</gpxtpx:hr>
          </gpxtpx:TrackPointExtension>
        </extensions>
      </trkpt>
      <trkpt lat="1.397118720605134" lon="103.89391002180044">
        <ele>0</ele>
        <time>2026-09-23T23:51:48Z</time>
        <extensions>
          <gpxtpx:TrackPointExtension>
            <gpxtpx:hr>103</gpxtpx:hr>
          </gpxtpx:TrackPointExtension>
        </extensions>
      </trkpt>
      <trkpt lat="1.3971306405815942" lon="103.89391453518276">
        <ele>0</ele>
        <time>2026-09-23T23:51:49Z</time>
        <extensions>
          <gpxtpx:TrackPointExtension>
            <gpxtpx:hr>103</gpxtpx:hr>
          </gpxtpx:TrackPointExtension>
        </extensions>
      </trkpt>
      <trkpt lat="1.3971424101997667" lon="103.89391962834621">
        <ele>0</ele>
        <time>2026-09-23T23:51:50Z</time>
        <extensions>
          <gpxtpx:TrackPointExtension>
            <gpxtpx:hr>103</gpxtpx:hr>
          </gpxtpx:TrackPointExtension>
        </extensions>
      </trkpt>
      <trkpt lat="1.397147100432019" lon="103.8939269880457">
        <ele>0</ele>
        <time>2026-09-23T23:51:51Z</time>
        <extensions>
          <gpxtpx:TrackPointExtension>
            <gpxtpx:hr>103</gpxtpx:hr>
          </gpxtpx:TrackPointExtension>
        </extensions>
      </trkpt>
      <trkpt lat="1.3971451183703407" lon="103.89393690672753">
        <ele>0</ele>
        <time>2026-09-23T23:51:52Z</time>
        <extensions>
          <gpxtpx:TrackPointExtension>
            <gpxtpx:hr>103</gpxtpx:hr>
          </gpxtpx:TrackPointExtension>
        </extensions>
      </trkpt>
      <trkpt lat="1.3971481851837215" lon="103.89394486966539">
        <ele>0</ele>
        <time>2026-09-23T23:51:53Z</time>
        <extensions>
          <gpxtpx:TrackPointExtension>
            <gpxtpx:hr>103</gpxtpx:hr>
          </gpxtpx:TrackPointExtension>
        </extensions>
      </trkpt>
      <trkpt lat="1.3971571619878747" lon="103.89395049419643">
        <ele>0</ele>
        <time>2026-09-23T23:51:54Z</time>
        <extensions>
          <gpxtpx:TrackPointExtension>
            <gpxtpx:hr>102</gpxtpx:hr>
          </gpxtpx:TrackPointExtension>
        </extensions>
      </trkpt>
      <trkpt lat="1.3971671572385138" lon="103.89395678940453">
        <ele>0</ele>
        <time>2026-09-23T23:51:55Z</time>
        <extensions>
          <gpxtpx:TrackPointExtension>
            <gpxtpx:hr>102</gpxtpx:hr>
          </gpxtpx:TrackPointExtension>
        </extensions>
      </trkpt>
      <trkpt lat="1.3971775483919293" lon="103.89396315135099">
        <ele>0</ele>
        <time>2026-09-23T23:51:56Z</time>
        <extensions>
          <gpxtpx:TrackPointExtension>
            <gpxtpx:hr>102</gpxtpx:hr>
          </gpxtpx:TrackPointExtension>
        </extensions>
      </trkpt>
      <trkpt lat="1.3971887732264334" lon="103.89396976747118">
        <ele>0</ele>
        <time>2026-09-23T23:51:57Z</time>
        <extensions>
          <gpxtpx:TrackPointExtension>
            <gpxtpx:hr>102</gpxtpx:hr>
          </gpxtpx:TrackPointExtension>
        </extensions>
      </trkpt>
      <trkpt lat="1.3972006920812616" lon="103.89397685216011">
        <ele>0</ele>
        <time>2026-09-23T23:51:58Z</time>
        <extensions>
          <gpxtpx:TrackPointExtension>
            <gpxtpx:hr>102</gpxtpx:hr>
          </gpxtpx:TrackPointExtension>
        </extensions>
      </trkpt>
      <trkpt lat="1.3972129710499785" lon="103.8939842022848">
        <ele>0</ele>
        <time>2026-09-23T23:51:59Z</time>
        <extensions>
          <gpxtpx:TrackPointExtension>
            <gpxtpx:hr>102</gpxtpx:hr>
          </gpxtpx:TrackPointExtension>
        </extensions>
      </trkpt>
      <trkpt lat="1.3972248670884986" lon="103.89399127145522">
        <ele>0</ele>
        <time>2026-09-23T23:52:00Z</time>
        <extensions>
          <gpxtpx:TrackPointExtension>
            <gpxtpx:hr>102</gpxtpx:hr>
          </gpxtpx:TrackPointExtension>
        </extensions>
      </trkpt>
      <trkpt lat="1.3972361342499835" lon="103.89399805598899">
        <ele>0</ele>
        <time>2026-09-23T23:52:01Z</time>
        <extensions>
          <gpxtpx:TrackPointExtension>
            <gpxtpx:hr>102</gpxtpx:hr>
          </gpxtpx:TrackPointExtension>
        </extensions>
      </trkpt>
      <trkpt lat="1.3972476401435252" lon="103.89400491953903">
        <ele>0</ele>
        <time>2026-09-23T23:52:02Z</time>
        <extensions>
          <gpxtpx:TrackPointExtension>
            <gpxtpx:hr>102</gpxtpx:hr>
          </gpxtpx:TrackPointExtension>
        </extensions>
      </trkpt>
      <trkpt lat="1.3972597966094664" lon="103.89401209035552">
        <ele>0</ele>
        <time>2026-09-23T23:52:03Z</time>
        <extensions>
          <gpxtpx:TrackPointExtension>
            <gpxtpx:hr>102</gpxtpx:hr>
          </gpxtpx:TrackPointExtension>
        </extensions>
      </trkpt>
      <trkpt lat="1.3972722644581583" lon="103.89402042727988">
        <ele>0</ele>
        <time>2026-09-23T23:52:04Z</time>
        <extensions>
          <gpxtpx:TrackPointExtension>
            <gpxtpx:hr>102</gpxtpx:hr>
          </gpxtpx:TrackPointExtension>
        </extensions>
      </trkpt>
      <trkpt lat="1.3972850297432653" lon="103.89402981386927">
        <ele>0</ele>
        <time>2026-09-23T23:52:05Z</time>
        <extensions>
          <gpxtpx:TrackPointExtension>
            <gpxtpx:hr>102</gpxtpx:hr>
          </gpxtpx:TrackPointExtension>
        </extensions>
      </trkpt>
      <trkpt lat="1.3972983804116876" lon="103.89403949776751">
        <ele>0</ele>
        <time>2026-09-23T23:52:06Z</time>
        <extensions>
          <gpxtpx:TrackPointExtension>
            <gpxtpx:hr>102</gpxtpx:hr>
          </gpxtpx:TrackPointExtension>
        </extensions>
      </trkpt>
      <trkpt lat="1.3973122371048348" lon="103.8940495050057">
        <ele>0</ele>
        <time>2026-09-23T23:52:07Z</time>
        <extensions>
          <gpxtpx:TrackPointExtension>
            <gpxtpx:hr>102</gpxtpx:hr>
          </gpxtpx:TrackPointExtension>
        </extensions>
      </trkpt>
      <trkpt lat="1.3973286171239832" lon="103.89406131192747">
        <ele>0</ele>
        <time>2026-09-23T23:52:08Z</time>
        <extensions>
          <gpxtpx:TrackPointExtension>
            <gpxtpx:hr>102</gpxtpx:hr>
          </gpxtpx:TrackPointExtension>
        </extensions>
      </trkpt>
      <trkpt lat="1.3973458579983806" lon="103.8940735949402">
        <ele>0</ele>
        <time>2026-09-23T23:52:09Z</time>
      </trkpt>
      <trkpt lat="1.397361540108747" lon="103.89408450379734">
        <ele>0</ele>
        <time>2026-09-23T23:52:10Z</time>
      </trkpt>
      <trkpt lat="1.3973789732204545" lon="103.89409539814004">
        <ele>0</ele>
        <time>2026-09-23T23:52:11Z</time>
      </trkpt>
      <trkpt lat="1.3973956212020522" lon="103.89410492381408">
        <ele>0</ele>
        <time>2026-09-23T23:52:12Z</time>
      </trkpt>
      <trkpt lat="1.3974093795768943" lon="103.89411267982443">
        <ele>0</ele>
        <time>2026-09-23T23:52:13Z</time>
      </trkpt>
      <trkpt lat="1.3974246321767747" lon="103.89412115204159">
        <ele>0</ele>
        <time>2026-09-23T23:52:14Z</time>
      </trkpt>
      <trkpt lat="1.397439398174833" lon="103.89412924361983">
        <ele>0</ele>
        <time>2026-09-23T23:52:15Z</time>
      </trkpt>
      <trkpt lat="1.397452146678945" lon="103.89413625234573">
        <ele>0</ele>
        <time>2026-09-23T23:52:16Z</time>
      </trkpt>
      <trkpt lat="1.3974651822838213" lon="103.8941432272961">
        <ele>0</ele>
        <time>2026-09-23T23:52:17Z</time>
      </trkpt>
      <trkpt lat="1.397477591547901" lon="103.89414968041358">
        <ele>0</ele>
        <time>2026-09-23T23:52:18Z</time>
      </trkpt>
      <trkpt lat="1.3974889166009208" lon="103.89415553539689">
        <ele>0</ele>
        <time>2026-09-23T23:52:19Z</time>
      </trkpt>
      <trkpt lat="1.3975003463648776" lon="103.89416123278473">
        <ele>0</ele>
        <time>2026-09-23T23:52:20Z</time>
      </trkpt>
      <trkpt lat="1.3975126161038138" lon="103.89416711897272">
        <ele>0</ele>
        <time>2026-09-23T23:52:21Z</time>
      </trkpt>
      <trkpt lat="1.3975258502778676" lon="103.8941734525173">
        <ele>0</ele>
        <time>2026-09-23T23:52:22Z</time>
      </trkpt>
      <trkpt lat="1.3975399401312354" lon="103.89418013913084">
        <ele>0</ele>
        <time>2026-09-23T23:52:23Z</time>
      </trkpt>
      <trkpt lat="1.397553126052401" lon="103.89418626797493">
        <ele>0</ele>
        <time>2026-09-23T23:52:24Z</time>
      </trkpt>
      <trkpt lat="1.397564664627284" lon="103.89419154112846">
        <ele>0</ele>
        <time>2026-09-23T23:52:25Z</time>
      </trkpt>
      <trkpt lat="1.3975764010563931" lon="103.89419674128304">
        <ele>0</ele>
        <time>2026-09-23T23:52:26Z</time>
      </trkpt>
      <trkpt lat="1.3975887303515697" lon="103.89420210260394">
        <ele>0</ele>
        <time>2026-09-23T23:52:27Z</time>
      </trkpt>
      <trkpt lat="1.39760137572058" lon="103.89420761307132">
        <ele>0</ele>
        <time>2026-09-23T23:52:28Z</time>
      </trkpt>
      <trkpt lat="1.3976140704950333" lon="103.89421302131785">
        <ele>0</ele>
        <time>2026-09-23T23:52:29Z</time>
      </trkpt>
      <trkpt lat="1.3976262551036873" lon="103.89421758423292">
        <ele>0</ele>
        <time>2026-09-23T23:52:30Z</time>
      </trkpt>
      <trkpt lat="1.3976380129533745" lon="103.89422136973418">
        <ele>0</ele>
        <time>2026-09-23T23:52:31Z</time>
      </trkpt>
      <trkpt lat="1.3976498941937672" lon="103.89422510864145">
        <ele>0</ele>
        <time>2026-09-23T23:52:32Z</time>
      </trkpt>
      <trkpt lat="1.3976610114371075" lon="103.89422854135859">
        <ele>0</ele>
        <time>2026-09-23T23:52:33Z</time>
      </trkpt>
      <trkpt lat="1.397671407436511" lon="103.89423173851173">
        <ele>0</ele>
        <time>2026-09-23T23:52:34Z</time>
      </trkpt>
      <trkpt lat="1.3976816028269385" lon="103.89423485439289">
        <ele>0</ele>
        <time>2026-09-23T23:52:35Z</time>
      </trkpt>
      <trkpt lat="1.3976876866173455" lon="103.89423696080028">
        <ele>0</ele>
        <time>2026-09-23T23:52:36Z</time>
      </trkpt>
      <trkpt lat="1.3976902155287707" lon="103.89423822392286">
        <ele>0</ele>
        <time>2026-09-23T23:52:37Z</time>
      </trkpt>
      <trkpt lat="1.397699978988493" lon="103.89424150636388">
        <ele>0</ele>
        <time>2026-09-23T23:52:38Z</time>
      </trkpt>
      <trkpt lat="1.3977136221296527" lon="103.89424649832205">
        <ele>0</ele>
        <time>2026-09-23T23:52:39Z</time>
      </trkpt>
      <trkpt lat="1.3977241319791658" lon="103.89425127385219">
        <ele>0</ele>
        <time>2026-09-23T23:52:40Z</time>
      </trkpt>
      <trkpt lat="1.397734044938953" lon="103.89425649896805">
        <ele>0</ele>
        <time>2026-09-23T23:52:41Z</time>
      </trkpt>
      <trkpt lat="1.3977434479040498" lon="103.89426211811399">
        <ele>0</ele>
        <time>2026-09-23T23:52:42Z</time>
      </trkpt>
      <trkpt lat="1.39775261845441" lon="103.89426759865046">
        <ele>0</ele>
        <time>2026-09-23T23:52:43Z</time>
      </trkpt>
      <trkpt lat="1.397762087253752" lon="103.89427258684859">
        <ele>0</ele>
        <time>2026-09-23T23:52:44Z</time>
      </trkpt>
      <trkpt lat="1.3977728143133294" lon="103.8942774485886">
        <ele>0</ele>
        <time>2026-09-23T23:52:45Z</time>
      </trkpt>
      <trkpt lat="1.3977849359705024" lon="103.89428263880426">
        <ele>0</ele>
        <time>2026-09-23T23:52:46Z</time>
      </trkpt>
      <trkpt lat="1.3977985780159563" lon="103.894288158835">
        <ele>0</ele>
        <time>2026-09-23T23:52:47Z</time>
      </trkpt>
      <trkpt lat="1.3978124329255055" lon="103.89429372650076">
        <ele>0</ele>
        <time>2026-09-23T23:52:48Z</time>
      </trkpt>
      <trkpt lat="1.3978256331610175" lon="103.89429901556025">
        <ele>0</ele>
        <time>2026-09-23T23:52:49Z</time>
      </trkpt>
      <trkpt lat="1.3978392139136842" lon="103.89430444584863">
        <ele>0</ele>
        <time>2026-09-23T23:52:50Z</time>
      </trkpt>
      <trkpt lat="1.3978518325731863" lon="103.89430946777345">
        <ele>0</ele>
        <time>2026-09-23T23:52:51Z</time>
      </trkpt>
      <trkpt lat="1.3978630796344276" lon="103.89431392987916">
        <ele>0</ele>
        <time>2026-09-23T23:52:52Z</time>
      </trkpt>
      <trkpt lat="1.397874107856285" lon="103.89431829072265">
        <ele>0</ele>
        <time>2026-09-23T23:52:53Z</time>
      </trkpt>
      <trkpt lat="1.3978856472744547" lon="103.89432283393045">
        <ele>0</ele>
        <time>2026-09-23T23:52:54Z</time>
      </trkpt>
      <trkpt lat="1.3978976138700758" lon="103.89432753834208">
        <ele>0</ele>
        <time>2026-09-23T23:52:55Z</time>
      </trkpt>
      <trkpt lat="1.3979095463679991" lon="103.89433221736738">
        <ele>0</ele>
        <time>2026-09-23T23:52:56Z</time>
      </trkpt>
      <trkpt lat="1.397921782456918" lon="103.89433699889291">
        <ele>0</ele>
        <time>2026-09-23T23:52:57Z</time>
      </trkpt>
      <trkpt lat="1.3979344117669081" lon="103.89434192839725">
        <ele>0</ele>
        <time>2026-09-23T23:52:58Z</time>
      </trkpt>
      <trkpt lat="1.3979472530894805" lon="103.89434693058732">
        <ele>0</ele>
        <time>2026-09-23T23:52:59Z</time>
      </trkpt>
      <trkpt lat="1.3979592521862076" lon="103.8943515919965">
        <ele>0</ele>
        <time>2026-09-23T23:53:00Z</time>
      </trkpt>
      <trkpt lat="1.3979702782387877" lon="103.8943558681894">
        <ele>0</ele>
        <time>2026-09-23T23:53:01Z</time>
      </trkpt>
      <trkpt lat="1.3979814863087439" lon="103.8943602057057">
        <ele>0</ele>
        <time>2026-09-23T23:53:02Z</time>
      </trkpt>
      <trkpt lat="1.3979936783646376" lon="103.89436491542506">
        <ele>0</ele>
        <time>2026-09-23T23:53:03Z</time>
      </trkpt>
      <trkpt lat="1.3980066965957665" lon="103.89436994051603">
        <ele>0</ele>
        <time>2026-09-23T23:53:04Z</time>
      </trkpt>
      <trkpt lat="1.3980201589949077" lon="103.89437512796268">
        <ele>0</ele>
        <time>2026-09-23T23:53:05Z</time>
      </trkpt>
      <trkpt lat="1.3980340825599773" lon="103.89438048212305">
        <ele>0</ele>
        <time>2026-09-23T23:53:06Z</time>
      </trkpt>
      <trkpt lat="1.3980479588114723" lon="103.8943858174534">
        <ele>0</ele>
        <time>2026-09-23T23:53:07Z</time>
      </trkpt>
      <trkpt lat="1.3980623084703174" lon="103.89439135749801">
        <ele>0</ele>
        <time>2026-09-23T23:53:08Z</time>
      </trkpt>
      <trkpt lat="1.398076295657329" lon="103.89439676903707">
        <ele>0</ele>
        <time>2026-09-23T23:53:09Z</time>
      </trkpt>
      <trkpt lat="1.3980895631088435" lon="103.89440189164624">
        <ele>0</ele>
        <time>2026-09-23T23:53:10Z</time>
      </trkpt>
      <trkpt lat="1.3981024763030998" lon="103.89440691962807">
        <ele>0</ele>
        <time>2026-09-23T23:53:11Z</time>
      </trkpt>
      <trkpt lat="1.3981140165815407" lon="103.89441137404381">
        <ele>0</ele>
        <time>2026-09-23T23:53:12Z</time>
      </trkpt>
      <trkpt lat="1.3981236083772544" lon="103.89441506001384">
        <ele>0</ele>
        <time>2026-09-23T23:53:13Z</time>
      </trkpt>
      <trkpt lat="1.3981335754413498" lon="103.894418895201">
        <ele>0</ele>
        <time>2026-09-23T23:53:14Z</time>
      </trkpt>
      <trkpt lat="1.3981458856689193" lon="103.89442362427329">
        <ele>0</ele>
        <time>2026-09-23T23:53:15Z</time>
      </trkpt>
      <trkpt lat="1.3981548403516688" lon="103.89442713167195">
        <ele>0</ele>
        <time>2026-09-23T23:53:16Z</time>
      </trkpt>
      <trkpt lat="1.398160355253643" lon="103.89442934263614">
        <ele>0</ele>
        <time>2026-09-23T23:53:17Z</time>
      </trkpt>
      <trkpt lat="1.398168733051896" lon="103.89443317846249">
        <ele>0</ele>
        <time>2026-09-23T23:53:18Z</time>
      </trkpt>
      <trkpt lat="1.3981793713737534" lon="103.89443868809548">
        <ele>0</ele>
        <time>2026-09-23T23:53:19Z</time>
      </trkpt>
      <trkpt lat="1.398192943077218" lon="103.89444517892349">
        <ele>0</ele>
        <time>2026-09-23T23:53:20Z</time>
      </trkpt>
      <trkpt lat="1.3982009536411149" lon="103.89444872033322">
        <ele>0</ele>
        <time>2026-09-23T23:53:21Z</time>
      </trkpt>
      <trkpt lat="1.3982196814945906" lon="103.89445629805805">
        <ele>0</ele>
        <time>2026-09-23T23:53:22Z</time>
      </trkpt>
      <trkpt lat="1.398230481333264" lon="103.89446063481664">
        <ele>0</ele>
        <time>2026-09-23T23:53:23Z</time>
      </trkpt>
      <trkpt lat="1.3982426625693545" lon="103.8944654762106">
        <ele>0</ele>
        <time>2026-09-23T23:53:24Z</time>
      </trkpt>
      <trkpt lat="1.3982549966271551" lon="103.89447036862312">
        <ele>0</ele>
        <time>2026-09-23T23:53:25Z</time>
      </trkpt>
      <trkpt lat="1.3982691509969256" lon="103.89447596430024">
        <ele>0</ele>
        <time>2026-09-23T23:53:26Z</time>
      </trkpt>
      <trkpt lat="1.3982818542472768" lon="103.89448097253334">
        <ele>0</ele>
        <time>2026-09-23T23:53:27Z</time>
      </trkpt>
      <trkpt lat="1.3982921700326911" lon="103.89448504076795">
        <ele>0</ele>
        <time>2026-09-23T23:53:28Z</time>
      </trkpt>
      <trkpt lat="1.398302227436888" lon="103.89448895424584">
        <ele>0</ele>
        <time>2026-09-23T23:53:29Z</time>
      </trkpt>
      <trkpt lat="1.3983132895168788" lon="103.89449329442546">
        <ele>0</ele>
        <time>2026-09-23T23:53:30Z</time>
      </trkpt>
      <trkpt lat="1.3983255301067758" lon="103.89449808944713">
        <ele>0</ele>
        <time>2026-09-23T23:53:31Z</time>
      </trkpt>
      <trkpt lat="1.3983379349570335" lon="103.89450293919187">
        <ele>0</ele>
        <time>2026-09-23T23:53:32Z</time>
      </trkpt>
      <trkpt lat="1.3983504634654143" lon="103.89450781657544">
        <ele>0</ele>
        <time>2026-09-23T23:53:33Z</time>
      </trkpt>
      <trkpt lat="1.398362633590994" lon="103.89451254673877">
        <ele>0</ele>
        <time>2026-09-23T23:53:34Z</time>
      </trkpt>
      <trkpt lat="1.3983729374393328" lon="103.89451654629427">
        <ele>0</ele>
        <time>2026-09-23T23:53:35Z</time>
      </trkpt>
      <trkpt lat="1.3983824936184401" lon="103.89452024156105">
        <ele>0</ele>
        <time>2026-09-23T23:53:36Z</time>
      </trkpt>
      <trkpt lat="1.3983940335586347" lon="103.8945247184381">
        <ele>0</ele>
        <time>2026-09-23T23:53:37Z</time>
      </trkpt>
      <trkpt lat="1.398407606133845" lon="103.89453028226463">
        <ele>0</ele>
        <time>2026-09-23T23:53:38Z</time>
      </trkpt>
      <trkpt lat="1.3984211543840037" lon="103.89453585155289">
        <ele>0</ele>
        <time>2026-09-23T23:53:39Z</time>
      </trkpt>
      <trkpt lat="1.3984339674419042" lon="103.89454115392338">
        <ele>0</ele>
        <time>2026-09-23T23:53:40Z</time>
      </trkpt>
      <trkpt lat="1.3984464063901734" lon="103.89454709191598">
        <ele>0</ele>
        <time>2026-09-23T23:53:41Z</time>
      </trkpt>
      <trkpt lat="1.3984582464169728" lon="103.89455327062778">
        <ele>0</ele>
        <time>2026-09-23T23:53:42Z</time>
      </trkpt>
      <trkpt lat="1.3984697736541998" lon="103.89455932454264">
        <ele>0</ele>
        <time>2026-09-23T23:53:43Z</time>
      </trkpt>
      <trkpt lat="1.3984811865190907" lon="103.89456560771771">
        <ele>0</ele>
        <time>2026-09-23T23:53:44Z</time>
      </trkpt>
      <trkpt lat="1.3984922502463661" lon="103.89457197029947">
        <ele>0</ele>
        <time>2026-09-23T23:53:45Z</time>
      </trkpt>
      <trkpt lat="1.3985031287247125" lon="103.89457822811575">
        <ele>0</ele>
        <time>2026-09-23T23:53:46Z</time>
      </trkpt>
      <trkpt lat="1.3985140299138508" lon="103.89458458941503">
        <ele>0</ele>
        <time>2026-09-23T23:53:47Z</time>
      </trkpt>
      <trkpt lat="1.3985247588355272" lon="103.8945918413912">
        <ele>0</ele>
        <time>2026-09-23T23:53:48Z</time>
      </trkpt>
      <trkpt lat="1.3985352130559277" lon="103.89459991886629">
        <ele>0</ele>
        <time>2026-09-23T23:53:49Z</time>
      </trkpt>
      <trkpt lat="1.398545458329061" lon="103.8946079511208">
        <ele>0</ele>
        <time>2026-09-23T23:53:50Z</time>
      </trkpt>
      <trkpt lat="1.398555526538899" lon="103.89461670247793">
        <ele>0</ele>
        <time>2026-09-23T23:53:51Z</time>
      </trkpt>
      <trkpt lat="1.3985654733797572" lon="103.89462628568212">
        <ele>0</ele>
        <time>2026-09-23T23:53:52Z</time>
      </trkpt>
      <trkpt lat="1.3985754152232732" lon="103.89463610180894">
        <ele>0</ele>
        <time>2026-09-23T23:53:53Z</time>
      </trkpt>
      <trkpt lat="1.3985858693885849" lon="103.89464644421909">
        <ele>0</ele>
        <time>2026-09-23T23:53:54Z</time>
      </trkpt>
      <trkpt lat="1.398596900677539" lon="103.8946575381759">
        <ele>0</ele>
        <time>2026-09-23T23:53:55Z</time>
      </trkpt>
      <trkpt lat="1.398607800627022" lon="103.89466945493477">
        <ele>0</ele>
        <time>2026-09-23T23:53:56Z</time>
      </trkpt>
      <trkpt lat="1.3986179229329518" lon="103.89468144715778">
        <ele>0</ele>
        <time>2026-09-23T23:53:57Z</time>
      </trkpt>
      <trkpt lat="1.3986275513153035" lon="103.89469303055502">
        <ele>0</ele>
        <time>2026-09-23T23:53:58Z</time>
      </trkpt>
      <trkpt lat="1.3986372111871725" lon="103.89470469847338">
        <ele>0</ele>
        <time>2026-09-23T23:53:59Z</time>
      </trkpt>
      <trkpt lat="1.3986458413975262" lon="103.89471563949111">
        <ele>0</ele>
        <time>2026-09-23T23:54:00Z</time>
      </trkpt>
      <trkpt lat="1.3986460642438485" lon="103.89472709737764">
        <ele>0</ele>
        <time>2026-09-23T23:54:01Z</time>
      </trkpt>
      <trkpt lat="1.3986404208400762" lon="103.89474295119653">
        <ele>0</ele>
        <time>2026-09-23T23:54:02Z</time>
      </trkpt>
      <trkpt lat="1.3986405506011905" lon="103.89476231652755">
        <ele>0</ele>
        <time>2026-09-23T23:54:03Z</time>
      </trkpt>
      <trkpt lat="1.398644907634938" lon="103.89478222462235">
        <ele>0</ele>
        <time>2026-09-23T23:54:04Z</time>
      </trkpt>
      <trkpt lat="1.3986492092965126" lon="103.89479995751287">
        <ele>0</ele>
        <time>2026-09-23T23:54:05Z</time>
      </trkpt>
      <trkpt lat="1.3986524084132146" lon="103.89481753485873">
        <ele>0</ele>
        <time>2026-09-23T23:54:06Z</time>
      </trkpt>
      <trkpt lat="1.398654584755399" lon="103.89483522232393">
        <ele>0</ele>
        <time>2026-09-23T23:54:07Z</time>
      </trkpt>
      <trkpt lat="1.3986564908249532" lon="103.89485093731474">
        <ele>0</ele>
        <time>2026-09-23T23:54:08Z</time>
      </trkpt>
      <trkpt lat="1.3986578955279916" lon="103.89486272074478">
        <ele>0</ele>
        <time>2026-09-23T23:54:09Z</time>
      </trkpt>
      <trkpt lat="1.3986589326222525" lon="103.89487162855002">
        <ele>0</ele>
        <time>2026-09-23T23:54:10Z</time>
        <extensions>
          <gpxtpx:TrackPointExtension>
            <gpxtpx:hr>115</gpxtpx:hr>
          </gpxtpx:TrackPointExtension>
        </extensions>
      </trkpt>
      <trkpt lat="1.3986599252579843" lon="103.89488039774064">
        <ele>0</ele>
        <time>2026-09-23T23:54:11Z</time>
        <extensions>
          <gpxtpx:TrackPointExtension>
            <gpxtpx:hr>115</gpxtpx:hr>
          </gpxtpx:TrackPointExtension>
        </extensions>
      </trkpt>
      <trkpt lat="1.3986603421223143" lon="103.89489223895099">
        <ele>0</ele>
        <time>2026-09-23T23:54:12Z</time>
        <extensions>
          <gpxtpx:TrackPointExtension>
            <gpxtpx:hr>115</gpxtpx:hr>
          </gpxtpx:TrackPointExtension>
        </extensions>
      </trkpt>
      <trkpt lat="1.3986598243378956" lon="103.8949074728843">
        <ele>0</ele>
        <time>2026-09-23T23:54:13Z</time>
        <extensions>
          <gpxtpx:TrackPointExtension>
            <gpxtpx:hr>115</gpxtpx:hr>
          </gpxtpx:TrackPointExtension>
        </extensions>
      </trkpt>
      <trkpt lat="1.3986594299889346" lon="103.89492152336697">
        <ele>18.619108331389725</ele>
        <time>2026-09-23T23:54:15Z</time>
        <extensions>
          <gpxtpx:TrackPointExtension>
            <gpxtpx:hr>115</gpxtpx:hr>
          </gpxtpx:TrackPointExtension>
        </extensions>
      </trkpt>
      <trkpt lat="1.398662183789422" lon="103.89492779980654">
        <ele>18.754699697718024</ele>
        <time>2026-09-23T23:54:16Z</time>
        <extensions>
          <gpxtpx:TrackPointExtension>
            <gpxtpx:hr>115</gpxtpx:hr>
          </gpxtpx:TrackPointExtension>
        </extensions>
      </trkpt>
      <trkpt lat="1.3986679747658881" lon="103.89493844904887">
        <ele>18.89616907108575</ele>
        <time>2026-09-23T23:54:17Z</time>
        <extensions>
          <gpxtpx:TrackPointExtension>
            <gpxtpx:hr>115</gpxtpx:hr>
          </gpxtpx:TrackPointExtension>
        </extensions>
      </trkpt>
      <trkpt lat="1.3986744067963115" lon="103.89494966318844">
        <ele>19.044857004657388</ele>
        <time>2026-09-23T23:54:18Z</time>
        <extensions>
          <gpxtpx:TrackPointExtension>
            <gpxtpx:hr>115</gpxtpx:hr>
          </gpxtpx:TrackPointExtension>
        </extensions>
      </trkpt>
      <trkpt lat="1.398680329929248" lon="103.89496102827582">
        <ele>19.1736815366894</ele>
        <time>2026-09-23T23:54:19Z</time>
        <extensions>
          <gpxtpx:TrackPointExtension>
            <gpxtpx:hr>115</gpxtpx:hr>
          </gpxtpx:TrackPointExtension>
        </extensions>
      </trkpt>
      <trkpt lat="1.39868519020512" lon="103.89497261257826">
        <ele>19.27144468203187</ele>
        <time>2026-09-23T23:54:20Z</time>
        <extensions>
          <gpxtpx:TrackPointExtension>
            <gpxtpx:hr>115</gpxtpx:hr>
          </gpxtpx:TrackPointExtension>
        </extensions>
      </trkpt>
      <trkpt lat="1.3986896483318594" lon="103.89498392199877">
        <ele>19.333973608911037</ele>
        <time>2026-09-23T23:54:21Z</time>
        <extensions>
          <gpxtpx:TrackPointExtension>
            <gpxtpx:hr>115</gpxtpx:hr>
          </gpxtpx:TrackPointExtension>
        </extensions>
      </trkpt>
      <trkpt lat="1.398693663439418" lon="103.89499491092793">
        <ele>19.35796426050365</ele>
        <time>2026-09-23T23:54:22Z</time>
        <extensions>
          <gpxtpx:TrackPointExtension>
            <gpxtpx:hr>115</gpxtpx:hr>
          </gpxtpx:TrackPointExtension>
        </extensions>
      </trkpt>
      <trkpt lat="1.3986963756567796" lon="103.89500606058098">
        <ele>19.33997443318367</ele>
        <time>2026-09-23T23:54:23Z</time>
        <extensions>
          <gpxtpx:TrackPointExtension>
            <gpxtpx:hr>115</gpxtpx:hr>
          </gpxtpx:TrackPointExtension>
        </extensions>
      </trkpt>
      <trkpt lat="1.3986978815976885" lon="103.89501735531212">
        <ele>19.27721597161144</ele>
        <time>2026-09-23T23:54:24Z</time>
        <extensions>
          <gpxtpx:TrackPointExtension>
            <gpxtpx:hr>115</gpxtpx:hr>
          </gpxtpx:TrackPointExtension>
        </extensions>
      </trkpt>
      <trkpt lat="1.398698440228091" lon="103.8950286795891">
        <ele>19.16636603884399</ele>
        <time>2026-09-23T23:54:25Z</time>
        <extensions>
          <gpxtpx:TrackPointExtension>
            <gpxtpx:hr>115</gpxtpx:hr>
          </gpxtpx:TrackPointExtension>
        </extensions>
      </trkpt>
      <trkpt lat="1.3986981420119822" lon="103.89504006546969">
        <ele>19.006477382965386</ele>
        <time>2026-09-23T23:54:26Z</time>
        <extensions>
          <gpxtpx:TrackPointExtension>
            <gpxtpx:hr>115</gpxtpx:hr>
          </gpxtpx:TrackPointExtension>
        </extensions>
      </trkpt>
      <trkpt lat="1.398696930862602" lon="103.89505131191338">
        <ele>18.795112418942153</ele>
        <time>2026-09-23T23:54:27Z</time>
        <extensions>
          <gpxtpx:TrackPointExtension>
            <gpxtpx:hr>115</gpxtpx:hr>
          </gpxtpx:TrackPointExtension>
        </extensions>
      </trkpt>
      <trkpt lat="1.3986936719189131" lon="103.89506740713335">
        <ele>18.425255552865565</ele>
        <time>2026-09-23T23:54:28Z</time>
        <extensions>
          <gpxtpx:TrackPointExtension>
            <gpxtpx:hr>115</gpxtpx:hr>
          </gpxtpx:TrackPointExtension>
        </extensions>
      </trkpt>
      <trkpt lat="1.3986909052566492" lon="103.89507880479793">
        <ele>18.137140598148108</ele>
        <time>2026-09-23T23:54:29Z</time>
        <extensions>
          <gpxtpx:TrackPointExtension>
            <gpxtpx:hr>115</gpxtpx:hr>
          </gpxtpx:TrackPointExtension>
        </extensions>
      </trkpt>
      <trkpt lat="1.39868812058773" lon="103.89509089510155">
        <ele>17.85017838422209</ele>
        <time>2026-09-23T23:54:30Z</time>
      </trkpt>
      <trkpt lat="1.398684921241403" lon="103.8951034096226">
        <ele>17.57742916699499</ele>
        <time>2026-09-23T23:54:31Z</time>
      </trkpt>
      <trkpt lat="1.398680585503796" lon="103.89511558243551">
        <ele>17.324419105425477</ele>
        <time>2026-09-23T23:54:32Z</time>
      </trkpt>
      <trkpt lat="1.3986779309911488" lon="103.89512838178814">
        <ele>17.092558963224292</ele>
        <time>2026-09-23T23:54:33Z</time>
      </trkpt>
      <trkpt lat="1.3986785845990235" lon="103.89514226192699">
        <ele>16.88363299705088</ele>
        <time>2026-09-23T23:54:34Z</time>
      </trkpt>
      <trkpt lat="1.3986788073277587" lon="103.89515628762412">
        <ele>16.68917442113161</ele>
        <time>2026-09-23T23:54:35Z</time>
      </trkpt>
      <trkpt lat="1.398677146406529" lon="103.89517022207298">
        <ele>16.512549491599202</ele>
        <time>2026-09-23T23:54:36Z</time>
      </trkpt>
      <trkpt lat="1.39867403858605" lon="103.89518414881871">
        <ele>16.348505516536534</ele>
        <time>2026-09-23T23:54:37Z</time>
      </trkpt>
      <trkpt lat="1.3986699022100062" lon="103.89519852860775">
        <ele>16.42633641511202</ele>
        <time>2026-09-23T23:54:38Z</time>
      </trkpt>
      <trkpt lat="1.3986650518938784" lon="103.89521308141886">
        <ele>16.506867772899568</ele>
        <time>2026-09-23T23:54:39Z</time>
      </trkpt>
      <trkpt lat="1.3986603510886162" lon="103.89522752671539">
        <ele>16.59195482544601</ele>
        <time>2026-09-23T23:54:40Z</time>
      </trkpt>
      <trkpt lat="1.3986560818185347" lon="103.89524145635852">
        <ele>16.62506596930325</ele>
        <time>2026-09-23T23:54:41Z</time>
      </trkpt>
      <trkpt lat="1.398649661000365" lon="103.89525441171872">
        <ele>16.67537712585181</ele>
        <time>2026-09-23T23:54:42Z</time>
      </trkpt>
      <trkpt lat="1.3986425192590148" lon="103.89526725195084">
        <ele>16.713171364739537</ele>
        <time>2026-09-23T23:54:43Z</time>
      </trkpt>
      <trkpt lat="1.3986387951639891" lon="103.89528142965493">
        <ele>16.76101124472916</ele>
        <time>2026-09-23T23:54:44Z</time>
      </trkpt>
      <trkpt lat="1.3986366215349928" lon="103.89529637314806">
        <ele>16.831731274724007</ele>
        <time>2026-09-23T23:54:45Z</time>
      </trkpt>
      <trkpt lat="1.398633424050477" lon="103.89531122749923">
        <ele>16.91607998870313</ele>
        <time>2026-09-23T23:54:46Z</time>
      </trkpt>
      <trkpt lat="1.3986296662339972" lon="103.89532579839131">
        <ele>17.010119228623807</ele>
        <time>2026-09-23T23:54:47Z</time>
      </trkpt>
      <trkpt lat="1.3986251606877815" lon="103.89533973954077">
        <ele>17.102347212843597</ele>
        <time>2026-09-23T23:54:48Z</time>
      </trkpt>
      <trkpt lat="1.3986193126055197" lon="103.89535271883985">
        <ele>17.190378919243813</ele>
        <time>2026-09-23T23:54:49Z</time>
      </trkpt>
      <trkpt lat="1.3986120703389324" lon="103.89536494243468">
        <ele>17.25832460075617</ele>
        <time>2026-09-23T23:54:50Z</time>
      </trkpt>
      <trkpt lat="1.3986040170235816" lon="103.89537653545896">
        <ele>17.30915157031268</ele>
        <time>2026-09-23T23:54:51Z</time>
      </trkpt>
      <trkpt lat="1.3985960602276224" lon="103.89538702708094">
        <ele>17.342767868191004</ele>
        <time>2026-09-23T23:54:52Z</time>
      </trkpt>
      <trkpt lat="1.3985883864410098" lon="103.89539804271146">
        <ele>17.367135532200336</ele>
        <time>2026-09-23T23:54:53Z</time>
      </trkpt>
      <trkpt lat="1.3985803664892942" lon="103.89540862307415">
        <ele>17.39465432614088</ele>
        <time>2026-09-23T23:54:54Z</time>
      </trkpt>
      <trkpt lat="1.3985728614826047" lon="103.89541944843143">
        <ele>17.44578101206571</ele>
        <time>2026-09-23T23:54:55Z</time>
      </trkpt>
      <trkpt lat="1.3985659281356344" lon="103.89543105615256">
        <ele>17.469874439761043</ele>
        <time>2026-09-23T23:54:56Z</time>
      </trkpt>
      <trkpt lat="1.398559519821997" lon="103.8954424402787">
        <ele>17.492386693134904</ele>
        <time>2026-09-23T23:54:57Z</time>
      </trkpt>
      <trkpt lat="1.3985537618205512" lon="103.89545343030879">
        <ele>17.51346618309617</ele>
        <time>2026-09-23T23:54:58Z</time>
      </trkpt>
      <trkpt lat="1.3985486739463502" lon="103.89546402177584">
        <ele>17.533519121818244</ele>
        <time>2026-09-23T23:54:59Z</time>
      </trkpt>
      <trkpt lat="1.3985441723210914" lon="103.89547433493597">
        <ele>17.55335361789912</ele>
        <time>2026-09-23T23:55:00Z</time>
      </trkpt>
      <trkpt lat="1.3985401502458448" lon="103.89548446081125">
        <ele>17.574122275225818</ele>
        <time>2026-09-23T23:55:01Z</time>
      </trkpt>
      <trkpt lat="1.3985364907782343" lon="103.89549451873131">
        <ele>17.596906673163176</ele>
        <time>2026-09-23T23:55:02Z</time>
      </trkpt>
      <trkpt lat="1.3985330761121497" lon="103.8955046340791">
        <ele>17.62229255773127</ele>
        <time>2026-09-23T23:55:03Z</time>
      </trkpt>
      <trkpt lat="1.3985299070686257" lon="103.89551523435662">
        <ele>17.650202128104866</ele>
        <time>2026-09-23T23:55:04Z</time>
      </trkpt>
      <trkpt lat="1.398526947157321" lon="103.89552664023003">
        <ele>17.68013285845518</ele>
        <time>2026-09-23T23:55:05Z</time>
      </trkpt>
      <trkpt lat="1.3985239787866834" lon="103.8955387376013">
        <ele>17.71195926424116</ele>
        <time>2026-09-23T23:55:06Z</time>
        <extensions>
          <gpxtpx:TrackPointExtension>
            <gpxtpx:hr>106</gpxtpx:hr>
          </gpxtpx:TrackPointExtension>
        </extensions>
      </trkpt>
      <trkpt lat="1.3985207884561615" lon="103.8955513544341">
        <ele>17.746285781264305</ele>
        <time>2026-09-23T23:55:07Z</time>
        <extensions>
          <gpxtpx:TrackPointExtension>
            <gpxtpx:hr>106</gpxtpx:hr>
          </gpxtpx:TrackPointExtension>
        </extensions>
      </trkpt>
      <trkpt lat="1.39851728355195" lon="103.89556425532855">
        <ele>17.78369006421417</ele>
        <time>2026-09-23T23:55:08Z</time>
        <extensions>
          <gpxtpx:TrackPointExtension>
            <gpxtpx:hr>106</gpxtpx:hr>
          </gpxtpx:TrackPointExtension>
        </extensions>
      </trkpt>
      <trkpt lat="1.3985134403010038" lon="103.8955772921924">
        <ele>17.824172743596137</ele>
        <time>2026-09-23T23:55:09Z</time>
        <extensions>
          <gpxtpx:TrackPointExtension>
            <gpxtpx:hr>106</gpxtpx:hr>
          </gpxtpx:TrackPointExtension>
        </extensions>
      </trkpt>
      <trkpt lat="1.3985092644124317" lon="103.89559041179656">
        <ele>17.86732643377036</ele>
        <time>2026-09-23T23:55:10Z</time>
        <extensions>
          <gpxtpx:TrackPointExtension>
            <gpxtpx:hr>106</gpxtpx:hr>
          </gpxtpx:TrackPointExtension>
        </extensions>
      </trkpt>
      <trkpt lat="1.3985048156717879" lon="103.89560357604317">
        <ele>17.912488916888833</ele>
        <time>2026-09-23T23:55:11Z</time>
        <extensions>
          <gpxtpx:TrackPointExtension>
            <gpxtpx:hr>106</gpxtpx:hr>
          </gpxtpx:TrackPointExtension>
        </extensions>
      </trkpt>
      <trkpt lat="1.3985001676810904" lon="103.89561675355615">
        <ele>17.958811306394637</ele>
        <time>2026-09-23T23:55:12Z</time>
        <extensions>
          <gpxtpx:TrackPointExtension>
            <gpxtpx:hr>106</gpxtpx:hr>
          </gpxtpx:TrackPointExtension>
        </extensions>
      </trkpt>
      <trkpt lat="1.398495388388875" lon="103.89562996753342">
        <ele>18.005509647540748</ele>
        <time>2026-09-23T23:55:13Z</time>
        <extensions>
          <gpxtpx:TrackPointExtension>
            <gpxtpx:hr>106</gpxtpx:hr>
          </gpxtpx:TrackPointExtension>
        </extensions>
      </trkpt>
      <trkpt lat="1.3984906000566846" lon="103.89564324621186">
        <ele>18.052128263749182</ele>
        <time>2026-09-23T23:55:14Z</time>
        <extensions>
          <gpxtpx:TrackPointExtension>
            <gpxtpx:hr>106</gpxtpx:hr>
          </gpxtpx:TrackPointExtension>
        </extensions>
      </trkpt>
      <trkpt lat="1.398485978301967" lon="103.89565654763766">
        <ele>18.098476734943688</ele>
        <time>2026-09-23T23:55:15Z</time>
        <extensions>
          <gpxtpx:TrackPointExtension>
            <gpxtpx:hr>106</gpxtpx:hr>
          </gpxtpx:TrackPointExtension>
        </extensions>
      </trkpt>
      <trkpt lat="1.398481674836497" lon="103.89566985580379">
        <ele>18.14449034910649</ele>
        <time>2026-09-23T23:55:16Z</time>
        <extensions>
          <gpxtpx:TrackPointExtension>
            <gpxtpx:hr>106</gpxtpx:hr>
          </gpxtpx:TrackPointExtension>
        </extensions>
      </trkpt>
      <trkpt lat="1.3984777986666603" lon="103.89568325596224">
        <ele>18.19037154596299</ele>
        <time>2026-09-23T23:55:17Z</time>
        <extensions>
          <gpxtpx:TrackPointExtension>
            <gpxtpx:hr>107</gpxtpx:hr>
          </gpxtpx:TrackPointExtension>
        </extensions>
      </trkpt>
      <trkpt lat="1.3984744290463613" lon="103.89569688586666">
        <ele>18.236813381314278</ele>
        <time>2026-09-23T23:55:18Z</time>
        <extensions>
          <gpxtpx:TrackPointExtension>
            <gpxtpx:hr>107</gpxtpx:hr>
          </gpxtpx:TrackPointExtension>
        </extensions>
      </trkpt>
      <trkpt lat="1.3984716521331597" lon="103.89571077497455">
        <ele>18.28489294461906</ele>
        <time>2026-09-23T23:55:19Z</time>
        <extensions>
          <gpxtpx:TrackPointExtension>
            <gpxtpx:hr>107</gpxtpx:hr>
          </gpxtpx:TrackPointExtension>
        </extensions>
      </trkpt>
      <trkpt lat="1.3984695079264737" lon="103.89572480233446">
        <ele>18.335732903331518</ele>
        <time>2026-09-23T23:55:20Z</time>
        <extensions>
          <gpxtpx:TrackPointExtension>
            <gpxtpx:hr>107</gpxtpx:hr>
          </gpxtpx:TrackPointExtension>
        </extensions>
      </trkpt>
      <trkpt lat="1.3984679354540503" lon="103.89573882481037">
        <ele>18.39024851564318</ele>
        <time>2026-09-23T23:55:21Z</time>
        <extensions>
          <gpxtpx:TrackPointExtension>
            <gpxtpx:hr>107</gpxtpx:hr>
          </gpxtpx:TrackPointExtension>
        </extensions>
      </trkpt>
      <trkpt lat="1.3984668183049151" lon="103.89575275133706">
        <ele>18.44903389364481</ele>
        <time>2026-09-23T23:55:22Z</time>
        <extensions>
          <gpxtpx:TrackPointExtension>
            <gpxtpx:hr>101</gpxtpx:hr>
          </gpxtpx:TrackPointExtension>
        </extensions>
      </trkpt>
      <trkpt lat="1.3984660339431707" lon="103.89576652519919">
        <ele>18.512376158498228</ele>
        <time>2026-09-23T23:55:23Z</time>
        <extensions>
          <gpxtpx:TrackPointExtension>
            <gpxtpx:hr>101</gpxtpx:hr>
          </gpxtpx:TrackPointExtension>
        </extensions>
      </trkpt>
      <trkpt lat="1.3984654873806046" lon="103.89578009202208">
        <ele>18.580381476320326</ele>
        <time>2026-09-23T23:55:24Z</time>
        <extensions>
          <gpxtpx:TrackPointExtension>
            <gpxtpx:hr>101</gpxtpx:hr>
          </gpxtpx:TrackPointExtension>
        </extensions>
      </trkpt>
      <trkpt lat="1.3984650920103037" lon="103.89579343351879">
        <ele>18.653098043985665</ele>
        <time>2026-09-23T23:55:25Z</time>
        <extensions>
          <gpxtpx:TrackPointExtension>
            <gpxtpx:hr>101</gpxtpx:hr>
          </gpxtpx:TrackPointExtension>
        </extensions>
      </trkpt>
      <trkpt lat="1.3984647380205941" lon="103.89580659167744">
        <ele>18.730469305068254</ele>
        <time>2026-09-23T23:55:26Z</time>
        <extensions>
          <gpxtpx:TrackPointExtension>
            <gpxtpx:hr>101</gpxtpx:hr>
          </gpxtpx:TrackPointExtension>
        </extensions>
      </trkpt>
      <trkpt lat="1.3984643132339876" lon="103.8958196273055">
        <ele>18.812086222693324</ele>
        <time>2026-09-23T23:55:27Z</time>
        <extensions>
          <gpxtpx:TrackPointExtension>
            <gpxtpx:hr>104</gpxtpx:hr>
          </gpxtpx:TrackPointExtension>
        </extensions>
      </trkpt>
      <trkpt lat="1.3984637296058886" lon="103.895832599235">
        <ele>18.896902034059167</ele>
        <time>2026-09-23T23:55:28Z</time>
        <extensions>
          <gpxtpx:TrackPointExtension>
            <gpxtpx:hr>104</gpxtpx:hr>
          </gpxtpx:TrackPointExtension>
        </extensions>
      </trkpt>
      <trkpt lat="1.3984628999880673" lon="103.895845490336">
        <ele>18.98309379722923</ele>
        <time>2026-09-23T23:55:29Z</time>
        <extensions>
          <gpxtpx:TrackPointExtension>
            <gpxtpx:hr>104</gpxtpx:hr>
          </gpxtpx:TrackPointExtension>
        </extensions>
      </trkpt>
      <trkpt lat="1.3984617417823375" lon="103.89585818561568">
        <ele>19.067933509126306</ele>
        <time>2026-09-23T23:55:30Z</time>
        <extensions>
          <gpxtpx:TrackPointExtension>
            <gpxtpx:hr>104</gpxtpx:hr>
          </gpxtpx:TrackPointExtension>
        </extensions>
      </trkpt>
      <trkpt lat="1.3984601772725382" lon="103.89587056554882">
        <ele>19.147479192353785</ele>
        <time>2026-09-23T23:55:31Z</time>
        <extensions>
          <gpxtpx:TrackPointExtension>
            <gpxtpx:hr>104</gpxtpx:hr>
          </gpxtpx:TrackPointExtension>
        </extensions>
      </trkpt>
      <trkpt lat="1.398459121139565" lon="103.89587759096288">
        <ele>19.1901424434036</ele>
        <time>2026-09-23T23:55:32Z</time>
        <extensions>
          <gpxtpx:TrackPointExtension>
            <gpxtpx:hr>104</gpxtpx:hr>
          </gpxtpx:TrackPointExtension>
        </extensions>
      </trkpt>
      <trkpt lat="1.3984572551962473" lon="103.89588959294723">
        <ele>19.254959765821695</ele>
        <time>2026-09-23T23:55:33Z</time>
        <extensions>
          <gpxtpx:TrackPointExtension>
            <gpxtpx:hr>99</gpxtpx:hr>
          </gpxtpx:TrackPointExtension>
        </extensions>
      </trkpt>
      <trkpt lat="1.3984554160334632" lon="103.8959014582879">
        <ele>19.305225983262062</ele>
        <time>2026-09-23T23:55:34Z</time>
        <extensions>
          <gpxtpx:TrackPointExtension>
            <gpxtpx:hr>99</gpxtpx:hr>
          </gpxtpx:TrackPointExtension>
        </extensions>
      </trkpt>
      <trkpt lat="1.3984536482420935" lon="103.89591328950533">
        <ele>19.340754268690944</ele>
        <time>2026-09-23T23:55:35Z</time>
        <extensions>
          <gpxtpx:TrackPointExtension>
            <gpxtpx:hr>99</gpxtpx:hr>
          </gpxtpx:TrackPointExtension>
        </extensions>
      </trkpt>
      <trkpt lat="1.3984519557874913" lon="103.8959251693095">
        <ele>19.362959995865822</ele>
        <time>2026-09-23T23:55:36Z</time>
        <extensions>
          <gpxtpx:TrackPointExtension>
            <gpxtpx:hr>99</gpxtpx:hr>
          </gpxtpx:TrackPointExtension>
        </extensions>
      </trkpt>
      <trkpt lat="1.3984503147005327" lon="103.89593717885276">
        <ele>19.373968767002225</ele>
        <time>2026-09-23T23:55:37Z</time>
        <extensions>
          <gpxtpx:TrackPointExtension>
            <gpxtpx:hr>99</gpxtpx:hr>
          </gpxtpx:TrackPointExtension>
        </extensions>
      </trkpt>
      <trkpt lat="1.3984486978886517" lon="103.89594936563363">
        <ele>19.376053591258824</ele>
        <time>2026-09-23T23:55:38Z</time>
        <extensions>
          <gpxtpx:TrackPointExtension>
            <gpxtpx:hr>99</gpxtpx:hr>
          </gpxtpx:TrackPointExtension>
        </extensions>
      </trkpt>
      <trkpt lat="1.3984470947832968" lon="103.89596171145806">
        <ele>19.371318647637963</ele>
        <time>2026-09-23T23:55:39Z</time>
        <extensions>
          <gpxtpx:TrackPointExtension>
            <gpxtpx:hr>98</gpxtpx:hr>
          </gpxtpx:TrackPointExtension>
        </extensions>
      </trkpt>
      <trkpt lat="1.3984455953281103" lon="103.89597497237474">
        <ele>19.361556333489716</ele>
        <time>2026-09-23T23:55:40Z</time>
        <extensions>
          <gpxtpx:TrackPointExtension>
            <gpxtpx:hr>98</gpxtpx:hr>
          </gpxtpx:TrackPointExtension>
        </extensions>
      </trkpt>
      <trkpt lat="1.3984441125977252" lon="103.89598902793736">
        <ele>19.348210363648832</ele>
        <time>2026-09-23T23:55:41Z</time>
        <extensions>
          <gpxtpx:TrackPointExtension>
            <gpxtpx:hr>98</gpxtpx:hr>
          </gpxtpx:TrackPointExtension>
        </extensions>
      </trkpt>
      <trkpt lat="1.398442175689812" lon="103.89600296356542">
        <ele>19.332383265718818</ele>
        <time>2026-09-23T23:55:42Z</time>
        <extensions>
          <gpxtpx:TrackPointExtension>
            <gpxtpx:hr>98</gpxtpx:hr>
          </gpxtpx:TrackPointExtension>
        </extensions>
      </trkpt>
      <trkpt lat="1.3984396433206971" lon="103.89601702351752">
        <ele>19.31486905924976</ele>
        <time>2026-09-23T23:55:43Z</time>
        <extensions>
          <gpxtpx:TrackPointExtension>
            <gpxtpx:hr>98</gpxtpx:hr>
          </gpxtpx:TrackPointExtension>
        </extensions>
      </trkpt>
      <trkpt lat="1.3984365329179953" lon="103.89603130806243">
        <ele>19.296209876425564</ele>
        <time>2026-09-23T23:55:44Z</time>
        <extensions>
          <gpxtpx:TrackPointExtension>
            <gpxtpx:hr>98</gpxtpx:hr>
          </gpxtpx:TrackPointExtension>
        </extensions>
      </trkpt>
      <trkpt lat="1.3984332580832661" lon="103.89604537233332">
        <ele>19.276765754446387</ele>
        <time>2026-09-23T23:55:45Z</time>
        <extensions>
          <gpxtpx:TrackPointExtension>
            <gpxtpx:hr>98</gpxtpx:hr>
          </gpxtpx:TrackPointExtension>
        </extensions>
      </trkpt>
      <trkpt lat="1.3984305673309967" lon="103.89605813899816">
        <ele>19.25678185466677</ele>
        <time>2026-09-23T23:55:46Z</time>
        <extensions>
          <gpxtpx:TrackPointExtension>
            <gpxtpx:hr>98</gpxtpx:hr>
          </gpxtpx:TrackPointExtension>
        </extensions>
      </trkpt>
      <trkpt lat="1.398428278418886" lon="103.89606973775945">
        <ele>19.236435770057142</ele>
        <time>2026-09-23T23:55:47Z</time>
        <extensions>
          <gpxtpx:TrackPointExtension>
            <gpxtpx:hr>98</gpxtpx:hr>
          </gpxtpx:TrackPointExtension>
        </extensions>
      </trkpt>
      <trkpt lat="1.3984260086427902" lon="103.89608110346087">
        <ele>19.21585618145764</ele>
        <time>2026-09-23T23:55:48Z</time>
        <extensions>
          <gpxtpx:TrackPointExtension>
            <gpxtpx:hr>98</gpxtpx:hr>
          </gpxtpx:TrackPointExtension>
        </extensions>
      </trkpt>
      <trkpt lat="1.3984237313985057" lon="103.89609230357807">
        <ele>19.19515928439796</ele>
        <time>2026-09-23T23:55:49Z</time>
        <extensions>
          <gpxtpx:TrackPointExtension>
            <gpxtpx:hr>97</gpxtpx:hr>
          </gpxtpx:TrackPointExtension>
        </extensions>
      </trkpt>
      <trkpt lat="1.3984214206350518" lon="103.89610341413022">
        <ele>19.17446863092482</ele>
        <time>2026-09-23T23:55:50Z</time>
        <extensions>
          <gpxtpx:TrackPointExtension>
            <gpxtpx:hr>97</gpxtpx:hr>
          </gpxtpx:TrackPointExtension>
        </extensions>
      </trkpt>
      <trkpt lat="1.3984190302612587" lon="103.89611444058896">
        <ele>19.153946984559298</ele>
        <time>2026-09-23T23:55:51Z</time>
        <extensions>
          <gpxtpx:TrackPointExtension>
            <gpxtpx:hr>97</gpxtpx:hr>
          </gpxtpx:TrackPointExtension>
        </extensions>
      </trkpt>
      <trkpt lat="1.398416513429179" lon="103.89612542399304">
        <ele>19.133832041174173</ele>
        <time>2026-09-23T23:55:52Z</time>
        <extensions>
          <gpxtpx:TrackPointExtension>
            <gpxtpx:hr>97</gpxtpx:hr>
          </gpxtpx:TrackPointExtension>
        </extensions>
      </trkpt>
      <trkpt lat="1.3984138689104706" lon="103.89613646529293">
        <ele>19.114475031383336</ele>
        <time>2026-09-23T23:55:53Z</time>
        <extensions>
          <gpxtpx:TrackPointExtension>
            <gpxtpx:hr>97</gpxtpx:hr>
          </gpxtpx:TrackPointExtension>
        </extensions>
      </trkpt>
      <trkpt lat="1.398411097949267" lon="103.89614764808945">
        <ele>19.096350779756904</ele>
        <time>2026-09-23T23:55:54Z</time>
        <extensions>
          <gpxtpx:TrackPointExtension>
            <gpxtpx:hr>97</gpxtpx:hr>
          </gpxtpx:TrackPointExtension>
        </extensions>
      </trkpt>
      <trkpt lat="1.3984082031278917" lon="103.89615900780474">
        <ele>19.080004413612187</ele>
        <time>2026-09-23T23:55:55Z</time>
        <extensions>
          <gpxtpx:TrackPointExtension>
            <gpxtpx:hr>97</gpxtpx:hr>
          </gpxtpx:TrackPointExtension>
        </extensions>
      </trkpt>
      <trkpt lat="1.3984052027061102" lon="103.89617053833085">
        <ele>19.065962318331003</ele>
        <time>2026-09-23T23:55:56Z</time>
        <extensions>
          <gpxtpx:TrackPointExtension>
            <gpxtpx:hr>97</gpxtpx:hr>
          </gpxtpx:TrackPointExtension>
        </extensions>
      </trkpt>
      <trkpt lat="1.3984020953045313" lon="103.89618219875658">
        <ele>19.054639068432152</ele>
        <time>2026-09-23T23:55:57Z</time>
        <extensions>
          <gpxtpx:TrackPointExtension>
            <gpxtpx:hr>97</gpxtpx:hr>
          </gpxtpx:TrackPointExtension>
        </extensions>
      </trkpt>
      <trkpt lat="1.3983989033218476" lon="103.89619393827411">
        <ele>19.04622625838965</ele>
        <time>2026-09-23T23:55:58Z</time>
        <extensions>
          <gpxtpx:TrackPointExtension>
            <gpxtpx:hr>97</gpxtpx:hr>
          </gpxtpx:TrackPointExtension>
        </extensions>
      </trkpt>
      <trkpt lat="1.3983956705555858" lon="103.8962057275933">
        <ele>19.040620245039463</ele>
        <time>2026-09-23T23:55:59Z</time>
        <extensions>
          <gpxtpx:TrackPointExtension>
            <gpxtpx:hr>97</gpxtpx:hr>
          </gpxtpx:TrackPointExtension>
        </extensions>
      </trkpt>
      <trkpt lat="1.3983923954989415" lon="103.89621752831245">
        <ele>19.03746543917805</ele>
        <time>2026-09-23T23:56:00Z</time>
        <extensions>
          <gpxtpx:TrackPointExtension>
            <gpxtpx:hr>97</gpxtpx:hr>
          </gpxtpx:TrackPointExtension>
        </extensions>
      </trkpt>
      <trkpt lat="1.3983890611493919" lon="103.8962292697369">
        <ele>19.03625408746302</ele>
        <time>2026-09-23T23:56:01Z</time>
        <extensions>
          <gpxtpx:TrackPointExtension>
            <gpxtpx:hr>99</gpxtpx:hr>
          </gpxtpx:TrackPointExtension>
        </extensions>
      </trkpt>
      <trkpt lat="1.3983856977033586" lon="103.89624089996808">
        <ele>19.036413161084056</ele>
        <time>2026-09-23T23:56:02Z</time>
        <extensions>
          <gpxtpx:TrackPointExtension>
            <gpxtpx:hr>99</gpxtpx:hr>
          </gpxtpx:TrackPointExtension>
        </extensions>
      </trkpt>
      <trkpt lat="1.3983823457615754" lon="103.89625238352183">
        <ele>19.037394274957478</ele>
        <time>2026-09-23T23:56:03Z</time>
        <extensions>
          <gpxtpx:TrackPointExtension>
            <gpxtpx:hr>99</gpxtpx:hr>
          </gpxtpx:TrackPointExtension>
        </extensions>
      </trkpt>
      <trkpt lat="1.3983790742519617" lon="103.89626373894086">
        <ele>19.038752204738557</ele>
        <time>2026-09-23T23:56:04Z</time>
        <extensions>
          <gpxtpx:TrackPointExtension>
            <gpxtpx:hr>99</gpxtpx:hr>
          </gpxtpx:TrackPointExtension>
        </extensions>
      </trkpt>
      <trkpt lat="1.3983759280228578" lon="103.89627506088273">
        <ele>19.04018954373896</ele>
        <time>2026-09-23T23:56:05Z</time>
        <extensions>
          <gpxtpx:TrackPointExtension>
            <gpxtpx:hr>99</gpxtpx:hr>
          </gpxtpx:TrackPointExtension>
        </extensions>
      </trkpt>
      <trkpt lat="1.39837282811905" lon="103.89628644809237">
        <ele>19.041584794409573</ele>
        <time>2026-09-23T23:56:06Z</time>
        <extensions>
          <gpxtpx:TrackPointExtension>
            <gpxtpx:hr>100</gpxtpx:hr>
          </gpxtpx:TrackPointExtension>
        </extensions>
      </trkpt>
      <trkpt lat="1.398369646191838" lon="103.89629795754323">
        <ele>19.042998861521482</ele>
        <time>2026-09-23T23:56:07Z</time>
        <extensions>
          <gpxtpx:TrackPointExtension>
            <gpxtpx:hr>100</gpxtpx:hr>
          </gpxtpx:TrackPointExtension>
        </extensions>
      </trkpt>
      <trkpt lat="1.3983661986812697" lon="103.89630950516539">
        <ele>19.04465733654797</ele>
        <time>2026-09-23T23:56:08Z</time>
        <extensions>
          <gpxtpx:TrackPointExtension>
            <gpxtpx:hr>100</gpxtpx:hr>
          </gpxtpx:TrackPointExtension>
        </extensions>
      </trkpt>
      <trkpt lat="1.3983623419874467" lon="103.89632092186689">
        <ele>19.046893096528947</ele>
        <time>2026-09-23T23:56:09Z</time>
        <extensions>
          <gpxtpx:TrackPointExtension>
            <gpxtpx:hr>100</gpxtpx:hr>
          </gpxtpx:TrackPointExtension>
        </extensions>
      </trkpt>
      <trkpt lat="1.398358153203878" lon="103.89633220452738">
        <ele>19.050105245783925</ele>
        <time>2026-09-23T23:56:10Z</time>
        <extensions>
          <gpxtpx:TrackPointExtension>
            <gpxtpx:hr>100</gpxtpx:hr>
          </gpxtpx:TrackPointExtension>
        </extensions>
      </trkpt>
      <trkpt lat="1.3983538048443305" lon="103.89634349593418">
        <ele>19.05464517697692</ele>
        <time>2026-09-23T23:56:11Z</time>
        <extensions>
          <gpxtpx:TrackPointExtension>
            <gpxtpx:hr>100</gpxtpx:hr>
          </gpxtpx:TrackPointExtension>
        </extensions>
      </trkpt>
      <trkpt lat="1.3983494341161948" lon="103.89635491627014">
        <ele>19.06071585416794</ele>
        <time>2026-09-23T23:56:12Z</time>
        <extensions>
          <gpxtpx:TrackPointExtension>
            <gpxtpx:hr>100</gpxtpx:hr>
          </gpxtpx:TrackPointExtension>
        </extensions>
      </trkpt>
      <trkpt lat="1.3983451251372079" lon="103.89636654998286">
        <ele>19.068279056809843</ele>
        <time>2026-09-23T23:56:13Z</time>
        <extensions>
          <gpxtpx:TrackPointExtension>
            <gpxtpx:hr>99</gpxtpx:hr>
          </gpxtpx:TrackPointExtension>
        </extensions>
      </trkpt>
      <trkpt lat="1.3983409011224475" lon="103.89637846242222">
        <ele>19.07692802324891</ele>
        <time>2026-09-23T23:56:14Z</time>
        <extensions>
          <gpxtpx:TrackPointExtension>
            <gpxtpx:hr>99</gpxtpx:hr>
          </gpxtpx:TrackPointExtension>
        </extensions>
      </trkpt>
      <trkpt lat="1.398336740052104" lon="103.89639071167392">
        <ele>19.08570811059326</ele>
        <time>2026-09-23T23:56:15Z</time>
        <extensions>
          <gpxtpx:TrackPointExtension>
            <gpxtpx:hr>99</gpxtpx:hr>
          </gpxtpx:TrackPointExtension>
        </extensions>
      </trkpt>
      <trkpt lat="1.3983325991049216" lon="103.89640328366252">
        <ele>19.092956414446235</ele>
        <time>2026-09-23T23:56:16Z</time>
        <extensions>
          <gpxtpx:TrackPointExtension>
            <gpxtpx:hr>99</gpxtpx:hr>
          </gpxtpx:TrackPointExtension>
        </extensions>
      </trkpt>
      <trkpt lat="1.3983284003629817" lon="103.89641613425027">
        <ele>19.09611993189901</ele>
        <time>2026-09-23T23:56:17Z</time>
        <extensions>
          <gpxtpx:TrackPointExtension>
            <gpxtpx:hr>99</gpxtpx:hr>
          </gpxtpx:TrackPointExtension>
        </extensions>
      </trkpt>
      <trkpt lat="1.3983240721170307" lon="103.8964292578678">
        <ele>19.09173117764294</ele>
        <time>2026-09-23T23:56:18Z</time>
        <extensions>
          <gpxtpx:TrackPointExtension>
            <gpxtpx:hr>99</gpxtpx:hr>
          </gpxtpx:TrackPointExtension>
        </extensions>
      </trkpt>
      <trkpt lat="1.3983196502331088" lon="103.89644264394045">
        <ele>19.07547166477889</ele>
        <time>2026-09-23T23:56:19Z</time>
        <extensions>
          <gpxtpx:TrackPointExtension>
            <gpxtpx:hr>99</gpxtpx:hr>
          </gpxtpx:TrackPointExtension>
        </extensions>
      </trkpt>
      <trkpt lat="1.3983152596404456" lon="103.8964561971824">
        <ele>19.04245288297534</ele>
        <time>2026-09-23T23:56:20Z</time>
        <extensions>
          <gpxtpx:TrackPointExtension>
            <gpxtpx:hr>99</gpxtpx:hr>
          </gpxtpx:TrackPointExtension>
        </extensions>
      </trkpt>
      <trkpt lat="1.3983109866065748" lon="103.8964697681051">
        <ele>18.987493505701423</ele>
        <time>2026-09-23T23:56:21Z</time>
        <extensions>
          <gpxtpx:TrackPointExtension>
            <gpxtpx:hr>99</gpxtpx:hr>
          </gpxtpx:TrackPointExtension>
        </extensions>
      </trkpt>
      <trkpt lat="1.3983068704880521" lon="103.89648327266572">
        <ele>18.90618628822267</ele>
        <time>2026-09-23T23:56:22Z</time>
        <extensions>
          <gpxtpx:TrackPointExtension>
            <gpxtpx:hr>98</gpxtpx:hr>
          </gpxtpx:TrackPointExtension>
        </extensions>
      </trkpt>
      <trkpt lat="1.3983029659240687" lon="103.89649666543119">
        <ele>18.796275848522782</ele>
        <time>2026-09-23T23:56:23Z</time>
        <extensions>
          <gpxtpx:TrackPointExtension>
            <gpxtpx:hr>98</gpxtpx:hr>
          </gpxtpx:TrackPointExtension>
        </extensions>
      </trkpt>
      <trkpt lat="1.398297987198448" lon="103.89651486040513">
        <ele>18.59499828517437</ele>
        <time>2026-09-23T23:56:24Z</time>
        <extensions>
          <gpxtpx:TrackPointExtension>
            <gpxtpx:hr>98</gpxtpx:hr>
          </gpxtpx:TrackPointExtension>
        </extensions>
      </trkpt>
      <trkpt lat="1.3982947306848115" lon="103.8965274220749">
        <ele>18.425463744439185</ele>
        <time>2026-09-23T23:56:25Z</time>
        <extensions>
          <gpxtpx:TrackPointExtension>
            <gpxtpx:hr>98</gpxtpx:hr>
          </gpxtpx:TrackPointExtension>
        </extensions>
      </trkpt>
      <trkpt lat="1.3982916601424424" lon="103.89653949595306">
        <ele>18.247545992024243</ele>
        <time>2026-09-23T23:56:26Z</time>
        <extensions>
          <gpxtpx:TrackPointExtension>
            <gpxtpx:hr>98</gpxtpx:hr>
          </gpxtpx:TrackPointExtension>
        </extensions>
      </trkpt>
      <trkpt lat="1.3982886958636793" lon="103.89655107199331">
        <ele>18.06520047597587</ele>
        <time>2026-09-23T23:56:27Z</time>
        <extensions>
          <gpxtpx:TrackPointExtension>
            <gpxtpx:hr>98</gpxtpx:hr>
          </gpxtpx:TrackPointExtension>
        </extensions>
      </trkpt>
      <trkpt lat="1.3982856932045606" lon="103.89656221744555">
        <ele>17.88130092713982</ele>
        <time>2026-09-23T23:56:28Z</time>
        <extensions>
          <gpxtpx:TrackPointExtension>
            <gpxtpx:hr>98</gpxtpx:hr>
          </gpxtpx:TrackPointExtension>
        </extensions>
      </trkpt>
      <trkpt lat="1.3982824617968932" lon="103.89657301145351">
        <ele>17.69855439849198</ele>
        <time>2026-09-23T23:56:29Z</time>
        <extensions>
          <gpxtpx:TrackPointExtension>
            <gpxtpx:hr>98</gpxtpx:hr>
          </gpxtpx:TrackPointExtension>
        </extensions>
      </trkpt>
      <trkpt lat="1.3982788116542226" lon="103.89658356790314">
        <ele>17.518600639887154</ele>
        <time>2026-09-23T23:56:30Z</time>
        <extensions>
          <gpxtpx:TrackPointExtension>
            <gpxtpx:hr>98</gpxtpx:hr>
          </gpxtpx:TrackPointExtension>
        </extensions>
      </trkpt>
      <trkpt lat="1.398274650198003" lon="103.89659400262192">
        <ele>17.34242249839008</ele>
        <time>2026-09-23T23:56:31Z</time>
        <extensions>
          <gpxtpx:TrackPointExtension>
            <gpxtpx:hr>98</gpxtpx:hr>
          </gpxtpx:TrackPointExtension>
        </extensions>
      </trkpt>
      <trkpt lat="1.3982700619457937" lon="103.89660440114888">
        <ele>17.17082937899977</ele>
        <time>2026-09-23T23:56:32Z</time>
        <extensions>
          <gpxtpx:TrackPointExtension>
            <gpxtpx:hr>98</gpxtpx:hr>
          </gpxtpx:TrackPointExtension>
        </extensions>
      </trkpt>
      <trkpt lat="1.398265276025508" lon="103.89661479229535">
        <ele>17.004762748256326</ele>
        <time>2026-09-23T23:56:33Z</time>
        <extensions>
          <gpxtpx:TrackPointExtension>
            <gpxtpx:hr>97</gpxtpx:hr>
          </gpxtpx:TrackPointExtension>
        </extensions>
      </trkpt>
      <trkpt lat="1.3982605350593003" lon="103.89662522699835">
        <ele>16.84519341122359</ele>
        <time>2026-09-23T23:56:34Z</time>
        <extensions>
          <gpxtpx:TrackPointExtension>
            <gpxtpx:hr>97</gpxtpx:hr>
          </gpxtpx:TrackPointExtension>
        </extensions>
      </trkpt>
      <trkpt lat="1.3982559644828187" lon="103.8966358053837">
        <ele>16.692062872461975</ele>
        <time>2026-09-23T23:56:35Z</time>
        <extensions>
          <gpxtpx:TrackPointExtension>
            <gpxtpx:hr>97</gpxtpx:hr>
          </gpxtpx:TrackPointExtension>
        </extensions>
      </trkpt>
      <trkpt lat="1.398251598282747" lon="103.8966466051768">
        <ele>16.545196785591543</ele>
        <time>2026-09-23T23:56:36Z</time>
        <extensions>
          <gpxtpx:TrackPointExtension>
            <gpxtpx:hr>97</gpxtpx:hr>
          </gpxtpx:TrackPointExtension>
        </extensions>
      </trkpt>
      <trkpt lat="1.3982474721496947" lon="103.89665768194105">
        <ele>16.40455590095371</ele>
        <time>2026-09-23T23:56:37Z</time>
        <extensions>
          <gpxtpx:TrackPointExtension>
            <gpxtpx:hr>97</gpxtpx:hr>
          </gpxtpx:TrackPointExtension>
        </extensions>
      </trkpt>
      <trkpt lat="1.3982435874165053" lon="103.89666911065034">
        <ele>16.27039761748165</ele>
        <time>2026-09-23T23:56:38Z</time>
        <extensions>
          <gpxtpx:TrackPointExtension>
            <gpxtpx:hr>97</gpxtpx:hr>
          </gpxtpx:TrackPointExtension>
        </extensions>
      </trkpt>
      <trkpt lat="1.3982399228587876" lon="103.8966809576843">
        <ele>16.14312049653381</ele>
        <time>2026-09-23T23:56:39Z</time>
        <extensions>
          <gpxtpx:TrackPointExtension>
            <gpxtpx:hr>97</gpxtpx:hr>
          </gpxtpx:TrackPointExtension>
        </extensions>
      </trkpt>
      <trkpt lat="1.3982364758693824" lon="103.89669323665632">
        <ele>16.02242088969797</ele>
        <time>2026-09-23T23:56:40Z</time>
        <extensions>
          <gpxtpx:TrackPointExtension>
            <gpxtpx:hr>97</gpxtpx:hr>
          </gpxtpx:TrackPointExtension>
        </extensions>
      </trkpt>
      <trkpt lat="1.3982332451187802" lon="103.89670589454882">
        <ele>15.908023471012712</ele>
        <time>2026-09-23T23:56:41Z</time>
        <extensions>
          <gpxtpx:TrackPointExtension>
            <gpxtpx:hr>97</gpxtpx:hr>
          </gpxtpx:TrackPointExtension>
        </extensions>
      </trkpt>
      <trkpt lat="1.3982302562931808" lon="103.89671884061707">
        <ele>15.800004745833576</ele>
        <time>2026-09-23T23:56:42Z</time>
        <extensions>
          <gpxtpx:TrackPointExtension>
            <gpxtpx:hr>98</gpxtpx:hr>
          </gpxtpx:TrackPointExtension>
        </extensions>
      </trkpt>
      <trkpt lat="1.3982275236667114" lon="103.89673200916401">
        <ele>15.698213060386479</ele>
        <time>2026-09-23T23:56:43Z</time>
        <extensions>
          <gpxtpx:TrackPointExtension>
            <gpxtpx:hr>98</gpxtpx:hr>
          </gpxtpx:TrackPointExtension>
        </extensions>
      </trkpt>
      <trkpt lat="1.3982249954313204" lon="103.89674538279662">
        <ele>15.602466414682567</ele>
        <time>2026-09-23T23:56:44Z</time>
        <extensions>
          <gpxtpx:TrackPointExtension>
            <gpxtpx:hr>98</gpxtpx:hr>
          </gpxtpx:TrackPointExtension>
        </extensions>
      </trkpt>
      <trkpt lat="1.3982226253694217" lon="103.89675895628876">
        <ele>15.513297900557518</ele>
        <time>2026-09-23T23:56:45Z</time>
        <extensions>
          <gpxtpx:TrackPointExtension>
            <gpxtpx:hr>98</gpxtpx:hr>
          </gpxtpx:TrackPointExtension>
        </extensions>
      </trkpt>
      <trkpt lat="1.398220399667392" lon="103.89677261793257">
        <ele>15.42983205895871</ele>
        <time>2026-09-23T23:56:46Z</time>
        <extensions>
          <gpxtpx:TrackPointExtension>
            <gpxtpx:hr>98</gpxtpx:hr>
          </gpxtpx:TrackPointExtension>
        </extensions>
      </trkpt>
      <trkpt lat="1.398218328893791" lon="103.8967862346412">
        <ele>15.351947408169508</ele>
        <time>2026-09-23T23:56:47Z</time>
        <extensions>
          <gpxtpx:TrackPointExtension>
            <gpxtpx:hr>98</gpxtpx:hr>
          </gpxtpx:TrackPointExtension>
        </extensions>
      </trkpt>
      <trkpt lat="1.3982164473476881" lon="103.89679978214468">
        <ele>15.279659430496395</ele>
        <time>2026-09-23T23:56:48Z</time>
        <extensions>
          <gpxtpx:TrackPointExtension>
            <gpxtpx:hr>98</gpxtpx:hr>
          </gpxtpx:TrackPointExtension>
        </extensions>
      </trkpt>
      <trkpt lat="1.3982147537266822" lon="103.8968133307074">
        <ele>15.212568706832826</ele>
        <time>2026-09-23T23:56:49Z</time>
        <extensions>
          <gpxtpx:TrackPointExtension>
            <gpxtpx:hr>98</gpxtpx:hr>
          </gpxtpx:TrackPointExtension>
        </extensions>
      </trkpt>
      <trkpt lat="1.3982132129387186" lon="103.8968269668972">
        <ele>15.149743610993028</ele>
        <time>2026-09-23T23:56:50Z</time>
        <extensions>
          <gpxtpx:TrackPointExtension>
            <gpxtpx:hr>98</gpxtpx:hr>
          </gpxtpx:TrackPointExtension>
        </extensions>
      </trkpt>
      <trkpt lat="1.398211799043113" lon="103.8968406982202">
        <ele>15.09145818091929</ele>
        <time>2026-09-23T23:56:51Z</time>
        <extensions>
          <gpxtpx:TrackPointExtension>
            <gpxtpx:hr>99</gpxtpx:hr>
          </gpxtpx:TrackPointExtension>
        </extensions>
      </trkpt>
      <trkpt lat="1.3982104928981516" lon="103.89685448098503">
        <ele>15.039779364131391</ele>
        <time>2026-09-23T23:56:52Z</time>
        <extensions>
          <gpxtpx:TrackPointExtension>
            <gpxtpx:hr>99</gpxtpx:hr>
          </gpxtpx:TrackPointExtension>
        </extensions>
      </trkpt>
      <trkpt lat="1.398209234717551" lon="103.89686827035396">
        <ele>14.994333115406334</ele>
        <time>2026-09-23T23:56:53Z</time>
        <extensions>
          <gpxtpx:TrackPointExtension>
            <gpxtpx:hr>99</gpxtpx:hr>
          </gpxtpx:TrackPointExtension>
        </extensions>
      </trkpt>
      <trkpt lat="1.3982079067089805" lon="103.89688198733576">
        <ele>14.954720101319253</ele>
        <time>2026-09-23T23:56:54Z</time>
        <extensions>
          <gpxtpx:TrackPointExtension>
            <gpxtpx:hr>99</gpxtpx:hr>
          </gpxtpx:TrackPointExtension>
        </extensions>
      </trkpt>
      <trkpt lat="1.3982064051346124" lon="103.89689554355932">
        <ele>14.920275712385774</ele>
        <time>2026-09-23T23:56:55Z</time>
        <extensions>
          <gpxtpx:TrackPointExtension>
            <gpxtpx:hr>99</gpxtpx:hr>
          </gpxtpx:TrackPointExtension>
        </extensions>
      </trkpt>
      <trkpt lat="1.3982047103921502" lon="103.89690889888291">
        <ele>14.890197609551251</ele>
        <time>2026-09-23T23:56:56Z</time>
        <extensions>
          <gpxtpx:TrackPointExtension>
            <gpxtpx:hr>99</gpxtpx:hr>
          </gpxtpx:TrackPointExtension>
        </extensions>
      </trkpt>
      <trkpt lat="1.3982028740853905" lon="103.89692201612564">
        <ele>14.864955395460129</ele>
        <time>2026-09-23T23:56:57Z</time>
        <extensions>
          <gpxtpx:TrackPointExtension>
            <gpxtpx:hr>99</gpxtpx:hr>
          </gpxtpx:TrackPointExtension>
        </extensions>
      </trkpt>
      <trkpt lat="1.3982009305308989" lon="103.89693485901319">
        <ele>14.844002338126302</ele>
        <time>2026-09-23T23:56:58Z</time>
        <extensions>
          <gpxtpx:TrackPointExtension>
            <gpxtpx:hr>99</gpxtpx:hr>
          </gpxtpx:TrackPointExtension>
        </extensions>
      </trkpt>
      <trkpt lat="1.3981988694076903" lon="103.89694746392088">
        <ele>14.827843534760177</ele>
        <time>2026-09-23T23:56:59Z</time>
        <extensions>
          <gpxtpx:TrackPointExtension>
            <gpxtpx:hr>99</gpxtpx:hr>
          </gpxtpx:TrackPointExtension>
        </extensions>
      </trkpt>
      <trkpt lat="1.398196669408972" lon="103.89695994113177">
        <ele>14.81587142124772</ele>
        <time>2026-09-23T23:57:00Z</time>
        <extensions>
          <gpxtpx:TrackPointExtension>
            <gpxtpx:hr>99</gpxtpx:hr>
          </gpxtpx:TrackPointExtension>
        </extensions>
      </trkpt>
      <trkpt lat="1.3981943134080737" lon="103.89697240281299">
        <ele>14.80772553384304</ele>
        <time>2026-09-23T23:57:01Z</time>
        <extensions>
          <gpxtpx:TrackPointExtension>
            <gpxtpx:hr>99</gpxtpx:hr>
          </gpxtpx:TrackPointExtension>
        </extensions>
      </trkpt>
      <trkpt lat="1.3981918065874084" lon="103.89698484233465">
        <ele>14.802633027546108</ele>
        <time>2026-09-23T23:57:02Z</time>
        <extensions>
          <gpxtpx:TrackPointExtension>
            <gpxtpx:hr>101</gpxtpx:hr>
          </gpxtpx:TrackPointExtension>
        </extensions>
      </trkpt>
      <trkpt lat="1.398189199777945" lon="103.89699715290223">
        <ele>14.800984451547265</ele>
        <time>2026-09-23T23:57:03Z</time>
        <extensions>
          <gpxtpx:TrackPointExtension>
            <gpxtpx:hr>101</gpxtpx:hr>
          </gpxtpx:TrackPointExtension>
        </extensions>
      </trkpt>
      <trkpt lat="1.398186553898559" lon="103.8970092720604">
        <ele>14.801093191839755</ele>
        <time>2026-09-23T23:57:04Z</time>
        <extensions>
          <gpxtpx:TrackPointExtension>
            <gpxtpx:hr>101</gpxtpx:hr>
          </gpxtpx:TrackPointExtension>
        </extensions>
      </trkpt>
      <trkpt lat="1.3981839310265656" lon="103.89702123358954">
        <ele>14.803373414091766</ele>
        <time>2026-09-23T23:57:05Z</time>
        <extensions>
          <gpxtpx:TrackPointExtension>
            <gpxtpx:hr>101</gpxtpx:hr>
          </gpxtpx:TrackPointExtension>
        </extensions>
      </trkpt>
      <trkpt lat="1.3981813634602864" lon="103.89703309867963">
        <ele>14.807165184058249</ele>
        <time>2026-09-23T23:57:06Z</time>
        <extensions>
          <gpxtpx:TrackPointExtension>
            <gpxtpx:hr>101</gpxtpx:hr>
          </gpxtpx:TrackPointExtension>
        </extensions>
      </trkpt>
      <trkpt lat="1.3981788629665601" lon="103.89704488230174">
        <ele>14.812281725928187</ele>
        <time>2026-09-23T23:57:07Z</time>
        <extensions>
          <gpxtpx:TrackPointExtension>
            <gpxtpx:hr>101</gpxtpx:hr>
          </gpxtpx:TrackPointExtension>
        </extensions>
      </trkpt>
      <trkpt lat="1.3981764592151125" lon="103.89705659071896">
        <ele>14.818404028192163</ele>
        <time>2026-09-23T23:57:08Z</time>
        <extensions>
          <gpxtpx:TrackPointExtension>
            <gpxtpx:hr>101</gpxtpx:hr>
          </gpxtpx:TrackPointExtension>
        </extensions>
      </trkpt>
      <trkpt lat="1.3981741650728239" lon="103.89706830178746">
        <ele>14.82503699325025</ele>
        <time>2026-09-23T23:57:09Z</time>
        <extensions>
          <gpxtpx:TrackPointExtension>
            <gpxtpx:hr>101</gpxtpx:hr>
          </gpxtpx:TrackPointExtension>
        </extensions>
      </trkpt>
      <trkpt lat="1.3981718893346085" lon="103.89708011957734">
        <ele>14.831513884477317</ele>
        <time>2026-09-23T23:57:10Z</time>
        <extensions>
          <gpxtpx:TrackPointExtension>
            <gpxtpx:hr>101</gpxtpx:hr>
          </gpxtpx:TrackPointExtension>
        </extensions>
      </trkpt>
      <trkpt lat="1.3981694483064233" lon="103.89709212797457">
        <ele>14.837680958211422</ele>
        <time>2026-09-23T23:57:11Z</time>
        <extensions>
          <gpxtpx:TrackPointExtension>
            <gpxtpx:hr>101</gpxtpx:hr>
          </gpxtpx:TrackPointExtension>
        </extensions>
      </trkpt>
      <trkpt lat="1.3981667190668556" lon="103.89710437209568">
        <ele>14.843144528567791</ele>
        <time>2026-09-23T23:57:12Z</time>
        <extensions>
          <gpxtpx:TrackPointExtension>
            <gpxtpx:hr>100</gpxtpx:hr>
          </gpxtpx:TrackPointExtension>
        </extensions>
      </trkpt>
      <trkpt lat="1.3981636904126222" lon="103.89711681278698">
        <ele>14.847317988984287</ele>
        <time>2026-09-23T23:57:13Z</time>
        <extensions>
          <gpxtpx:TrackPointExtension>
            <gpxtpx:hr>100</gpxtpx:hr>
          </gpxtpx:TrackPointExtension>
        </extensions>
      </trkpt>
      <trkpt lat="1.3981604731750195" lon="103.8971293712203">
        <ele>14.850557936355472</ele>
        <time>2026-09-23T23:57:14Z</time>
        <extensions>
          <gpxtpx:TrackPointExtension>
            <gpxtpx:hr>100</gpxtpx:hr>
          </gpxtpx:TrackPointExtension>
        </extensions>
      </trkpt>
      <trkpt lat="1.3981572303091212" lon="103.89714195647959">
        <ele>14.85259413253516</ele>
        <time>2026-09-23T23:57:15Z</time>
        <extensions>
          <gpxtpx:TrackPointExtension>
            <gpxtpx:hr>100</gpxtpx:hr>
          </gpxtpx:TrackPointExtension>
        </extensions>
      </trkpt>
      <trkpt lat="1.398154059557417" lon="103.89715444957541">
        <ele>14.852659215219319</ele>
        <time>2026-09-23T23:57:16Z</time>
        <extensions>
          <gpxtpx:TrackPointExtension>
            <gpxtpx:hr>97</gpxtpx:hr>
          </gpxtpx:TrackPointExtension>
        </extensions>
      </trkpt>
      <trkpt lat="1.39815098011723" lon="103.89716673795793">
        <ele>14.851344217546284</ele>
        <time>2026-09-23T23:57:17Z</time>
        <extensions>
          <gpxtpx:TrackPointExtension>
            <gpxtpx:hr>97</gpxtpx:hr>
          </gpxtpx:TrackPointExtension>
        </extensions>
      </trkpt>
      <trkpt lat="1.3981480069732086" lon="103.89717872420404">
        <ele>14.84804589021951</ele>
        <time>2026-09-23T23:57:18Z</time>
        <extensions>
          <gpxtpx:TrackPointExtension>
            <gpxtpx:hr>97</gpxtpx:hr>
          </gpxtpx:TrackPointExtension>
        </extensions>
      </trkpt>
      <trkpt lat="1.3981451325401038" lon="103.89719035831342">
        <ele>14.843372788280249</ele>
        <time>2026-09-23T23:57:19Z</time>
        <extensions>
          <gpxtpx:TrackPointExtension>
            <gpxtpx:hr>97</gpxtpx:hr>
          </gpxtpx:TrackPointExtension>
        </extensions>
      </trkpt>
      <trkpt lat="1.3981422760466775" lon="103.89720175485833">
        <ele>14.838519840501249</ele>
        <time>2026-09-23T23:57:20Z</time>
        <extensions>
          <gpxtpx:TrackPointExtension>
            <gpxtpx:hr>97</gpxtpx:hr>
          </gpxtpx:TrackPointExtension>
        </extensions>
      </trkpt>
      <trkpt lat="1.3981393685497705" lon="103.8972130595221">
        <ele>14.83354311902076</ele>
        <time>2026-09-23T23:57:21Z</time>
        <extensions>
          <gpxtpx:TrackPointExtension>
            <gpxtpx:hr>97</gpxtpx:hr>
          </gpxtpx:TrackPointExtension>
        </extensions>
      </trkpt>
      <trkpt lat="1.3981363577320285" lon="103.89722428160911">
        <ele>14.828632057644427</ele>
        <time>2026-09-23T23:57:22Z</time>
        <extensions>
          <gpxtpx:TrackPointExtension>
            <gpxtpx:hr>97</gpxtpx:hr>
          </gpxtpx:TrackPointExtension>
        </extensions>
      </trkpt>
      <trkpt lat="1.3981332343290884" lon="103.89723536227102">
        <ele>14.825045904144645</ele>
        <time>2026-09-23T23:57:23Z</time>
        <extensions>
          <gpxtpx:TrackPointExtension>
            <gpxtpx:hr>98</gpxtpx:hr>
          </gpxtpx:TrackPointExtension>
        </extensions>
      </trkpt>
      <trkpt lat="1.398130027043067" lon="103.89724629701962">
        <ele>14.823130812495947</ele>
        <time>2026-09-23T23:57:24Z</time>
        <extensions>
          <gpxtpx:TrackPointExtension>
            <gpxtpx:hr>98</gpxtpx:hr>
          </gpxtpx:TrackPointExtension>
        </extensions>
      </trkpt>
      <trkpt lat="1.3981266920180286" lon="103.89725709517649">
        <ele>14.823927006684244</ele>
        <time>2026-09-23T23:57:25Z</time>
        <extensions>
          <gpxtpx:TrackPointExtension>
            <gpxtpx:hr>98</gpxtpx:hr>
          </gpxtpx:TrackPointExtension>
        </extensions>
      </trkpt>
      <trkpt lat="1.3981231835672858" lon="103.89726770443252">
        <ele>14.828346760943532</ele>
        <time>2026-09-23T23:57:26Z</time>
        <extensions>
          <gpxtpx:TrackPointExtension>
            <gpxtpx:hr>98</gpxtpx:hr>
          </gpxtpx:TrackPointExtension>
        </extensions>
      </trkpt>
      <trkpt lat="1.3981194129323962" lon="103.89727804910153">
        <ele>14.836497792974114</ele>
        <time>2026-09-23T23:57:27Z</time>
        <extensions>
          <gpxtpx:TrackPointExtension>
            <gpxtpx:hr>98</gpxtpx:hr>
          </gpxtpx:TrackPointExtension>
        </extensions>
      </trkpt>
      <trkpt lat="1.39811533274933" lon="103.89728808119082">
        <ele>14.849162891507149</ele>
        <time>2026-09-23T23:57:28Z</time>
        <extensions>
          <gpxtpx:TrackPointExtension>
            <gpxtpx:hr>98</gpxtpx:hr>
          </gpxtpx:TrackPointExtension>
        </extensions>
      </trkpt>
      <trkpt lat="1.398110871957065" lon="103.89729777565886">
        <ele>14.867050560191274</ele>
        <time>2026-09-23T23:57:29Z</time>
        <extensions>
          <gpxtpx:TrackPointExtension>
            <gpxtpx:hr>100</gpxtpx:hr>
          </gpxtpx:TrackPointExtension>
        </extensions>
      </trkpt>
      <trkpt lat="1.3981059794345012" lon="103.8973071437544">
        <ele>14.890367278829217</ele>
        <time>2026-09-23T23:57:30Z</time>
        <extensions>
          <gpxtpx:TrackPointExtension>
            <gpxtpx:hr>100</gpxtpx:hr>
          </gpxtpx:TrackPointExtension>
        </extensions>
      </trkpt>
      <trkpt lat="1.3981005857650444" lon="103.89731611552929">
        <ele>14.919365467503667</ele>
        <time>2026-09-23T23:57:31Z</time>
        <extensions>
          <gpxtpx:TrackPointExtension>
            <gpxtpx:hr>100</gpxtpx:hr>
          </gpxtpx:TrackPointExtension>
        </extensions>
      </trkpt>
      <trkpt lat="1.3980945977347115" lon="103.89732461463333">
        <ele>14.954681717790663</ele>
        <time>2026-09-23T23:57:32Z</time>
        <extensions>
          <gpxtpx:TrackPointExtension>
            <gpxtpx:hr>100</gpxtpx:hr>
          </gpxtpx:TrackPointExtension>
        </extensions>
      </trkpt>
      <trkpt lat="1.398087930353681" lon="103.89733259950005">
        <ele>14.996348481625319</ele>
        <time>2026-09-23T23:57:33Z</time>
        <extensions>
          <gpxtpx:TrackPointExtension>
            <gpxtpx:hr>100</gpxtpx:hr>
          </gpxtpx:TrackPointExtension>
        </extensions>
      </trkpt>
      <trkpt lat="1.3980805361442719" lon="103.89734001384156">
        <ele>15.044378711842</ele>
        <time>2026-09-23T23:57:34Z</time>
        <extensions>
          <gpxtpx:TrackPointExtension>
            <gpxtpx:hr>100</gpxtpx:hr>
          </gpxtpx:TrackPointExtension>
        </extensions>
      </trkpt>
      <trkpt lat="1.3980724484987546" lon="103.89734676578715">
        <ele>15.098554892465472</ele>
        <time>2026-09-23T23:57:35Z</time>
        <extensions>
          <gpxtpx:TrackPointExtension>
            <gpxtpx:hr>100</gpxtpx:hr>
          </gpxtpx:TrackPointExtension>
        </extensions>
      </trkpt>
      <trkpt lat="1.3980636846817045" lon="103.89735274137828">
        <ele>15.158597835339606</ele>
        <time>2026-09-23T23:57:36Z</time>
        <extensions>
          <gpxtpx:TrackPointExtension>
            <gpxtpx:hr>100</gpxtpx:hr>
          </gpxtpx:TrackPointExtension>
        </extensions>
      </trkpt>
      <trkpt lat="1.3980542654410895" lon="103.8973578744383">
        <ele>15.223803114145994</ele>
        <time>2026-09-23T23:57:37Z</time>
        <extensions>
          <gpxtpx:TrackPointExtension>
            <gpxtpx:hr>102</gpxtpx:hr>
          </gpxtpx:TrackPointExtension>
        </extensions>
      </trkpt>
      <trkpt lat="1.3980442845087537" lon="103.897362107393">
        <ele>15.293778604827821</ele>
        <time>2026-09-23T23:57:38Z</time>
        <extensions>
          <gpxtpx:TrackPointExtension>
            <gpxtpx:hr>102</gpxtpx:hr>
          </gpxtpx:TrackPointExtension>
        </extensions>
      </trkpt>
      <trkpt lat="1.398033806195384" lon="103.89736543098871">
        <ele>15.367858799174428</ele>
        <time>2026-09-23T23:57:39Z</time>
        <extensions>
          <gpxtpx:TrackPointExtension>
            <gpxtpx:hr>102</gpxtpx:hr>
          </gpxtpx:TrackPointExtension>
        </extensions>
      </trkpt>
      <trkpt lat="1.398022893178075" lon="103.89736783251081">
        <ele>15.44533752091229</ele>
        <time>2026-09-23T23:57:40Z</time>
        <extensions>
          <gpxtpx:TrackPointExtension>
            <gpxtpx:hr>102</gpxtpx:hr>
          </gpxtpx:TrackPointExtension>
        </extensions>
      </trkpt>
      <trkpt lat="1.3980115578175973" lon="103.8973693722659">
        <ele>15.525338845327497</ele>
        <time>2026-09-23T23:57:41Z</time>
        <extensions>
          <gpxtpx:TrackPointExtension>
            <gpxtpx:hr>102</gpxtpx:hr>
          </gpxtpx:TrackPointExtension>
        </extensions>
      </trkpt>
      <trkpt lat="1.3979998714295283" lon="103.89737009025698">
        <ele>15.606803555041552</ele>
        <time>2026-09-23T23:57:42Z</time>
        <extensions>
          <gpxtpx:TrackPointExtension>
            <gpxtpx:hr>102</gpxtpx:hr>
          </gpxtpx:TrackPointExtension>
        </extensions>
      </trkpt>
      <trkpt lat="1.3979879609736792" lon="103.89737002769219">
        <ele>15.688194770365953</ele>
        <time>2026-09-23T23:57:43Z</time>
        <extensions>
          <gpxtpx:TrackPointExtension>
            <gpxtpx:hr>102</gpxtpx:hr>
          </gpxtpx:TrackPointExtension>
        </extensions>
      </trkpt>
      <trkpt lat="1.397975879676673" lon="103.89736923479342">
        <ele>15.768525038845837</ele>
        <time>2026-09-23T23:57:44Z</time>
        <extensions>
          <gpxtpx:TrackPointExtension>
            <gpxtpx:hr>102</gpxtpx:hr>
          </gpxtpx:TrackPointExtension>
        </extensions>
      </trkpt>
      <trkpt lat="1.3979636336450956" lon="103.89736775999505">
        <ele>15.84614877216518</ele>
        <time>2026-09-23T23:57:45Z</time>
        <extensions>
          <gpxtpx:TrackPointExtension>
            <gpxtpx:hr>102</gpxtpx:hr>
          </gpxtpx:TrackPointExtension>
        </extensions>
      </trkpt>
      <trkpt lat="1.3979512302966153" lon="103.89736562879028">
        <ele>15.92027839180082</ele>
        <time>2026-09-23T23:57:46Z</time>
        <extensions>
          <gpxtpx:TrackPointExtension>
            <gpxtpx:hr>100</gpxtpx:hr>
          </gpxtpx:TrackPointExtension>
        </extensions>
      </trkpt>
      <trkpt lat="1.3979386765121031" lon="103.89736291244733">
        <ele>15.99036273919046</ele>
        <time>2026-09-23T23:57:47Z</time>
        <extensions>
          <gpxtpx:TrackPointExtension>
            <gpxtpx:hr>100</gpxtpx:hr>
          </gpxtpx:TrackPointExtension>
        </extensions>
      </trkpt>
      <trkpt lat="1.3979259663256993" lon="103.89735960575807">
        <ele>16.05646402295679</ele>
        <time>2026-09-23T23:57:48Z</time>
        <extensions>
          <gpxtpx:TrackPointExtension>
            <gpxtpx:hr>100</gpxtpx:hr>
          </gpxtpx:TrackPointExtension>
        </extensions>
      </trkpt>
      <trkpt lat="1.397913108158303" lon="103.89735568216415">
        <ele>16.118421060033143</ele>
        <time>2026-09-23T23:57:49Z</time>
        <extensions>
          <gpxtpx:TrackPointExtension>
            <gpxtpx:hr>100</gpxtpx:hr>
          </gpxtpx:TrackPointExtension>
        </extensions>
      </trkpt>
      <trkpt lat="1.3979001474995094" lon="103.89735117024094">
        <ele>16.176662812940776</ele>
        <time>2026-09-23T23:57:50Z</time>
        <extensions>
          <gpxtpx:TrackPointExtension>
            <gpxtpx:hr>100</gpxtpx:hr>
          </gpxtpx:TrackPointExtension>
        </extensions>
      </trkpt>
      <trkpt lat="1.3978871916242321" lon="103.89734610311501">
        <ele>16.231231804937124</ele>
        <time>2026-09-23T23:57:51Z</time>
        <extensions>
          <gpxtpx:TrackPointExtension>
            <gpxtpx:hr>101</gpxtpx:hr>
          </gpxtpx:TrackPointExtension>
        </extensions>
      </trkpt>
      <trkpt lat="1.3978743477941395" lon="103.89734048752176">
        <ele>16.282318006269634</ele>
        <time>2026-09-23T23:57:52Z</time>
        <extensions>
          <gpxtpx:TrackPointExtension>
            <gpxtpx:hr>101</gpxtpx:hr>
          </gpxtpx:TrackPointExtension>
        </extensions>
      </trkpt>
      <trkpt lat="1.3978616727660418" lon="103.89733437674784">
        <ele>16.33063179254532</ele>
        <time>2026-09-23T23:57:53Z</time>
        <extensions>
          <gpxtpx:TrackPointExtension>
            <gpxtpx:hr>101</gpxtpx:hr>
          </gpxtpx:TrackPointExtension>
        </extensions>
      </trkpt>
      <trkpt lat="1.3978492218368748" lon="103.8973278294246">
        <ele>16.376082095317543</ele>
        <time>2026-09-23T23:57:54Z</time>
        <extensions>
          <gpxtpx:TrackPointExtension>
            <gpxtpx:hr>101</gpxtpx:hr>
          </gpxtpx:TrackPointExtension>
        </extensions>
      </trkpt>
      <trkpt lat="1.3978370314638522" lon="103.89732089663336">
        <ele>16.41945760976523</ele>
        <time>2026-09-23T23:57:55Z</time>
        <extensions>
          <gpxtpx:TrackPointExtension>
            <gpxtpx:hr>101</gpxtpx:hr>
          </gpxtpx:TrackPointExtension>
        </extensions>
      </trkpt>
      <trkpt lat="1.3978251429875013" lon="103.89731363856704">
        <ele>16.461009711027145</ele>
        <time>2026-09-23T23:57:56Z</time>
        <extensions>
          <gpxtpx:TrackPointExtension>
            <gpxtpx:hr>101</gpxtpx:hr>
          </gpxtpx:TrackPointExtension>
        </extensions>
      </trkpt>
      <trkpt lat="1.3978135708181834" lon="103.89730611962025">
        <ele>16.501023752614856</ele>
        <time>2026-09-23T23:57:57Z</time>
        <extensions>
          <gpxtpx:TrackPointExtension>
            <gpxtpx:hr>101</gpxtpx:hr>
          </gpxtpx:TrackPointExtension>
        </extensions>
      </trkpt>
      <trkpt lat="1.3978022926871465" lon="103.89729835781563">
        <ele>16.53950778208673</ele>
        <time>2026-09-23T23:57:58Z</time>
        <extensions>
          <gpxtpx:TrackPointExtension>
            <gpxtpx:hr>101</gpxtpx:hr>
          </gpxtpx:TrackPointExtension>
        </extensions>
      </trkpt>
      <trkpt lat="1.3977912002387893" lon="103.89729039940721">
        <ele>16.57686626818031</ele>
        <time>2026-09-23T23:57:59Z</time>
        <extensions>
          <gpxtpx:TrackPointExtension>
            <gpxtpx:hr>101</gpxtpx:hr>
          </gpxtpx:TrackPointExtension>
        </extensions>
      </trkpt>
      <trkpt lat="1.3977802057582467" lon="103.89728230798424">
        <ele>16.61299394350499</ele>
        <time>2026-09-23T23:58:00Z</time>
        <extensions>
          <gpxtpx:TrackPointExtension>
            <gpxtpx:hr>101</gpxtpx:hr>
          </gpxtpx:TrackPointExtension>
        </extensions>
      </trkpt>
      <trkpt lat="1.397769229018032" lon="103.89727416896054">
        <ele>16.64771398715675</ele>
        <time>2026-09-23T23:58:01Z</time>
        <extensions>
          <gpxtpx:TrackPointExtension>
            <gpxtpx:hr>101</gpxtpx:hr>
          </gpxtpx:TrackPointExtension>
        </extensions>
      </trkpt>
      <trkpt lat="1.3977582199817065" lon="103.89726609137197">
        <ele>16.680611674673855</ele>
        <time>2026-09-23T23:58:02Z</time>
        <extensions>
          <gpxtpx:TrackPointExtension>
            <gpxtpx:hr>101</gpxtpx:hr>
          </gpxtpx:TrackPointExtension>
        </extensions>
      </trkpt>
      <trkpt lat="1.3977471560464583" lon="103.89725815371607">
        <ele>16.711130978539586</ele>
        <time>2026-09-23T23:58:03Z</time>
        <extensions>
          <gpxtpx:TrackPointExtension>
            <gpxtpx:hr>101</gpxtpx:hr>
          </gpxtpx:TrackPointExtension>
        </extensions>
      </trkpt>
      <trkpt lat="1.3977359100639364" lon="103.89725037742653">
        <ele>16.738578712567687</ele>
        <time>2026-09-23T23:58:04Z</time>
        <extensions>
          <gpxtpx:TrackPointExtension>
            <gpxtpx:hr>102</gpxtpx:hr>
          </gpxtpx:TrackPointExtension>
        </extensions>
      </trkpt>
      <trkpt lat="1.397724456423038" lon="103.89724284766393">
        <ele>16.76219359692186</ele>
        <time>2026-09-23T23:58:05Z</time>
        <extensions>
          <gpxtpx:TrackPointExtension>
            <gpxtpx:hr>102</gpxtpx:hr>
          </gpxtpx:TrackPointExtension>
        </extensions>
      </trkpt>
      <trkpt lat="1.3977128235583436" lon="103.89723547690187">
        <ele>16.781408730894327</ele>
        <time>2026-09-23T23:58:06Z</time>
        <extensions>
          <gpxtpx:TrackPointExtension>
            <gpxtpx:hr>102</gpxtpx:hr>
          </gpxtpx:TrackPointExtension>
        </extensions>
      </trkpt>
      <trkpt lat="1.3977009079670124" lon="103.89722814934261">
        <ele>16.79609032627195</ele>
        <time>2026-09-23T23:58:07Z</time>
        <extensions>
          <gpxtpx:TrackPointExtension>
            <gpxtpx:hr>102</gpxtpx:hr>
          </gpxtpx:TrackPointExtension>
        </extensions>
      </trkpt>
      <trkpt lat="1.3976886838631162" lon="103.89722041679865">
        <ele>16.80648426618427</ele>
        <time>2026-09-23T23:58:08Z</time>
        <extensions>
          <gpxtpx:TrackPointExtension>
            <gpxtpx:hr>102</gpxtpx:hr>
          </gpxtpx:TrackPointExtension>
        </extensions>
      </trkpt>
      <trkpt lat="1.397675965078947" lon="103.8972127849406">
        <ele>16.81319693289697</ele>
        <time>2026-09-23T23:58:09Z</time>
        <extensions>
          <gpxtpx:TrackPointExtension>
            <gpxtpx:hr>101</gpxtpx:hr>
          </gpxtpx:TrackPointExtension>
        </extensions>
      </trkpt>
      <trkpt lat="1.3976630140029078" lon="103.89720536494137">
        <ele>16.81694608181715</ele>
        <time>2026-09-23T23:58:10Z</time>
        <extensions>
          <gpxtpx:TrackPointExtension>
            <gpxtpx:hr>101</gpxtpx:hr>
          </gpxtpx:TrackPointExtension>
        </extensions>
      </trkpt>
      <trkpt lat="1.397649641228441" lon="103.8971983488397">
        <ele>16.818394469097257</ele>
        <time>2026-09-23T23:58:11Z</time>
        <extensions>
          <gpxtpx:TrackPointExtension>
            <gpxtpx:hr>101</gpxtpx:hr>
          </gpxtpx:TrackPointExtension>
        </extensions>
      </trkpt>
      <trkpt lat="1.397635912944271" lon="103.89719148275209">
        <ele>16.818358519114554</ele>
        <time>2026-09-23T23:58:12Z</time>
        <extensions>
          <gpxtpx:TrackPointExtension>
            <gpxtpx:hr>101</gpxtpx:hr>
          </gpxtpx:TrackPointExtension>
        </extensions>
      </trkpt>
      <trkpt lat="1.3976220490582474" lon="103.89718478752033">
        <ele>16.81786802969873</ele>
        <time>2026-09-23T23:58:13Z</time>
        <extensions>
          <gpxtpx:TrackPointExtension>
            <gpxtpx:hr>101</gpxtpx:hr>
          </gpxtpx:TrackPointExtension>
        </extensions>
      </trkpt>
      <trkpt lat="1.3976081158302303" lon="103.89717828723194">
        <ele>16.817962310276926</ele>
        <time>2026-09-23T23:58:14Z</time>
        <extensions>
          <gpxtpx:TrackPointExtension>
            <gpxtpx:hr>101</gpxtpx:hr>
          </gpxtpx:TrackPointExtension>
        </extensions>
      </trkpt>
      <trkpt lat="1.3975940278778782" lon="103.89717206378728">
        <ele>16.819646355696023</ele>
        <time>2026-09-23T23:58:15Z</time>
        <extensions>
          <gpxtpx:TrackPointExtension>
            <gpxtpx:hr>101</gpxtpx:hr>
          </gpxtpx:TrackPointExtension>
        </extensions>
      </trkpt>
      <trkpt lat="1.3975799749835514" lon="103.89716612454548">
        <ele>16.823687374591827</ele>
        <time>2026-09-23T23:58:16Z</time>
        <extensions>
          <gpxtpx:TrackPointExtension>
            <gpxtpx:hr>101</gpxtpx:hr>
          </gpxtpx:TrackPointExtension>
        </extensions>
      </trkpt>
      <trkpt lat="1.3975660127451468" lon="103.89716048680536">
        <ele>16.830612142570317</ele>
        <time>2026-09-23T23:58:17Z</time>
        <extensions>
          <gpxtpx:TrackPointExtension>
            <gpxtpx:hr>101</gpxtpx:hr>
          </gpxtpx:TrackPointExtension>
        </extensions>
      </trkpt>
      <trkpt lat="1.3975521234954535" lon="103.89715522212676">
        <ele>16.840850015170872</ele>
        <time>2026-09-23T23:58:18Z</time>
        <extensions>
          <gpxtpx:TrackPointExtension>
            <gpxtpx:hr>101</gpxtpx:hr>
          </gpxtpx:TrackPointExtension>
        </extensions>
      </trkpt>
      <trkpt lat="1.3975385103201963" lon="103.89715038817556">
        <ele>16.854616454802454</ele>
        <time>2026-09-23T23:58:19Z</time>
        <extensions>
          <gpxtpx:TrackPointExtension>
            <gpxtpx:hr>101</gpxtpx:hr>
          </gpxtpx:TrackPointExtension>
        </extensions>
      </trkpt>
      <trkpt lat="1.3975251950813867" lon="103.89714592290981">
        <ele>16.871833520010114</ele>
        <time>2026-09-23T23:58:20Z</time>
        <extensions>
          <gpxtpx:TrackPointExtension>
            <gpxtpx:hr>101</gpxtpx:hr>
          </gpxtpx:TrackPointExtension>
        </extensions>
      </trkpt>
      <trkpt lat="1.3975120702220976" lon="103.89714186201591">
        <ele>16.89225236326456</ele>
        <time>2026-09-23T23:58:21Z</time>
        <extensions>
          <gpxtpx:TrackPointExtension>
            <gpxtpx:hr>101</gpxtpx:hr>
          </gpxtpx:TrackPointExtension>
        </extensions>
      </trkpt>
      <trkpt lat="1.3974991649149555" lon="103.89713824667153">
        <ele>16.91538205370307</ele>
        <time>2026-09-23T23:58:22Z</time>
        <extensions>
          <gpxtpx:TrackPointExtension>
            <gpxtpx:hr>101</gpxtpx:hr>
          </gpxtpx:TrackPointExtension>
        </extensions>
      </trkpt>
      <trkpt lat="1.3974864469894654" lon="103.8971346692732">
        <ele>16.940557481721044</ele>
        <time>2026-09-23T23:58:23Z</time>
        <extensions>
          <gpxtpx:TrackPointExtension>
            <gpxtpx:hr>101</gpxtpx:hr>
          </gpxtpx:TrackPointExtension>
        </extensions>
      </trkpt>
      <trkpt lat="1.3974738593293543" lon="103.8971319262215">
        <ele>16.967034976929426</ele>
        <time>2026-09-23T23:58:24Z</time>
        <extensions>
          <gpxtpx:TrackPointExtension>
            <gpxtpx:hr>101</gpxtpx:hr>
          </gpxtpx:TrackPointExtension>
        </extensions>
      </trkpt>
      <trkpt lat="1.3974611954707072" lon="103.89712962806519">
        <ele>16.994206975214183</ele>
        <time>2026-09-23T23:58:25Z</time>
        <extensions>
          <gpxtpx:TrackPointExtension>
            <gpxtpx:hr>101</gpxtpx:hr>
          </gpxtpx:TrackPointExtension>
        </extensions>
      </trkpt>
      <trkpt lat="1.3974484991399123" lon="103.89712763608364">
        <ele>17.021690224297345</ele>
        <time>2026-09-23T23:58:26Z</time>
        <extensions>
          <gpxtpx:TrackPointExtension>
            <gpxtpx:hr>100</gpxtpx:hr>
          </gpxtpx:TrackPointExtension>
        </extensions>
      </trkpt>
      <trkpt lat="1.3974358659571249" lon="103.8971257412029">
        <ele>17.049389383755624</ele>
        <time>2026-09-23T23:58:27Z</time>
        <extensions>
          <gpxtpx:TrackPointExtension>
            <gpxtpx:hr>100</gpxtpx:hr>
          </gpxtpx:TrackPointExtension>
        </extensions>
      </trkpt>
      <trkpt lat="1.3974231359371907" lon="103.89712378847923">
        <ele>17.077473455108702</ele>
        <time>2026-09-23T23:58:28Z</time>
        <extensions>
          <gpxtpx:TrackPointExtension>
            <gpxtpx:hr>100</gpxtpx:hr>
          </gpxtpx:TrackPointExtension>
        </extensions>
      </trkpt>
      <trkpt lat="1.3974102353391447" lon="103.89712231663553">
        <ele>17.106257954612374</ele>
        <time>2026-09-23T23:58:29Z</time>
        <extensions>
          <gpxtpx:TrackPointExtension>
            <gpxtpx:hr>100</gpxtpx:hr>
          </gpxtpx:TrackPointExtension>
        </extensions>
      </trkpt>
      <trkpt lat="1.3973968590290793" lon="103.89712101545977">
        <ele>17.136103962548077</ele>
        <time>2026-09-23T23:58:30Z</time>
        <extensions>
          <gpxtpx:TrackPointExtension>
            <gpxtpx:hr>100</gpxtpx:hr>
          </gpxtpx:TrackPointExtension>
        </extensions>
      </trkpt>
      <trkpt lat="1.3973832812894083" lon="103.8971194972959">
        <ele>17.16735507082194</ele>
        <time>2026-09-23T23:58:31Z</time>
        <extensions>
          <gpxtpx:TrackPointExtension>
            <gpxtpx:hr>100</gpxtpx:hr>
          </gpxtpx:TrackPointExtension>
        </extensions>
      </trkpt>
      <trkpt lat="1.3973695979769079" lon="103.8971179068093">
        <ele>17.20026745647192</ele>
        <time>2026-09-23T23:58:32Z</time>
        <extensions>
          <gpxtpx:TrackPointExtension>
            <gpxtpx:hr>99</gpxtpx:hr>
          </gpxtpx:TrackPointExtension>
        </extensions>
      </trkpt>
      <trkpt lat="1.3973558158280777" lon="103.89711613229963">
        <ele>17.234914312139153</ele>
        <time>2026-09-23T23:58:33Z</time>
        <extensions>
          <gpxtpx:TrackPointExtension>
            <gpxtpx:hr>99</gpxtpx:hr>
          </gpxtpx:TrackPointExtension>
        </extensions>
      </trkpt>
      <trkpt lat="1.3973417504898076" lon="103.8971141457989">
        <ele>17.271059785038233</ele>
        <time>2026-09-23T23:58:34Z</time>
        <extensions>
          <gpxtpx:TrackPointExtension>
            <gpxtpx:hr>99</gpxtpx:hr>
          </gpxtpx:TrackPointExtension>
        </extensions>
      </trkpt>
      <trkpt lat="1.397327370167209" lon="103.8971118424985">
        <ele>17.308110559359193</ele>
        <time>2026-09-23T23:58:35Z</time>
        <extensions>
          <gpxtpx:TrackPointExtension>
            <gpxtpx:hr>99</gpxtpx:hr>
          </gpxtpx:TrackPointExtension>
        </extensions>
      </trkpt>
      <trkpt lat="1.397312665116713" lon="103.89710933613514">
        <ele>17.345229459926486</ele>
        <time>2026-09-23T23:58:36Z</time>
        <extensions>
          <gpxtpx:TrackPointExtension>
            <gpxtpx:hr>99</gpxtpx:hr>
          </gpxtpx:TrackPointExtension>
        </extensions>
      </trkpt>
      <trkpt lat="1.397297753301771" lon="103.89710662798716">
        <ele>17.381349534727633</ele>
        <time>2026-09-23T23:58:37Z</time>
        <extensions>
          <gpxtpx:TrackPointExtension>
            <gpxtpx:hr>99</gpxtpx:hr>
          </gpxtpx:TrackPointExtension>
        </extensions>
      </trkpt>
      <trkpt lat="1.3972827461179405" lon="103.89710367406396">
        <ele>17.415087188594043</ele>
        <time>2026-09-23T23:58:38Z</time>
        <extensions>
          <gpxtpx:TrackPointExtension>
            <gpxtpx:hr>99</gpxtpx:hr>
          </gpxtpx:TrackPointExtension>
        </extensions>
      </trkpt>
      <trkpt lat="1.3972677110466607" lon="103.89710048033885">
        <ele>17.44473386183381</ele>
        <time>2026-09-23T23:58:39Z</time>
        <extensions>
          <gpxtpx:TrackPointExtension>
            <gpxtpx:hr>98</gpxtpx:hr>
          </gpxtpx:TrackPointExtension>
        </extensions>
      </trkpt>
      <trkpt lat="1.3972526563054077" lon="103.89709705192972">
        <ele>17.46837028861046</ele>
        <time>2026-09-23T23:58:40Z</time>
        <extensions>
          <gpxtpx:TrackPointExtension>
            <gpxtpx:hr>98</gpxtpx:hr>
          </gpxtpx:TrackPointExtension>
        </extensions>
      </trkpt>
      <trkpt lat="1.3972377039247423" lon="103.89709344632034">
        <ele>17.484029619954526</ele>
        <time>2026-09-23T23:58:41Z</time>
        <extensions>
          <gpxtpx:TrackPointExtension>
            <gpxtpx:hr>98</gpxtpx:hr>
          </gpxtpx:TrackPointExtension>
        </extensions>
      </trkpt>
      <trkpt lat="1.397222957803111" lon="103.89708971016329">
        <ele>17.48998056165874</ele>
        <time>2026-09-23T23:58:42Z</time>
        <extensions>
          <gpxtpx:TrackPointExtension>
            <gpxtpx:hr>98</gpxtpx:hr>
          </gpxtpx:TrackPointExtension>
        </extensions>
      </trkpt>
      <trkpt lat="1.397208738455149" lon="103.89708581853799">
        <ele>17.484917611815035</ele>
        <time>2026-09-23T23:58:43Z</time>
        <extensions>
          <gpxtpx:TrackPointExtension>
            <gpxtpx:hr>98</gpxtpx:hr>
          </gpxtpx:TrackPointExtension>
        </extensions>
      </trkpt>
      <trkpt lat="1.3971947058590164" lon="103.89708180595449">
        <ele>17.46815077867359</ele>
        <time>2026-09-23T23:58:44Z</time>
        <extensions>
          <gpxtpx:TrackPointExtension>
            <gpxtpx:hr>98</gpxtpx:hr>
          </gpxtpx:TrackPointExtension>
        </extensions>
      </trkpt>
      <trkpt lat="1.397181045296936" lon="103.89707762610593">
        <ele>17.439669062383473</ele>
        <time>2026-09-23T23:58:45Z</time>
        <extensions>
          <gpxtpx:TrackPointExtension>
            <gpxtpx:hr>98</gpxtpx:hr>
          </gpxtpx:TrackPointExtension>
        </extensions>
      </trkpt>
      <trkpt lat="1.3971678912863772" lon="103.8970733449001">
        <ele>17.39993829280138</ele>
        <time>2026-09-23T23:58:46Z</time>
        <extensions>
          <gpxtpx:TrackPointExtension>
            <gpxtpx:hr>98</gpxtpx:hr>
          </gpxtpx:TrackPointExtension>
        </extensions>
      </trkpt>
      <trkpt lat="1.3971552665503737" lon="103.89706896263222">
        <ele>17.349839117377996</ele>
        <time>2026-09-23T23:58:47Z</time>
        <extensions>
          <gpxtpx:TrackPointExtension>
            <gpxtpx:hr>99</gpxtpx:hr>
          </gpxtpx:TrackPointExtension>
        </extensions>
      </trkpt>
      <trkpt lat="1.3971431556850809" lon="103.89706451547919">
        <ele>17.29074659012258</ele>
        <time>2026-09-23T23:58:48Z</time>
        <extensions>
          <gpxtpx:TrackPointExtension>
            <gpxtpx:hr>99</gpxtpx:hr>
          </gpxtpx:TrackPointExtension>
        </extensions>
      </trkpt>
      <trkpt lat="1.3971315107823765" lon="103.89706005326923">
        <ele>17.22412041760981</ele>
        <time>2026-09-23T23:58:49Z</time>
        <extensions>
          <gpxtpx:TrackPointExtension>
            <gpxtpx:hr>99</gpxtpx:hr>
          </gpxtpx:TrackPointExtension>
        </extensions>
      </trkpt>
      <trkpt lat="1.3971203207556755" lon="103.89705555913864">
        <ele>17.150922533124685</ele>
        <time>2026-09-23T23:58:50Z</time>
        <extensions>
          <gpxtpx:TrackPointExtension>
            <gpxtpx:hr>99</gpxtpx:hr>
          </gpxtpx:TrackPointExtension>
        </extensions>
      </trkpt>
      <trkpt lat="1.3971095550470607" lon="103.89705099630139">
        <ele>17.07168723549694</ele>
        <time>2026-09-23T23:58:51Z</time>
        <extensions>
          <gpxtpx:TrackPointExtension>
            <gpxtpx:hr>99</gpxtpx:hr>
          </gpxtpx:TrackPointExtension>
        </extensions>
      </trkpt>
      <trkpt lat="1.3970991262788284" lon="103.8970463287718">
        <ele>16.986858752556145</ele>
        <time>2026-09-23T23:58:52Z</time>
        <extensions>
          <gpxtpx:TrackPointExtension>
            <gpxtpx:hr>99</gpxtpx:hr>
          </gpxtpx:TrackPointExtension>
        </extensions>
      </trkpt>
      <trkpt lat="1.3970889415064522" lon="103.89704151447981">
        <ele>16.897000689059496</ele>
        <time>2026-09-23T23:58:53Z</time>
        <extensions>
          <gpxtpx:TrackPointExtension>
            <gpxtpx:hr>99</gpxtpx:hr>
          </gpxtpx:TrackPointExtension>
        </extensions>
      </trkpt>
      <trkpt lat="1.397078904028883" lon="103.89703651942835">
        <ele>16.80291616730392</ele>
        <time>2026-09-23T23:58:54Z</time>
        <extensions>
          <gpxtpx:TrackPointExtension>
            <gpxtpx:hr>99</gpxtpx:hr>
          </gpxtpx:TrackPointExtension>
        </extensions>
      </trkpt>
      <trkpt lat="1.3970689755734949" lon="103.89703130464518">
        <ele>16.705791628919542</ele>
        <time>2026-09-23T23:58:55Z</time>
        <extensions>
          <gpxtpx:TrackPointExtension>
            <gpxtpx:hr>99</gpxtpx:hr>
          </gpxtpx:TrackPointExtension>
        </extensions>
      </trkpt>
      <trkpt lat="1.3970591279238942" lon="103.89702593887537">
        <ele>16.60721198003739</ele>
        <time>2026-09-23T23:58:56Z</time>
        <extensions>
          <gpxtpx:TrackPointExtension>
            <gpxtpx:hr>99</gpxtpx:hr>
          </gpxtpx:TrackPointExtension>
        </extensions>
      </trkpt>
      <trkpt lat="1.3970494060868748" lon="103.89702064262693">
        <ele>16.50898106303066</ele>
        <time>2026-09-23T23:58:57Z</time>
        <extensions>
          <gpxtpx:TrackPointExtension>
            <gpxtpx:hr>99</gpxtpx:hr>
          </gpxtpx:TrackPointExtension>
        </extensions>
      </trkpt>
      <trkpt lat="1.3970399147863302" lon="103.89701567041">
        <ele>16.412805328145623</ele>
        <time>2026-09-23T23:58:58Z</time>
        <extensions>
          <gpxtpx:TrackPointExtension>
            <gpxtpx:hr>100</gpxtpx:hr>
          </gpxtpx:TrackPointExtension>
        </extensions>
      </trkpt>
      <trkpt lat="1.3970307979557284" lon="103.89701086685591">
        <ele>16.32016951125115</ele>
        <time>2026-09-23T23:58:59Z</time>
        <extensions>
          <gpxtpx:TrackPointExtension>
            <gpxtpx:hr>100</gpxtpx:hr>
          </gpxtpx:TrackPointExtension>
        </extensions>
      </trkpt>
      <trkpt lat="1.3970221043879145" lon="103.8970056299998">
        <ele>16.23224633745849</ele>
        <time>2026-09-23T23:59:00Z</time>
        <extensions>
          <gpxtpx:TrackPointExtension>
            <gpxtpx:hr>100</gpxtpx:hr>
          </gpxtpx:TrackPointExtension>
        </extensions>
      </trkpt>
      <trkpt lat="1.3970139052768886" lon="103.89699945147974">
        <ele>16.14987922925502</ele>
        <time>2026-09-23T23:59:01Z</time>
        <extensions>
          <gpxtpx:TrackPointExtension>
            <gpxtpx:hr>100</gpxtpx:hr>
          </gpxtpx:TrackPointExtension>
        </extensions>
      </trkpt>
      <trkpt lat="1.3970063291040398" lon="103.89699226850146">
        <ele>16.07369322795421</ele>
        <time>2026-09-23T23:59:02Z</time>
        <extensions>
          <gpxtpx:TrackPointExtension>
            <gpxtpx:hr>100</gpxtpx:hr>
          </gpxtpx:TrackPointExtension>
        </extensions>
      </trkpt>
      <trkpt lat="1.3969992672500333" lon="103.89698428236895">
        <ele>16.004168167710304</ele>
        <time>2026-09-23T23:59:03Z</time>
        <extensions>
          <gpxtpx:TrackPointExtension>
            <gpxtpx:hr>99</gpxtpx:hr>
          </gpxtpx:TrackPointExtension>
        </extensions>
      </trkpt>
      <trkpt lat="1.3969925003684003" lon="103.8969756949419">
        <ele>15.941701139323413</ele>
        <time>2026-09-23T23:59:04Z</time>
        <extensions>
          <gpxtpx:TrackPointExtension>
            <gpxtpx:hr>99</gpxtpx:hr>
          </gpxtpx:TrackPointExtension>
        </extensions>
      </trkpt>
      <trkpt lat="1.3969859202392763" lon="103.8969666500331">
        <ele>15.886541907675564</ele>
        <time>2026-09-23T23:59:05Z</time>
        <extensions>
          <gpxtpx:TrackPointExtension>
            <gpxtpx:hr>99</gpxtpx:hr>
          </gpxtpx:TrackPointExtension>
        </extensions>
      </trkpt>
      <trkpt lat="1.396979470339834" lon="103.89695724584942">
        <ele>15.838661192916334</ele>
        <time>2026-09-23T23:59:06Z</time>
        <extensions>
          <gpxtpx:TrackPointExtension>
            <gpxtpx:hr>99</gpxtpx:hr>
          </gpxtpx:TrackPointExtension>
        </extensions>
      </trkpt>
      <trkpt lat="1.3969730701228311" lon="103.89694766681257">
        <ele>15.797894589602947</ele>
        <time>2026-09-23T23:59:07Z</time>
        <extensions>
          <gpxtpx:TrackPointExtension>
            <gpxtpx:hr>99</gpxtpx:hr>
          </gpxtpx:TrackPointExtension>
        </extensions>
      </trkpt>
      <trkpt lat="1.396966729856335" lon="103.89693809120423">
        <ele>15.76403455156833</ele>
        <time>2026-09-23T23:59:08Z</time>
        <extensions>
          <gpxtpx:TrackPointExtension>
            <gpxtpx:hr>99</gpxtpx:hr>
          </gpxtpx:TrackPointExtension>
        </extensions>
      </trkpt>
      <trkpt lat="1.3969603886928226" lon="103.89692869120498">
        <ele>15.7366434764117</ele>
        <time>2026-09-23T23:59:09Z</time>
        <extensions>
          <gpxtpx:TrackPointExtension>
            <gpxtpx:hr>99</gpxtpx:hr>
          </gpxtpx:TrackPointExtension>
        </extensions>
      </trkpt>
      <trkpt lat="1.3969539091576708" lon="103.89691964144276">
        <ele>15.714965475723147</ele>
        <time>2026-09-23T23:59:10Z</time>
        <extensions>
          <gpxtpx:TrackPointExtension>
            <gpxtpx:hr>101</gpxtpx:hr>
          </gpxtpx:TrackPointExtension>
        </extensions>
      </trkpt>
      <trkpt lat="1.3969472655849877" lon="103.89691109992346">
        <ele>15.698068162426353</ele>
        <time>2026-09-23T23:59:11Z</time>
        <extensions>
          <gpxtpx:TrackPointExtension>
            <gpxtpx:hr>101</gpxtpx:hr>
          </gpxtpx:TrackPointExtension>
        </extensions>
      </trkpt>
      <trkpt lat="1.3969404567842933" lon="103.89690316278174">
        <ele>15.6845149602741</ele>
        <time>2026-09-23T23:59:12Z</time>
        <extensions>
          <gpxtpx:TrackPointExtension>
            <gpxtpx:hr>101</gpxtpx:hr>
          </gpxtpx:TrackPointExtension>
        </extensions>
      </trkpt>
      <trkpt lat="1.3969335139599914" lon="103.89689592003751">
        <ele>15.672109697945416</ele>
        <time>2026-09-23T23:59:13Z</time>
        <extensions>
          <gpxtpx:TrackPointExtension>
            <gpxtpx:hr>101</gpxtpx:hr>
          </gpxtpx:TrackPointExtension>
        </extensions>
      </trkpt>
      <trkpt lat="1.3969265957804753" lon="103.8968889485927">
        <ele>15.65839533507824</ele>
        <time>2026-09-23T23:59:14Z</time>
        <extensions>
          <gpxtpx:TrackPointExtension>
            <gpxtpx:hr>101</gpxtpx:hr>
          </gpxtpx:TrackPointExtension>
        </extensions>
      </trkpt>
      <trkpt lat="1.396920006627485" lon="103.89688179174897">
        <ele>15.641966326162219</ele>
        <time>2026-09-23T23:59:15Z</time>
        <extensions>
          <gpxtpx:TrackPointExtension>
            <gpxtpx:hr>101</gpxtpx:hr>
          </gpxtpx:TrackPointExtension>
        </extensions>
      </trkpt>
      <trkpt lat="1.396914022162073" lon="103.89687457822488">
        <ele>15.62264755833894</ele>
        <time>2026-09-23T23:59:16Z</time>
        <extensions>
          <gpxtpx:TrackPointExtension>
            <gpxtpx:hr>101</gpxtpx:hr>
          </gpxtpx:TrackPointExtension>
        </extensions>
      </trkpt>
      <trkpt lat="1.3969088176955842" lon="103.89686753798037">
        <ele>15.600165041163564</ele>
        <time>2026-09-23T23:59:17Z</time>
        <extensions>
          <gpxtpx:TrackPointExtension>
            <gpxtpx:hr>101</gpxtpx:hr>
          </gpxtpx:TrackPointExtension>
        </extensions>
      </trkpt>
      <trkpt lat="1.3969047743073677" lon="103.89686074945267">
        <ele>15.575881632044911</ele>
        <time>2026-09-23T23:59:18Z</time>
        <extensions>
          <gpxtpx:TrackPointExtension>
            <gpxtpx:hr>101</gpxtpx:hr>
          </gpxtpx:TrackPointExtension>
        </extensions>
      </trkpt>
      <trkpt lat="1.3969022863832232" lon="103.89685377216757">
        <ele>15.550929293967783</ele>
        <time>2026-09-23T23:59:19Z</time>
        <extensions>
          <gpxtpx:TrackPointExtension>
            <gpxtpx:hr>101</gpxtpx:hr>
          </gpxtpx:TrackPointExtension>
        </extensions>
      </trkpt>
      <trkpt lat="1.3969016140489896" lon="103.89684628360818">
        <ele>15.525495900772512</ele>
        <time>2026-09-23T23:59:20Z</time>
        <extensions>
          <gpxtpx:TrackPointExtension>
            <gpxtpx:hr>101</gpxtpx:hr>
          </gpxtpx:TrackPointExtension>
        </extensions>
      </trkpt>
      <trkpt lat="1.3969026555117159" lon="103.89683850465806">
        <ele>15.499779048375785</ele>
        <time>2026-09-23T23:59:21Z</time>
        <extensions>
          <gpxtpx:TrackPointExtension>
            <gpxtpx:hr>101</gpxtpx:hr>
          </gpxtpx:TrackPointExtension>
        </extensions>
      </trkpt>
      <trkpt lat="1.396904897675946" lon="103.89683058427379">
        <ele>15.473534539341927</ele>
        <time>2026-09-23T23:59:22Z</time>
        <extensions>
          <gpxtpx:TrackPointExtension>
            <gpxtpx:hr>101</gpxtpx:hr>
          </gpxtpx:TrackPointExtension>
        </extensions>
      </trkpt>
      <trkpt lat="1.3969078696675656" lon="103.89682261876675">
        <ele>15.447065515443683</ele>
        <time>2026-09-23T23:59:23Z</time>
        <extensions>
          <gpxtpx:TrackPointExtension>
            <gpxtpx:hr>101</gpxtpx:hr>
          </gpxtpx:TrackPointExtension>
        </extensions>
      </trkpt>
      <trkpt lat="1.3969113171582732" lon="103.89681470884703">
        <ele>15.419861966744065</ele>
        <time>2026-09-23T23:59:24Z</time>
        <extensions>
          <gpxtpx:TrackPointExtension>
            <gpxtpx:hr>101</gpxtpx:hr>
          </gpxtpx:TrackPointExtension>
        </extensions>
      </trkpt>
      <trkpt lat="1.3969151696903275" lon="103.89680696599889">
        <ele>15.392122169956565</ele>
        <time>2026-09-23T23:59:25Z</time>
        <extensions>
          <gpxtpx:TrackPointExtension>
            <gpxtpx:hr>101</gpxtpx:hr>
          </gpxtpx:TrackPointExtension>
        </extensions>
      </trkpt>
      <trkpt lat="1.3969193194314105" lon="103.89679934713061">
        <ele>15.364309867843986</ele>
        <time>2026-09-23T23:59:26Z</time>
        <extensions>
          <gpxtpx:TrackPointExtension>
            <gpxtpx:hr>102</gpxtpx:hr>
          </gpxtpx:TrackPointExtension>
        </extensions>
      </trkpt>
      <trkpt lat="1.3969235297639353" lon="103.89679177475652">
        <ele>15.33700741827488</ele>
        <time>2026-09-23T23:59:27Z</time>
        <extensions>
          <gpxtpx:TrackPointExtension>
            <gpxtpx:hr>102</gpxtpx:hr>
          </gpxtpx:TrackPointExtension>
        </extensions>
      </trkpt>
      <trkpt lat="1.3969274610370002" lon="103.89678435142896">
        <ele>15.310834247618914</ele>
        <time>2026-09-23T23:59:28Z</time>
        <extensions>
          <gpxtpx:TrackPointExtension>
            <gpxtpx:hr>102</gpxtpx:hr>
          </gpxtpx:TrackPointExtension>
        </extensions>
      </trkpt>
      <trkpt lat="1.3969307933237742" lon="103.89677731001457">
        <ele>15.286148879677057</ele>
        <time>2026-09-23T23:59:29Z</time>
        <extensions>
          <gpxtpx:TrackPointExtension>
            <gpxtpx:hr>102</gpxtpx:hr>
          </gpxtpx:TrackPointExtension>
        </extensions>
      </trkpt>
      <trkpt lat="1.396933373095237" lon="103.89677100138894">
        <ele>15.26331111509353</ele>
        <time>2026-09-23T23:59:30Z</time>
        <extensions>
          <gpxtpx:TrackPointExtension>
            <gpxtpx:hr>102</gpxtpx:hr>
          </gpxtpx:TrackPointExtension>
        </extensions>
      </trkpt>
      <trkpt lat="1.396935078272499" lon="103.89676577858936">
        <ele>15.242574229836464</ele>
        <time>2026-09-23T23:59:31Z</time>
        <extensions>
          <gpxtpx:TrackPointExtension>
            <gpxtpx:hr>102</gpxtpx:hr>
          </gpxtpx:TrackPointExtension>
        </extensions>
      </trkpt>
      <trkpt lat="1.3969356910631738" lon="103.8967619180871">
        <ele>15.22412176989019</ele>
        <time>2026-09-23T23:59:32Z</time>
        <extensions>
          <gpxtpx:TrackPointExtension>
            <gpxtpx:hr>100</gpxtpx:hr>
          </gpxtpx:TrackPointExtension>
        </extensions>
      </trkpt>
      <trkpt lat="1.3969348949774978" lon="103.89675987983846">
        <ele>15.208090310916305</ele>
        <time>2026-09-23T23:59:33Z</time>
        <extensions>
          <gpxtpx:TrackPointExtension>
            <gpxtpx:hr>100</gpxtpx:hr>
          </gpxtpx:TrackPointExtension>
        </extensions>
      </trkpt>
      <trkpt lat="1.3969329679659714" lon="103.89675992492207">
        <ele>15.194769775494933</ele>
        <time>2026-09-23T23:59:34Z</time>
        <extensions>
          <gpxtpx:TrackPointExtension>
            <gpxtpx:hr>100</gpxtpx:hr>
          </gpxtpx:TrackPointExtension>
        </extensions>
      </trkpt>
      <trkpt lat="1.3969304736088446" lon="103.89676199367153">
        <ele>15.18452533800155</ele>
        <time>2026-09-23T23:59:35Z</time>
        <extensions>
          <gpxtpx:TrackPointExtension>
            <gpxtpx:hr>100</gpxtpx:hr>
          </gpxtpx:TrackPointExtension>
        </extensions>
      </trkpt>
      <trkpt lat="1.3969273372122917" lon="103.89676587718942">
        <ele>15.177930001169443</ele>
        <time>2026-09-23T23:59:36Z</time>
        <extensions>
          <gpxtpx:TrackPointExtension>
            <gpxtpx:hr>100</gpxtpx:hr>
          </gpxtpx:TrackPointExtension>
        </extensions>
      </trkpt>
      <trkpt lat="1.3969234473375263" lon="103.89677124082026">
        <ele>15.175600559450686</ele>
        <time>2026-09-23T23:59:37Z</time>
        <extensions>
          <gpxtpx:TrackPointExtension>
            <gpxtpx:hr>99</gpxtpx:hr>
          </gpxtpx:TrackPointExtension>
        </extensions>
      </trkpt>
      <trkpt lat="1.3969188253970346" lon="103.89677759311716">
        <ele>15.178118586540222</ele>
        <time>2026-09-23T23:59:38Z</time>
        <extensions>
          <gpxtpx:TrackPointExtension>
            <gpxtpx:hr>99</gpxtpx:hr>
          </gpxtpx:TrackPointExtension>
        </extensions>
      </trkpt>
      <trkpt lat="1.396913591395923" lon="103.89678436879845">
        <ele>15.186128647066653</ele>
        <time>2026-09-23T23:59:39Z</time>
        <extensions>
          <gpxtpx:TrackPointExtension>
            <gpxtpx:hr>99</gpxtpx:hr>
          </gpxtpx:TrackPointExtension>
        </extensions>
      </trkpt>
      <trkpt lat="1.3969078765177685" lon="103.89679110038661">
        <ele>15.200324934907258</ele>
        <time>2026-09-23T23:59:40Z</time>
        <extensions>
          <gpxtpx:TrackPointExtension>
            <gpxtpx:hr>99</gpxtpx:hr>
          </gpxtpx:TrackPointExtension>
        </extensions>
      </trkpt>
      <trkpt lat="1.3969016885829006" lon="103.8967974718875">
        <ele>15.221223834902048</ele>
        <time>2026-09-23T23:59:41Z</time>
        <extensions>
          <gpxtpx:TrackPointExtension>
            <gpxtpx:hr>98</gpxtpx:hr>
          </gpxtpx:TrackPointExtension>
        </extensions>
      </trkpt>
      <trkpt lat="1.3968949589025055" lon="103.89680328993114">
        <ele>15.249227030202746</ele>
        <time>2026-09-23T23:59:42Z</time>
        <extensions>
          <gpxtpx:TrackPointExtension>
            <gpxtpx:hr>98</gpxtpx:hr>
          </gpxtpx:TrackPointExtension>
        </extensions>
      </trkpt>
      <trkpt lat="1.3968875718145586" lon="103.89680833082004">
        <ele>15.284487280063331</ele>
        <time>2026-09-23T23:59:43Z</time>
        <extensions>
          <gpxtpx:TrackPointExtension>
            <gpxtpx:hr>98</gpxtpx:hr>
          </gpxtpx:TrackPointExtension>
        </extensions>
      </trkpt>
      <trkpt lat="1.3968795114062993" lon="103.8968123557591">
        <ele>15.326854903250933</ele>
        <time>2026-09-23T23:59:44Z</time>
        <extensions>
          <gpxtpx:TrackPointExtension>
            <gpxtpx:hr>98</gpxtpx:hr>
          </gpxtpx:TrackPointExtension>
        </extensions>
      </trkpt>
      <trkpt lat="1.3968708416664135" lon="103.89681525061687">
        <ele>15.375919896177948</ele>
        <time>2026-09-23T23:59:45Z</time>
        <extensions>
          <gpxtpx:TrackPointExtension>
            <gpxtpx:hr>98</gpxtpx:hr>
          </gpxtpx:TrackPointExtension>
        </extensions>
      </trkpt>
      <trkpt lat="1.3968616300728491" lon="103.89681700412888">
        <ele>15.430942811071873</ele>
        <time>2026-09-23T23:59:46Z</time>
        <extensions>
          <gpxtpx:TrackPointExtension>
            <gpxtpx:hr>98</gpxtpx:hr>
          </gpxtpx:TrackPointExtension>
        </extensions>
      </trkpt>
      <trkpt lat="1.3968519600464102" lon="103.89681761473275">
        <ele>15.490950465202332</ele>
        <time>2026-09-23T23:59:47Z</time>
        <extensions>
          <gpxtpx:TrackPointExtension>
            <gpxtpx:hr>101</gpxtpx:hr>
          </gpxtpx:TrackPointExtension>
        </extensions>
      </trkpt>
      <trkpt lat="1.3968418717775037" lon="103.89681710589248">
        <ele>15.554802577011287</ele>
        <time>2026-09-23T23:59:48Z</time>
        <extensions>
          <gpxtpx:TrackPointExtension>
            <gpxtpx:hr>101</gpxtpx:hr>
          </gpxtpx:TrackPointExtension>
        </extensions>
      </trkpt>
      <trkpt lat="1.3968313738744664" lon="103.89681555442857">
        <ele>15.621334810741246</ele>
        <time>2026-09-23T23:59:49Z</time>
        <extensions>
          <gpxtpx:TrackPointExtension>
            <gpxtpx:hr>101</gpxtpx:hr>
          </gpxtpx:TrackPointExtension>
        </extensions>
      </trkpt>
      <trkpt lat="1.3968205421847142" lon="103.89681305104334">
        <ele>15.689380472525954</ele>
        <time>2026-09-23T23:59:50Z</time>
        <extensions>
          <gpxtpx:TrackPointExtension>
            <gpxtpx:hr>101</gpxtpx:hr>
          </gpxtpx:TrackPointExtension>
        </extensions>
      </trkpt>
      <trkpt lat="1.3968094122009305" lon="103.89680970902592">
        <ele>15.757962306030095</ele>
        <time>2026-09-23T23:59:51Z</time>
        <extensions>
          <gpxtpx:TrackPointExtension>
            <gpxtpx:hr>101</gpxtpx:hr>
          </gpxtpx:TrackPointExtension>
        </extensions>
      </trkpt>
      <trkpt lat="1.3967980004048621" lon="103.8968056265503">
        <ele>15.826228773221374</ele>
        <time>2026-09-23T23:59:52Z</time>
        <extensions>
          <gpxtpx:TrackPointExtension>
            <gpxtpx:hr>101</gpxtpx:hr>
          </gpxtpx:TrackPointExtension>
        </extensions>
      </trkpt>
      <trkpt lat="1.3967863468396828" lon="103.89680102257472">
        <ele>15.893342606723309</ele>
        <time>2026-09-23T23:59:53Z</time>
        <extensions>
          <gpxtpx:TrackPointExtension>
            <gpxtpx:hr>101</gpxtpx:hr>
          </gpxtpx:TrackPointExtension>
        </extensions>
      </trkpt>
      <trkpt lat="1.396774559181917" lon="103.89679619692846">
        <ele>15.958468772470951</ele>
        <time>2026-09-23T23:59:54Z</time>
        <extensions>
          <gpxtpx:TrackPointExtension>
            <gpxtpx:hr>101</gpxtpx:hr>
          </gpxtpx:TrackPointExtension>
        </extensions>
      </trkpt>
      <trkpt lat="1.396762767419237" lon="103.89679133995027">
        <ele>16.020861767232418</ele>
        <time>2026-09-23T23:59:55Z</time>
        <extensions>
          <gpxtpx:TrackPointExtension>
            <gpxtpx:hr>101</gpxtpx:hr>
          </gpxtpx:TrackPointExtension>
        </extensions>
      </trkpt>
      <trkpt lat="1.3967509905382725" lon="103.89678678591743">
        <ele>16.079930344596505</ele>
        <time>2026-09-23T23:59:56Z</time>
        <extensions>
          <gpxtpx:TrackPointExtension>
            <gpxtpx:hr>101</gpxtpx:hr>
          </gpxtpx:TrackPointExtension>
        </extensions>
      </trkpt>
      <trkpt lat="1.39673898849152" lon="103.89678269506014">
        <ele>16.135354579426348</ele>
        <time>2026-09-23T23:59:57Z</time>
        <extensions>
          <gpxtpx:TrackPointExtension>
            <gpxtpx:hr>101</gpxtpx:hr>
          </gpxtpx:TrackPointExtension>
        </extensions>
      </trkpt>
      <trkpt lat="1.3967267272581003" lon="103.8967790849643">
        <ele>16.186957389116287</ele>
        <time>2026-09-23T23:59:58Z</time>
        <extensions>
          <gpxtpx:TrackPointExtension>
            <gpxtpx:hr>101</gpxtpx:hr>
          </gpxtpx:TrackPointExtension>
        </extensions>
      </trkpt>
      <trkpt lat="1.3967141721547682" lon="103.89677586244699">
        <ele>16.23472724389285</ele>
        <time>2026-09-23T23:59:59Z</time>
        <extensions>
          <gpxtpx:TrackPointExtension>
            <gpxtpx:hr>100</gpxtpx:hr>
          </gpxtpx:TrackPointExtension>
        </extensions>
      </trkpt>
      <trkpt lat="1.3967013377931794" lon="103.89677292292363">
        <ele>16.278863565064967</ele>
        <time>2026-09-24T00:00:00Z</time>
        <extensions>
          <gpxtpx:TrackPointExtension>
            <gpxtpx:hr>100</gpxtpx:hr>
          </gpxtpx:TrackPointExtension>
        </extensions>
      </trkpt>
      <trkpt lat="1.3966882678554193" lon="103.89677020897349">
        <ele>16.319699886254966</ele>
        <time>2026-09-24T00:00:01Z</time>
        <extensions>
          <gpxtpx:TrackPointExtension>
            <gpxtpx:hr>100</gpxtpx:hr>
          </gpxtpx:TrackPointExtension>
        </extensions>
      </trkpt>
      <trkpt lat="1.3966750462211348" lon="103.89676770491582">
        <ele>16.357756730169058</ele>
        <time>2026-09-24T00:00:02Z</time>
        <extensions>
          <gpxtpx:TrackPointExtension>
            <gpxtpx:hr>100</gpxtpx:hr>
          </gpxtpx:TrackPointExtension>
        </extensions>
      </trkpt>
      <trkpt lat="1.3966617433915731" lon="103.89676541999863">
        <ele>16.393553353846073</ele>
        <time>2026-09-24T00:00:03Z</time>
        <extensions>
          <gpxtpx:TrackPointExtension>
            <gpxtpx:hr>101</gpxtpx:hr>
          </gpxtpx:TrackPointExtension>
        </extensions>
      </trkpt>
      <trkpt lat="1.3966483735454445" lon="103.89676331233485">
        <ele>16.427632186561823</ele>
        <time>2026-09-24T00:00:04Z</time>
        <extensions>
          <gpxtpx:TrackPointExtension>
            <gpxtpx:hr>101</gpxtpx:hr>
          </gpxtpx:TrackPointExtension>
        </extensions>
      </trkpt>
      <trkpt lat="1.3966349778283058" lon="103.89676133539537">
        <ele>16.46041064057499</ele>
        <time>2026-09-24T00:00:05Z</time>
        <extensions>
          <gpxtpx:TrackPointExtension>
            <gpxtpx:hr>101</gpxtpx:hr>
          </gpxtpx:TrackPointExtension>
        </extensions>
      </trkpt>
      <trkpt lat="1.3966215826520718" lon="103.89675943839488">
        <ele>16.49233961571008</ele>
        <time>2026-09-24T00:00:06Z</time>
        <extensions>
          <gpxtpx:TrackPointExtension>
            <gpxtpx:hr>101</gpxtpx:hr>
          </gpxtpx:TrackPointExtension>
        </extensions>
      </trkpt>
      <trkpt lat="1.3966082349248916" lon="103.89675755400658">
        <ele>16.52415156085044</ele>
        <time>2026-09-24T00:00:07Z</time>
        <extensions>
          <gpxtpx:TrackPointExtension>
            <gpxtpx:hr>101</gpxtpx:hr>
          </gpxtpx:TrackPointExtension>
        </extensions>
      </trkpt>
      <trkpt lat="1.3965949978306056" lon="103.8967555888975">
        <ele>16.556526865810156</ele>
        <time>2026-09-24T00:00:08Z</time>
        <extensions>
          <gpxtpx:TrackPointExtension>
            <gpxtpx:hr>102</gpxtpx:hr>
          </gpxtpx:TrackPointExtension>
        </extensions>
      </trkpt>
      <trkpt lat="1.396581904842207" lon="103.89675344307048">
        <ele>16.589481303468347</ele>
        <time>2026-09-24T00:00:09Z</time>
        <extensions>
          <gpxtpx:TrackPointExtension>
            <gpxtpx:hr>102</gpxtpx:hr>
          </gpxtpx:TrackPointExtension>
        </extensions>
      </trkpt>
      <trkpt lat="1.3965689789856452" lon="103.89675100929543">
        <ele>16.621697701513767</ele>
        <time>2026-09-24T00:00:10Z</time>
        <extensions>
          <gpxtpx:TrackPointExtension>
            <gpxtpx:hr>102</gpxtpx:hr>
          </gpxtpx:TrackPointExtension>
        </extensions>
      </trkpt>
      <trkpt lat="1.3965562297295093" lon="103.896748159438">
        <ele>16.651188865303993</ele>
        <time>2026-09-24T00:00:11Z</time>
        <extensions>
          <gpxtpx:TrackPointExtension>
            <gpxtpx:hr>102</gpxtpx:hr>
          </gpxtpx:TrackPointExtension>
        </extensions>
      </trkpt>
      <trkpt lat="1.3965436268159128" lon="103.8967447843976">
        <ele>16.675537349656224</ele>
        <time>2026-09-24T00:00:12Z</time>
        <extensions>
          <gpxtpx:TrackPointExtension>
            <gpxtpx:hr>102</gpxtpx:hr>
          </gpxtpx:TrackPointExtension>
        </extensions>
      </trkpt>
      <trkpt lat="1.3965311296039922" lon="103.89674081003892">
        <ele>16.69215309433639</ele>
        <time>2026-09-24T00:00:13Z</time>
        <extensions>
          <gpxtpx:TrackPointExtension>
            <gpxtpx:hr>102</gpxtpx:hr>
          </gpxtpx:TrackPointExtension>
        </extensions>
      </trkpt>
      <trkpt lat="1.3965187829304957" lon="103.89673623182551">
        <ele>16.698441796936095</ele>
        <time>2026-09-24T00:00:14Z</time>
        <extensions>
          <gpxtpx:TrackPointExtension>
            <gpxtpx:hr>102</gpxtpx:hr>
          </gpxtpx:TrackPointExtension>
        </extensions>
      </trkpt>
      <trkpt lat="1.3965067010179943" lon="103.89673104293794">
        <ele>16.692595300264657</ele>
        <time>2026-09-24T00:00:15Z</time>
        <extensions>
          <gpxtpx:TrackPointExtension>
            <gpxtpx:hr>102</gpxtpx:hr>
          </gpxtpx:TrackPointExtension>
        </extensions>
      </trkpt>
      <trkpt lat="1.3964949838949274" lon="103.896725203083">
        <ele>16.67416290845722</ele>
        <time>2026-09-24T00:00:16Z</time>
        <extensions>
          <gpxtpx:TrackPointExtension>
            <gpxtpx:hr>102</gpxtpx:hr>
          </gpxtpx:TrackPointExtension>
        </extensions>
      </trkpt>
      <trkpt lat="1.3964836733730568" lon="103.89671868621173">
        <ele>16.643682600930333</ele>
        <time>2026-09-24T00:00:17Z</time>
        <extensions>
          <gpxtpx:TrackPointExtension>
            <gpxtpx:hr>102</gpxtpx:hr>
          </gpxtpx:TrackPointExtension>
        </extensions>
      </trkpt>
      <trkpt lat="1.3964727308975464" lon="103.89671140708337">
        <ele>16.602568830363452</ele>
        <time>2026-09-24T00:00:18Z</time>
        <extensions>
          <gpxtpx:TrackPointExtension>
            <gpxtpx:hr>102</gpxtpx:hr>
          </gpxtpx:TrackPointExtension>
        </extensions>
      </trkpt>
      <trkpt lat="1.3964621763363714" lon="103.89670333768916">
        <ele>16.552680616267025</ele>
        <time>2026-09-24T00:00:19Z</time>
        <extensions>
          <gpxtpx:TrackPointExtension>
            <gpxtpx:hr>102</gpxtpx:hr>
          </gpxtpx:TrackPointExtension>
        </extensions>
      </trkpt>
      <trkpt lat="1.3964521572062971" lon="103.89669454916704">
        <ele>16.496239605359733</ele>
        <time>2026-09-24T00:00:20Z</time>
        <extensions>
          <gpxtpx:TrackPointExtension>
            <gpxtpx:hr>102</gpxtpx:hr>
          </gpxtpx:TrackPointExtension>
        </extensions>
      </trkpt>
      <trkpt lat="1.3964428292531976" lon="103.89668513560102">
        <ele>16.435308624058962</ele>
        <time>2026-09-24T00:00:21Z</time>
        <extensions>
          <gpxtpx:TrackPointExtension>
            <gpxtpx:hr>102</gpxtpx:hr>
          </gpxtpx:TrackPointExtension>
        </extensions>
      </trkpt>
      <trkpt lat="1.3964342910232461" lon="103.89667528801726">
        <ele>16.371704800985754</ele>
        <time>2026-09-24T00:00:22Z</time>
        <extensions>
          <gpxtpx:TrackPointExtension>
            <gpxtpx:hr>102</gpxtpx:hr>
          </gpxtpx:TrackPointExtension>
        </extensions>
      </trkpt>
      <trkpt lat="1.3964265662229292" lon="103.89666524985435">
        <ele>16.306866178289056</ele>
        <time>2026-09-24T00:00:23Z</time>
        <extensions>
          <gpxtpx:TrackPointExtension>
            <gpxtpx:hr>102</gpxtpx:hr>
          </gpxtpx:TrackPointExtension>
        </extensions>
      </trkpt>
      <trkpt lat="1.396419594209498" lon="103.8966552086129">
        <ele>16.24194393400103</ele>
        <time>2026-09-24T00:00:24Z</time>
        <extensions>
          <gpxtpx:TrackPointExtension>
            <gpxtpx:hr>102</gpxtpx:hr>
          </gpxtpx:TrackPointExtension>
        </extensions>
      </trkpt>
      <trkpt lat="1.3964132678456977" lon="103.89664521629253">
        <ele>16.17773701157421</ele>
        <time>2026-09-24T00:00:25Z</time>
        <extensions>
          <gpxtpx:TrackPointExtension>
            <gpxtpx:hr>102</gpxtpx:hr>
          </gpxtpx:TrackPointExtension>
        </extensions>
      </trkpt>
      <trkpt lat="1.39640751731023" lon="103.89663526939731">
        <ele>16.114722290076315</ele>
        <time>2026-09-24T00:00:26Z</time>
        <extensions>
          <gpxtpx:TrackPointExtension>
            <gpxtpx:hr>102</gpxtpx:hr>
          </gpxtpx:TrackPointExtension>
        </extensions>
      </trkpt>
      <trkpt lat="1.3964022359929178" lon="103.89662532499001">
        <ele>16.053014473058283</ele>
        <time>2026-09-24T00:00:27Z</time>
        <extensions>
          <gpxtpx:TrackPointExtension>
            <gpxtpx:hr>102</gpxtpx:hr>
          </gpxtpx:TrackPointExtension>
        </extensions>
      </trkpt>
      <trkpt lat="1.3963972363213633" lon="103.89661527334187">
        <ele>15.992567826993763</ele>
        <time>2026-09-24T00:00:28Z</time>
        <extensions>
          <gpxtpx:TrackPointExtension>
            <gpxtpx:hr>100</gpxtpx:hr>
          </gpxtpx:TrackPointExtension>
        </extensions>
      </trkpt>
      <trkpt lat="1.3963924001775385" lon="103.8966050895881">
        <ele>15.933337272144854</ele>
        <time>2026-09-24T00:00:29Z</time>
        <extensions>
          <gpxtpx:TrackPointExtension>
            <gpxtpx:hr>100</gpxtpx:hr>
          </gpxtpx:TrackPointExtension>
        </extensions>
      </trkpt>
      <trkpt lat="1.3963876810969749" lon="103.89659479367513">
        <ele>15.875573761761189</ele>
        <time>2026-09-24T00:00:30Z</time>
        <extensions>
          <gpxtpx:TrackPointExtension>
            <gpxtpx:hr>100</gpxtpx:hr>
          </gpxtpx:TrackPointExtension>
        </extensions>
      </trkpt>
      <trkpt lat="1.3963830440666196" lon="103.89658441111372">
        <ele>15.819738931022584</ele>
        <time>2026-09-24T00:00:31Z</time>
        <extensions>
          <gpxtpx:TrackPointExtension>
            <gpxtpx:hr>100</gpxtpx:hr>
          </gpxtpx:TrackPointExtension>
        </extensions>
      </trkpt>
      <trkpt lat="1.3963784394617147" lon="103.89657397922203">
        <ele>15.766461057588458</ele>
        <time>2026-09-24T00:00:32Z</time>
        <extensions>
          <gpxtpx:TrackPointExtension>
            <gpxtpx:hr>100</gpxtpx:hr>
          </gpxtpx:TrackPointExtension>
        </extensions>
      </trkpt>
      <trkpt lat="1.3963737936250813" lon="103.89656350921236">
        <ele>15.716128527186811</ele>
        <time>2026-09-24T00:00:33Z</time>
        <extensions>
          <gpxtpx:TrackPointExtension>
            <gpxtpx:hr>100</gpxtpx:hr>
          </gpxtpx:TrackPointExtension>
        </extensions>
      </trkpt>
      <trkpt lat="1.39636899723062" lon="103.89655297216657">
        <ele>15.668724104762077</ele>
        <time>2026-09-24T00:00:34Z</time>
        <extensions>
          <gpxtpx:TrackPointExtension>
            <gpxtpx:hr>100</gpxtpx:hr>
          </gpxtpx:TrackPointExtension>
        </extensions>
      </trkpt>
      <trkpt lat="1.396363934494964" lon="103.89654233690692">
        <ele>15.624067108146846</ele>
        <time>2026-09-24T00:00:35Z</time>
        <extensions>
          <gpxtpx:TrackPointExtension>
            <gpxtpx:hr>100</gpxtpx:hr>
          </gpxtpx:TrackPointExtension>
        </extensions>
      </trkpt>
      <trkpt lat="1.3963585329718944" lon="103.89653164234217">
        <ele>15.582063186913729</ele>
        <time>2026-09-24T00:00:36Z</time>
        <extensions>
          <gpxtpx:TrackPointExtension>
            <gpxtpx:hr>100</gpxtpx:hr>
          </gpxtpx:TrackPointExtension>
        </extensions>
      </trkpt>
      <trkpt lat="1.3963526837990012" lon="103.89652096582557">
        <ele>15.54279919154942</ele>
        <time>2026-09-24T00:00:37Z</time>
        <extensions>
          <gpxtpx:TrackPointExtension>
            <gpxtpx:hr>100</gpxtpx:hr>
          </gpxtpx:TrackPointExtension>
        </extensions>
      </trkpt>
      <trkpt lat="1.3963462020413693" lon="103.89651036216272">
        <ele>15.506466746330261</ele>
        <time>2026-09-24T00:00:38Z</time>
        <extensions>
          <gpxtpx:TrackPointExtension>
            <gpxtpx:hr>100</gpxtpx:hr>
          </gpxtpx:TrackPointExtension>
        </extensions>
      </trkpt>
      <trkpt lat="1.3963389513104574" lon="103.89649986259857">
        <ele>15.473261713050306</ele>
        <time>2026-09-24T00:00:39Z</time>
        <extensions>
          <gpxtpx:TrackPointExtension>
            <gpxtpx:hr>99</gpxtpx:hr>
          </gpxtpx:TrackPointExtension>
        </extensions>
      </trkpt>
      <trkpt lat="1.396330885015168" lon="103.89648950477763">
        <ele>15.443327989429235</ele>
        <time>2026-09-24T00:00:40Z</time>
        <extensions>
          <gpxtpx:TrackPointExtension>
            <gpxtpx:hr>99</gpxtpx:hr>
          </gpxtpx:TrackPointExtension>
        </extensions>
      </trkpt>
      <trkpt lat="1.3963219706329761" lon="103.89647936882847">
        <ele>15.416732281446457</ele>
        <time>2026-09-24T00:00:41Z</time>
        <extensions>
          <gpxtpx:TrackPointExtension>
            <gpxtpx:hr>99</gpxtpx:hr>
          </gpxtpx:TrackPointExtension>
        </extensions>
      </trkpt>
      <trkpt lat="1.3963122147123035" lon="103.896469612789">
        <ele>15.393316478468478</ele>
        <time>2026-09-24T00:00:42Z</time>
        <extensions>
          <gpxtpx:TrackPointExtension>
            <gpxtpx:hr>99</gpxtpx:hr>
          </gpxtpx:TrackPointExtension>
        </extensions>
      </trkpt>
      <trkpt lat="1.3963016494227536" lon="103.89646037837797">
        <ele>15.372629629448056</ele>
        <time>2026-09-24T00:00:43Z</time>
        <extensions>
          <gpxtpx:TrackPointExtension>
            <gpxtpx:hr>98</gpxtpx:hr>
          </gpxtpx:TrackPointExtension>
        </extensions>
      </trkpt>
      <trkpt lat="1.3962903369606983" lon="103.89645173081166">
        <ele>15.353986602276564</ele>
        <time>2026-09-24T00:00:44Z</time>
        <extensions>
          <gpxtpx:TrackPointExtension>
            <gpxtpx:hr>98</gpxtpx:hr>
          </gpxtpx:TrackPointExtension>
        </extensions>
      </trkpt>
      <trkpt lat="1.3962783832505519" lon="103.89644373167309">
        <ele>15.336662692949176</ele>
        <time>2026-09-24T00:00:45Z</time>
        <extensions>
          <gpxtpx:TrackPointExtension>
            <gpxtpx:hr>98</gpxtpx:hr>
          </gpxtpx:TrackPointExtension>
        </extensions>
      </trkpt>
      <trkpt lat="1.3962658916216082" lon="103.89643643361825">
        <ele>15.319830680266023</ele>
        <time>2026-09-24T00:00:46Z</time>
        <extensions>
          <gpxtpx:TrackPointExtension>
            <gpxtpx:hr>98</gpxtpx:hr>
          </gpxtpx:TrackPointExtension>
        </extensions>
      </trkpt>
      <trkpt lat="1.3962530514207758" lon="103.89642988082952">
        <ele>15.302488885819912</ele>
        <time>2026-09-24T00:00:47Z</time>
        <extensions>
          <gpxtpx:TrackPointExtension>
            <gpxtpx:hr>98</gpxtpx:hr>
          </gpxtpx:TrackPointExtension>
        </extensions>
      </trkpt>
      <trkpt lat="1.3962400411457185" lon="103.89642405880065">
        <ele>15.28338282275945</ele>
        <time>2026-09-24T00:00:48Z</time>
        <extensions>
          <gpxtpx:TrackPointExtension>
            <gpxtpx:hr>98</gpxtpx:hr>
          </gpxtpx:TrackPointExtension>
        </extensions>
      </trkpt>
      <trkpt lat="1.3962269562491865" lon="103.8964188644115">
        <ele>15.261199982836843</ele>
        <time>2026-09-24T00:00:49Z</time>
        <extensions>
          <gpxtpx:TrackPointExtension>
            <gpxtpx:hr>98</gpxtpx:hr>
          </gpxtpx:TrackPointExtension>
        </extensions>
      </trkpt>
      <trkpt lat="1.3962138720267054" lon="103.89641417476967">
        <ele>15.234879626892507</ele>
        <time>2026-09-24T00:00:50Z</time>
        <extensions>
          <gpxtpx:TrackPointExtension>
            <gpxtpx:hr>98</gpxtpx:hr>
          </gpxtpx:TrackPointExtension>
        </extensions>
      </trkpt>
      <trkpt lat="1.396200806897161" lon="103.89640988890048">
        <ele>15.203986044041812</ele>
        <time>2026-09-24T00:00:51Z</time>
        <extensions>
          <gpxtpx:TrackPointExtension>
            <gpxtpx:hr>98</gpxtpx:hr>
          </gpxtpx:TrackPointExtension>
        </extensions>
      </trkpt>
      <trkpt lat="1.3961877449737876" lon="103.8964059204177">
        <ele>15.168753086589277</ele>
        <time>2026-09-24T00:00:52Z</time>
        <extensions>
          <gpxtpx:TrackPointExtension>
            <gpxtpx:hr>98</gpxtpx:hr>
          </gpxtpx:TrackPointExtension>
        </extensions>
      </trkpt>
      <trkpt lat="1.3961746197236924" lon="103.89640344552647">
        <ele>15.129885641857982</ele>
        <time>2026-09-24T00:00:53Z</time>
        <extensions>
          <gpxtpx:TrackPointExtension>
            <gpxtpx:hr>98</gpxtpx:hr>
          </gpxtpx:TrackPointExtension>
        </extensions>
      </trkpt>
      <trkpt lat="1.3961618976325072" lon="103.89640274910944">
        <ele>15.088148110546172</ele>
        <time>2026-09-24T00:00:54Z</time>
        <extensions>
          <gpxtpx:TrackPointExtension>
            <gpxtpx:hr>101</gpxtpx:hr>
          </gpxtpx:TrackPointExtension>
        </extensions>
      </trkpt>
      <trkpt lat="1.3961499946630938" lon="103.89640245951921">
        <ele>15.044588144868612</ele>
        <time>2026-09-24T00:00:55Z</time>
        <extensions>
          <gpxtpx:TrackPointExtension>
            <gpxtpx:hr>101</gpxtpx:hr>
          </gpxtpx:TrackPointExtension>
        </extensions>
      </trkpt>
      <trkpt lat="1.3961388927063674" lon="103.89640230414827">
        <ele>15.0008599255234</ele>
        <time>2026-09-24T00:00:56Z</time>
        <extensions>
          <gpxtpx:TrackPointExtension>
            <gpxtpx:hr>101</gpxtpx:hr>
          </gpxtpx:TrackPointExtension>
        </extensions>
      </trkpt>
      <trkpt lat="1.3961284534633707" lon="103.89640233961013">
        <ele>14.95913069974631</ele>
        <time>2026-09-24T00:00:57Z</time>
        <extensions>
          <gpxtpx:TrackPointExtension>
            <gpxtpx:hr>101</gpxtpx:hr>
          </gpxtpx:TrackPointExtension>
        </extensions>
      </trkpt>
      <trkpt lat="1.3961180503388024" lon="103.89640245938463">
        <ele>14.921647308394313</ele>
        <time>2026-09-24T00:00:58Z</time>
        <extensions>
          <gpxtpx:TrackPointExtension>
            <gpxtpx:hr>101</gpxtpx:hr>
          </gpxtpx:TrackPointExtension>
        </extensions>
      </trkpt>
      <trkpt lat="1.3961073190485627" lon="103.89640263350998">
        <ele>14.890367277897894</ele>
        <time>2026-09-24T00:00:59Z</time>
        <extensions>
          <gpxtpx:TrackPointExtension>
            <gpxtpx:hr>101</gpxtpx:hr>
          </gpxtpx:TrackPointExtension>
        </extensions>
      </trkpt>
      <trkpt lat="1.3960960909110436" lon="103.89640294422533">
        <ele>14.866862471215427</ele>
        <time>2026-09-24T00:01:00Z</time>
        <extensions>
          <gpxtpx:TrackPointExtension>
            <gpxtpx:hr>101</gpxtpx:hr>
          </gpxtpx:TrackPointExtension>
        </extensions>
      </trkpt>
      <trkpt lat="1.3960845017138566" lon="103.89640353615829">
        <ele>14.852569684386253</ele>
        <time>2026-09-24T00:01:01Z</time>
        <extensions>
          <gpxtpx:TrackPointExtension>
            <gpxtpx:hr>101</gpxtpx:hr>
          </gpxtpx:TrackPointExtension>
        </extensions>
      </trkpt>
      <trkpt lat="1.396073063030141" lon="103.89640447097455">
        <ele>14.848869995214045</ele>
        <time>2026-09-24T00:01:02Z</time>
        <extensions>
          <gpxtpx:TrackPointExtension>
            <gpxtpx:hr>101</gpxtpx:hr>
          </gpxtpx:TrackPointExtension>
        </extensions>
      </trkpt>
      <trkpt lat="1.396061668133508" lon="103.89640606245631">
        <ele>14.85690878238529</ele>
        <time>2026-09-24T00:01:03Z</time>
        <extensions>
          <gpxtpx:TrackPointExtension>
            <gpxtpx:hr>102</gpxtpx:hr>
          </gpxtpx:TrackPointExtension>
        </extensions>
      </trkpt>
      <trkpt lat="1.3960500227546309" lon="103.89640868068273">
        <ele>14.877570258453488</ele>
        <time>2026-09-24T00:01:04Z</time>
        <extensions>
          <gpxtpx:TrackPointExtension>
            <gpxtpx:hr>102</gpxtpx:hr>
          </gpxtpx:TrackPointExtension>
        </extensions>
      </trkpt>
      <trkpt lat="1.396037895060771" lon="103.89641207204615">
        <ele>14.911732010543346</ele>
        <time>2026-09-24T00:01:05Z</time>
        <extensions>
          <gpxtpx:TrackPointExtension>
            <gpxtpx:hr>102</gpxtpx:hr>
          </gpxtpx:TrackPointExtension>
        </extensions>
      </trkpt>
      <trkpt lat="1.396025464477234" lon="103.89641600374367">
        <ele>14.960145968943834</ele>
        <time>2026-09-24T00:01:06Z</time>
        <extensions>
          <gpxtpx:TrackPointExtension>
            <gpxtpx:hr>102</gpxtpx:hr>
          </gpxtpx:TrackPointExtension>
        </extensions>
      </trkpt>
      <trkpt lat="1.3960132745780436" lon="103.89641943745028">
        <ele>15.022897627204657</ele>
        <time>2026-09-24T00:01:07Z</time>
        <extensions>
          <gpxtpx:TrackPointExtension>
            <gpxtpx:hr>102</gpxtpx:hr>
          </gpxtpx:TrackPointExtension>
        </extensions>
      </trkpt>
      <trkpt lat="1.3960014887547512" lon="103.89642119383166">
        <ele>15.099299866706133</ele>
        <time>2026-09-24T00:01:08Z</time>
        <extensions>
          <gpxtpx:TrackPointExtension>
            <gpxtpx:hr>102</gpxtpx:hr>
          </gpxtpx:TrackPointExtension>
        </extensions>
      </trkpt>
      <trkpt lat="1.3959901787772726" lon="103.89642194144767">
        <ele>15.188202674500644</ele>
        <time>2026-09-24T00:01:09Z</time>
        <extensions>
          <gpxtpx:TrackPointExtension>
            <gpxtpx:hr>100</gpxtpx:hr>
          </gpxtpx:TrackPointExtension>
        </extensions>
      </trkpt>
      <trkpt lat="1.3959793393153765" lon="103.89642310225496">
        <ele>15.288135160692036</ele>
        <time>2026-09-24T00:01:10Z</time>
        <extensions>
          <gpxtpx:TrackPointExtension>
            <gpxtpx:hr>100</gpxtpx:hr>
          </gpxtpx:TrackPointExtension>
        </extensions>
      </trkpt>
      <trkpt lat="1.3959691485137025" lon="103.89642547430775">
        <ele>15.39730014372617</ele>
        <time>2026-09-24T00:01:11Z</time>
        <extensions>
          <gpxtpx:TrackPointExtension>
            <gpxtpx:hr>100</gpxtpx:hr>
          </gpxtpx:TrackPointExtension>
        </extensions>
      </trkpt>
      <trkpt lat="1.3959597710403986" lon="103.89642711732749">
        <ele>15.513955684378743</ele>
        <time>2026-09-24T00:01:12Z</time>
        <extensions>
          <gpxtpx:TrackPointExtension>
            <gpxtpx:hr>100</gpxtpx:hr>
          </gpxtpx:TrackPointExtension>
        </extensions>
      </trkpt>
      <trkpt lat="1.3959506245822892" lon="103.89642669728255">
        <ele>15.63703107368201</ele>
        <time>2026-09-24T00:01:13Z</time>
        <extensions>
          <gpxtpx:TrackPointExtension>
            <gpxtpx:hr>99</gpxtpx:hr>
          </gpxtpx:TrackPointExtension>
        </extensions>
      </trkpt>
      <trkpt lat="1.3959408726623428" lon="103.89642609221106">
        <ele>15.76631971821189</ele>
        <time>2026-09-24T00:01:14Z</time>
        <extensions>
          <gpxtpx:TrackPointExtension>
            <gpxtpx:hr>99</gpxtpx:hr>
          </gpxtpx:TrackPointExtension>
        </extensions>
      </trkpt>
      <trkpt lat="1.3959306522136365" lon="103.89642588249178">
        <ele>15.902019747532904</ele>
        <time>2026-09-24T00:01:15Z</time>
        <extensions>
          <gpxtpx:TrackPointExtension>
            <gpxtpx:hr>99</gpxtpx:hr>
          </gpxtpx:TrackPointExtension>
        </extensions>
      </trkpt>
      <trkpt lat="1.3959205352653594" lon="103.89642516682213">
        <ele>16.044093055650592</ele>
        <time>2026-09-24T00:01:16Z</time>
        <extensions>
          <gpxtpx:TrackPointExtension>
            <gpxtpx:hr>99</gpxtpx:hr>
          </gpxtpx:TrackPointExtension>
        </extensions>
      </trkpt>
      <trkpt lat="1.3959103000411333" lon="103.89642349311134">
        <ele>16.19200200587511</ele>
        <time>2026-09-24T00:01:17Z</time>
        <extensions>
          <gpxtpx:TrackPointExtension>
            <gpxtpx:hr>99</gpxtpx:hr>
          </gpxtpx:TrackPointExtension>
        </extensions>
      </trkpt>
      <trkpt lat="1.3958997585430597" lon="103.8964207052905">
        <ele>16.344797506928444</ele>
        <time>2026-09-24T00:01:18Z</time>
        <extensions>
          <gpxtpx:TrackPointExtension>
            <gpxtpx:hr>99</gpxtpx:hr>
          </gpxtpx:TrackPointExtension>
        </extensions>
      </trkpt>
      <trkpt lat="1.3958891457895266" lon="103.89641695670299">
        <ele>16.50134669430554</ele>
        <time>2026-09-24T00:01:19Z</time>
        <extensions>
          <gpxtpx:TrackPointExtension>
            <gpxtpx:hr>99</gpxtpx:hr>
          </gpxtpx:TrackPointExtension>
        </extensions>
      </trkpt>
      <trkpt lat="1.3958784000225133" lon="103.89641247077023">
        <ele>16.66046777833253</ele>
        <time>2026-09-24T00:01:20Z</time>
        <extensions>
          <gpxtpx:TrackPointExtension>
            <gpxtpx:hr>99</gpxtpx:hr>
          </gpxtpx:TrackPointExtension>
        </extensions>
      </trkpt>
      <trkpt lat="1.3958674797383872" lon="103.89640740870466">
        <ele>16.820857981219888</ele>
        <time>2026-09-24T00:01:21Z</time>
        <extensions>
          <gpxtpx:TrackPointExtension>
            <gpxtpx:hr>99</gpxtpx:hr>
          </gpxtpx:TrackPointExtension>
        </extensions>
      </trkpt>
      <trkpt lat="1.395856533090667" lon="103.89640129966779">
        <ele>16.981004276312888</ele>
        <time>2026-09-24T00:01:22Z</time>
        <extensions>
          <gpxtpx:TrackPointExtension>
            <gpxtpx:hr>98</gpxtpx:hr>
          </gpxtpx:TrackPointExtension>
        </extensions>
      </trkpt>
      <trkpt lat="1.3958461367702397" lon="103.89639441364476">
        <ele>17.13910642452538</ele>
        <time>2026-09-24T00:01:23Z</time>
        <extensions>
          <gpxtpx:TrackPointExtension>
            <gpxtpx:hr>98</gpxtpx:hr>
          </gpxtpx:TrackPointExtension>
        </extensions>
      </trkpt>
      <trkpt lat="1.395836764151975" lon="103.8963878598353">
        <ele>17.293010870926082</ele>
        <time>2026-09-24T00:01:24Z</time>
        <extensions>
          <gpxtpx:TrackPointExtension>
            <gpxtpx:hr>98</gpxtpx:hr>
          </gpxtpx:TrackPointExtension>
        </extensions>
      </trkpt>
      <trkpt lat="1.3958280501320515" lon="103.89638234388778">
        <ele>17.440200454555452</ele>
        <time>2026-09-24T00:01:25Z</time>
        <extensions>
          <gpxtpx:TrackPointExtension>
            <gpxtpx:hr>98</gpxtpx:hr>
          </gpxtpx:TrackPointExtension>
        </extensions>
      </trkpt>
      <trkpt lat="1.3958194558291201" lon="103.8963784613535">
        <ele>17.577881027944386</ele>
        <time>2026-09-24T00:01:26Z</time>
        <extensions>
          <gpxtpx:TrackPointExtension>
            <gpxtpx:hr>98</gpxtpx:hr>
          </gpxtpx:TrackPointExtension>
        </extensions>
      </trkpt>
      <trkpt lat="1.3958105216933252" lon="103.89637594047664">
        <ele>17.703341274522245</ele>
        <time>2026-09-24T00:01:27Z</time>
        <extensions>
          <gpxtpx:TrackPointExtension>
            <gpxtpx:hr>98</gpxtpx:hr>
          </gpxtpx:TrackPointExtension>
        </extensions>
      </trkpt>
      <trkpt lat="1.395800960098633" lon="103.89637391703671">
        <ele>17.814464607276022</ele>
        <time>2026-09-24T00:01:28Z</time>
        <extensions>
          <gpxtpx:TrackPointExtension>
            <gpxtpx:hr>97</gpxtpx:hr>
          </gpxtpx:TrackPointExtension>
        </extensions>
      </trkpt>
      <trkpt lat="1.3957905556380514" lon="103.89637171384796">
        <ele>17.910052626393735</ele>
        <time>2026-09-24T00:01:29Z</time>
        <extensions>
          <gpxtpx:TrackPointExtension>
            <gpxtpx:hr>97</gpxtpx:hr>
          </gpxtpx:TrackPointExtension>
        </extensions>
      </trkpt>
      <trkpt lat="1.3957789234900415" lon="103.896368891206">
        <ele>17.98989743180573</ele>
        <time>2026-09-24T00:01:30Z</time>
        <extensions>
          <gpxtpx:TrackPointExtension>
            <gpxtpx:hr>97</gpxtpx:hr>
          </gpxtpx:TrackPointExtension>
        </extensions>
      </trkpt>
      <trkpt lat="1.395766542475446" lon="103.89636585552606">
        <ele>18.05471295118332</ele>
        <time>2026-09-24T00:01:31Z</time>
        <extensions>
          <gpxtpx:TrackPointExtension>
            <gpxtpx:hr>97</gpxtpx:hr>
          </gpxtpx:TrackPointExtension>
        </extensions>
      </trkpt>
      <trkpt lat="1.3957549756231962" lon="103.89636373459321">
        <ele>18.105898648500443</ele>
        <time>2026-09-24T00:01:32Z</time>
        <extensions>
          <gpxtpx:TrackPointExtension>
            <gpxtpx:hr>97</gpxtpx:hr>
          </gpxtpx:TrackPointExtension>
        </extensions>
      </trkpt>
      <trkpt lat="1.3957436873924518" lon="103.89636324597205">
        <ele>18.134108252823353</ele>
        <time>2026-09-24T00:01:33Z</time>
        <extensions>
          <gpxtpx:TrackPointExtension>
            <gpxtpx:hr>96</gpxtpx:hr>
          </gpxtpx:TrackPointExtension>
        </extensions>
      </trkpt>
      <trkpt lat="1.3957321411678627" lon="103.8963642883018">
        <ele>18.153467181138694</ele>
        <time>2026-09-24T00:01:34Z</time>
        <extensions>
          <gpxtpx:TrackPointExtension>
            <gpxtpx:hr>96</gpxtpx:hr>
          </gpxtpx:TrackPointExtension>
        </extensions>
      </trkpt>
      <trkpt lat="1.3957203903301665" lon="103.8963666548402">
        <ele>18.16551387589425</ele>
        <time>2026-09-24T00:01:35Z</time>
        <extensions>
          <gpxtpx:TrackPointExtension>
            <gpxtpx:hr>96</gpxtpx:hr>
          </gpxtpx:TrackPointExtension>
        </extensions>
      </trkpt>
      <trkpt lat="1.395708908658065" lon="103.89637022245299">
        <ele>18.177954860031605</ele>
        <time>2026-09-24T00:01:36Z</time>
        <extensions>
          <gpxtpx:TrackPointExtension>
            <gpxtpx:hr>96</gpxtpx:hr>
          </gpxtpx:TrackPointExtension>
        </extensions>
      </trkpt>
      <trkpt lat="1.3956989836350018" lon="103.89637424794546">
        <ele>18.187685821205378</ele>
        <time>2026-09-24T00:01:37Z</time>
        <extensions>
          <gpxtpx:TrackPointExtension>
            <gpxtpx:hr>96</gpxtpx:hr>
          </gpxtpx:TrackPointExtension>
        </extensions>
      </trkpt>
      <trkpt lat="1.3956894883545168" lon="103.89637851212714">
        <ele>18.204130863770843</ele>
        <time>2026-09-24T00:01:38Z</time>
        <extensions>
          <gpxtpx:TrackPointExtension>
            <gpxtpx:hr>96</gpxtpx:hr>
          </gpxtpx:TrackPointExtension>
        </extensions>
      </trkpt>
      <trkpt lat="1.395679278685489" lon="103.89638317010744">
        <ele>18.224131669849157</ele>
        <time>2026-09-24T00:01:39Z</time>
        <extensions>
          <gpxtpx:TrackPointExtension>
            <gpxtpx:hr>96</gpxtpx:hr>
          </gpxtpx:TrackPointExtension>
        </extensions>
      </trkpt>
      <trkpt lat="1.395668974415362" lon="103.89638802193633">
        <ele>18.24993972852826</ele>
        <time>2026-09-24T00:01:40Z</time>
        <extensions>
          <gpxtpx:TrackPointExtension>
            <gpxtpx:hr>96</gpxtpx:hr>
          </gpxtpx:TrackPointExtension>
        </extensions>
      </trkpt>
      <trkpt lat="1.3956590485466767" lon="103.89639331491328">
        <ele>18.27416095044464</ele>
        <time>2026-09-24T00:01:41Z</time>
        <extensions>
          <gpxtpx:TrackPointExtension>
            <gpxtpx:hr>98</gpxtpx:hr>
          </gpxtpx:TrackPointExtension>
        </extensions>
      </trkpt>
      <trkpt lat="1.3956496467443487" lon="103.89639938689731">
        <ele>18.292137227021158</ele>
        <time>2026-09-24T00:01:42Z</time>
        <extensions>
          <gpxtpx:TrackPointExtension>
            <gpxtpx:hr>98</gpxtpx:hr>
          </gpxtpx:TrackPointExtension>
        </extensions>
      </trkpt>
      <trkpt lat="1.3956416962329767" lon="103.89640519542701">
        <ele>18.312358045950532</ele>
        <time>2026-09-24T00:01:43Z</time>
        <extensions>
          <gpxtpx:TrackPointExtension>
            <gpxtpx:hr>98</gpxtpx:hr>
          </gpxtpx:TrackPointExtension>
        </extensions>
      </trkpt>
      <trkpt lat="1.395636659373573" lon="103.89640889749977">
        <ele>18.34790502488613</ele>
        <time>2026-09-24T00:01:44Z</time>
        <extensions>
          <gpxtpx:TrackPointExtension>
            <gpxtpx:hr>98</gpxtpx:hr>
          </gpxtpx:TrackPointExtension>
        </extensions>
      </trkpt>
      <trkpt lat="1.3956336293801412" lon="103.89641113126713">
        <ele>18.392349414527416</ele>
        <time>2026-09-24T00:01:45Z</time>
        <extensions>
          <gpxtpx:TrackPointExtension>
            <gpxtpx:hr>98</gpxtpx:hr>
          </gpxtpx:TrackPointExtension>
        </extensions>
      </trkpt>
      <trkpt lat="1.3956306416363151" lon="103.89641368667564">
        <ele>18.449394984170794</ele>
        <time>2026-09-24T00:01:46Z</time>
        <extensions>
          <gpxtpx:TrackPointExtension>
            <gpxtpx:hr>100</gpxtpx:hr>
          </gpxtpx:TrackPointExtension>
        </extensions>
      </trkpt>
      <trkpt lat="1.3956270872612642" lon="103.89641712811702">
        <ele>18.520862724632025</ele>
        <time>2026-09-24T00:01:47Z</time>
        <extensions>
          <gpxtpx:TrackPointExtension>
            <gpxtpx:hr>100</gpxtpx:hr>
          </gpxtpx:TrackPointExtension>
        </extensions>
      </trkpt>
      <trkpt lat="1.395622610790343" lon="103.89642186640847">
        <ele>18.594027769751847</ele>
        <time>2026-09-24T00:01:48Z</time>
        <extensions>
          <gpxtpx:TrackPointExtension>
            <gpxtpx:hr>100</gpxtpx:hr>
          </gpxtpx:TrackPointExtension>
        </extensions>
      </trkpt>
      <trkpt lat="1.3956168503994837" lon="103.89642821808134">
        <ele>18.675246591679752</ele>
        <time>2026-09-24T00:01:49Z</time>
        <extensions>
          <gpxtpx:TrackPointExtension>
            <gpxtpx:hr>100</gpxtpx:hr>
          </gpxtpx:TrackPointExtension>
        </extensions>
      </trkpt>
      <trkpt lat="1.3956096833734886" lon="103.89643601393941">
        <ele>18.753846310079098</ele>
        <time>2026-09-24T00:01:50Z</time>
        <extensions>
          <gpxtpx:TrackPointExtension>
            <gpxtpx:hr>100</gpxtpx:hr>
          </gpxtpx:TrackPointExtension>
        </extensions>
      </trkpt>
      <trkpt lat="1.3956015442351544" lon="103.89644426828146">
        <ele>18.838184451684356</ele>
        <time>2026-09-24T00:01:51Z</time>
        <extensions>
          <gpxtpx:TrackPointExtension>
            <gpxtpx:hr>100</gpxtpx:hr>
          </gpxtpx:TrackPointExtension>
        </extensions>
      </trkpt>
      <trkpt lat="1.3955924755224207" lon="103.89645229920627">
        <ele>18.920864602550864</ele>
        <time>2026-09-24T00:01:52Z</time>
        <extensions>
          <gpxtpx:TrackPointExtension>
            <gpxtpx:hr>100</gpxtpx:hr>
          </gpxtpx:TrackPointExtension>
        </extensions>
      </trkpt>
      <trkpt lat="1.3955824808640267" lon="103.89645982180332">
        <ele>18.991524166427553</ele>
        <time>2026-09-24T00:01:53Z</time>
        <extensions>
          <gpxtpx:TrackPointExtension>
            <gpxtpx:hr>100</gpxtpx:hr>
          </gpxtpx:TrackPointExtension>
        </extensions>
      </trkpt>
      <trkpt lat="1.3955720498927076" lon="103.89646663440358">
        <ele>19.05211358424276</ele>
        <time>2026-09-24T00:01:54Z</time>
        <extensions>
          <gpxtpx:TrackPointExtension>
            <gpxtpx:hr>100</gpxtpx:hr>
          </gpxtpx:TrackPointExtension>
        </extensions>
      </trkpt>
      <trkpt lat="1.395561460568142" lon="103.89647305709718">
        <ele>19.116749288514256</ele>
        <time>2026-09-24T00:01:55Z</time>
        <extensions>
          <gpxtpx:TrackPointExtension>
            <gpxtpx:hr>100</gpxtpx:hr>
          </gpxtpx:TrackPointExtension>
        </extensions>
      </trkpt>
      <trkpt lat="1.3955511886666088" lon="103.89647973987294">
        <ele>19.17230316065252</ele>
        <time>2026-09-24T00:01:56Z</time>
        <extensions>
          <gpxtpx:TrackPointExtension>
            <gpxtpx:hr>100</gpxtpx:hr>
          </gpxtpx:TrackPointExtension>
        </extensions>
      </trkpt>
      <trkpt lat="1.3955419489287804" lon="103.8964867654997">
        <ele>19.226432689465582</ele>
        <time>2026-09-24T00:01:57Z</time>
        <extensions>
          <gpxtpx:TrackPointExtension>
            <gpxtpx:hr>100</gpxtpx:hr>
          </gpxtpx:TrackPointExtension>
        </extensions>
      </trkpt>
      <trkpt lat="1.3955332033956869" lon="103.89649394619084">
        <ele>19.27569604665041</ele>
        <time>2026-09-24T00:01:58Z</time>
        <extensions>
          <gpxtpx:TrackPointExtension>
            <gpxtpx:hr>104</gpxtpx:hr>
          </gpxtpx:TrackPointExtension>
        </extensions>
      </trkpt>
      <trkpt lat="1.3955241706668133" lon="103.89650146399764">
        <ele>19.32440534234047</ele>
        <time>2026-09-24T00:01:59Z</time>
        <extensions>
          <gpxtpx:TrackPointExtension>
            <gpxtpx:hr>104</gpxtpx:hr>
          </gpxtpx:TrackPointExtension>
        </extensions>
      </trkpt>
      <trkpt lat="1.3955138982795" lon="103.89650972698948">
        <ele>19.369999571703374</ele>
        <time>2026-09-24T00:02:00Z</time>
        <extensions>
          <gpxtpx:TrackPointExtension>
            <gpxtpx:hr>104</gpxtpx:hr>
          </gpxtpx:TrackPointExtension>
        </extensions>
      </trkpt>
      <trkpt lat="1.3955029932915646" lon="103.89651898279183">
        <ele>19.408380922861397</ele>
        <time>2026-09-24T00:02:01Z</time>
        <extensions>
          <gpxtpx:TrackPointExtension>
            <gpxtpx:hr>104</gpxtpx:hr>
          </gpxtpx:TrackPointExtension>
        </extensions>
      </trkpt>
      <trkpt lat="1.3954919411830142" lon="103.89652930197694">
        <ele>19.441129232756793</ele>
        <time>2026-09-24T00:02:02Z</time>
        <extensions>
          <gpxtpx:TrackPointExtension>
            <gpxtpx:hr>104</gpxtpx:hr>
          </gpxtpx:TrackPointExtension>
        </extensions>
      </trkpt>
      <trkpt lat="1.3954810857894282" lon="103.89654028683023">
        <ele>19.469132116995752</ele>
        <time>2026-09-24T00:02:03Z</time>
        <extensions>
          <gpxtpx:TrackPointExtension>
            <gpxtpx:hr>104</gpxtpx:hr>
          </gpxtpx:TrackPointExtension>
        </extensions>
      </trkpt>
      <trkpt lat="1.3954700341231248" lon="103.89655151108063">
        <ele>19.4939153380692</ele>
        <time>2026-09-24T00:02:04Z</time>
        <extensions>
          <gpxtpx:TrackPointExtension>
            <gpxtpx:hr>104</gpxtpx:hr>
          </gpxtpx:TrackPointExtension>
        </extensions>
      </trkpt>
      <trkpt lat="1.3954581993707855" lon="103.89656243773507">
        <ele>19.514790603891015</ele>
        <time>2026-09-24T00:02:05Z</time>
        <extensions>
          <gpxtpx:TrackPointExtension>
            <gpxtpx:hr>104</gpxtpx:hr>
          </gpxtpx:TrackPointExtension>
        </extensions>
      </trkpt>
      <trkpt lat="1.3954452490478189" lon="103.89657260115386">
        <ele>19.532888184301555</ele>
        <time>2026-09-24T00:02:06Z</time>
        <extensions>
          <gpxtpx:TrackPointExtension>
            <gpxtpx:hr>102</gpxtpx:hr>
          </gpxtpx:TrackPointExtension>
        </extensions>
      </trkpt>
      <trkpt lat="1.3954311738916834" lon="103.89658179014718">
        <ele>19.550138130784035</ele>
        <time>2026-09-24T00:02:07Z</time>
        <extensions>
          <gpxtpx:TrackPointExtension>
            <gpxtpx:hr>102</gpxtpx:hr>
          </gpxtpx:TrackPointExtension>
        </extensions>
      </trkpt>
      <trkpt lat="1.3954162381095954" lon="103.89659022353875">
        <ele>19.565296527929604</ele>
        <time>2026-09-24T00:02:08Z</time>
        <extensions>
          <gpxtpx:TrackPointExtension>
            <gpxtpx:hr>102</gpxtpx:hr>
          </gpxtpx:TrackPointExtension>
        </extensions>
      </trkpt>
      <trkpt lat="1.3954006265680137" lon="103.89659845015471">
        <ele>19.579090228304267</ele>
        <time>2026-09-24T00:02:09Z</time>
        <extensions>
          <gpxtpx:TrackPointExtension>
            <gpxtpx:hr>102</gpxtpx:hr>
          </gpxtpx:TrackPointExtension>
        </extensions>
      </trkpt>
      <trkpt lat="1.3953864696998923" lon="103.8966062468987">
        <ele>19.591044658795</ele>
        <time>2026-09-24T00:02:10Z</time>
        <extensions>
          <gpxtpx:TrackPointExtension>
            <gpxtpx:hr>102</gpxtpx:hr>
          </gpxtpx:TrackPointExtension>
        </extensions>
      </trkpt>
      <trkpt lat="1.3953748411145102" lon="103.8966135173163">
        <ele>19.600541589781642</ele>
        <time>2026-09-24T00:02:11Z</time>
        <extensions>
          <gpxtpx:TrackPointExtension>
            <gpxtpx:hr>102</gpxtpx:hr>
          </gpxtpx:TrackPointExtension>
        </extensions>
      </trkpt>
      <trkpt lat="1.395364665369373" lon="103.89662055890241">
        <ele>19.608820063993335</ele>
        <time>2026-09-24T00:02:12Z</time>
        <extensions>
          <gpxtpx:TrackPointExtension>
            <gpxtpx:hr>104</gpxtpx:hr>
          </gpxtpx:TrackPointExtension>
        </extensions>
      </trkpt>
      <trkpt lat="1.3953561320906722" lon="103.89662757568189">
        <ele>19.617990896105766</ele>
        <time>2026-09-24T00:02:13Z</time>
        <extensions>
          <gpxtpx:TrackPointExtension>
            <gpxtpx:hr>104</gpxtpx:hr>
          </gpxtpx:TrackPointExtension>
        </extensions>
      </trkpt>
      <trkpt lat="1.395349522881128" lon="103.89663520233312">
        <ele>19.63212010730058</ele>
        <time>2026-09-24T00:02:14Z</time>
        <extensions>
          <gpxtpx:TrackPointExtension>
            <gpxtpx:hr>104</gpxtpx:hr>
          </gpxtpx:TrackPointExtension>
        </extensions>
      </trkpt>
      <trkpt lat="1.3953448586334902" lon="103.89664353097923">
        <ele>19.6452995557338</ele>
        <time>2026-09-24T00:02:15Z</time>
        <extensions>
          <gpxtpx:TrackPointExtension>
            <gpxtpx:hr>104</gpxtpx:hr>
          </gpxtpx:TrackPointExtension>
        </extensions>
      </trkpt>
      <trkpt lat="1.3953416939501857" lon="103.89665266401005">
        <ele>19.655023495666683</ele>
        <time>2026-09-24T00:02:16Z</time>
        <extensions>
          <gpxtpx:TrackPointExtension>
            <gpxtpx:hr>104</gpxtpx:hr>
          </gpxtpx:TrackPointExtension>
        </extensions>
      </trkpt>
      <trkpt lat="1.395339304142314" lon="103.89666272265599">
        <ele>19.657465180382133</ele>
        <time>2026-09-24T00:02:17Z</time>
        <extensions>
          <gpxtpx:TrackPointExtension>
            <gpxtpx:hr>104</gpxtpx:hr>
          </gpxtpx:TrackPointExtension>
        </extensions>
      </trkpt>
      <trkpt lat="1.3953372498594308" lon="103.896673446746">
        <ele>19.65626314841211</ele>
        <time>2026-09-24T00:02:18Z</time>
        <extensions>
          <gpxtpx:TrackPointExtension>
            <gpxtpx:hr>104</gpxtpx:hr>
          </gpxtpx:TrackPointExtension>
        </extensions>
      </trkpt>
      <trkpt lat="1.3953352954126912" lon="103.89668440781207">
        <ele>19.650989373214543</ele>
        <time>2026-09-24T00:02:19Z</time>
        <extensions>
          <gpxtpx:TrackPointExtension>
            <gpxtpx:hr>104</gpxtpx:hr>
          </gpxtpx:TrackPointExtension>
        </extensions>
      </trkpt>
      <trkpt lat="1.3953333744021432" lon="103.89669503874349">
        <ele>19.642358666285872</ele>
        <time>2026-09-24T00:02:20Z</time>
        <extensions>
          <gpxtpx:TrackPointExtension>
            <gpxtpx:hr>104</gpxtpx:hr>
          </gpxtpx:TrackPointExtension>
        </extensions>
      </trkpt>
      <trkpt lat="1.3953313732144836" lon="103.8967057357934">
        <ele>19.627156957052648</ele>
        <time>2026-09-24T00:02:21Z</time>
        <extensions>
          <gpxtpx:TrackPointExtension>
            <gpxtpx:hr>104</gpxtpx:hr>
          </gpxtpx:TrackPointExtension>
        </extensions>
      </trkpt>
      <trkpt lat="1.3953290407661108" lon="103.89671675333109">
        <ele>19.596372961997986</ele>
        <time>2026-09-24T00:02:22Z</time>
        <extensions>
          <gpxtpx:TrackPointExtension>
            <gpxtpx:hr>104</gpxtpx:hr>
          </gpxtpx:TrackPointExtension>
        </extensions>
      </trkpt>
      <trkpt lat="1.3953261797314274" lon="103.89672805514766">
        <ele>19.570191289298236</ele>
        <time>2026-09-24T00:02:23Z</time>
        <extensions>
          <gpxtpx:TrackPointExtension>
            <gpxtpx:hr>104</gpxtpx:hr>
          </gpxtpx:TrackPointExtension>
        </extensions>
      </trkpt>
      <trkpt lat="1.3953231228265124" lon="103.8967384890933">
        <ele>19.52664512488991</ele>
        <time>2026-09-24T00:02:24Z</time>
        <extensions>
          <gpxtpx:TrackPointExtension>
            <gpxtpx:hr>103</gpxtpx:hr>
          </gpxtpx:TrackPointExtension>
        </extensions>
      </trkpt>
      <trkpt lat="1.3953204546614792" lon="103.8967472120035">
        <ele>19.47469934541732</ele>
        <time>2026-09-24T00:02:25Z</time>
        <extensions>
          <gpxtpx:TrackPointExtension>
            <gpxtpx:hr>103</gpxtpx:hr>
          </gpxtpx:TrackPointExtension>
        </extensions>
      </trkpt>
      <trkpt lat="1.3953181881894128" lon="103.89675404102269">
        <ele>19.407731292769313</ele>
        <time>2026-09-24T00:02:26Z</time>
        <extensions>
          <gpxtpx:TrackPointExtension>
            <gpxtpx:hr>103</gpxtpx:hr>
          </gpxtpx:TrackPointExtension>
        </extensions>
      </trkpt>
      <trkpt lat="1.3953163501309942" lon="103.89675970029484">
        <ele>19.335386254824698</ele>
        <time>2026-09-24T00:02:27Z</time>
        <extensions>
          <gpxtpx:TrackPointExtension>
            <gpxtpx:hr>103</gpxtpx:hr>
          </gpxtpx:TrackPointExtension>
        </extensions>
      </trkpt>
      <trkpt lat="1.3953150395772491" lon="103.89676540230266">
        <ele>19.258592469617724</ele>
        <time>2026-09-24T00:02:28Z</time>
        <extensions>
          <gpxtpx:TrackPointExtension>
            <gpxtpx:hr>103</gpxtpx:hr>
          </gpxtpx:TrackPointExtension>
        </extensions>
      </trkpt>
      <trkpt lat="1.3953146195808532" lon="103.89677219706354">
        <ele>19.197083317674696</ele>
        <time>2026-09-24T00:02:29Z</time>
        <extensions>
          <gpxtpx:TrackPointExtension>
            <gpxtpx:hr>103</gpxtpx:hr>
          </gpxtpx:TrackPointExtension>
        </extensions>
      </trkpt>
      <trkpt lat="1.395315402794696" lon="103.89678108521046">
        <ele>19.146686043590307</ele>
        <time>2026-09-24T00:02:30Z</time>
        <extensions>
          <gpxtpx:TrackPointExtension>
            <gpxtpx:hr>103</gpxtpx:hr>
          </gpxtpx:TrackPointExtension>
        </extensions>
      </trkpt>
      <trkpt lat="1.3953168307916202" lon="103.8967917582508">
        <ele>19.10582213010639</ele>
        <time>2026-09-24T00:02:31Z</time>
        <extensions>
          <gpxtpx:TrackPointExtension>
            <gpxtpx:hr>103</gpxtpx:hr>
          </gpxtpx:TrackPointExtension>
        </extensions>
      </trkpt>
      <trkpt lat="1.395318186428286" lon="103.89680266963492">
        <ele>19.044960599392653</ele>
        <time>2026-09-24T00:02:32Z</time>
        <extensions>
          <gpxtpx:TrackPointExtension>
            <gpxtpx:hr>103</gpxtpx:hr>
          </gpxtpx:TrackPointExtension>
        </extensions>
      </trkpt>
      <trkpt lat="1.3953191820671673" lon="103.89681369359748">
        <ele>18.997267364524305</ele>
        <time>2026-09-24T00:02:33Z</time>
        <extensions>
          <gpxtpx:TrackPointExtension>
            <gpxtpx:hr>103</gpxtpx:hr>
          </gpxtpx:TrackPointExtension>
        </extensions>
      </trkpt>
      <trkpt lat="1.3953200731364945" lon="103.89682540770174">
        <ele>18.954994942061603</ele>
        <time>2026-09-24T00:02:34Z</time>
        <extensions>
          <gpxtpx:TrackPointExtension>
            <gpxtpx:hr>103</gpxtpx:hr>
          </gpxtpx:TrackPointExtension>
        </extensions>
      </trkpt>
      <trkpt lat="1.3953206639467421" lon="103.89683735235386">
        <ele>18.91826252732426</ele>
        <time>2026-09-24T00:02:35Z</time>
        <extensions>
          <gpxtpx:TrackPointExtension>
            <gpxtpx:hr>107</gpxtpx:hr>
          </gpxtpx:TrackPointExtension>
        </extensions>
      </trkpt>
      <trkpt lat="1.3953208296056936" lon="103.89684929694573">
        <ele>18.887375156395137</ele>
        <time>2026-09-24T00:02:36Z</time>
        <extensions>
          <gpxtpx:TrackPointExtension>
            <gpxtpx:hr>107</gpxtpx:hr>
          </gpxtpx:TrackPointExtension>
        </extensions>
      </trkpt>
      <trkpt lat="1.395320551388708" lon="103.89686153835945">
        <ele>18.862342201173306</ele>
        <time>2026-09-24T00:02:37Z</time>
        <extensions>
          <gpxtpx:TrackPointExtension>
            <gpxtpx:hr>107</gpxtpx:hr>
          </gpxtpx:TrackPointExtension>
        </extensions>
      </trkpt>
      <trkpt lat="1.3953198646891705" lon="103.89687328759256">
        <ele>18.84243498928845</ele>
        <time>2026-09-24T00:02:38Z</time>
        <extensions>
          <gpxtpx:TrackPointExtension>
            <gpxtpx:hr>107</gpxtpx:hr>
          </gpxtpx:TrackPointExtension>
        </extensions>
      </trkpt>
      <trkpt lat="1.3953187137169876" lon="103.89688398944601">
        <ele>18.82654159050435</ele>
        <time>2026-09-24T00:02:39Z</time>
        <extensions>
          <gpxtpx:TrackPointExtension>
            <gpxtpx:hr>107</gpxtpx:hr>
          </gpxtpx:TrackPointExtension>
        </extensions>
      </trkpt>
      <trkpt lat="1.3953177515302595" lon="103.89689395468231">
        <ele>18.813680841587484</ele>
        <time>2026-09-24T00:02:40Z</time>
        <extensions>
          <gpxtpx:TrackPointExtension>
            <gpxtpx:hr>106</gpxtpx:hr>
          </gpxtpx:TrackPointExtension>
        </extensions>
      </trkpt>
      <trkpt lat="1.3953161775609284" lon="103.89690451359358">
        <ele>18.8026915024966</ele>
        <time>2026-09-24T00:02:41Z</time>
        <extensions>
          <gpxtpx:TrackPointExtension>
            <gpxtpx:hr>106</gpxtpx:hr>
          </gpxtpx:TrackPointExtension>
        </extensions>
      </trkpt>
      <trkpt lat="1.3953138657244537" lon="103.89691420105424">
        <ele>18.794737084768713</ele>
        <time>2026-09-24T00:02:42Z</time>
        <extensions>
          <gpxtpx:TrackPointExtension>
            <gpxtpx:hr>106</gpxtpx:hr>
          </gpxtpx:TrackPointExtension>
        </extensions>
      </trkpt>
      <trkpt lat="1.3953108240637189" lon="103.89692701897549">
        <ele>18.785689604468644</ele>
        <time>2026-09-24T00:02:43Z</time>
        <extensions>
          <gpxtpx:TrackPointExtension>
            <gpxtpx:hr>106</gpxtpx:hr>
          </gpxtpx:TrackPointExtension>
        </extensions>
      </trkpt>
      <trkpt lat="1.3953082292483203" lon="103.8969399449264">
        <ele>18.777334788814187</ele>
        <time>2026-09-24T00:02:44Z</time>
        <extensions>
          <gpxtpx:TrackPointExtension>
            <gpxtpx:hr>106</gpxtpx:hr>
          </gpxtpx:TrackPointExtension>
        </extensions>
      </trkpt>
      <trkpt lat="1.3953050692751903" lon="103.89695295386855">
        <ele>18.76966451201588</ele>
        <time>2026-09-24T00:02:45Z</time>
        <extensions>
          <gpxtpx:TrackPointExtension>
            <gpxtpx:hr>106</gpxtpx:hr>
          </gpxtpx:TrackPointExtension>
        </extensions>
      </trkpt>
      <trkpt lat="1.3953008737238333" lon="103.8969663383714">
        <ele>18.762926395982504</ele>
        <time>2026-09-24T00:02:46Z</time>
        <extensions>
          <gpxtpx:TrackPointExtension>
            <gpxtpx:hr>106</gpxtpx:hr>
          </gpxtpx:TrackPointExtension>
        </extensions>
      </trkpt>
      <trkpt lat="1.3952958996536433" lon="103.89697939013237">
        <ele>18.75749853439629</ele>
        <time>2026-09-24T00:02:47Z</time>
        <extensions>
          <gpxtpx:TrackPointExtension>
            <gpxtpx:hr>103</gpxtpx:hr>
          </gpxtpx:TrackPointExtension>
        </extensions>
      </trkpt>
      <trkpt lat="1.3952909055373655" lon="103.89699095085108">
        <ele>18.75387879833579</ele>
        <time>2026-09-24T00:02:48Z</time>
        <extensions>
          <gpxtpx:TrackPointExtension>
            <gpxtpx:hr>103</gpxtpx:hr>
          </gpxtpx:TrackPointExtension>
        </extensions>
      </trkpt>
      <trkpt lat="1.395288399271242" lon="103.89700117586997">
        <ele>18.75255383644253</ele>
        <time>2026-09-24T00:02:49Z</time>
        <extensions>
          <gpxtpx:TrackPointExtension>
            <gpxtpx:hr>103</gpxtpx:hr>
          </gpxtpx:TrackPointExtension>
        </extensions>
      </trkpt>
      <trkpt lat="1.395288620616981" lon="103.89701123750278">
        <ele>18.753889186307788</ele>
        <time>2026-09-24T00:02:50Z</time>
        <extensions>
          <gpxtpx:TrackPointExtension>
            <gpxtpx:hr>103</gpxtpx:hr>
          </gpxtpx:TrackPointExtension>
        </extensions>
      </trkpt>
      <trkpt lat="1.3952891863309709" lon="103.89702169916453">
        <ele>18.758096517995</ele>
        <time>2026-09-24T00:02:51Z</time>
        <extensions>
          <gpxtpx:TrackPointExtension>
            <gpxtpx:hr>103</gpxtpx:hr>
          </gpxtpx:TrackPointExtension>
        </extensions>
      </trkpt>
      <trkpt lat="1.3952886693063733" lon="103.89703218777309">
        <ele>18.765100717544556</ele>
        <time>2026-09-24T00:02:52Z</time>
        <extensions>
          <gpxtpx:TrackPointExtension>
            <gpxtpx:hr>103</gpxtpx:hr>
          </gpxtpx:TrackPointExtension>
        </extensions>
      </trkpt>
      <trkpt lat="1.3952866640505723" lon="103.89704241988653">
        <ele>18.774554880335927</ele>
        <time>2026-09-24T00:02:53Z</time>
        <extensions>
          <gpxtpx:TrackPointExtension>
            <gpxtpx:hr>102</gpxtpx:hr>
          </gpxtpx:TrackPointExtension>
        </extensions>
      </trkpt>
      <trkpt lat="1.395283886681547" lon="103.89705280299765">
        <ele>18.785917177796364</ele>
        <time>2026-09-24T00:02:54Z</time>
        <extensions>
          <gpxtpx:TrackPointExtension>
            <gpxtpx:hr>102</gpxtpx:hr>
          </gpxtpx:TrackPointExtension>
        </extensions>
      </trkpt>
      <trkpt lat="1.3952809601869915" lon="103.89706334871458">
        <ele>18.797778517007828</ele>
        <time>2026-09-24T00:02:55Z</time>
        <extensions>
          <gpxtpx:TrackPointExtension>
            <gpxtpx:hr>102</gpxtpx:hr>
          </gpxtpx:TrackPointExtension>
        </extensions>
      </trkpt>
      <trkpt lat="1.3952782208339707" lon="103.89707429477649">
        <ele>18.81012072507292</ele>
        <time>2026-09-24T00:02:56Z</time>
        <extensions>
          <gpxtpx:TrackPointExtension>
            <gpxtpx:hr>102</gpxtpx:hr>
          </gpxtpx:TrackPointExtension>
        </extensions>
      </trkpt>
      <trkpt lat="1.3952755761248443" lon="103.8970861792306">
        <ele>18.82289132475853</ele>
        <time>2026-09-24T00:02:57Z</time>
        <extensions>
          <gpxtpx:TrackPointExtension>
            <gpxtpx:hr>102</gpxtpx:hr>
          </gpxtpx:TrackPointExtension>
        </extensions>
      </trkpt>
      <trkpt lat="1.3952724435885206" lon="103.89709865882332">
        <ele>18.836796074174345</ele>
        <time>2026-09-24T00:02:58Z</time>
        <extensions>
          <gpxtpx:TrackPointExtension>
            <gpxtpx:hr>101</gpxtpx:hr>
          </gpxtpx:TrackPointExtension>
        </extensions>
      </trkpt>
      <trkpt lat="1.39526850491156" lon="103.89711111183728">
        <ele>18.85322871711105</ele>
        <time>2026-09-24T00:02:59Z</time>
        <extensions>
          <gpxtpx:TrackPointExtension>
            <gpxtpx:hr>101</gpxtpx:hr>
          </gpxtpx:TrackPointExtension>
        </extensions>
      </trkpt>
      <trkpt lat="1.3952639848137482" lon="103.89712322644375">
        <ele>18.874292959459126</ele>
        <time>2026-09-24T00:03:00Z</time>
        <extensions>
          <gpxtpx:TrackPointExtension>
            <gpxtpx:hr>101</gpxtpx:hr>
          </gpxtpx:TrackPointExtension>
        </extensions>
      </trkpt>
      <trkpt lat="1.3952589983874308" lon="103.89713517008455">
        <ele>18.9027518350631</ele>
        <time>2026-09-24T00:03:01Z</time>
        <extensions>
          <gpxtpx:TrackPointExtension>
            <gpxtpx:hr>101</gpxtpx:hr>
          </gpxtpx:TrackPointExtension>
        </extensions>
      </trkpt>
      <trkpt lat="1.3952536615887499" lon="103.89714783239202">
        <ele>18.941507092677057</ele>
        <time>2026-09-24T00:03:02Z</time>
        <extensions>
          <gpxtpx:TrackPointExtension>
            <gpxtpx:hr>101</gpxtpx:hr>
          </gpxtpx:TrackPointExtension>
        </extensions>
      </trkpt>
      <trkpt lat="1.3952484151298283" lon="103.89716141666013">
        <ele>18.992287389934063</ele>
        <time>2026-09-24T00:03:03Z</time>
        <extensions>
          <gpxtpx:TrackPointExtension>
            <gpxtpx:hr>101</gpxtpx:hr>
          </gpxtpx:TrackPointExtension>
        </extensions>
      </trkpt>
      <trkpt lat="1.3952437435722649" lon="103.8971756421321">
        <ele>18.986927829682827</ele>
        <time>2026-09-24T00:03:04Z</time>
        <extensions>
          <gpxtpx:TrackPointExtension>
            <gpxtpx:hr>101</gpxtpx:hr>
          </gpxtpx:TrackPointExtension>
        </extensions>
      </trkpt>
      <trkpt lat="1.3952389433426255" lon="103.89719287921783">
        <ele>19.016806107014418</ele>
        <time>2026-09-24T00:03:05Z</time>
        <extensions>
          <gpxtpx:TrackPointExtension>
            <gpxtpx:hr>101</gpxtpx:hr>
          </gpxtpx:TrackPointExtension>
        </extensions>
      </trkpt>
      <trkpt lat="1.3952350572150314" lon="103.89720726580042">
        <ele>19.042247182689607</ele>
        <time>2026-09-24T00:03:06Z</time>
        <extensions>
          <gpxtpx:TrackPointExtension>
            <gpxtpx:hr>101</gpxtpx:hr>
          </gpxtpx:TrackPointExtension>
        </extensions>
      </trkpt>
      <trkpt lat="1.3952312535282536" lon="103.89722083703731">
        <ele>19.066198603250086</ele>
        <time>2026-09-24T00:03:07Z</time>
        <extensions>
          <gpxtpx:TrackPointExtension>
            <gpxtpx:hr>101</gpxtpx:hr>
          </gpxtpx:TrackPointExtension>
        </extensions>
      </trkpt>
      <trkpt lat="1.3952278034969792" lon="103.89723319289665">
        <ele>19.084883579052985</ele>
        <time>2026-09-24T00:03:08Z</time>
        <extensions>
          <gpxtpx:TrackPointExtension>
            <gpxtpx:hr>101</gpxtpx:hr>
          </gpxtpx:TrackPointExtension>
        </extensions>
      </trkpt>
      <trkpt lat="1.3952242634654102" lon="103.89724534977766">
        <ele>19.09653275925666</ele>
        <time>2026-09-24T00:03:09Z</time>
        <extensions>
          <gpxtpx:TrackPointExtension>
            <gpxtpx:hr>101</gpxtpx:hr>
          </gpxtpx:TrackPointExtension>
        </extensions>
      </trkpt>
      <trkpt lat="1.3952200798164185" lon="103.89725792673555">
        <ele>19.09970321971923</ele>
        <time>2026-09-24T00:03:10Z</time>
        <extensions>
          <gpxtpx:TrackPointExtension>
            <gpxtpx:hr>101</gpxtpx:hr>
          </gpxtpx:TrackPointExtension>
        </extensions>
      </trkpt>
      <trkpt lat="1.3952152100674708" lon="103.89727012319561">
        <ele>19.097592243924737</ele>
        <time>2026-09-24T00:03:11Z</time>
        <extensions>
          <gpxtpx:TrackPointExtension>
            <gpxtpx:hr>101</gpxtpx:hr>
          </gpxtpx:TrackPointExtension>
        </extensions>
      </trkpt>
      <trkpt lat="1.395210282033344" lon="103.89728053128994">
        <ele>19.0930369021371</ele>
        <time>2026-09-24T00:03:12Z</time>
        <extensions>
          <gpxtpx:TrackPointExtension>
            <gpxtpx:hr>102</gpxtpx:hr>
          </gpxtpx:TrackPointExtension>
        </extensions>
      </trkpt>
      <trkpt lat="1.395205535811666" lon="103.89728908932092">
        <ele>19.091127712279558</ele>
        <time>2026-09-24T00:03:13Z</time>
        <extensions>
          <gpxtpx:TrackPointExtension>
            <gpxtpx:hr>102</gpxtpx:hr>
          </gpxtpx:TrackPointExtension>
        </extensions>
      </trkpt>
      <trkpt lat="1.3952015302108804" lon="103.8972952107116">
        <ele>19.082322766073048</ele>
        <time>2026-09-24T00:03:14Z</time>
        <extensions>
          <gpxtpx:TrackPointExtension>
            <gpxtpx:hr>102</gpxtpx:hr>
          </gpxtpx:TrackPointExtension>
        </extensions>
      </trkpt>
      <trkpt lat="1.3951962163054374" lon="103.89730208525712">
        <ele>19.07618850748986</ele>
        <time>2026-09-24T00:03:15Z</time>
        <extensions>
          <gpxtpx:TrackPointExtension>
            <gpxtpx:hr>102</gpxtpx:hr>
          </gpxtpx:TrackPointExtension>
        </extensions>
      </trkpt>
      <trkpt lat="1.3951904306966487" lon="103.89730897826792">
        <ele>19.075146845541894</ele>
        <time>2026-09-24T00:03:16Z</time>
        <extensions>
          <gpxtpx:TrackPointExtension>
            <gpxtpx:hr>102</gpxtpx:hr>
          </gpxtpx:TrackPointExtension>
        </extensions>
      </trkpt>
      <trkpt lat="1.3951829857024098" lon="103.89731714337475">
        <ele>19.07955050561577</ele>
        <time>2026-09-24T00:03:17Z</time>
        <extensions>
          <gpxtpx:TrackPointExtension>
            <gpxtpx:hr>102</gpxtpx:hr>
          </gpxtpx:TrackPointExtension>
        </extensions>
      </trkpt>
      <trkpt lat="1.395176436144664" lon="103.89732388984172">
        <ele>19.08533591311425</ele>
        <time>2026-09-24T00:03:18Z</time>
        <extensions>
          <gpxtpx:TrackPointExtension>
            <gpxtpx:hr>102</gpxtpx:hr>
          </gpxtpx:TrackPointExtension>
        </extensions>
      </trkpt>
      <trkpt lat="1.3951713911087271" lon="103.89732901606395">
        <ele>19.0899581220001</ele>
        <time>2026-09-24T00:03:19Z</time>
        <extensions>
          <gpxtpx:TrackPointExtension>
            <gpxtpx:hr>102</gpxtpx:hr>
          </gpxtpx:TrackPointExtension>
        </extensions>
      </trkpt>
      <trkpt lat="1.3951654565574534" lon="103.89733570245896">
        <ele>19.095026657916605</ele>
        <time>2026-09-24T00:03:20Z</time>
        <extensions>
          <gpxtpx:TrackPointExtension>
            <gpxtpx:hr>102</gpxtpx:hr>
          </gpxtpx:TrackPointExtension>
        </extensions>
      </trkpt>
      <trkpt lat="1.3951614631559999" lon="103.89734134593493">
        <ele>19.09566381573677</ele>
        <time>2026-09-24T00:03:21Z</time>
        <extensions>
          <gpxtpx:TrackPointExtension>
            <gpxtpx:hr>102</gpxtpx:hr>
          </gpxtpx:TrackPointExtension>
        </extensions>
      </trkpt>
      <trkpt lat="1.3951589787847487" lon="103.8973472193002">
        <ele>19.091691956855357</ele>
        <time>2026-09-24T00:03:22Z</time>
        <extensions>
          <gpxtpx:TrackPointExtension>
            <gpxtpx:hr>100</gpxtpx:hr>
          </gpxtpx:TrackPointExtension>
        </extensions>
      </trkpt>
      <trkpt lat="1.3951586462034733" lon="103.89735308542969">
        <ele>19.083154500462115</ele>
        <time>2026-09-24T00:03:23Z</time>
        <extensions>
          <gpxtpx:TrackPointExtension>
            <gpxtpx:hr>100</gpxtpx:hr>
          </gpxtpx:TrackPointExtension>
        </extensions>
      </trkpt>
      <trkpt lat="1.3951599524831164" lon="103.89735808841915">
        <ele>19.07404127251357</ele>
        <time>2026-09-24T00:03:24Z</time>
        <extensions>
          <gpxtpx:TrackPointExtension>
            <gpxtpx:hr>100</gpxtpx:hr>
          </gpxtpx:TrackPointExtension>
        </extensions>
      </trkpt>
      <trkpt lat="1.395162976615912" lon="103.89736536259768">
        <ele>19.062845037318766</ele>
        <time>2026-09-24T00:03:25Z</time>
        <extensions>
          <gpxtpx:TrackPointExtension>
            <gpxtpx:hr>100</gpxtpx:hr>
          </gpxtpx:TrackPointExtension>
        </extensions>
      </trkpt>
      <trkpt lat="1.395166721823116" lon="103.89737367065855">
        <ele>19.052975261583924</ele>
        <time>2026-09-24T00:03:26Z</time>
        <extensions>
          <gpxtpx:TrackPointExtension>
            <gpxtpx:hr>100</gpxtpx:hr>
          </gpxtpx:TrackPointExtension>
        </extensions>
      </trkpt>
      <trkpt lat="1.3951703707445187" lon="103.89738159447766">
        <ele>19.045403053984046</ele>
        <time>2026-09-24T00:03:27Z</time>
        <extensions>
          <gpxtpx:TrackPointExtension>
            <gpxtpx:hr>101</gpxtpx:hr>
          </gpxtpx:TrackPointExtension>
        </extensions>
      </trkpt>
      <trkpt lat="1.3951736138819715" lon="103.89738839238946">
        <ele>19.040005322545767</ele>
        <time>2026-09-24T00:03:28Z</time>
        <extensions>
          <gpxtpx:TrackPointExtension>
            <gpxtpx:hr>101</gpxtpx:hr>
          </gpxtpx:TrackPointExtension>
        </extensions>
      </trkpt>
      <trkpt lat="1.3951758340286595" lon="103.89739395458433">
        <ele>19.036068120971322</ele>
        <time>2026-09-24T00:03:29Z</time>
        <extensions>
          <gpxtpx:TrackPointExtension>
            <gpxtpx:hr>101</gpxtpx:hr>
          </gpxtpx:TrackPointExtension>
        </extensions>
      </trkpt>
      <trkpt lat="1.395176028482693" lon="103.89739829403251">
        <ele>19.032539401203394</ele>
        <time>2026-09-24T00:03:30Z</time>
        <extensions>
          <gpxtpx:TrackPointExtension>
            <gpxtpx:hr>100</gpxtpx:hr>
          </gpxtpx:TrackPointExtension>
        </extensions>
      </trkpt>
      <trkpt lat="1.3951747435285984" lon="103.89740165857195">
        <ele>19.02830625511706</ele>
        <time>2026-09-24T00:03:31Z</time>
        <extensions>
          <gpxtpx:TrackPointExtension>
            <gpxtpx:hr>100</gpxtpx:hr>
          </gpxtpx:TrackPointExtension>
        </extensions>
      </trkpt>
      <trkpt lat="1.395173319548392" lon="103.89740416293903">
        <ele>19.02196582686156</ele>
        <time>2026-09-24T00:03:32Z</time>
        <extensions>
          <gpxtpx:TrackPointExtension>
            <gpxtpx:hr>100</gpxtpx:hr>
          </gpxtpx:TrackPointExtension>
        </extensions>
      </trkpt>
      <trkpt lat="1.3951719101265894" lon="103.89740625004625">
        <ele>19.01265949010849</ele>
        <time>2026-09-24T00:03:33Z</time>
        <extensions>
          <gpxtpx:TrackPointExtension>
            <gpxtpx:hr>100</gpxtpx:hr>
          </gpxtpx:TrackPointExtension>
        </extensions>
      </trkpt>
      <trkpt lat="1.3951704445438424" lon="103.89740865421034">
        <ele>18.999886218458414</ele>
        <time>2026-09-24T00:03:34Z</time>
        <extensions>
          <gpxtpx:TrackPointExtension>
            <gpxtpx:hr>100</gpxtpx:hr>
          </gpxtpx:TrackPointExtension>
        </extensions>
      </trkpt>
      <trkpt lat="1.3951687217000197" lon="103.8974120693725">
        <ele>18.983638626523316</ele>
        <time>2026-09-24T00:03:35Z</time>
        <extensions>
          <gpxtpx:TrackPointExtension>
            <gpxtpx:hr>100</gpxtpx:hr>
          </gpxtpx:TrackPointExtension>
        </extensions>
      </trkpt>
      <trkpt lat="1.3951664519940832" lon="103.89741703775472">
        <ele>18.9646149976179</ele>
        <time>2026-09-24T00:03:36Z</time>
        <extensions>
          <gpxtpx:TrackPointExtension>
            <gpxtpx:hr>100</gpxtpx:hr>
          </gpxtpx:TrackPointExtension>
        </extensions>
      </trkpt>
      <trkpt lat="1.3951636464412043" lon="103.8974234682454">
        <ele>18.944181790575385</ele>
        <time>2026-09-24T00:03:37Z</time>
        <extensions>
          <gpxtpx:TrackPointExtension>
            <gpxtpx:hr>101</gpxtpx:hr>
          </gpxtpx:TrackPointExtension>
        </extensions>
      </trkpt>
      <trkpt lat="1.3951608192081737" lon="103.89743004808632">
        <ele>18.923929600045085</ele>
        <time>2026-09-24T00:03:38Z</time>
        <extensions>
          <gpxtpx:TrackPointExtension>
            <gpxtpx:hr>101</gpxtpx:hr>
          </gpxtpx:TrackPointExtension>
        </extensions>
      </trkpt>
      <trkpt lat="1.3951587515449573" lon="103.89743480406582">
        <ele>18.905532598495483</ele>
        <time>2026-09-24T00:03:39Z</time>
        <extensions>
          <gpxtpx:TrackPointExtension>
            <gpxtpx:hr>101</gpxtpx:hr>
          </gpxtpx:TrackPointExtension>
        </extensions>
      </trkpt>
      <trkpt lat="1.3951573953821543" lon="103.89743782548697">
        <ele>18.8904916793108</ele>
        <time>2026-09-24T00:03:40Z</time>
        <extensions>
          <gpxtpx:TrackPointExtension>
            <gpxtpx:hr>101</gpxtpx:hr>
          </gpxtpx:TrackPointExtension>
        </extensions>
      </trkpt>
      <trkpt lat="1.3951563624781438" lon="103.89744005609681">
        <ele>18.87991690263152</ele>
        <time>2026-09-24T00:03:41Z</time>
        <extensions>
          <gpxtpx:TrackPointExtension>
            <gpxtpx:hr>101</gpxtpx:hr>
          </gpxtpx:TrackPointExtension>
        </extensions>
      </trkpt>
      <trkpt lat="1.3951554467303104" lon="103.89744199942034">
        <ele>18.874332420527935</ele>
        <time>2026-09-24T00:03:42Z</time>
        <extensions>
          <gpxtpx:TrackPointExtension>
            <gpxtpx:hr>101</gpxtpx:hr>
          </gpxtpx:TrackPointExtension>
        </extensions>
      </trkpt>
      <trkpt lat="1.3951546059705346" lon="103.89744374469274">
        <ele>18.87356622517109</ele>
        <time>2026-09-24T00:03:43Z</time>
        <extensions>
          <gpxtpx:TrackPointExtension>
            <gpxtpx:hr>101</gpxtpx:hr>
          </gpxtpx:TrackPointExtension>
        </extensions>
      </trkpt>
      <trkpt lat="1.395153778418195" lon="103.8974454297686">
        <ele>18.87687082309276</ele>
        <time>2026-09-24T00:03:44Z</time>
        <extensions>
          <gpxtpx:TrackPointExtension>
            <gpxtpx:hr>101</gpxtpx:hr>
          </gpxtpx:TrackPointExtension>
        </extensions>
      </trkpt>
      <trkpt lat="1.3951529289034927" lon="103.89744715033534">
        <ele>18.883160640485585</ele>
        <time>2026-09-24T00:03:45Z</time>
        <extensions>
          <gpxtpx:TrackPointExtension>
            <gpxtpx:hr>101</gpxtpx:hr>
          </gpxtpx:TrackPointExtension>
        </extensions>
      </trkpt>
      <trkpt lat="1.395152095193219" lon="103.89744883511203">
        <ele>18.891166584566236</ele>
        <time>2026-09-24T00:03:46Z</time>
        <extensions>
          <gpxtpx:TrackPointExtension>
            <gpxtpx:hr>101</gpxtpx:hr>
          </gpxtpx:TrackPointExtension>
        </extensions>
      </trkpt>
      <trkpt lat="1.3951512435419609" lon="103.89745057730386">
        <ele>18.899666162207723</ele>
        <time>2026-09-24T00:03:47Z</time>
        <extensions>
          <gpxtpx:TrackPointExtension>
            <gpxtpx:hr>101</gpxtpx:hr>
          </gpxtpx:TrackPointExtension>
        </extensions>
      </trkpt>
      <trkpt lat="1.395150116849463" lon="103.89745300307447">
        <ele>18.907872373238206</ele>
        <time>2026-09-24T00:03:48Z</time>
        <extensions>
          <gpxtpx:TrackPointExtension>
            <gpxtpx:hr>101</gpxtpx:hr>
          </gpxtpx:TrackPointExtension>
        </extensions>
      </trkpt>
      <trkpt lat="1.3951481933263812" lon="103.89745739470271">
        <ele>18.915494475513697</ele>
        <time>2026-09-24T00:03:49Z</time>
        <extensions>
          <gpxtpx:TrackPointExtension>
            <gpxtpx:hr>101</gpxtpx:hr>
          </gpxtpx:TrackPointExtension>
        </extensions>
      </trkpt>
      <trkpt lat="1.3951451081079393" lon="103.89746464078974">
        <ele>18.923275025561452</ele>
        <time>2026-09-24T00:03:50Z</time>
        <extensions>
          <gpxtpx:TrackPointExtension>
            <gpxtpx:hr>101</gpxtpx:hr>
          </gpxtpx:TrackPointExtension>
        </extensions>
      </trkpt>
      <trkpt lat="1.3951414361485452" lon="103.89747332485422">
        <ele>18.930626459419727</ele>
        <time>2026-09-24T00:03:51Z</time>
        <extensions>
          <gpxtpx:TrackPointExtension>
            <gpxtpx:hr>101</gpxtpx:hr>
          </gpxtpx:TrackPointExtension>
        </extensions>
      </trkpt>
      <trkpt lat="1.3951374017380722" lon="103.8974829005314">
        <ele>18.936571112833917</ele>
        <time>2026-09-24T00:03:52Z</time>
        <extensions>
          <gpxtpx:TrackPointExtension>
            <gpxtpx:hr>101</gpxtpx:hr>
          </gpxtpx:TrackPointExtension>
        </extensions>
      </trkpt>
      <trkpt lat="1.3951328978809052" lon="103.89749363504833">
        <ele>18.940371717326343</ele>
        <time>2026-09-24T00:03:53Z</time>
        <extensions>
          <gpxtpx:TrackPointExtension>
            <gpxtpx:hr>101</gpxtpx:hr>
          </gpxtpx:TrackPointExtension>
        </extensions>
      </trkpt>
      <trkpt lat="1.3951280055883994" lon="103.8975053321176">
        <ele>18.942051539197564</ele>
        <time>2026-09-24T00:03:54Z</time>
        <extensions>
          <gpxtpx:TrackPointExtension>
            <gpxtpx:hr>101</gpxtpx:hr>
          </gpxtpx:TrackPointExtension>
        </extensions>
      </trkpt>
      <trkpt lat="1.3951230882651895" lon="103.89751709826449">
        <ele>18.936519540846348</ele>
        <time>2026-09-24T00:03:55Z</time>
        <extensions>
          <gpxtpx:TrackPointExtension>
            <gpxtpx:hr>101</gpxtpx:hr>
          </gpxtpx:TrackPointExtension>
        </extensions>
      </trkpt>
      <trkpt lat="1.3951185892585827" lon="103.89752784718702">
        <ele>18.927459086291492</ele>
        <time>2026-09-24T00:03:56Z</time>
        <extensions>
          <gpxtpx:TrackPointExtension>
            <gpxtpx:hr>101</gpxtpx:hr>
          </gpxtpx:TrackPointExtension>
        </extensions>
      </trkpt>
      <trkpt lat="1.3951146705792319" lon="103.89753718158185">
        <ele>18.930173754692078</ele>
        <time>2026-09-24T00:03:57Z</time>
        <extensions>
          <gpxtpx:TrackPointExtension>
            <gpxtpx:hr>97</gpxtpx:hr>
          </gpxtpx:TrackPointExtension>
        </extensions>
      </trkpt>
      <trkpt lat="1.39511155566753" lon="103.89754455674098">
        <ele>18.936603529378772</ele>
        <time>2026-09-24T00:03:58Z</time>
        <extensions>
          <gpxtpx:TrackPointExtension>
            <gpxtpx:hr>97</gpxtpx:hr>
          </gpxtpx:TrackPointExtension>
        </extensions>
      </trkpt>
      <trkpt lat="1.3951094118507146" lon="103.89754956586181">
        <ele>18.949715077877045</ele>
        <time>2026-09-24T00:03:59Z</time>
        <extensions>
          <gpxtpx:TrackPointExtension>
            <gpxtpx:hr>97</gpxtpx:hr>
          </gpxtpx:TrackPointExtension>
        </extensions>
      </trkpt>
      <trkpt lat="1.3951085712823312" lon="103.89755140417734">
        <ele>18.974745189771056</ele>
        <time>2026-09-24T00:04:00Z</time>
        <extensions>
          <gpxtpx:TrackPointExtension>
            <gpxtpx:hr>97</gpxtpx:hr>
          </gpxtpx:TrackPointExtension>
        </extensions>
      </trkpt>
      <trkpt lat="1.3951079209132586" lon="103.89755287753144">
        <ele>19.01471511926502</ele>
        <time>2026-09-24T00:04:01Z</time>
        <extensions>
          <gpxtpx:TrackPointExtension>
            <gpxtpx:hr>97</gpxtpx:hr>
          </gpxtpx:TrackPointExtension>
        </extensions>
      </trkpt>
      <trkpt lat="1.3951078449102399" lon="103.89755297208711">
        <ele>19.075464127585292</ele>
        <time>2026-09-24T00:04:02Z</time>
        <extensions>
          <gpxtpx:TrackPointExtension>
            <gpxtpx:hr>97</gpxtpx:hr>
          </gpxtpx:TrackPointExtension>
        </extensions>
      </trkpt>
      <trkpt lat="1.3951080330175163" lon="103.8975524396313">
        <ele>19.159273641183972</ele>
        <time>2026-09-24T00:04:03Z</time>
        <extensions>
          <gpxtpx:TrackPointExtension>
            <gpxtpx:hr>97</gpxtpx:hr>
          </gpxtpx:TrackPointExtension>
        </extensions>
      </trkpt>
      <trkpt lat="1.3951082964528716" lon="103.89755173756737">
        <ele>19.26402769330889</ele>
        <time>2026-09-24T00:04:04Z</time>
        <extensions>
          <gpxtpx:TrackPointExtension>
            <gpxtpx:hr>98</gpxtpx:hr>
          </gpxtpx:TrackPointExtension>
        </extensions>
      </trkpt>
      <trkpt lat="1.3951085080194772" lon="103.89755117462454">
        <ele>19.38147514127195</ele>
        <time>2026-09-24T00:04:05Z</time>
        <extensions>
          <gpxtpx:TrackPointExtension>
            <gpxtpx:hr>98</gpxtpx:hr>
          </gpxtpx:TrackPointExtension>
        </extensions>
      </trkpt>
      <trkpt lat="1.3951085786547874" lon="103.89755096233691">
        <ele>19.498422159813344</ele>
        <time>2026-09-24T00:04:06Z</time>
        <extensions>
          <gpxtpx:TrackPointExtension>
            <gpxtpx:hr>98</gpxtpx:hr>
          </gpxtpx:TrackPointExtension>
        </extensions>
      </trkpt>
      <trkpt lat="1.395108560960236" lon="103.89755096835725">
        <ele>19.604576909914613</ele>
        <time>2026-09-24T00:04:07Z</time>
        <extensions>
          <gpxtpx:TrackPointExtension>
            <gpxtpx:hr>98</gpxtpx:hr>
          </gpxtpx:TrackPointExtension>
        </extensions>
      </trkpt>
      <trkpt lat="1.3951084891651457" lon="103.8975511110709">
        <ele>19.697818907909095</ele>
        <time>2026-09-24T00:04:08Z</time>
        <extensions>
          <gpxtpx:TrackPointExtension>
            <gpxtpx:hr>98</gpxtpx:hr>
          </gpxtpx:TrackPointExtension>
        </extensions>
      </trkpt>
      <trkpt lat="1.3951083913246556" lon="103.89755132293755">
        <ele>19.78025764785707</ele>
        <time>2026-09-24T00:04:09Z</time>
        <extensions>
          <gpxtpx:TrackPointExtension>
            <gpxtpx:hr>98</gpxtpx:hr>
          </gpxtpx:TrackPointExtension>
        </extensions>
      </trkpt>
      <trkpt lat="1.3951083872752608" lon="103.89755133143386">
        <ele>19.78474390786141</ele>
        <time>2026-09-24T00:04:09Z</time>
        <extensions>
          <gpxtpx:TrackPointExtension>
            <gpxtpx:hr>98</gpxtpx:hr>
          </gpxtpx:TrackPointExtension>
        </extensions>
      </trkpt>
      <trkpt lat="1.3951404113153925" lon="103.89748521839334">
        <ele>58.44487344566733</ele>
        <time>2026-09-24T00:04:36Z</time>
        <extensions>
          <gpxtpx:TrackPointExtension>
            <gpxtpx:hr>97</gpxtpx:hr>
          </gpxtpx:TrackPointExtension>
        </extensions>
      </trkpt>
      <trkpt lat="1.3951340758655026" lon="103.89749624101577">
        <ele>58.321439947001636</ele>
        <time>2026-09-24T00:04:37Z</time>
        <extensions>
          <gpxtpx:TrackPointExtension>
            <gpxtpx:hr>97</gpxtpx:hr>
          </gpxtpx:TrackPointExtension>
        </extensions>
      </trkpt>
      <trkpt lat="1.3951262896322867" lon="103.89750885829379">
        <ele>58.20004006102681</ele>
        <time>2026-09-24T00:04:38Z</time>
        <extensions>
          <gpxtpx:TrackPointExtension>
            <gpxtpx:hr>97</gpxtpx:hr>
          </gpxtpx:TrackPointExtension>
        </extensions>
      </trkpt>
      <trkpt lat="1.3951169920746413" lon="103.89752238564994">
        <ele>58.0891332551837</ele>
        <time>2026-09-24T00:04:39Z</time>
        <extensions>
          <gpxtpx:TrackPointExtension>
            <gpxtpx:hr>97</gpxtpx:hr>
          </gpxtpx:TrackPointExtension>
        </extensions>
      </trkpt>
      <trkpt lat="1.395105937082146" lon="103.89753638026558">
        <ele>57.9953960319981</ele>
        <time>2026-09-24T00:04:40Z</time>
        <extensions>
          <gpxtpx:TrackPointExtension>
            <gpxtpx:hr>97</gpxtpx:hr>
          </gpxtpx:TrackPointExtension>
        </extensions>
      </trkpt>
      <trkpt lat="1.3950954608989024" lon="103.89754762969928">
        <ele>57.92045493423939</ele>
        <time>2026-09-24T00:04:41Z</time>
        <extensions>
          <gpxtpx:TrackPointExtension>
            <gpxtpx:hr>97</gpxtpx:hr>
          </gpxtpx:TrackPointExtension>
        </extensions>
      </trkpt>
      <trkpt lat="1.3950868698946308" lon="103.89755366993283">
        <ele>57.863105641677976</ele>
        <time>2026-09-24T00:04:42Z</time>
        <extensions>
          <gpxtpx:TrackPointExtension>
            <gpxtpx:hr>97</gpxtpx:hr>
          </gpxtpx:TrackPointExtension>
        </extensions>
      </trkpt>
      <trkpt lat="1.3950808500774883" lon="103.89755829014368">
        <ele>57.82044220343232</ele>
        <time>2026-09-24T00:04:43Z</time>
        <extensions>
          <gpxtpx:TrackPointExtension>
            <gpxtpx:hr>97</gpxtpx:hr>
          </gpxtpx:TrackPointExtension>
        </extensions>
      </trkpt>
      <trkpt lat="1.3950747564946415" lon="103.89755592387712">
        <ele>57.79005528241396</ele>
        <time>2026-09-24T00:04:44Z</time>
        <extensions>
          <gpxtpx:TrackPointExtension>
            <gpxtpx:hr>97</gpxtpx:hr>
          </gpxtpx:TrackPointExtension>
        </extensions>
      </trkpt>
      <trkpt lat="1.3950689613032468" lon="103.89755275462059">
        <ele>57.768768074922264</ele>
        <time>2026-09-24T00:04:45Z</time>
        <extensions>
          <gpxtpx:TrackPointExtension>
            <gpxtpx:hr>97</gpxtpx:hr>
          </gpxtpx:TrackPointExtension>
        </extensions>
      </trkpt>
      <trkpt lat="1.395063513268847" lon="103.89754863872977">
        <ele>57.754133741371334</ele>
        <time>2026-09-24T00:04:46Z</time>
        <extensions>
          <gpxtpx:TrackPointExtension>
            <gpxtpx:hr>97</gpxtpx:hr>
          </gpxtpx:TrackPointExtension>
        </extensions>
      </trkpt>
      <trkpt lat="1.395058435847118" lon="103.89754347034683">
        <ele>57.74423636868596</ele>
        <time>2026-09-24T00:04:47Z</time>
        <extensions>
          <gpxtpx:TrackPointExtension>
            <gpxtpx:hr>98</gpxtpx:hr>
          </gpxtpx:TrackPointExtension>
        </extensions>
      </trkpt>
      <trkpt lat="1.3950537206879758" lon="103.89753719242351">
        <ele>57.73766432888806</ele>
        <time>2026-09-24T00:04:48Z</time>
        <extensions>
          <gpxtpx:TrackPointExtension>
            <gpxtpx:hr>98</gpxtpx:hr>
          </gpxtpx:TrackPointExtension>
        </extensions>
      </trkpt>
      <trkpt lat="1.3950493197363765" lon="103.89752981061862">
        <ele>57.733419683761895</ele>
        <time>2026-09-24T00:04:49Z</time>
        <extensions>
          <gpxtpx:TrackPointExtension>
            <gpxtpx:hr>98</gpxtpx:hr>
          </gpxtpx:TrackPointExtension>
        </extensions>
      </trkpt>
      <trkpt lat="1.395045157565406" lon="103.89752138344116">
        <ele>57.73082895949483</ele>
        <time>2026-09-24T00:04:50Z</time>
        <extensions>
          <gpxtpx:TrackPointExtension>
            <gpxtpx:hr>98</gpxtpx:hr>
          </gpxtpx:TrackPointExtension>
        </extensions>
      </trkpt>
      <trkpt lat="1.3950411300152337" lon="103.89751199978176">
        <ele>57.72946773190051</ele>
        <time>2026-09-24T00:04:51Z</time>
        <extensions>
          <gpxtpx:TrackPointExtension>
            <gpxtpx:hr>97</gpxtpx:hr>
          </gpxtpx:TrackPointExtension>
        </extensions>
      </trkpt>
      <trkpt lat="1.395037130200724" lon="103.89750177735358">
        <ele>57.72908483725041</ele>
        <time>2026-09-24T00:04:52Z</time>
        <extensions>
          <gpxtpx:TrackPointExtension>
            <gpxtpx:hr>97</gpxtpx:hr>
          </gpxtpx:TrackPointExtension>
        </extensions>
      </trkpt>
      <trkpt lat="1.395033086010001" lon="103.89749085661435">
        <ele>57.72952357493341</ele>
        <time>2026-09-24T00:04:53Z</time>
        <extensions>
          <gpxtpx:TrackPointExtension>
            <gpxtpx:hr>97</gpxtpx:hr>
          </gpxtpx:TrackPointExtension>
        </extensions>
      </trkpt>
      <trkpt lat="1.395028949281047" lon="103.89747938663125">
        <ele>57.73065489530563</ele>
        <time>2026-09-24T00:04:54Z</time>
        <extensions>
          <gpxtpx:TrackPointExtension>
            <gpxtpx:hr>97</gpxtpx:hr>
          </gpxtpx:TrackPointExtension>
        </extensions>
      </trkpt>
      <trkpt lat="1.3950247101172417" lon="103.89746751763965">
        <ele>57.732359213754535</ele>
        <time>2026-09-24T00:04:55Z</time>
        <extensions>
          <gpxtpx:TrackPointExtension>
            <gpxtpx:hr>97</gpxtpx:hr>
          </gpxtpx:TrackPointExtension>
        </extensions>
      </trkpt>
      <trkpt lat="1.3950203958224152" lon="103.89745538085643">
        <ele>57.73456139676273</ele>
        <time>2026-09-24T00:04:56Z</time>
        <extensions>
          <gpxtpx:TrackPointExtension>
            <gpxtpx:hr>98</gpxtpx:hr>
          </gpxtpx:TrackPointExtension>
        </extensions>
      </trkpt>
      <trkpt lat="1.3950160340283762" lon="103.8974431071417">
        <ele>57.73725647572428</ele>
        <time>2026-09-24T00:04:57Z</time>
        <extensions>
          <gpxtpx:TrackPointExtension>
            <gpxtpx:hr>98</gpxtpx:hr>
          </gpxtpx:TrackPointExtension>
        </extensions>
      </trkpt>
      <trkpt lat="1.3950116204145968" lon="103.89743085966295">
        <ele>57.74048087000847</ele>
        <time>2026-09-24T00:04:58Z</time>
        <extensions>
          <gpxtpx:TrackPointExtension>
            <gpxtpx:hr>98</gpxtpx:hr>
          </gpxtpx:TrackPointExtension>
        </extensions>
      </trkpt>
      <trkpt lat="1.3950071295136035" lon="103.89741882234293">
        <ele>57.74425951112062</ele>
        <time>2026-09-24T00:04:59Z</time>
        <extensions>
          <gpxtpx:TrackPointExtension>
            <gpxtpx:hr>98</gpxtpx:hr>
          </gpxtpx:TrackPointExtension>
        </extensions>
      </trkpt>
      <trkpt lat="1.3950025150054248" lon="103.8974071891496">
        <ele>57.74857960548252</ele>
        <time>2026-09-24T00:05:00Z</time>
        <extensions>
          <gpxtpx:TrackPointExtension>
            <gpxtpx:hr>98</gpxtpx:hr>
          </gpxtpx:TrackPointExtension>
        </extensions>
      </trkpt>
      <trkpt lat="1.394997770651434" lon="103.89739614130403">
        <ele>57.7533984426409</ele>
        <time>2026-09-24T00:05:01Z</time>
        <extensions>
          <gpxtpx:TrackPointExtension>
            <gpxtpx:hr>98</gpxtpx:hr>
          </gpxtpx:TrackPointExtension>
        </extensions>
      </trkpt>
      <trkpt lat="1.3949929370655076" lon="103.8973857926382">
        <ele>57.758664139546454</ele>
        <time>2026-09-24T00:05:02Z</time>
        <extensions>
          <gpxtpx:TrackPointExtension>
            <gpxtpx:hr>98</gpxtpx:hr>
          </gpxtpx:TrackPointExtension>
        </extensions>
      </trkpt>
      <trkpt lat="1.3949880377617185" lon="103.89737617338301">
        <ele>57.764342290349305</ele>
        <time>2026-09-24T00:05:03Z</time>
        <extensions>
          <gpxtpx:TrackPointExtension>
            <gpxtpx:hr>100</gpxtpx:hr>
          </gpxtpx:TrackPointExtension>
        </extensions>
      </trkpt>
      <trkpt lat="1.3949830952838038" lon="103.89736726878562">
        <ele>57.770441678352654</ele>
        <time>2026-09-24T00:05:04Z</time>
        <extensions>
          <gpxtpx:TrackPointExtension>
            <gpxtpx:hr>100</gpxtpx:hr>
          </gpxtpx:TrackPointExtension>
        </extensions>
      </trkpt>
      <trkpt lat="1.3949781452805854" lon="103.89735906001823">
        <ele>57.77701911237091</ele>
        <time>2026-09-24T00:05:05Z</time>
        <extensions>
          <gpxtpx:TrackPointExtension>
            <gpxtpx:hr>100</gpxtpx:hr>
          </gpxtpx:TrackPointExtension>
        </extensions>
      </trkpt>
      <trkpt lat="1.3949731498130196" lon="103.89735140872855">
        <ele>57.7842984655872</ele>
        <time>2026-09-24T00:05:06Z</time>
        <extensions>
          <gpxtpx:TrackPointExtension>
            <gpxtpx:hr>100</gpxtpx:hr>
          </gpxtpx:TrackPointExtension>
        </extensions>
      </trkpt>
      <trkpt lat="1.394968336630229" lon="103.8973445652576">
        <ele>57.79210877139121</ele>
        <time>2026-09-24T00:05:07Z</time>
        <extensions>
          <gpxtpx:TrackPointExtension>
            <gpxtpx:hr>100</gpxtpx:hr>
          </gpxtpx:TrackPointExtension>
        </extensions>
      </trkpt>
      <trkpt lat="1.394963675276343" lon="103.89733836593669">
        <ele>57.80060853343457</ele>
        <time>2026-09-24T00:05:08Z</time>
        <extensions>
          <gpxtpx:TrackPointExtension>
            <gpxtpx:hr>98</gpxtpx:hr>
          </gpxtpx:TrackPointExtension>
        </extensions>
      </trkpt>
      <trkpt lat="1.3949591886931056" lon="103.89733273635657">
        <ele>57.809889148920774</ele>
        <time>2026-09-24T00:05:09Z</time>
        <extensions>
          <gpxtpx:TrackPointExtension>
            <gpxtpx:hr>98</gpxtpx:hr>
          </gpxtpx:TrackPointExtension>
        </extensions>
      </trkpt>
      <trkpt lat="1.3949549326230342" lon="103.8973276384224">
        <ele>57.81999290268868</ele>
        <time>2026-09-24T00:05:10Z</time>
        <extensions>
          <gpxtpx:TrackPointExtension>
            <gpxtpx:hr>98</gpxtpx:hr>
          </gpxtpx:TrackPointExtension>
        </extensions>
      </trkpt>
      <trkpt lat="1.394951003988161" lon="103.89732306310532">
        <ele>57.830798416398466</ele>
        <time>2026-09-24T00:05:11Z</time>
        <extensions>
          <gpxtpx:TrackPointExtension>
            <gpxtpx:hr>98</gpxtpx:hr>
          </gpxtpx:TrackPointExtension>
        </extensions>
      </trkpt>
      <trkpt lat="1.3949475022929771" lon="103.89731898999503">
        <ele>57.84195889532566</ele>
        <time>2026-09-24T00:05:12Z</time>
        <extensions>
          <gpxtpx:TrackPointExtension>
            <gpxtpx:hr>98</gpxtpx:hr>
          </gpxtpx:TrackPointExtension>
        </extensions>
      </trkpt>
      <trkpt lat="1.3949445088843175" lon="103.89731538441285">
        <ele>57.852873461320996</ele>
        <time>2026-09-24T00:05:13Z</time>
        <extensions>
          <gpxtpx:TrackPointExtension>
            <gpxtpx:hr>98</gpxtpx:hr>
          </gpxtpx:TrackPointExtension>
        </extensions>
      </trkpt>
      <trkpt lat="1.3949420597612852" lon="103.89731219717454">
        <ele>57.86276241298765</ele>
        <time>2026-09-24T00:05:14Z</time>
        <extensions>
          <gpxtpx:TrackPointExtension>
            <gpxtpx:hr>98</gpxtpx:hr>
          </gpxtpx:TrackPointExtension>
        </extensions>
      </trkpt>
      <trkpt lat="1.3949401130178292" lon="103.89730931565181">
        <ele>57.87099577486515</ele>
        <time>2026-09-24T00:05:15Z</time>
        <extensions>
          <gpxtpx:TrackPointExtension>
            <gpxtpx:hr>98</gpxtpx:hr>
          </gpxtpx:TrackPointExtension>
        </extensions>
      </trkpt>
      <trkpt lat="1.3949386703582738" lon="103.89730670400539">
        <ele>57.87688677571714</ele>
        <time>2026-09-24T00:05:16Z</time>
        <extensions>
          <gpxtpx:TrackPointExtension>
            <gpxtpx:hr>98</gpxtpx:hr>
          </gpxtpx:TrackPointExtension>
        </extensions>
      </trkpt>
      <trkpt lat="1.3949376987598234" lon="103.89730430434456">
        <ele>57.88015754241496</ele>
        <time>2026-09-24T00:05:17Z</time>
        <extensions>
          <gpxtpx:TrackPointExtension>
            <gpxtpx:hr>98</gpxtpx:hr>
          </gpxtpx:TrackPointExtension>
        </extensions>
      </trkpt>
      <trkpt lat="1.3949371643538302" lon="103.89730209036975">
        <ele>57.880713103339076</ele>
        <time>2026-09-24T00:05:18Z</time>
        <extensions>
          <gpxtpx:TrackPointExtension>
            <gpxtpx:hr>98</gpxtpx:hr>
          </gpxtpx:TrackPointExtension>
        </extensions>
      </trkpt>
      <trkpt lat="1.3949370149671272" lon="103.89730003157196">
        <ele>57.878414902836084</ele>
        <time>2026-09-24T00:05:19Z</time>
        <extensions>
          <gpxtpx:TrackPointExtension>
            <gpxtpx:hr>98</gpxtpx:hr>
          </gpxtpx:TrackPointExtension>
        </extensions>
      </trkpt>
      <trkpt lat="1.3949371923397331" lon="103.89729811526911">
        <ele>57.87276681698859</ele>
        <time>2026-09-24T00:05:20Z</time>
        <extensions>
          <gpxtpx:TrackPointExtension>
            <gpxtpx:hr>98</gpxtpx:hr>
          </gpxtpx:TrackPointExtension>
        </extensions>
      </trkpt>
      <trkpt lat="1.3949376304819807" lon="103.89729631071751">
        <ele>57.86243564449251</ele>
        <time>2026-09-24T00:05:21Z</time>
        <extensions>
          <gpxtpx:TrackPointExtension>
            <gpxtpx:hr>98</gpxtpx:hr>
          </gpxtpx:TrackPointExtension>
        </extensions>
      </trkpt>
      <trkpt lat="1.394938247213421" lon="103.89729459626584">
        <ele>57.84499257802963</ele>
        <time>2026-09-24T00:05:22Z</time>
        <extensions>
          <gpxtpx:TrackPointExtension>
            <gpxtpx:hr>98</gpxtpx:hr>
          </gpxtpx:TrackPointExtension>
        </extensions>
      </trkpt>
      <trkpt lat="1.3949389577883877" lon="103.89729291604495">
        <ele>57.81652558688074</ele>
        <time>2026-09-24T00:05:23Z</time>
        <extensions>
          <gpxtpx:TrackPointExtension>
            <gpxtpx:hr>98</gpxtpx:hr>
          </gpxtpx:TrackPointExtension>
        </extensions>
      </trkpt>
      <trkpt lat="1.3949396699470398" lon="103.89729121367526">
        <ele>57.772172001190484</ele>
        <time>2026-09-24T00:05:24Z</time>
        <extensions>
          <gpxtpx:TrackPointExtension>
            <gpxtpx:hr>101</gpxtpx:hr>
          </gpxtpx:TrackPointExtension>
        </extensions>
      </trkpt>
      <trkpt lat="1.3949402901605783" lon="103.89728941864276">
        <ele>57.70619057212025</ele>
        <time>2026-09-24T00:05:25Z</time>
        <extensions>
          <gpxtpx:TrackPointExtension>
            <gpxtpx:hr>101</gpxtpx:hr>
          </gpxtpx:TrackPointExtension>
        </extensions>
      </trkpt>
      <trkpt lat="1.3949407226093558" lon="103.89728747351667">
        <ele>57.61396176088601</ele>
        <time>2026-09-24T00:05:26Z</time>
        <extensions>
          <gpxtpx:TrackPointExtension>
            <gpxtpx:hr>101</gpxtpx:hr>
          </gpxtpx:TrackPointExtension>
        </extensions>
      </trkpt>
      <trkpt lat="1.3949408730192538" lon="103.8972853115238">
        <ele>57.49275800585747</ele>
        <time>2026-09-24T00:05:27Z</time>
        <extensions>
          <gpxtpx:TrackPointExtension>
            <gpxtpx:hr>101</gpxtpx:hr>
          </gpxtpx:TrackPointExtension>
        </extensions>
      </trkpt>
      <trkpt lat="1.3949406315570805" lon="103.89728287589608">
        <ele>57.344018320553005</ele>
        <time>2026-09-24T00:05:28Z</time>
        <extensions>
          <gpxtpx:TrackPointExtension>
            <gpxtpx:hr>99</gpxtpx:hr>
          </gpxtpx:TrackPointExtension>
        </extensions>
      </trkpt>
      <trkpt lat="1.3949398867117897" lon="103.89728013511855">
        <ele>57.177482270635664</ele>
        <time>2026-09-24T00:05:29Z</time>
        <extensions>
          <gpxtpx:TrackPointExtension>
            <gpxtpx:hr>99</gpxtpx:hr>
          </gpxtpx:TrackPointExtension>
        </extensions>
      </trkpt>
      <trkpt lat="1.3949385357472202" lon="103.89727705751318">
        <ele>57.007581137120724</ele>
        <time>2026-09-24T00:05:30Z</time>
        <extensions>
          <gpxtpx:TrackPointExtension>
            <gpxtpx:hr>99</gpxtpx:hr>
          </gpxtpx:TrackPointExtension>
        </extensions>
      </trkpt>
      <trkpt lat="1.3949365037881332" lon="103.89727361661484">
        <ele>56.84635569341481</ele>
        <time>2026-09-24T00:05:31Z</time>
        <extensions>
          <gpxtpx:TrackPointExtension>
            <gpxtpx:hr>99</gpxtpx:hr>
          </gpxtpx:TrackPointExtension>
        </extensions>
      </trkpt>
      <trkpt lat="1.394933778660826" lon="103.8972698075852">
        <ele>56.70094094146043</ele>
        <time>2026-09-24T00:05:32Z</time>
        <extensions>
          <gpxtpx:TrackPointExtension>
            <gpxtpx:hr>99</gpxtpx:hr>
          </gpxtpx:TrackPointExtension>
        </extensions>
      </trkpt>
      <trkpt lat="1.3949304161548717" lon="103.8972656742203">
        <ele>56.5751233343035</ele>
        <time>2026-09-24T00:05:33Z</time>
        <extensions>
          <gpxtpx:TrackPointExtension>
            <gpxtpx:hr>100</gpxtpx:hr>
          </gpxtpx:TrackPointExtension>
        </extensions>
      </trkpt>
      <trkpt lat="1.3949264756462207" lon="103.89726128760498">
        <ele>56.46944254357368</ele>
        <time>2026-09-24T00:05:34Z</time>
        <extensions>
          <gpxtpx:TrackPointExtension>
            <gpxtpx:hr>100</gpxtpx:hr>
          </gpxtpx:TrackPointExtension>
        </extensions>
      </trkpt>
      <trkpt lat="1.3949220646991212" lon="103.89725677335062">
        <ele>56.38388359732926</ele>
        <time>2026-09-24T00:05:35Z</time>
        <extensions>
          <gpxtpx:TrackPointExtension>
            <gpxtpx:hr>100</gpxtpx:hr>
          </gpxtpx:TrackPointExtension>
        </extensions>
      </trkpt>
      <trkpt lat="1.3949173079698503" lon="103.89725223846936">
        <ele>56.316874995827675</ele>
        <time>2026-09-24T00:05:36Z</time>
        <extensions>
          <gpxtpx:TrackPointExtension>
            <gpxtpx:hr>100</gpxtpx:hr>
          </gpxtpx:TrackPointExtension>
        </extensions>
      </trkpt>
      <trkpt lat="1.3949122931253566" lon="103.89724774387516">
        <ele>56.265380281955004</ele>
        <time>2026-09-24T00:05:37Z</time>
        <extensions>
          <gpxtpx:TrackPointExtension>
            <gpxtpx:hr>100</gpxtpx:hr>
          </gpxtpx:TrackPointExtension>
        </extensions>
      </trkpt>
      <trkpt lat="1.3949071174839398" lon="103.89724335833246">
        <ele>56.226512564346194</ele>
        <time>2026-09-24T00:05:38Z</time>
        <extensions>
          <gpxtpx:TrackPointExtension>
            <gpxtpx:hr>98</gpxtpx:hr>
          </gpxtpx:TrackPointExtension>
        </extensions>
      </trkpt>
      <trkpt lat="1.3949018814886394" lon="103.89723914331205">
        <ele>56.1977070691064</ele>
        <time>2026-09-24T00:05:39Z</time>
        <extensions>
          <gpxtpx:TrackPointExtension>
            <gpxtpx:hr>98</gpxtpx:hr>
          </gpxtpx:TrackPointExtension>
        </extensions>
      </trkpt>
      <trkpt lat="1.3948966480433962" lon="103.89723511545806">
        <ele>56.17650393303484</ele>
        <time>2026-09-24T00:05:40Z</time>
        <extensions>
          <gpxtpx:TrackPointExtension>
            <gpxtpx:hr>98</gpxtpx:hr>
          </gpxtpx:TrackPointExtension>
        </extensions>
      </trkpt>
      <trkpt lat="1.3948914281892286" lon="103.89723123921654">
        <ele>56.16056933067739</ele>
        <time>2026-09-24T00:05:41Z</time>
        <extensions>
          <gpxtpx:TrackPointExtension>
            <gpxtpx:hr>98</gpxtpx:hr>
          </gpxtpx:TrackPointExtension>
        </extensions>
      </trkpt>
      <trkpt lat="1.3948863018826003" lon="103.89722751958877">
        <ele>56.14804556593299</ele>
        <time>2026-09-24T00:05:42Z</time>
        <extensions>
          <gpxtpx:TrackPointExtension>
            <gpxtpx:hr>98</gpxtpx:hr>
          </gpxtpx:TrackPointExtension>
        </extensions>
      </trkpt>
      <trkpt lat="1.3948812384171227" lon="103.89722388140925">
        <ele>56.137160055339336</ele>
        <time>2026-09-24T00:05:43Z</time>
        <extensions>
          <gpxtpx:TrackPointExtension>
            <gpxtpx:hr>95</gpxtpx:hr>
          </gpxtpx:TrackPointExtension>
        </extensions>
      </trkpt>
    </trkseg>
  </trk>
</gpx>